{
"type": "FeatureCollection",
"name": "barcelona_pois_clipped",
"crs": { "type": "name", "properties": { "name": "urn:ogc:def:crs:OGC:1.3:CRS84" } },
"features": [
{ "type": "Feature", "properties": { "osm_id": 364741238, "shop_type": "convenience", "name": "IKEA Swedish Food Market", "lat": 41.3948927, "lon": 2.1520612, "brand": "IKEA", "organic": null, "h3_index": "89394460387ffff" }, "geometry": { "type": "Point", "coordinates": [ 2.1520612, 41.3948927 ] } },
{ "type": "Feature", "properties": { "osm_id": 364844476, "shop_type": "supermarket", "name": "Open Cor", "lat": 41.3910021, "lon": 2.1256514, "brand": null, "organic": null, "h3_index": "89394460287ffff" }, "geometry": { "type": "Point", "coordinates": [ 2.1256514, 41.3910021 ] } },
{ "type": "Feature", "properties": { "osm_id": 402894808, "shop_type": "convenience", "name": "Supermarket", "lat": 41.4123701, "lon": 2.1546475, "brand": null, "organic": null, "h3_index": "893944601d7ffff" }, "geometry": { "type": "Point", "coordinates": [ 2.1546475, 41.4123701 ] } },
{ "type": "Feature", "properties": { "osm_id": 449384558, "shop_type": "convenience", "name": "Mercat Felip II", "lat": 41.4221944, "lon": 2.1854353, "brand": null, "organic": null, "h3_index": "89394460c93ffff" }, "geometry": { "type": "Point", "coordinates": [ 2.1854353, 41.4221944 ] } },
{ "type": "Feature", "properties": { "osm_id": 451795996, "shop_type": "supermarket", "name": "Condis", "lat": 41.4468135, "lon": 2.1747937, "brand": "Condis", "organic": null, "h3_index": "89394462853ffff" }, "geometry": { "type": "Point", "coordinates": [ 2.1747937, 41.4468135 ] } },
{ "type": "Feature", "properties": { "osm_id": 462098682, "shop_type": "supermarket", "name": "Consum", "lat": 41.4416041, "lon": 2.1780626, "brand": "Consum", "organic": null, "h3_index": "8939446284fffff" }, "geometry": { "type": "Point", "coordinates": [ 2.1780626, 41.4416041 ] } },
{ "type": "Feature", "properties": { "osm_id": 478861282, "shop_type": "supermarket", "name": "Mercadona", "lat": 41.4375701, "lon": 2.1804956, "brand": "Mercadona", "organic": null, "h3_index": "89394462ab3ffff" }, "geometry": { "type": "Point", "coordinates": [ 2.1804956, 41.4375701 ] } },
{ "type": "Feature", "properties": { "osm_id": 506236273, "shop_type": "bakery", "name": "Forn de Pa Laia", "lat": 41.3982628, "lon": 2.18314, "brand": null, "organic": null, "h3_index": "89394460ebbffff" }, "geometry": { "type": "Point", "coordinates": [ 2.18314, 41.3982628 ] } },
{ "type": "Feature", "properties": { "osm_id": 532408861, "shop_type": "supermarket", "name": "Mercadona", "lat": 41.376111, "lon": 2.1314448, "brand": "Mercadona", "organic": null, "h3_index": "89394460267ffff" }, "geometry": { "type": "Point", "coordinates": [ 2.1314448, 41.376111 ] } },
{ "type": "Feature", "properties": { "osm_id": 534367689, "shop_type": "butcher", "name": "Carniseria Moliner", "lat": 41.3769893, "lon": 2.1319929, "brand": null, "organic": null, "h3_index": "89394460267ffff" }, "geometry": { "type": "Point", "coordinates": [ 2.1319929, 41.3769893 ] } },
{ "type": "Feature", "properties": { "osm_id": 534375057, "shop_type": "supermarket", "name": "Consum", "lat": 41.3755969, "lon": 2.1311301, "brand": "Consum", "organic": null, "h3_index": "89394460267ffff" }, "geometry": { "type": "Point", "coordinates": [ 2.1311301, 41.3755969 ] } },
{ "type": "Feature", "properties": { "osm_id": 536686097, "shop_type": "supermarket", "name": "Dia", "lat": 41.373761, "lon": 2.1668348, "brand": "Dia", "organic": null, "h3_index": "89394461d13ffff" }, "geometry": { "type": "Point", "coordinates": [ 2.1668348, 41.373761 ] } },
{ "type": "Feature", "properties": { "osm_id": 539147482, "shop_type": "supermarket", "name": "Condis", "lat": 41.3761509, "lon": 2.1352817, "brand": "Condis", "organic": null, "h3_index": "89394461c93ffff" }, "geometry": { "type": "Point", "coordinates": [ 2.1352817, 41.3761509 ] } },
{ "type": "Feature", "properties": { "osm_id": 566708689, "shop_type": "convenience", "name": "plats i olles", "lat": 41.4254729, "lon": 2.1799028, "brand": null, "organic": null, "h3_index": "89394462a77ffff" }, "geometry": { "type": "Point", "coordinates": [ 2.1799028, 41.4254729 ] } },
{ "type": "Feature", "properties": { "osm_id": 571182738, "shop_type": "bakery", "name": "Unknown", "lat": 41.4458015, "lon": 2.1764911, "brand": null, "organic": null, "h3_index": "89394462853ffff" }, "geometry": { "type": "Point", "coordinates": [ 2.1764911, 41.4458015 ] } },
{ "type": "Feature", "properties": { "osm_id": 586547363, "shop_type": "supermarket", "name": "Dia", "lat": 41.3901775, "lon": 2.1488058, "brand": "Dia", "organic": null, "h3_index": "89394460313ffff" }, "geometry": { "type": "Point", "coordinates": [ 2.1488058, 41.3901775 ] } },
{ "type": "Feature", "properties": { "osm_id": 605504143, "shop_type": "supermarket", "name": "Caprabo", "lat": 41.3789612, "lon": 2.1704622, "brand": "Caprabo", "organic": null, "h3_index": "89394461d87ffff" }, "geometry": { "type": "Point", "coordinates": [ 2.1704622, 41.3789612 ] } },
{ "type": "Feature", "properties": { "osm_id": 616483254, "shop_type": "convenience", "name": "Super&Regals", "lat": 41.4051547, "lon": 2.1745971, "brand": null, "organic": null, "h3_index": "8939446012fffff" }, "geometry": { "type": "Point", "coordinates": [ 2.1745971, 41.4051547 ] } },
{ "type": "Feature", "properties": { "osm_id": 618460197, "shop_type": "supermarket", "name": "Lidl", "lat": 41.4127914, "lon": 2.1974089, "brand": "Lidl", "organic": null, "h3_index": "89394460c07ffff" }, "geometry": { "type": "Point", "coordinates": [ 2.1974089, 41.4127914 ] } },
{ "type": "Feature", "properties": { "osm_id": 618460202, "shop_type": "supermarket", "name": "Bonpreu", "lat": 41.4124433, "lon": 2.1967739, "brand": "Bonpreu", "organic": null, "h3_index": "89394460c07ffff" }, "geometry": { "type": "Point", "coordinates": [ 2.1967739, 41.4124433 ] } },
{ "type": "Feature", "properties": { "osm_id": 618460210, "shop_type": "supermarket", "name": "Condis", "lat": 41.4138911, "lon": 2.2020633, "brand": "Condis", "organic": null, "h3_index": "89394460c37ffff" }, "geometry": { "type": "Point", "coordinates": [ 2.2020633, 41.4138911 ] } },
{ "type": "Feature", "properties": { "osm_id": 652419644, "shop_type": "supermarket", "name": "Condis", "lat": 41.4457676, "lon": 2.1725927, "brand": "Condis", "organic": null, "h3_index": "89394462e27ffff" }, "geometry": { "type": "Point", "coordinates": [ 2.1725927, 41.4457676 ] } },
{ "type": "Feature", "properties": { "osm_id": 652420633, "shop_type": "bakery", "name": "Unknown", "lat": 41.4459517, "lon": 2.1727083, "brand": null, "organic": null, "h3_index": "89394462e27ffff" }, "geometry": { "type": "Point", "coordinates": [ 2.1727083, 41.4459517 ] } },
{ "type": "Feature", "properties": { "osm_id": 660784489, "shop_type": "supermarket", "name": "Mercadona", "lat": 41.4023418, "lon": 2.1991561, "brand": "Mercadona", "organic": null, "h3_index": "89394460c6fffff" }, "geometry": { "type": "Point", "coordinates": [ 2.1991561, 41.4023418 ] } },
{ "type": "Feature", "properties": { "osm_id": 672140173, "shop_type": "bakery", "name": "Boix", "lat": 41.3836486, "lon": 2.1695479, "brand": null, "organic": null, "h3_index": "89394460e5bffff" }, "geometry": { "type": "Point", "coordinates": [ 2.1695479, 41.3836486 ] } },
{ "type": "Feature", "properties": { "osm_id": 672763395, "shop_type": "convenience", "name": "Saha", "lat": 41.3843196, "lon": 2.1686707, "brand": null, "organic": null, "h3_index": "89394460e5bffff" }, "geometry": { "type": "Point", "coordinates": [ 2.1686707, 41.3843196 ] } },
{ "type": "Feature", "properties": { "osm_id": 672766645, "shop_type": "convenience", "name": "La Portorriqueña", "lat": 41.3836497, "lon": 2.1694288, "brand": null, "organic": null, "h3_index": "89394460e5bffff" }, "geometry": { "type": "Point", "coordinates": [ 2.1694288, 41.3836497 ] } },
{ "type": "Feature", "properties": { "osm_id": 672770069, "shop_type": "greengrocer", "name": "L'Olla Framir", "lat": 41.3834122, "lon": 2.1699008, "brand": null, "organic": null, "h3_index": "89394460e5bffff" }, "geometry": { "type": "Point", "coordinates": [ 2.1699008, 41.3834122 ] } },
{ "type": "Feature", "properties": { "osm_id": 673968573, "shop_type": "butcher", "name": "P.Toran", "lat": 41.3843133, "lon": 2.1665958, "brand": null, "organic": null, "h3_index": "8939446032fffff" }, "geometry": { "type": "Point", "coordinates": [ 2.1665958, 41.3843133 ] } },
{ "type": "Feature", "properties": { "osm_id": 673978826, "shop_type": "greengrocer", "name": "Fruteria Jaime", "lat": 41.3845732, "lon": 2.1682362, "brand": null, "organic": null, "h3_index": "89394460e5bffff" }, "geometry": { "type": "Point", "coordinates": [ 2.1682362, 41.3845732 ] } },
{ "type": "Feature", "properties": { "osm_id": 678297032, "shop_type": "supermarket", "name": "Caprabo", "lat": 41.4023154, "lon": 2.1452028, "brand": "Caprabo", "organic": null, "h3_index": "89394460023ffff" }, "geometry": { "type": "Point", "coordinates": [ 2.1452028, 41.4023154 ] } },
{ "type": "Feature", "properties": { "osm_id": 678297033, "shop_type": "supermarket", "name": "Consum", "lat": 41.4024683, "lon": 2.1456319, "brand": "Consum", "organic": null, "h3_index": "89394460023ffff" }, "geometry": { "type": "Point", "coordinates": [ 2.1456319, 41.4024683 ] } },
{ "type": "Feature", "properties": { "osm_id": 678297037, "shop_type": "bakery", "name": "Bopan", "lat": 41.4012853, "lon": 2.1468444, "brand": null, "organic": null, "h3_index": "8939446002fffff" }, "geometry": { "type": "Point", "coordinates": [ 2.1468444, 41.4012853 ] } },
{ "type": "Feature", "properties": { "osm_id": 698062664, "shop_type": "convenience", "name": "Consum", "lat": 41.4130618, "lon": 2.2176703, "brand": "Consum", "organic": null, "h3_index": "89394460d0bffff" }, "geometry": { "type": "Point", "coordinates": [ 2.2176703, 41.4130618 ] } },
{ "type": "Feature", "properties": { "osm_id": 814006290, "shop_type": "supermarket", "name": "Condis", "lat": 41.3796645, "lon": 2.1717527, "brand": "Condis", "organic": null, "h3_index": "89394461d87ffff" }, "geometry": { "type": "Point", "coordinates": [ 2.1717527, 41.3796645 ] } },
{ "type": "Feature", "properties": { "osm_id": 814996837, "shop_type": "supermarket", "name": "Jespac", "lat": 41.3896126, "lon": 2.1567295, "brand": null, "organic": null, "h3_index": "893944603abffff" }, "geometry": { "type": "Point", "coordinates": [ 2.1567295, 41.3896126 ] } },
{ "type": "Feature", "properties": { "osm_id": 819569880, "shop_type": "supermarket", "name": "Condis", "lat": 41.3747729, "lon": 2.16436, "brand": "Condis", "organic": null, "h3_index": "89394461d8bffff" }, "geometry": { "type": "Point", "coordinates": [ 2.16436, 41.3747729 ] } },
{ "type": "Feature", "properties": { "osm_id": 826085070, "shop_type": "supermarket", "name": "Caprabo", "lat": 41.3806017, "lon": 2.1889995, "brand": "Caprabo", "organic": null, "h3_index": "89394460ad7ffff" }, "geometry": { "type": "Point", "coordinates": [ 2.1889995, 41.3806017 ] } },
{ "type": "Feature", "properties": { "osm_id": 827605515, "shop_type": "convenience", "name": "Colmado Alegre", "lat": 41.3801719, "lon": 2.1452053, "brand": null, "organic": null, "h3_index": "89394460343ffff" }, "geometry": { "type": "Point", "coordinates": [ 2.1452053, 41.3801719 ] } },
{ "type": "Feature", "properties": { "osm_id": 841867160, "shop_type": "supermarket", "name": "Caprabo", "lat": 41.3952853, "lon": 2.1242464, "brand": "Caprabo", "organic": null, "h3_index": "8939446005bffff" }, "geometry": { "type": "Point", "coordinates": [ 2.1242464, 41.3952853 ] } },
{ "type": "Feature", "properties": { "osm_id": 847721535, "shop_type": "supermarket", "name": "Dia", "lat": 41.4170257, "lon": 2.1707589, "brand": "Dia", "organic": null, "h3_index": "893944601b7ffff" }, "geometry": { "type": "Point", "coordinates": [ 2.1707589, 41.4170257 ] } },
{ "type": "Feature", "properties": { "osm_id": 847721548, "shop_type": "supermarket", "name": "Covirán", "lat": 41.4166857, "lon": 2.17028, "brand": "Covirán", "organic": null, "h3_index": "893944601b7ffff" }, "geometry": { "type": "Point", "coordinates": [ 2.17028, 41.4166857 ] } },
{ "type": "Feature", "properties": { "osm_id": 914252650, "shop_type": "convenience", "name": "Queviures Atlàntida", "lat": 41.3903555, "lon": 2.1457839, "brand": null, "organic": null, "h3_index": "893944603c7ffff" }, "geometry": { "type": "Point", "coordinates": [ 2.1457839, 41.3903555 ] } },
{ "type": "Feature", "properties": { "osm_id": 921275061, "shop_type": "supermarket", "name": "Mercadona", "lat": 41.4107728, "lon": 2.194425, "brand": "Mercadona", "organic": null, "h3_index": "89394460c0fffff" }, "geometry": { "type": "Point", "coordinates": [ 2.194425, 41.4107728 ] } },
{ "type": "Feature", "properties": { "osm_id": 929973556, "shop_type": "supermarket", "name": "Supermercat Pintor Fortuny", "lat": 41.3823171, "lon": 2.16861, "brand": null, "organic": null, "h3_index": "89394461d97ffff" }, "geometry": { "type": "Point", "coordinates": [ 2.16861, 41.3823171 ] } },
{ "type": "Feature", "properties": { "osm_id": 955234570, "shop_type": "bakery", "name": "Unknown", "lat": 41.44684, "lon": 2.1756309, "brand": null, "organic": null, "h3_index": "89394462853ffff" }, "geometry": { "type": "Point", "coordinates": [ 2.1756309, 41.44684 ] } },
{ "type": "Feature", "properties": { "osm_id": 983274914, "shop_type": "convenience", "name": "Unknown", "lat": 41.3852426, "lon": 2.16591, "brand": null, "organic": null, "h3_index": "8939446032fffff" }, "geometry": { "type": "Point", "coordinates": [ 2.16591, 41.3852426 ] } },
{ "type": "Feature", "properties": { "osm_id": 1036552918, "shop_type": "supermarket", "name": "Coaliment Paris", "lat": 41.3869796, "lon": 2.1442296, "brand": "Consum", "organic": null, "h3_index": "893944603cfffff" }, "geometry": { "type": "Point", "coordinates": [ 2.1442296, 41.3869796 ] } },
{ "type": "Feature", "properties": { "osm_id": 1036553369, "shop_type": "supermarket", "name": "Caprabo", "lat": 41.3851237, "lon": 2.1454326, "brand": "Caprabo", "organic": null, "h3_index": "893944603cfffff" }, "geometry": { "type": "Point", "coordinates": [ 2.1454326, 41.3851237 ] } },
{ "type": "Feature", "properties": { "osm_id": 1043786391, "shop_type": "supermarket", "name": "Caprabo", "lat": 41.3761973, "lon": 2.1686774, "brand": "Caprabo", "organic": null, "h3_index": "89394461d8fffff" }, "geometry": { "type": "Point", "coordinates": [ 2.1686774, 41.3761973 ] } },
{ "type": "Feature", "properties": { "osm_id": 1083144031, "shop_type": "supermarket", "name": "Dia", "lat": 41.3826721, "lon": 2.1711395, "brand": "Dia", "organic": null, "h3_index": "89394460e4bffff" }, "geometry": { "type": "Point", "coordinates": [ 2.1711395, 41.3826721 ] } },
{ "type": "Feature", "properties": { "osm_id": 1083144034, "shop_type": "supermarket", "name": "Supermercat Coaliment", "lat": 41.3860999, "lon": 2.1679417, "brand": null, "organic": null, "h3_index": "89394460327ffff" }, "geometry": { "type": "Point", "coordinates": [ 2.1679417, 41.3860999 ] } },
{ "type": "Feature", "properties": { "osm_id": 1117577447, "shop_type": "supermarket", "name": "Bonpreu", "lat": 41.4065703, "lon": 2.1635248, "brand": "Bonpreu", "organic": null, "h3_index": "89394460103ffff" }, "geometry": { "type": "Point", "coordinates": [ 2.1635248, 41.4065703 ] } },
{ "type": "Feature", "properties": { "osm_id": 1159727140, "shop_type": "greengrocer", "name": "Cal Fruitós", "lat": 41.4048148, "lon": 2.19663, "brand": null, "organic": null, "h3_index": "89394460c63ffff" }, "geometry": { "type": "Point", "coordinates": [ 2.19663, 41.4048148 ] } },
{ "type": "Feature", "properties": { "osm_id": 1198015604, "shop_type": "supermarket", "name": "BonÀrea", "lat": 41.3887775, "lon": 2.1546114, "brand": "BonÀrea", "organic": null, "h3_index": "89394460317ffff" }, "geometry": { "type": "Point", "coordinates": [ 2.1546114, 41.3887775 ] } },
{ "type": "Feature", "properties": { "osm_id": 1198016302, "shop_type": "supermarket", "name": "Spar", "lat": 41.3918433, "lon": 2.152291, "brand": "Spar", "organic": null, "h3_index": "8939446038fffff" }, "geometry": { "type": "Point", "coordinates": [ 2.152291, 41.3918433 ] } },
{ "type": "Feature", "properties": { "osm_id": 1215032456, "shop_type": "supermarket", "name": "Dia", "lat": 41.4408242, "lon": 2.1819658, "brand": "Dia", "organic": null, "h3_index": "8939446284fffff" }, "geometry": { "type": "Point", "coordinates": [ 2.1819658, 41.4408242 ] } },
{ "type": "Feature", "properties": { "osm_id": 1224389887, "shop_type": "supermarket", "name": "Jespac", "lat": 41.4114593, "lon": 2.1420651, "brand": null, "organic": null, "h3_index": "893944600a3ffff" }, "geometry": { "type": "Point", "coordinates": [ 2.1420651, 41.4114593 ] } },
{ "type": "Feature", "properties": { "osm_id": 1224389941, "shop_type": "bakery", "name": "L'Obrador del Molí", "lat": 41.4114567, "lon": 2.1421601, "brand": null, "organic": null, "h3_index": "893944600a3ffff" }, "geometry": { "type": "Point", "coordinates": [ 2.1421601, 41.4114567 ] } },
{ "type": "Feature", "properties": { "osm_id": 1277576571, "shop_type": "bakery", "name": "Horno Sant Jordi S.L.", "lat": 41.3830987, "lon": 2.177326, "brand": null, "organic": null, "h3_index": "89394460e4fffff" }, "geometry": { "type": "Point", "coordinates": [ 2.177326, 41.3830987 ] } },
{ "type": "Feature", "properties": { "osm_id": 1290104734, "shop_type": "convenience", "name": "Bio Nyam", "lat": 41.4064736, "lon": 2.1659151, "brand": null, "organic": null, "h3_index": "8939446010fffff" }, "geometry": { "type": "Point", "coordinates": [ 2.1659151, 41.4064736 ] } },
{ "type": "Feature", "properties": { "osm_id": 1310735962, "shop_type": "bakery", "name": "MaxciPa", "lat": 41.4114571, "lon": 2.1422306, "brand": null, "organic": null, "h3_index": "893944600a3ffff" }, "geometry": { "type": "Point", "coordinates": [ 2.1422306, 41.4114571 ] } },
{ "type": "Feature", "properties": { "osm_id": 1320935227, "shop_type": "convenience", "name": "Unknown", "lat": 41.4061799, "lon": 2.1901275, "brand": null, "organic": null, "h3_index": "89394460c47ffff" }, "geometry": { "type": "Point", "coordinates": [ 2.1901275, 41.4061799 ] } },
{ "type": "Feature", "properties": { "osm_id": 1320935231, "shop_type": "bakery", "name": "Jaume", "lat": 41.4078939, "lon": 2.1888829, "brand": null, "organic": null, "h3_index": "89394460c47ffff" }, "geometry": { "type": "Point", "coordinates": [ 2.1888829, 41.4078939 ] } },
{ "type": "Feature", "properties": { "osm_id": 1320935232, "shop_type": "bakery", "name": "Forn", "lat": 41.4064857, "lon": 2.1904601, "brand": null, "organic": null, "h3_index": "89394460c47ffff" }, "geometry": { "type": "Point", "coordinates": [ 2.1904601, 41.4064857 ] } },
{ "type": "Feature", "properties": { "osm_id": 1337087199, "shop_type": "bakery", "name": "Unknown", "lat": 41.4181707, "lon": 2.1408096, "brand": null, "organic": null, "h3_index": "89394460547ffff" }, "geometry": { "type": "Point", "coordinates": [ 2.1408096, 41.4181707 ] } },
{ "type": "Feature", "properties": { "osm_id": 1337087461, "shop_type": "bakery", "name": "La Farineta", "lat": 41.4187531, "lon": 2.1396071, "brand": null, "organic": null, "h3_index": "89394460543ffff" }, "geometry": { "type": "Point", "coordinates": [ 2.1396071, 41.4187531 ] } },
{ "type": "Feature", "properties": { "osm_id": 1337087500, "shop_type": "convenience", "name": "Unknown", "lat": 41.4190127, "lon": 2.1410716, "brand": null, "organic": null, "h3_index": "89394460547ffff" }, "geometry": { "type": "Point", "coordinates": [ 2.1410716, 41.4190127 ] } },
{ "type": "Feature", "properties": { "osm_id": 1337087623, "shop_type": "convenience", "name": "Super Fresco", "lat": 41.420389, "lon": 2.1407818, "brand": null, "organic": null, "h3_index": "89394460557ffff" }, "geometry": { "type": "Point", "coordinates": [ 2.1407818, 41.420389 ] } },
{ "type": "Feature", "properties": { "osm_id": 1338356859, "shop_type": "convenience", "name": "Unknown", "lat": 41.4181317, "lon": 2.1408139, "brand": null, "organic": null, "h3_index": "89394460547ffff" }, "geometry": { "type": "Point", "coordinates": [ 2.1408139, 41.4181317 ] } },
{ "type": "Feature", "properties": { "osm_id": 1340330348, "shop_type": "convenience", "name": "Bruniquer", "lat": 41.4056945, "lon": 2.1622289, "brand": null, "organic": null, "h3_index": "8939446010bffff" }, "geometry": { "type": "Point", "coordinates": [ 2.1622289, 41.4056945 ] } },
{ "type": "Feature", "properties": { "osm_id": 1340330375, "shop_type": "convenience", "name": "Mayor i Detall", "lat": 41.4071685, "lon": 2.1628702, "brand": null, "organic": null, "h3_index": "89394460103ffff" }, "geometry": { "type": "Point", "coordinates": [ 2.1628702, 41.4071685 ] } },
{ "type": "Feature", "properties": { "osm_id": 1342503096, "shop_type": "supermarket", "name": "Consum", "lat": 41.3771709, "lon": 2.1255716, "brand": "Consum", "organic": null, "h3_index": "89394460273ffff" }, "geometry": { "type": "Point", "coordinates": [ 2.1255716, 41.3771709 ] } },
{ "type": "Feature", "properties": { "osm_id": 1342503097, "shop_type": "supermarket", "name": "Consum", "lat": 41.3793567, "lon": 2.1260534, "brand": "Consum", "organic": null, "h3_index": "8939446020fffff" }, "geometry": { "type": "Point", "coordinates": [ 2.1260534, 41.3793567 ] } },
{ "type": "Feature", "properties": { "osm_id": 1342503098, "shop_type": "supermarket", "name": "Condis", "lat": 41.3780137, "lon": 2.1270245, "brand": "Condis", "organic": null, "h3_index": "89394460273ffff" }, "geometry": { "type": "Point", "coordinates": [ 2.1270245, 41.3780137 ] } },
{ "type": "Feature", "properties": { "osm_id": 1342503099, "shop_type": "supermarket", "name": "Caprabo", "lat": 41.3776523, "lon": 2.1293602, "brand": "Caprabo", "organic": null, "h3_index": "89394460277ffff" }, "geometry": { "type": "Point", "coordinates": [ 2.1293602, 41.3776523 ] } },
{ "type": "Feature", "properties": { "osm_id": 1343390988, "shop_type": "supermarket", "name": "Lidl", "lat": 41.4063957, "lon": 2.1808131, "brand": "Lidl", "organic": null, "h3_index": "89394460c5bffff" }, "geometry": { "type": "Point", "coordinates": [ 2.1808131, 41.4063957 ] } },
{ "type": "Feature", "properties": { "osm_id": 1343797327, "shop_type": "supermarket", "name": "Lidl", "lat": 41.3741246, "lon": 2.1307557, "brand": "Lidl", "organic": null, "h3_index": "8939446026fffff" }, "geometry": { "type": "Point", "coordinates": [ 2.1307557, 41.3741246 ] } },
{ "type": "Feature", "properties": { "osm_id": 1343797329, "shop_type": "greengrocer", "name": "Punt Fresc", "lat": 41.3796431, "lon": 2.1266274, "brand": null, "organic": null, "h3_index": "8939446020fffff" }, "geometry": { "type": "Point", "coordinates": [ 2.1266274, 41.3796431 ] } },
{ "type": "Feature", "properties": { "osm_id": 1357211197, "shop_type": "bakery", "name": "Forn de la Virreina", "lat": 41.4040442, "lon": 2.1580138, "brand": null, "organic": null, "h3_index": "89394460157ffff" }, "geometry": { "type": "Point", "coordinates": [ 2.1580138, 41.4040442 ] } },
{ "type": "Feature", "properties": { "osm_id": 1359971712, "shop_type": "bakery", "name": "MacxiPa", "lat": 41.4061309, "lon": 2.1763758, "brand": null, "organic": null, "h3_index": "8939446012fffff" }, "geometry": { "type": "Point", "coordinates": [ 2.1763758, 41.4061309 ] } },
{ "type": "Feature", "properties": { "osm_id": 1359971758, "shop_type": "greengrocer", "name": "El cabàs", "lat": 41.4065237, "lon": 2.1770851, "brand": null, "organic": null, "h3_index": "89394460127ffff" }, "geometry": { "type": "Point", "coordinates": [ 2.1770851, 41.4065237 ] } },
{ "type": "Feature", "properties": { "osm_id": 1359971826, "shop_type": "greengrocer", "name": "Supermercat Fruites i Verdures", "lat": 41.4066059, "lon": 2.1800635, "brand": null, "organic": null, "h3_index": "89394460c5bffff" }, "geometry": { "type": "Point", "coordinates": [ 2.1800635, 41.4066059 ] } },
{ "type": "Feature", "properties": { "osm_id": 1359971910, "shop_type": "bakery", "name": "Forn Jovic", "lat": 41.404947, "lon": 2.1801932, "brand": null, "organic": null, "h3_index": "89394460c5bffff" }, "geometry": { "type": "Point", "coordinates": [ 2.1801932, 41.404947 ] } },
{ "type": "Feature", "properties": { "osm_id": 1359971937, "shop_type": "greengrocer", "name": "Frutas y Verduras Castillejos", "lat": 41.4039161, "lon": 2.1815407, "brand": null, "organic": null, "h3_index": "89394460c4bffff" }, "geometry": { "type": "Point", "coordinates": [ 2.1815407, 41.4039161 ] } },
{ "type": "Feature", "properties": { "osm_id": 1359971985, "shop_type": "greengrocer", "name": "Sanabra Fruites Verdures", "lat": 41.4042151, "lon": 2.1793718, "brand": null, "organic": null, "h3_index": "89394460c5bffff" }, "geometry": { "type": "Point", "coordinates": [ 2.1793718, 41.4042151 ] } },
{ "type": "Feature", "properties": { "osm_id": 1361887258, "shop_type": "bakery", "name": "Paníssim", "lat": 41.4057132, "lon": 2.1773913, "brand": null, "organic": null, "h3_index": "8939446012fffff" }, "geometry": { "type": "Point", "coordinates": [ 2.1773913, 41.4057132 ] } },
{ "type": "Feature", "properties": { "osm_id": 1361887315, "shop_type": "greengrocer", "name": "Disfruta", "lat": 41.4057825, "lon": 2.1790164, "brand": null, "organic": null, "h3_index": "89394460c5bffff" }, "geometry": { "type": "Point", "coordinates": [ 2.1790164, 41.4057825 ] } },
{ "type": "Feature", "properties": { "osm_id": 1364785896, "shop_type": "supermarket", "name": "Condis", "lat": 41.3732668, "lon": 2.1695439, "brand": "Condis", "organic": null, "h3_index": "89394461d13ffff" }, "geometry": { "type": "Point", "coordinates": [ 2.1695439, 41.3732668 ] } },
{ "type": "Feature", "properties": { "osm_id": 1368518012, "shop_type": "convenience", "name": "Alimentació Bach", "lat": 41.4049736, "lon": 2.1594408, "brand": null, "organic": null, "h3_index": "89394460157ffff" }, "geometry": { "type": "Point", "coordinates": [ 2.1594408, 41.4049736 ] } },
{ "type": "Feature", "properties": { "osm_id": 1368518058, "shop_type": "bakery", "name": "Santa Clara", "lat": 41.4033977, "lon": 2.1613308, "brand": null, "organic": null, "h3_index": "89394460147ffff" }, "geometry": { "type": "Point", "coordinates": [ 2.1613308, 41.4033977 ] } },
{ "type": "Feature", "properties": { "osm_id": 1368518085, "shop_type": "convenience", "name": "Alimentacion Mila", "lat": 41.4018549, "lon": 2.1617176, "brand": null, "organic": null, "h3_index": "89394460147ffff" }, "geometry": { "type": "Point", "coordinates": [ 2.1617176, 41.4018549 ] } },
{ "type": "Feature", "properties": { "osm_id": 1368518096, "shop_type": "bakery", "name": "Forn Yara", "lat": 41.4017827, "lon": 2.161802, "brand": null, "organic": null, "h3_index": "89394460147ffff" }, "geometry": { "type": "Point", "coordinates": [ 2.161802, 41.4017827 ] } },
{ "type": "Feature", "properties": { "osm_id": 1368518155, "shop_type": "supermarket", "name": "Herbodietètica Las Maravillas", "lat": 41.4010895, "lon": 2.1599276, "brand": null, "organic": "only", "h3_index": "89394460147ffff" }, "geometry": { "type": "Point", "coordinates": [ 2.1599276, 41.4010895 ] } },
{ "type": "Feature", "properties": { "osm_id": 1374317065, "shop_type": "convenience", "name": "Carrefour Market", "lat": 41.392021, "lon": 2.1259431, "brand": "Carrefour Market", "organic": null, "h3_index": "89394460287ffff" }, "geometry": { "type": "Point", "coordinates": [ 2.1259431, 41.392021 ] } },
{ "type": "Feature", "properties": { "osm_id": 1374538991, "shop_type": "convenience", "name": "España Alimentació", "lat": 41.4229296, "lon": 2.1459186, "brand": null, "organic": null, "h3_index": "89394460503ffff" }, "geometry": { "type": "Point", "coordinates": [ 2.1459186, 41.4229296 ] } },
{ "type": "Feature", "properties": { "osm_id": 1374539389, "shop_type": "supermarket", "name": "Condis", "lat": 41.4222359, "lon": 2.1441562, "brand": "Condis", "organic": null, "h3_index": "8939446050bffff" }, "geometry": { "type": "Point", "coordinates": [ 2.1441562, 41.4222359 ] } },
{ "type": "Feature", "properties": { "osm_id": 1374539431, "shop_type": "bakery", "name": "Mollipa Forners", "lat": 41.4218097, "lon": 2.1427604, "brand": null, "organic": null, "h3_index": "8939446050bffff" }, "geometry": { "type": "Point", "coordinates": [ 2.1427604, 41.4218097 ] } },
{ "type": "Feature", "properties": { "osm_id": 1374638141, "shop_type": "supermarket", "name": "Unknown", "lat": 41.3854678, "lon": 2.1625757, "brand": null, "organic": null, "h3_index": "89394460323ffff" }, "geometry": { "type": "Point", "coordinates": [ 2.1625757, 41.3854678 ] } },
{ "type": "Feature", "properties": { "osm_id": 1374764739, "shop_type": "supermarket", "name": "Bonpreu", "lat": 41.3932977, "lon": 2.1249657, "brand": "Bonpreu", "organic": null, "h3_index": "8939446004bffff" }, "geometry": { "type": "Point", "coordinates": [ 2.1249657, 41.3932977 ] } },
{ "type": "Feature", "properties": { "osm_id": 1375281462, "shop_type": "convenience", "name": "A Deshora (24h)", "lat": 41.3903537, "lon": 2.12436, "brand": null, "organic": null, "h3_index": "89394460287ffff" }, "geometry": { "type": "Point", "coordinates": [ 2.12436, 41.3903537 ] } },
{ "type": "Feature", "properties": { "osm_id": 1375281468, "shop_type": "bakery", "name": "MacxiPa", "lat": 41.3911103, "lon": 2.1246443, "brand": null, "organic": null, "h3_index": "89394460287ffff" }, "geometry": { "type": "Point", "coordinates": [ 2.1246443, 41.3911103 ] } },
{ "type": "Feature", "properties": { "osm_id": 1375840566, "shop_type": "bakery", "name": "L'Obrador del molí", "lat": 41.3941806, "lon": 2.1264085, "brand": null, "organic": null, "h3_index": "8939446004bffff" }, "geometry": { "type": "Point", "coordinates": [ 2.1264085, 41.3941806 ] } },
{ "type": "Feature", "properties": { "osm_id": 1375840571, "shop_type": "bakery", "name": "Pastisseria Santa Gemma (TANCAT/CLOSED)", "lat": 41.3900845, "lon": 2.1259042, "brand": null, "organic": null, "h3_index": "89394460287ffff" }, "geometry": { "type": "Point", "coordinates": [ 2.1259042, 41.3900845 ] } },
{ "type": "Feature", "properties": { "osm_id": 1375840575, "shop_type": "convenience", "name": "SEMON (TANCAT/CLOSED 2006)", "lat": 41.390306, "lon": 2.1259364, "brand": null, "organic": null, "h3_index": "89394460287ffff" }, "geometry": { "type": "Point", "coordinates": [ 2.1259364, 41.390306 ] } },
{ "type": "Feature", "properties": { "osm_id": 1375840578, "shop_type": "greengrocer", "name": "Unknown", "lat": 41.3936983, "lon": 2.1249957, "brand": null, "organic": null, "h3_index": "8939446004bffff" }, "geometry": { "type": "Point", "coordinates": [ 2.1249957, 41.3936983 ] } },
{ "type": "Feature", "properties": { "osm_id": 1375840589, "shop_type": "bakery", "name": "Maxipan", "lat": 41.3938292, "lon": 2.1253337, "brand": null, "organic": null, "h3_index": "8939446004bffff" }, "geometry": { "type": "Point", "coordinates": [ 2.1253337, 41.3938292 ] } },
{ "type": "Feature", "properties": { "osm_id": 1375840595, "shop_type": "bakery", "name": "El Molí Vell", "lat": 41.3934429, "lon": 2.1265729, "brand": null, "organic": null, "h3_index": "8939446004bffff" }, "geometry": { "type": "Point", "coordinates": [ 2.1265729, 41.3934429 ] } },
{ "type": "Feature", "properties": { "osm_id": 1377225831, "shop_type": "supermarket", "name": "Organic Market", "lat": 41.4031304, "lon": 2.1540527, "brand": null, "organic": "only", "h3_index": "89394460153ffff" }, "geometry": { "type": "Point", "coordinates": [ 2.1540527, 41.4031304 ] } },
{ "type": "Feature", "properties": { "osm_id": 1377824812, "shop_type": "supermarket", "name": "OpenCor", "lat": 41.3947291, "lon": 2.133976, "brand": null, "organic": null, "h3_index": "8939446007bffff" }, "geometry": { "type": "Point", "coordinates": [ 2.133976, 41.3947291 ] } },
{ "type": "Feature", "properties": { "osm_id": 1395168631, "shop_type": "supermarket", "name": "Jespac Supermercats", "lat": 41.3869304, "lon": 2.1603923, "brand": null, "organic": null, "h3_index": "89394460333ffff" }, "geometry": { "type": "Point", "coordinates": [ 2.1603923, 41.3869304 ] } },
{ "type": "Feature", "properties": { "osm_id": 1415153184, "shop_type": "convenience", "name": "Salgado", "lat": 41.4164639, "lon": 2.1475324, "brand": null, "organic": null, "h3_index": "89394460563ffff" }, "geometry": { "type": "Point", "coordinates": [ 2.1475324, 41.4164639 ] } },
{ "type": "Feature", "properties": { "osm_id": 1420760632, "shop_type": "bakery", "name": "Forn Mistral. Gràcia", "lat": 41.4034174, "lon": 2.1542957, "brand": null, "organic": null, "h3_index": "89394460153ffff" }, "geometry": { "type": "Point", "coordinates": [ 2.1542957, 41.4034174 ] } },
{ "type": "Feature", "properties": { "osm_id": 1430537486, "shop_type": "convenience", "name": "Mini Mix", "lat": 41.3830876, "lon": 2.1850665, "brand": "Mini Mix", "organic": null, "h3_index": "89394460e63ffff" }, "geometry": { "type": "Point", "coordinates": [ 2.1850665, 41.3830876 ] } },
{ "type": "Feature", "properties": { "osm_id": 1457780105, "shop_type": "supermarket", "name": "Bon Area", "lat": 41.4012482, "lon": 2.151385, "brand": "Bon Area", "organic": null, "h3_index": "8939446015bffff" }, "geometry": { "type": "Point", "coordinates": [ 2.151385, 41.4012482 ] } },
{ "type": "Feature", "properties": { "osm_id": 1465976931, "shop_type": "bakery", "name": "Forn del Passeig", "lat": 41.4303903, "lon": 2.1810197, "brand": null, "organic": null, "h3_index": "89394462a33ffff" }, "geometry": { "type": "Point", "coordinates": [ 2.1810197, 41.4303903 ] } },
{ "type": "Feature", "properties": { "osm_id": 1466014011, "shop_type": "bakery", "name": "Unknown", "lat": 41.4314962, "lon": 2.1805659, "brand": null, "organic": null, "h3_index": "89394462aabffff" }, "geometry": { "type": "Point", "coordinates": [ 2.1805659, 41.4314962 ] } },
{ "type": "Feature", "properties": { "osm_id": 1466014021, "shop_type": "supermarket", "name": "Caprabo", "lat": 41.4303627, "lon": 2.1791329, "brand": "Caprabo", "organic": null, "h3_index": "89394462a07ffff" }, "geometry": { "type": "Point", "coordinates": [ 2.1791329, 41.4303627 ] } },
{ "type": "Feature", "properties": { "osm_id": 1467583584, "shop_type": "convenience", "name": "Autoservicio Manuel Alonso", "lat": 41.4307545, "lon": 2.1810239, "brand": null, "organic": null, "h3_index": "89394462a33ffff" }, "geometry": { "type": "Point", "coordinates": [ 2.1810239, 41.4307545 ] } },
{ "type": "Feature", "properties": { "osm_id": 1473522339, "shop_type": "supermarket", "name": "Condis", "lat": 41.4160116, "lon": 2.1793486, "brand": "Condis", "organic": null, "h3_index": "89394460cd3ffff" }, "geometry": { "type": "Point", "coordinates": [ 2.1793486, 41.4160116 ] } },
{ "type": "Feature", "properties": { "osm_id": 1475966934, "shop_type": "bakery", "name": "Forn de la Lluisa", "lat": 41.3973886, "lon": 2.1810451, "brand": null, "organic": null, "h3_index": "89394460e8fffff" }, "geometry": { "type": "Point", "coordinates": [ 2.1810451, 41.3973886 ] } },
{ "type": "Feature", "properties": { "osm_id": 1477740284, "shop_type": "bakery", "name": "El molí vell", "lat": 41.435776, "lon": 2.191071, "brand": null, "organic": null, "h3_index": "89394462bc3ffff" }, "geometry": { "type": "Point", "coordinates": [ 2.191071, 41.435776 ] } },
{ "type": "Feature", "properties": { "osm_id": 1483280564, "shop_type": "supermarket", "name": "Sorli Discau", "lat": 41.4080772, "lon": 2.1567221, "brand": null, "organic": null, "h3_index": "893944601cfffff" }, "geometry": { "type": "Point", "coordinates": [ 2.1567221, 41.4080772 ] } },
{ "type": "Feature", "properties": { "osm_id": 1498566027, "shop_type": "greengrocer", "name": "Unknown", "lat": 41.3860342, "lon": 2.1745693, "brand": null, "organic": null, "h3_index": "89394460e43ffff" }, "geometry": { "type": "Point", "coordinates": [ 2.1745693, 41.3860342 ] } },
{ "type": "Feature", "properties": { "osm_id": 1536004631, "shop_type": "bakery", "name": "itaway", "lat": 41.3884737, "lon": 2.1511604, "brand": null, "organic": null, "h3_index": "89394460313ffff" }, "geometry": { "type": "Point", "coordinates": [ 2.1511604, 41.3884737 ] } },
{ "type": "Feature", "properties": { "osm_id": 1536004634, "shop_type": "convenience", "name": "Open Super Fresc Alimentació", "lat": 41.3885025, "lon": 2.1508079, "brand": null, "organic": null, "h3_index": "89394460313ffff" }, "geometry": { "type": "Point", "coordinates": [ 2.1508079, 41.3885025 ] } },
{ "type": "Feature", "properties": { "osm_id": 1554649948, "shop_type": "bakery", "name": "La Panera", "lat": 41.4374937, "lon": 2.1563976, "brand": null, "organic": null, "h3_index": "89394462e7bffff" }, "geometry": { "type": "Point", "coordinates": [ 2.1563976, 41.4374937 ] } },
{ "type": "Feature", "properties": { "osm_id": 1554649998, "shop_type": "supermarket", "name": "Condis", "lat": 41.4356437, "lon": 2.1571111, "brand": "Condis", "organic": null, "h3_index": "89394462e6bffff" }, "geometry": { "type": "Point", "coordinates": [ 2.1571111, 41.4356437 ] } },
{ "type": "Feature", "properties": { "osm_id": 1576997697, "shop_type": "supermarket", "name": "Super Casanova", "lat": 41.3824052, "lon": 2.1624256, "brand": null, "organic": null, "h3_index": "8939446032bffff" }, "geometry": { "type": "Point", "coordinates": [ 2.1624256, 41.3824052 ] } },
{ "type": "Feature", "properties": { "osm_id": 1586446291, "shop_type": "supermarket", "name": "Condis", "lat": 41.3771825, "lon": 2.1121417, "brand": "Condis", "organic": null, "h3_index": "89394461527ffff" }, "geometry": { "type": "Point", "coordinates": [ 2.1121417, 41.3771825 ] } },
{ "type": "Feature", "properties": { "osm_id": 1595426658, "shop_type": "convenience", "name": "Ultramarins Salatiel", "lat": 41.3817333, "lon": 2.1883594, "brand": null, "organic": null, "h3_index": "89394460e6fffff" }, "geometry": { "type": "Point", "coordinates": [ 2.1883594, 41.3817333 ] } },
{ "type": "Feature", "properties": { "osm_id": 1596371261, "shop_type": "bakery", "name": "Forn de pa Balboa", "lat": 41.3820054, "lon": 2.1880447, "brand": null, "organic": null, "h3_index": "89394460e6fffff" }, "geometry": { "type": "Point", "coordinates": [ 2.1880447, 41.3820054 ] } },
{ "type": "Feature", "properties": { "osm_id": 1597672981, "shop_type": "supermarket", "name": "Dia", "lat": 41.3822852, "lon": 2.188448, "brand": "Dia", "organic": null, "h3_index": "89394460e6fffff" }, "geometry": { "type": "Point", "coordinates": [ 2.188448, 41.3822852 ] } },
{ "type": "Feature", "properties": { "osm_id": 1597699128, "shop_type": "supermarket", "name": "Spar", "lat": 41.3801129, "lon": 2.1882542, "brand": "Spar", "organic": null, "h3_index": "89394460ad7ffff" }, "geometry": { "type": "Point", "coordinates": [ 2.1882542, 41.3801129 ] } },
{ "type": "Feature", "properties": { "osm_id": 1597699130, "shop_type": "supermarket", "name": "Spar", "lat": 41.3803462, "lon": 2.1887534, "brand": "Spar", "organic": null, "h3_index": "89394460ad7ffff" }, "geometry": { "type": "Point", "coordinates": [ 2.1887534, 41.3803462 ] } },
{ "type": "Feature", "properties": { "osm_id": 1597701302, "shop_type": "supermarket", "name": "Condis", "lat": 41.3820067, "lon": 2.1898797, "brand": "Condis", "organic": null, "h3_index": "89394460a9bffff" }, "geometry": { "type": "Point", "coordinates": [ 2.1898797, 41.3820067 ] } },
{ "type": "Feature", "properties": { "osm_id": 1601776147, "shop_type": "supermarket", "name": "Condis", "lat": 41.4052364, "lon": 2.182648, "brand": "Condis", "organic": null, "h3_index": "89394460c43ffff" }, "geometry": { "type": "Point", "coordinates": [ 2.182648, 41.4052364 ] } },
{ "type": "Feature", "properties": { "osm_id": 1601776148, "shop_type": "supermarket", "name": "Condis", "lat": 41.4107795, "lon": 2.1883281, "brand": "Condis", "organic": null, "h3_index": "89394460c1bffff" }, "geometry": { "type": "Point", "coordinates": [ 2.1883281, 41.4107795 ] } },
{ "type": "Feature", "properties": { "osm_id": 1609172350, "shop_type": "supermarket", "name": "Mercat Villalba", "lat": 41.3773681, "lon": 2.119519, "brand": null, "organic": null, "h3_index": "89394460247ffff" }, "geometry": { "type": "Point", "coordinates": [ 2.119519, 41.3773681 ] } },
{ "type": "Feature", "properties": { "osm_id": 1623490379, "shop_type": "bakery", "name": "Lola's Cake", "lat": 41.3809597, "lon": 2.1592836, "brand": null, "organic": null, "h3_index": "89394460367ffff" }, "geometry": { "type": "Point", "coordinates": [ 2.1592836, 41.3809597 ] } },
{ "type": "Feature", "properties": { "osm_id": 1623587489, "shop_type": "supermarket", "name": "Bonpreu", "lat": 41.4140368, "lon": 2.18928, "brand": "Bonpreu", "organic": null, "h3_index": "89394460c13ffff" }, "geometry": { "type": "Point", "coordinates": [ 2.18928, 41.4140368 ] } },
{ "type": "Feature", "properties": { "osm_id": 1648836436, "shop_type": "bakery", "name": "Rovira", "lat": 41.3759528, "lon": 2.1177927, "brand": null, "organic": null, "h3_index": "89394460243ffff" }, "geometry": { "type": "Point", "coordinates": [ 2.1177927, 41.3759528 ] } },
{ "type": "Feature", "properties": { "osm_id": 1659740693, "shop_type": "convenience", "name": "Unknown", "lat": 41.395195, "lon": 2.1427458, "brand": null, "organic": null, "h3_index": "89394460067ffff" }, "geometry": { "type": "Point", "coordinates": [ 2.1427458, 41.395195 ] } },
{ "type": "Feature", "properties": { "osm_id": 1659740698, "shop_type": "supermarket", "name": "Unknown", "lat": 41.3955415, "lon": 2.1423536, "brand": null, "organic": null, "h3_index": "89394460067ffff" }, "geometry": { "type": "Point", "coordinates": [ 2.1423536, 41.3955415 ] } },
{ "type": "Feature", "properties": { "osm_id": 1667575586, "shop_type": "supermarket", "name": "Consum", "lat": 41.3820828, "lon": 2.1367034, "brand": "Consum", "organic": null, "h3_index": "89394460223ffff" }, "geometry": { "type": "Point", "coordinates": [ 2.1367034, 41.3820828 ] } },
{ "type": "Feature", "properties": { "osm_id": 1667577990, "shop_type": "supermarket", "name": "Condis", "lat": 41.3822563, "lon": 2.1357698, "brand": "Condis", "organic": null, "h3_index": "89394460223ffff" }, "geometry": { "type": "Point", "coordinates": [ 2.1357698, 41.3822563 ] } },
{ "type": "Feature", "properties": { "osm_id": 1677723372, "shop_type": "supermarket", "name": "Mercadona", "lat": 41.381252, "lon": 2.1267921, "brand": "Mercadona", "organic": null, "h3_index": "8939446020fffff" }, "geometry": { "type": "Point", "coordinates": [ 2.1267921, 41.381252 ] } },
{ "type": "Feature", "properties": { "osm_id": 1688067150, "shop_type": "supermarket", "name": "Caprabo", "lat": 41.3804716, "lon": 2.1298667, "brand": "Caprabo", "organic": null, "h3_index": "8939446023bffff" }, "geometry": { "type": "Point", "coordinates": [ 2.1298667, 41.3804716 ] } },
{ "type": "Feature", "properties": { "osm_id": 1704336537, "shop_type": "supermarket", "name": "Caprabo", "lat": 41.4281908, "lon": 2.170384, "brand": "Caprabo", "organic": null, "h3_index": "89394462a1bffff" }, "geometry": { "type": "Point", "coordinates": [ 2.170384, 41.4281908 ] } },
{ "type": "Feature", "properties": { "osm_id": 1704336543, "shop_type": "supermarket", "name": "Condis", "lat": 41.4280184, "lon": 2.171184, "brand": "Condis", "organic": null, "h3_index": "89394462a1bffff" }, "geometry": { "type": "Point", "coordinates": [ 2.171184, 41.4280184 ] } },
{ "type": "Feature", "properties": { "osm_id": 1704336567, "shop_type": "supermarket", "name": "Caprabo", "lat": 41.4279901, "lon": 2.174133, "brand": "Caprabo", "organic": null, "h3_index": "89394462a03ffff" }, "geometry": { "type": "Point", "coordinates": [ 2.174133, 41.4279901 ] } },
{ "type": "Feature", "properties": { "osm_id": 1706985411, "shop_type": "supermarket", "name": "Dia", "lat": 41.3745191, "lon": 2.1612935, "brand": "Dia", "organic": null, "h3_index": "89394461dd7ffff" }, "geometry": { "type": "Point", "coordinates": [ 2.1612935, 41.3745191 ] } },
{ "type": "Feature", "properties": { "osm_id": 1706985413, "shop_type": "supermarket", "name": "BonÀrea", "lat": 41.3738074, "lon": 2.1608907, "brand": "BonÀrea", "organic": null, "h3_index": "89394461dd7ffff" }, "geometry": { "type": "Point", "coordinates": [ 2.1608907, 41.3738074 ] } },
{ "type": "Feature", "properties": { "osm_id": 1709793864, "shop_type": "bakery", "name": "365 café", "lat": 41.3750944, "lon": 2.1710992, "brand": null, "organic": null, "h3_index": "89394461d17ffff" }, "geometry": { "type": "Point", "coordinates": [ 2.1710992, 41.3750944 ] } },
{ "type": "Feature", "properties": { "osm_id": 1710702176, "shop_type": "bakery", "name": "Vivari", "lat": 41.3824889, "lon": 2.137724, "brand": null, "organic": null, "h3_index": "89394460227ffff" }, "geometry": { "type": "Point", "coordinates": [ 2.137724, 41.3824889 ] } },
{ "type": "Feature", "properties": { "osm_id": 1710705978, "shop_type": "bakery", "name": "Arenas Molins", "lat": 41.3827747, "lon": 2.1385019, "brand": null, "organic": null, "h3_index": "89394460227ffff" }, "geometry": { "type": "Point", "coordinates": [ 2.1385019, 41.3827747 ] } },
{ "type": "Feature", "properties": { "osm_id": 1710707056, "shop_type": "bakery", "name": "Masedy", "lat": 41.3827529, "lon": 2.1383963, "brand": null, "organic": null, "h3_index": "89394460227ffff" }, "geometry": { "type": "Point", "coordinates": [ 2.1383963, 41.3827529 ] } },
{ "type": "Feature", "properties": { "osm_id": 1710718837, "shop_type": "bakery", "name": "365", "lat": 41.3832695, "lon": 2.1386857, "brand": null, "organic": null, "h3_index": "89394460227ffff" }, "geometry": { "type": "Point", "coordinates": [ 2.1386857, 41.3832695 ] } },
{ "type": "Feature", "properties": { "osm_id": 1710746453, "shop_type": "supermarket", "name": "Mercadona", "lat": 41.4061304, "lon": 2.2109384, "brand": "Mercadona", "organic": null, "h3_index": "89394460d4bffff" }, "geometry": { "type": "Point", "coordinates": [ 2.2109384, 41.4061304 ] } },
{ "type": "Feature", "properties": { "osm_id": 1710746461, "shop_type": "supermarket", "name": "Mercadona", "lat": 41.4064398, "lon": 2.2101589, "brand": "Mercadona", "organic": null, "h3_index": "89394460d4bffff" }, "geometry": { "type": "Point", "coordinates": [ 2.2101589, 41.4064398 ] } },
{ "type": "Feature", "properties": { "osm_id": 1711347768, "shop_type": "supermarket", "name": "Caprabo", "lat": 41.3745734, "lon": 2.1387839, "brand": "Caprabo", "organic": null, "h3_index": "89394461c83ffff" }, "geometry": { "type": "Point", "coordinates": [ 2.1387839, 41.3745734 ] } },
{ "type": "Feature", "properties": { "osm_id": 1711359436, "shop_type": "supermarket", "name": "Mercadona", "lat": 41.3794731, "lon": 2.1432138, "brand": "Mercadona", "organic": null, "h3_index": "8939446035bffff" }, "geometry": { "type": "Point", "coordinates": [ 2.1432138, 41.3794731 ] } },
{ "type": "Feature", "properties": { "osm_id": 1717732248, "shop_type": "bakery", "name": "Forn Solá", "lat": 41.3811616, "lon": 2.1795361, "brand": null, "organic": null, "h3_index": "89394461db7ffff" }, "geometry": { "type": "Point", "coordinates": [ 2.1795361, 41.3811616 ] } },
{ "type": "Feature", "properties": { "osm_id": 1717732252, "shop_type": "butcher", "name": "Cansaladeria Corominas", "lat": 41.3811755, "lon": 2.1794552, "brand": null, "organic": null, "h3_index": "89394461db7ffff" }, "geometry": { "type": "Point", "coordinates": [ 2.1794552, 41.3811755 ] } },
{ "type": "Feature", "properties": { "osm_id": 1718454012, "shop_type": "supermarket", "name": "Dia Market", "lat": 41.3808774, "lon": 2.1780868, "brand": "Dia Market", "organic": null, "h3_index": "89394461db7ffff" }, "geometry": { "type": "Point", "coordinates": [ 2.1780868, 41.3808774 ] } },
{ "type": "Feature", "properties": { "osm_id": 1718455882, "shop_type": "convenience", "name": "Supermercats Llibreteria", "lat": 41.3831119, "lon": 2.1771794, "brand": null, "organic": null, "h3_index": "89394460e4fffff" }, "geometry": { "type": "Point", "coordinates": [ 2.1771794, 41.3831119 ] } },
{ "type": "Feature", "properties": { "osm_id": 1722117637, "shop_type": "convenience", "name": "Carrefour Express", "lat": 41.4048872, "lon": 2.1737361, "brand": "Carrefour Express", "organic": null, "h3_index": "8939446012bffff" }, "geometry": { "type": "Point", "coordinates": [ 2.1737361, 41.4048872 ] } },
{ "type": "Feature", "properties": { "osm_id": 1727174980, "shop_type": "supermarket", "name": "Condis", "lat": 41.4279078, "lon": 2.1794063, "brand": "Condis", "organic": null, "h3_index": "89394462a3bffff" }, "geometry": { "type": "Point", "coordinates": [ 2.1794063, 41.4279078 ] } },
{ "type": "Feature", "properties": { "osm_id": 1744688035, "shop_type": "supermarket", "name": "Condis", "lat": 41.4429836, "lon": 2.1765635, "brand": "Condis", "organic": null, "h3_index": "89394462843ffff" }, "geometry": { "type": "Point", "coordinates": [ 2.1765635, 41.4429836 ] } },
{ "type": "Feature", "properties": { "osm_id": 1755456235, "shop_type": "supermarket", "name": "Dia", "lat": 41.4083034, "lon": 2.1472479, "brand": "Dia", "organic": null, "h3_index": "893944601dbffff" }, "geometry": { "type": "Point", "coordinates": [ 2.1472479, 41.4083034 ] } },
{ "type": "Feature", "properties": { "osm_id": 1755464544, "shop_type": "supermarket", "name": "Dia", "lat": 41.4095619, "lon": 2.1512953, "brand": "Dia", "organic": null, "h3_index": "893944601c3ffff" }, "geometry": { "type": "Point", "coordinates": [ 2.1512953, 41.4095619 ] } },
{ "type": "Feature", "properties": { "osm_id": 1755467726, "shop_type": "supermarket", "name": "Ametller Origen", "lat": 41.405565, "lon": 2.1532652, "brand": null, "organic": null, "h3_index": "893944601cbffff" }, "geometry": { "type": "Point", "coordinates": [ 2.1532652, 41.405565 ] } },
{ "type": "Feature", "properties": { "osm_id": 1755468318, "shop_type": "supermarket", "name": "Dia", "lat": 41.402391, "lon": 2.1482945, "brand": "Dia", "organic": null, "h3_index": "89394460027ffff" }, "geometry": { "type": "Point", "coordinates": [ 2.1482945, 41.402391 ] } },
{ "type": "Feature", "properties": { "osm_id": 1755468911, "shop_type": "supermarket", "name": "Plusfresc", "lat": 41.4064092, "lon": 2.1371428, "brand": "Plusfresc", "organic": null, "h3_index": "89394460017ffff" }, "geometry": { "type": "Point", "coordinates": [ 2.1371428, 41.4064092 ] } },
{ "type": "Feature", "properties": { "osm_id": 1755469304, "shop_type": "supermarket", "name": "Dia", "lat": 41.4117734, "lon": 2.1388768, "brand": "Dia", "organic": null, "h3_index": "893944600b3ffff" }, "geometry": { "type": "Point", "coordinates": [ 2.1388768, 41.4117734 ] } },
{ "type": "Feature", "properties": { "osm_id": 1772834816, "shop_type": "convenience", "name": "La Botigueta", "lat": 41.4270319, "lon": 2.0890763, "brand": null, "organic": null, "h3_index": "89394463197ffff" }, "geometry": { "type": "Point", "coordinates": [ 2.0890763, 41.4270319 ] } },
{ "type": "Feature", "properties": { "osm_id": 1778421393, "shop_type": "supermarket", "name": "Condis", "lat": 41.3717889, "lon": 2.1411244, "brand": "Condis", "organic": null, "h3_index": "89394461c8fffff" }, "geometry": { "type": "Point", "coordinates": [ 2.1411244, 41.3717889 ] } },
{ "type": "Feature", "properties": { "osm_id": 1778421394, "shop_type": "convenience", "name": "Mon Natura", "lat": 41.3728004, "lon": 2.1390705, "brand": null, "organic": null, "h3_index": "89394461c83ffff" }, "geometry": { "type": "Point", "coordinates": [ 2.1390705, 41.3728004 ] } },
{ "type": "Feature", "properties": { "osm_id": 1809196190, "shop_type": "supermarket", "name": "Consum", "lat": 41.3714024, "lon": 2.1382777, "brand": "Consum", "organic": null, "h3_index": "89394461c8bffff" }, "geometry": { "type": "Point", "coordinates": [ 2.1382777, 41.3714024 ] } },
{ "type": "Feature", "properties": { "osm_id": 1822710901, "shop_type": "greengrocer", "name": "Sbó", "lat": 41.3807498, "lon": 2.1314117, "brand": null, "organic": null, "h3_index": "8939446023bffff" }, "geometry": { "type": "Point", "coordinates": [ 2.1314117, 41.3807498 ] } },
{ "type": "Feature", "properties": { "osm_id": 1832014060, "shop_type": "bakery", "name": "El Molí Vell", "lat": 41.3928615, "lon": 2.1532879, "brand": null, "organic": null, "h3_index": "8939446038fffff" }, "geometry": { "type": "Point", "coordinates": [ 2.1532879, 41.3928615 ] } },
{ "type": "Feature", "properties": { "osm_id": 1844121282, "shop_type": "butcher", "name": "Plataforma Carnica", "lat": 41.4054694, "lon": 2.1759603, "brand": null, "organic": null, "h3_index": "8939446012fffff" }, "geometry": { "type": "Point", "coordinates": [ 2.1759603, 41.4054694 ] } },
{ "type": "Feature", "properties": { "osm_id": 1845294520, "shop_type": "supermarket", "name": "Dia", "lat": 41.4059186, "lon": 2.1738847, "brand": "Dia", "organic": null, "h3_index": "89394460123ffff" }, "geometry": { "type": "Point", "coordinates": [ 2.1738847, 41.4059186 ] } },
{ "type": "Feature", "properties": { "osm_id": 1845505620, "shop_type": "supermarket", "name": "Caprabo", "lat": 41.4064566, "lon": 2.1772722, "brand": "Caprabo", "organic": null, "h3_index": "89394460127ffff" }, "geometry": { "type": "Point", "coordinates": [ 2.1772722, 41.4064566 ] } },
{ "type": "Feature", "properties": { "osm_id": 1845505628, "shop_type": "greengrocer", "name": "Sa2Pe S.L.", "lat": 41.4065692, "lon": 2.1774183, "brand": null, "organic": null, "h3_index": "89394460127ffff" }, "geometry": { "type": "Point", "coordinates": [ 2.1774183, 41.4065692 ] } },
{ "type": "Feature", "properties": { "osm_id": 1857242573, "shop_type": "butcher", "name": "Delicatessen Argentina", "lat": 41.4044653, "lon": 2.1763837, "brand": null, "organic": null, "h3_index": "8939446012fffff" }, "geometry": { "type": "Point", "coordinates": [ 2.1763837, 41.4044653 ] } },
{ "type": "Feature", "properties": { "osm_id": 1867549302, "shop_type": "supermarket", "name": "Lidl", "lat": 41.4004677, "lon": 2.1656895, "brand": "Lidl", "organic": null, "h3_index": "89394460163ffff" }, "geometry": { "type": "Point", "coordinates": [ 2.1656895, 41.4004677 ] } },
{ "type": "Feature", "properties": { "osm_id": 1867549486, "shop_type": "supermarket", "name": "Bonpreu", "lat": 41.3997176, "lon": 2.1678404, "brand": "Bonpreu", "organic": null, "h3_index": "89394460163ffff" }, "geometry": { "type": "Point", "coordinates": [ 2.1678404, 41.3997176 ] } },
{ "type": "Feature", "properties": { "osm_id": 1878636901, "shop_type": "supermarket", "name": "Unknown", "lat": 41.3728967, "lon": 2.1256964, "brand": null, "organic": null, "h3_index": "8939446026bffff" }, "geometry": { "type": "Point", "coordinates": [ 2.1256964, 41.3728967 ] } },
{ "type": "Feature", "properties": { "osm_id": 1891535219, "shop_type": "supermarket", "name": "Bonpreu", "lat": 41.3911342, "lon": 2.156549, "brand": "Bonpreu", "organic": null, "h3_index": "893944603abffff" }, "geometry": { "type": "Point", "coordinates": [ 2.156549, 41.3911342 ] } },
{ "type": "Feature", "properties": { "osm_id": 1934456468, "shop_type": "supermarket", "name": "BonÀrea", "lat": 41.4004176, "lon": 2.203854, "brand": "BonÀrea", "organic": null, "h3_index": "8939446088bffff" }, "geometry": { "type": "Point", "coordinates": [ 2.203854, 41.4004176 ] } },
{ "type": "Feature", "properties": { "osm_id": 1934456516, "shop_type": "bakery", "name": "El fornet de Can Romà", "lat": 41.4066798, "lon": 2.2075637, "brand": null, "organic": null, "h3_index": "89394460897ffff" }, "geometry": { "type": "Point", "coordinates": [ 2.2075637, 41.4066798 ] } },
{ "type": "Feature", "properties": { "osm_id": 1939499941, "shop_type": "supermarket", "name": "Condis", "lat": 41.4246854, "lon": 2.1406086, "brand": "Condis", "organic": null, "h3_index": "8939446051bffff" }, "geometry": { "type": "Point", "coordinates": [ 2.1406086, 41.4246854 ] } },
{ "type": "Feature", "properties": { "osm_id": 1951819647, "shop_type": "supermarket", "name": "Superestalvi", "lat": 41.3965084, "lon": 2.1682109, "brand": "Superestalvi", "organic": null, "h3_index": "89394460ed3ffff" }, "geometry": { "type": "Point", "coordinates": [ 2.1682109, 41.3965084 ] } },
{ "type": "Feature", "properties": { "osm_id": 1960328245, "shop_type": "supermarket", "name": "Caprabo", "lat": 41.400339, "lon": 2.1658744, "brand": "Caprabo", "organic": null, "h3_index": "89394460163ffff" }, "geometry": { "type": "Point", "coordinates": [ 2.1658744, 41.400339 ] } },
{ "type": "Feature", "properties": { "osm_id": 1960370844, "shop_type": "supermarket", "name": "Caprabo", "lat": 41.395533, "lon": 2.1689106, "brand": "Caprabo", "organic": null, "h3_index": "89394460ed3ffff" }, "geometry": { "type": "Point", "coordinates": [ 2.1689106, 41.395533 ] } },
{ "type": "Feature", "properties": { "osm_id": 1980989567, "shop_type": "bakery", "name": "Levaduramadre", "lat": 41.3883968, "lon": 2.1455452, "brand": "Levaduramadre", "organic": null, "h3_index": "893944603c7ffff" }, "geometry": { "type": "Point", "coordinates": [ 2.1455452, 41.3883968 ] } },
{ "type": "Feature", "properties": { "osm_id": 1982848390, "shop_type": "convenience", "name": "Cèlia & Celíacs", "lat": 41.389347, "lon": 2.1468657, "brand": null, "organic": "yes", "h3_index": "893944603c7ffff" }, "geometry": { "type": "Point", "coordinates": [ 2.1468657, 41.389347 ] } },
{ "type": "Feature", "properties": { "osm_id": 1997866789, "shop_type": "supermarket", "name": "Jespac", "lat": 41.4044821, "lon": 2.1372386, "brand": null, "organic": null, "h3_index": "89394460007ffff" }, "geometry": { "type": "Point", "coordinates": [ 2.1372386, 41.4044821 ] } },
{ "type": "Feature", "properties": { "osm_id": 1997867052, "shop_type": "bakery", "name": "Catafal", "lat": 41.4051179, "lon": 2.1375846, "brand": null, "organic": null, "h3_index": "89394460007ffff" }, "geometry": { "type": "Point", "coordinates": [ 2.1375846, 41.4051179 ] } },
{ "type": "Feature", "properties": { "osm_id": 2034748535, "shop_type": "convenience", "name": "Unknown", "lat": 41.3848985, "lon": 2.1849288, "brand": null, "organic": null, "h3_index": "89394460e63ffff" }, "geometry": { "type": "Point", "coordinates": [ 2.1849288, 41.3848985 ] } },
{ "type": "Feature", "properties": { "osm_id": 2034780552, "shop_type": "supermarket", "name": "Supermercat", "lat": 41.4067026, "lon": 2.1516985, "brand": null, "organic": null, "h3_index": "893944601cbffff" }, "geometry": { "type": "Point", "coordinates": [ 2.1516985, 41.4067026 ] } },
{ "type": "Feature", "properties": { "osm_id": 2058694706, "shop_type": "supermarket", "name": "Mercadona", "lat": 41.3958643, "lon": 2.1504147, "brand": "Mercadona", "organic": null, "h3_index": "89394460383ffff" }, "geometry": { "type": "Point", "coordinates": [ 2.1504147, 41.3958643 ] } },
{ "type": "Feature", "properties": { "osm_id": 2058694719, "shop_type": "bakery", "name": "Bopan", "lat": 41.3964716, "lon": 2.1503823, "brand": null, "organic": null, "h3_index": "89394460397ffff" }, "geometry": { "type": "Point", "coordinates": [ 2.1503823, 41.3964716 ] } },
{ "type": "Feature", "properties": { "osm_id": 2058694721, "shop_type": "bakery", "name": "Cafe au Lait", "lat": 41.3971292, "lon": 2.1482719, "brand": null, "organic": null, "h3_index": "89394460393ffff" }, "geometry": { "type": "Point", "coordinates": [ 2.1482719, 41.3971292 ] } },
{ "type": "Feature", "properties": { "osm_id": 2058694722, "shop_type": "supermarket", "name": "Consum", "lat": 41.3978028, "lon": 2.1487988, "brand": "Consum", "organic": null, "h3_index": "89394460397ffff" }, "geometry": { "type": "Point", "coordinates": [ 2.1487988, 41.3978028 ] } },
{ "type": "Feature", "properties": { "osm_id": 2063950759, "shop_type": "supermarket", "name": "Lidl", "lat": 41.428821, "lon": 2.1819404, "brand": "Lidl", "organic": null, "h3_index": "89394462a33ffff" }, "geometry": { "type": "Point", "coordinates": [ 2.1819404, 41.428821 ] } },
{ "type": "Feature", "properties": { "osm_id": 2063950821, "shop_type": "supermarket", "name": "Unknown", "lat": 41.4288231, "lon": 2.1833245, "brand": null, "organic": null, "h3_index": "89394462a23ffff" }, "geometry": { "type": "Point", "coordinates": [ 2.1833245, 41.4288231 ] } },
{ "type": "Feature", "properties": { "osm_id": 2066042073, "shop_type": "supermarket", "name": "Unknown", "lat": 41.4361126, "lon": 2.1728576, "brand": null, "organic": null, "h3_index": "89394462a87ffff" }, "geometry": { "type": "Point", "coordinates": [ 2.1728576, 41.4361126 ] } },
{ "type": "Feature", "properties": { "osm_id": 2076072819, "shop_type": "convenience", "name": "Queviures Carulla", "lat": 41.4148554, "lon": 2.1434117, "brand": null, "organic": null, "h3_index": "893944600b7ffff" }, "geometry": { "type": "Point", "coordinates": [ 2.1434117, 41.4148554 ] } },
{ "type": "Feature", "properties": { "osm_id": 2077932091, "shop_type": "supermarket", "name": "Spar", "lat": 41.3758729, "lon": 2.1176401, "brand": "Spar", "organic": null, "h3_index": "89394460243ffff" }, "geometry": { "type": "Point", "coordinates": [ 2.1176401, 41.3758729 ] } },
{ "type": "Feature", "properties": { "osm_id": 2082717675, "shop_type": "bakery", "name": "Fornet de les delícies", "lat": 41.3769201, "lon": 2.1166374, "brand": null, "organic": null, "h3_index": "89394460243ffff" }, "geometry": { "type": "Point", "coordinates": [ 2.1166374, 41.3769201 ] } },
{ "type": "Feature", "properties": { "osm_id": 2085728937, "shop_type": "supermarket", "name": "Consum", "lat": 41.390608, "lon": 2.1977378, "brand": "Consum", "organic": null, "h3_index": "8939446085bffff" }, "geometry": { "type": "Point", "coordinates": [ 2.1977378, 41.390608 ] } },
{ "type": "Feature", "properties": { "osm_id": 2085728965, "shop_type": "convenience", "name": "Supermercat", "lat": 41.3909239, "lon": 2.1987775, "brand": null, "organic": null, "h3_index": "89394460853ffff" }, "geometry": { "type": "Point", "coordinates": [ 2.1987775, 41.3909239 ] } },
{ "type": "Feature", "properties": { "osm_id": 2085902146, "shop_type": "supermarket", "name": "Sorli Discau", "lat": 41.3915206, "lon": 2.1907387, "brand": "Sorli Discau", "organic": null, "h3_index": "89394460e23ffff" }, "geometry": { "type": "Point", "coordinates": [ 2.1907387, 41.3915206 ] } },
{ "type": "Feature", "properties": { "osm_id": 2085902181, "shop_type": "supermarket", "name": "Caprabo", "lat": 41.3919204, "lon": 2.1895606, "brand": "Caprabo", "organic": null, "h3_index": "89394460e33ffff" }, "geometry": { "type": "Point", "coordinates": [ 2.1895606, 41.3919204 ] } },
{ "type": "Feature", "properties": { "osm_id": 2091604688, "shop_type": "supermarket", "name": "Consum", "lat": 41.3816843, "lon": 2.1466223, "brand": "Consum", "organic": null, "h3_index": "89394460343ffff" }, "geometry": { "type": "Point", "coordinates": [ 2.1466223, 41.3816843 ] } },
{ "type": "Feature", "properties": { "osm_id": 2091604689, "shop_type": "bakery", "name": "Forn del Noddy", "lat": 41.3815102, "lon": 2.1463652, "brand": null, "organic": null, "h3_index": "89394460343ffff" }, "geometry": { "type": "Point", "coordinates": [ 2.1463652, 41.3815102 ] } },
{ "type": "Feature", "properties": { "osm_id": 2091604693, "shop_type": "greengrocer", "name": "Fruit Xtra", "lat": 41.3815972, "lon": 2.1464862, "brand": null, "organic": null, "h3_index": "89394460343ffff" }, "geometry": { "type": "Point", "coordinates": [ 2.1464862, 41.3815972 ] } },
{ "type": "Feature", "properties": { "osm_id": 2102755754, "shop_type": "bakery", "name": "Pasticceria di Gracia", "lat": 41.4047098, "lon": 2.1559949, "brand": null, "organic": null, "h3_index": "89394460157ffff" }, "geometry": { "type": "Point", "coordinates": [ 2.1559949, 41.4047098 ] } },
{ "type": "Feature", "properties": { "osm_id": 2120121035, "shop_type": "supermarket", "name": "Condis", "lat": 41.3835125, "lon": 2.1536098, "brand": "Condis", "organic": null, "h3_index": "89394460373ffff" }, "geometry": { "type": "Point", "coordinates": [ 2.1536098, 41.3835125 ] } },
{ "type": "Feature", "properties": { "osm_id": 2120121040, "shop_type": "bakery", "name": "Panet", "lat": 41.3819275, "lon": 2.1511501, "brand": null, "organic": null, "h3_index": "89394460347ffff" }, "geometry": { "type": "Point", "coordinates": [ 2.1511501, 41.3819275 ] } },
{ "type": "Feature", "properties": { "osm_id": 2120121043, "shop_type": "supermarket", "name": "Mercadona", "lat": 41.3808618, "lon": 2.1533419, "brand": "Mercadona", "organic": null, "h3_index": "89394460373ffff" }, "geometry": { "type": "Point", "coordinates": [ 2.1533419, 41.3808618 ] } },
{ "type": "Feature", "properties": { "osm_id": 2120121817, "shop_type": "convenience", "name": "Camadi", "lat": 41.3808116, "lon": 2.1533942, "brand": null, "organic": null, "h3_index": "89394460373ffff" }, "geometry": { "type": "Point", "coordinates": [ 2.1533942, 41.3808116 ] } },
{ "type": "Feature", "properties": { "osm_id": 2131338450, "shop_type": "supermarket", "name": "Bonpreu", "lat": 41.4390594, "lon": 2.1654032, "brand": "Bonpreu", "organic": null, "h3_index": "89394462e67ffff" }, "geometry": { "type": "Point", "coordinates": [ 2.1654032, 41.4390594 ] } },
{ "type": "Feature", "properties": { "osm_id": 2167272227, "shop_type": "convenience", "name": "Unknown", "lat": 41.3759433, "lon": 2.1721951, "brand": null, "organic": null, "h3_index": "89394461dbbffff" }, "geometry": { "type": "Point", "coordinates": [ 2.1721951, 41.3759433 ] } },
{ "type": "Feature", "properties": { "osm_id": 2167276543, "shop_type": "supermarket", "name": "Consum", "lat": 41.4359231, "lon": 2.1742348, "brand": "Consum", "organic": null, "h3_index": "89394462a87ffff" }, "geometry": { "type": "Point", "coordinates": [ 2.1742348, 41.4359231 ] } },
{ "type": "Feature", "properties": { "osm_id": 2167284240, "shop_type": "supermarket", "name": "Caprabo", "lat": 41.4376808, "lon": 2.173662, "brand": "Caprabo", "organic": null, "h3_index": "89394462a87ffff" }, "geometry": { "type": "Point", "coordinates": [ 2.173662, 41.4376808 ] } },
{ "type": "Feature", "properties": { "osm_id": 2167284468, "shop_type": "supermarket", "name": "Condis", "lat": 41.3712408, "lon": 2.1335234, "brand": "Condis", "organic": null, "h3_index": "89394461cd7ffff" }, "geometry": { "type": "Point", "coordinates": [ 2.1335234, 41.3712408 ] } },
{ "type": "Feature", "properties": { "osm_id": 2175616318, "shop_type": "supermarket", "name": "Badul-a-que", "lat": 41.3873877, "lon": 2.1137462, "brand": null, "organic": null, "h3_index": "893944602d7ffff" }, "geometry": { "type": "Point", "coordinates": [ 2.1137462, 41.3873877 ] } },
{ "type": "Feature", "properties": { "osm_id": 2175616320, "shop_type": "bakery", "name": "Macxi Pa", "lat": 41.3871992, "lon": 2.113051, "brand": null, "organic": null, "h3_index": "893944602d3ffff" }, "geometry": { "type": "Point", "coordinates": [ 2.113051, 41.3871992 ] } },
{ "type": "Feature", "properties": { "osm_id": 2175616321, "shop_type": "supermarket", "name": "Alimentació Pons", "lat": 41.3867813, "lon": 2.1125752, "brand": null, "organic": null, "h3_index": "893944602d3ffff" }, "geometry": { "type": "Point", "coordinates": [ 2.1125752, 41.3867813 ] } },
{ "type": "Feature", "properties": { "osm_id": 2175616322, "shop_type": "supermarket", "name": "Condis", "lat": 41.3864706, "lon": 2.1133869, "brand": "Condis", "organic": null, "h3_index": "893944602d3ffff" }, "geometry": { "type": "Point", "coordinates": [ 2.1133869, 41.3864706 ] } },
{ "type": "Feature", "properties": { "osm_id": 2188250463, "shop_type": "supermarket", "name": "Mercadona", "lat": 41.4065935, "lon": 2.1816279, "brand": "Mercadona", "organic": null, "h3_index": "89394460c5bffff" }, "geometry": { "type": "Point", "coordinates": [ 2.1816279, 41.4065935 ] } },
{ "type": "Feature", "properties": { "osm_id": 2193095369, "shop_type": "supermarket", "name": "Condis", "lat": 41.4036886, "lon": 2.1982691, "brand": "Condis", "organic": null, "h3_index": "89394460c6fffff" }, "geometry": { "type": "Point", "coordinates": [ 2.1982691, 41.4036886 ] } },
{ "type": "Feature", "properties": { "osm_id": 2193095381, "shop_type": "supermarket", "name": "Keisy", "lat": 41.4058919, "lon": 2.1946588, "brand": null, "organic": null, "h3_index": "89394460c63ffff" }, "geometry": { "type": "Point", "coordinates": [ 2.1946588, 41.4058919 ] } },
{ "type": "Feature", "properties": { "osm_id": 2193421646, "shop_type": "supermarket", "name": "Carrefour", "lat": 41.405634, "lon": 2.1917031, "brand": "Carrefour", "organic": null, "h3_index": "89394460c7bffff" }, "geometry": { "type": "Point", "coordinates": [ 2.1917031, 41.405634 ] } },
{ "type": "Feature", "properties": { "osm_id": 2194567288, "shop_type": "convenience", "name": "Mister 100", "lat": 41.4076377, "lon": 2.180837, "brand": null, "organic": null, "h3_index": "89394460c53ffff" }, "geometry": { "type": "Point", "coordinates": [ 2.180837, 41.4076377 ] } },
{ "type": "Feature", "properties": { "osm_id": 2197837743, "shop_type": "bakery", "name": "Cruixent", "lat": 41.4018412, "lon": 2.2007225, "brand": null, "organic": null, "h3_index": "8939446089bffff" }, "geometry": { "type": "Point", "coordinates": [ 2.2007225, 41.4018412 ] } },
{ "type": "Feature", "properties": { "osm_id": 2197837768, "shop_type": "greengrocer", "name": "El manduxot", "lat": 41.4019136, "lon": 2.2008137, "brand": null, "organic": null, "h3_index": "8939446089bffff" }, "geometry": { "type": "Point", "coordinates": [ 2.2008137, 41.4019136 ] } },
{ "type": "Feature", "properties": { "osm_id": 2212639554, "shop_type": "supermarket", "name": "Dia", "lat": 41.3760043, "lon": 2.1229782, "brand": "Dia", "organic": null, "h3_index": "89394460247ffff" }, "geometry": { "type": "Point", "coordinates": [ 2.1229782, 41.3760043 ] } },
{ "type": "Feature", "properties": { "osm_id": 2212639555, "shop_type": "supermarket", "name": "Caprabo", "lat": 41.3761001, "lon": 2.1231318, "brand": "Caprabo", "organic": null, "h3_index": "89394460247ffff" }, "geometry": { "type": "Point", "coordinates": [ 2.1231318, 41.3761001 ] } },
{ "type": "Feature", "properties": { "osm_id": 2264550007, "shop_type": "supermarket", "name": "Condis", "lat": 41.3988525, "lon": 2.1636995, "brand": "Condis", "organic": null, "h3_index": "8939446017bffff" }, "geometry": { "type": "Point", "coordinates": [ 2.1636995, 41.3988525 ] } },
{ "type": "Feature", "properties": { "osm_id": 2264591763, "shop_type": "bakery", "name": "Forn Artesà", "lat": 41.3956355, "lon": 2.1760801, "brand": null, "organic": null, "h3_index": "89394460e8bffff" }, "geometry": { "type": "Point", "coordinates": [ 2.1760801, 41.3956355 ] } },
{ "type": "Feature", "properties": { "osm_id": 2322288572, "shop_type": "supermarket", "name": "Jespac Supermercats", "lat": 41.3927327, "lon": 2.1511903, "brand": null, "organic": null, "h3_index": "8939446038fffff" }, "geometry": { "type": "Point", "coordinates": [ 2.1511903, 41.3927327 ] } },
{ "type": "Feature", "properties": { "osm_id": 2325378139, "shop_type": "bakery", "name": "Forn de Pa Artesà", "lat": 41.3948554, "lon": 2.1440083, "brand": null, "organic": null, "h3_index": "8939446039bffff" }, "geometry": { "type": "Point", "coordinates": [ 2.1440083, 41.3948554 ] } },
{ "type": "Feature", "properties": { "osm_id": 2325381756, "shop_type": "bakery", "name": "La Boulangerie", "lat": 41.3956343, "lon": 2.1441661, "brand": null, "organic": null, "h3_index": "89394460067ffff" }, "geometry": { "type": "Point", "coordinates": [ 2.1441661, 41.3956343 ] } },
{ "type": "Feature", "properties": { "osm_id": 2326130736, "shop_type": "bakery", "name": "Pa de Kilo", "lat": 41.3828354, "lon": 2.1686987, "brand": null, "organic": null, "h3_index": "89394461d97ffff" }, "geometry": { "type": "Point", "coordinates": [ 2.1686987, 41.3828354 ] } },
{ "type": "Feature", "properties": { "osm_id": 2328244217, "shop_type": "supermarket", "name": "Bonpreu", "lat": 41.3888337, "lon": 2.161438, "brand": "Bonpreu", "organic": null, "h3_index": "89394460333ffff" }, "geometry": { "type": "Point", "coordinates": [ 2.161438, 41.3888337 ] } },
{ "type": "Feature", "properties": { "osm_id": 2331674774, "shop_type": "bakery", "name": "365 Cafeteria Forn de Pa", "lat": 41.3758326, "lon": 2.1226879, "brand": null, "organic": null, "h3_index": "89394460247ffff" }, "geometry": { "type": "Point", "coordinates": [ 2.1226879, 41.3758326 ] } },
{ "type": "Feature", "properties": { "osm_id": 2339346831, "shop_type": "supermarket", "name": "Mercadona", "lat": 41.4490455, "lon": 2.1920367, "brand": "Mercadona", "organic": null, "h3_index": "8939446283bffff" }, "geometry": { "type": "Point", "coordinates": [ 2.1920367, 41.4490455 ] } },
{ "type": "Feature", "properties": { "osm_id": 2339403044, "shop_type": "supermarket", "name": "Pozo", "lat": 41.4515556, "lon": 2.1908284, "brand": null, "organic": null, "h3_index": "89394462833ffff" }, "geometry": { "type": "Point", "coordinates": [ 2.1908284, 41.4515556 ] } },
{ "type": "Feature", "properties": { "osm_id": 2351467124, "shop_type": "supermarket", "name": "Condis", "lat": 41.412063, "lon": 2.1607601, "brand": "Condis", "organic": null, "h3_index": "89394460113ffff" }, "geometry": { "type": "Point", "coordinates": [ 2.1607601, 41.412063 ] } },
{ "type": "Feature", "properties": { "osm_id": 2351467125, "shop_type": "supermarket", "name": "Dia", "lat": 41.4094587, "lon": 2.1631237, "brand": "Dia", "organic": null, "h3_index": "89394460103ffff" }, "geometry": { "type": "Point", "coordinates": [ 2.1631237, 41.4094587 ] } },
{ "type": "Feature", "properties": { "osm_id": 2351467126, "shop_type": "supermarket", "name": "Caprabo", "lat": 41.410011, "lon": 2.1632524, "brand": "Caprabo", "organic": null, "h3_index": "89394460117ffff" }, "geometry": { "type": "Point", "coordinates": [ 2.1632524, 41.410011 ] } },
{ "type": "Feature", "properties": { "osm_id": 2351467127, "shop_type": "supermarket", "name": "Condis", "lat": 41.4095087, "lon": 2.1628635, "brand": "Condis", "organic": null, "h3_index": "89394460103ffff" }, "geometry": { "type": "Point", "coordinates": [ 2.1628635, 41.4095087 ] } },
{ "type": "Feature", "properties": { "osm_id": 2352079012, "shop_type": "marketplace", "name": "Mercat de la Sagrada Família", "lat": 41.4058907, "lon": 2.1767628, "brand": null, "organic": null, "h3_index": "8939446012fffff" }, "geometry": { "type": "Point", "coordinates": [ 2.1767628, 41.4058907 ] } },
{ "type": "Feature", "properties": { "osm_id": 2354451590, "shop_type": "supermarket", "name": "Condis", "lat": 41.3742726, "lon": 2.1581681, "brand": "Condis", "organic": null, "h3_index": "89394461dd3ffff" }, "geometry": { "type": "Point", "coordinates": [ 2.1581681, 41.3742726 ] } },
{ "type": "Feature", "properties": { "osm_id": 2383085902, "shop_type": "bakery", "name": "Boldú", "lat": 41.4178039, "lon": 2.14894, "brand": null, "organic": null, "h3_index": "89394460563ffff" }, "geometry": { "type": "Point", "coordinates": [ 2.14894, 41.4178039 ] } },
{ "type": "Feature", "properties": { "osm_id": 2383090668, "shop_type": "supermarket", "name": "Super Vallcarca", "lat": 41.4179507, "lon": 2.1490232, "brand": null, "organic": null, "h3_index": "89394460563ffff" }, "geometry": { "type": "Point", "coordinates": [ 2.1490232, 41.4179507 ] } },
{ "type": "Feature", "properties": { "osm_id": 2383101738, "shop_type": "convenience", "name": "El Argentino - Xarcuteria, Vins i Caves", "lat": 41.4202617, "lon": 2.1494523, "brand": null, "organic": null, "h3_index": "89394460577ffff" }, "geometry": { "type": "Point", "coordinates": [ 2.1494523, 41.4202617 ] } },
{ "type": "Feature", "properties": { "osm_id": 2383101885, "shop_type": "bakery", "name": "Boldú", "lat": 41.4201143, "lon": 2.1491364, "brand": null, "organic": null, "h3_index": "89394460577ffff" }, "geometry": { "type": "Point", "coordinates": [ 2.1491364, 41.4201143 ] } },
{ "type": "Feature", "properties": { "osm_id": 2383117077, "shop_type": "greengrocer", "name": "Fruit Sa2pe", "lat": 41.4180352, "lon": 2.1488998, "brand": null, "organic": null, "h3_index": "89394460563ffff" }, "geometry": { "type": "Point", "coordinates": [ 2.1488998, 41.4180352 ] } },
{ "type": "Feature", "properties": { "osm_id": 2383117944, "shop_type": "butcher", "name": "Xarcuteria", "lat": 41.4181961, "lon": 2.1489803, "brand": null, "organic": null, "h3_index": "89394460563ffff" }, "geometry": { "type": "Point", "coordinates": [ 2.1489803, 41.4181961 ] } },
{ "type": "Feature", "properties": { "osm_id": 2383161439, "shop_type": "greengrocer", "name": "Unknown", "lat": 41.4219569, "lon": 2.1430069, "brand": null, "organic": null, "h3_index": "8939446050bffff" }, "geometry": { "type": "Point", "coordinates": [ 2.1430069, 41.4219569 ] } },
{ "type": "Feature", "properties": { "osm_id": 2384577623, "shop_type": "convenience", "name": "Ali, minimarket", "lat": 41.3979519, "lon": 2.1434358, "brand": null, "organic": null, "h3_index": "89394460067ffff" }, "geometry": { "type": "Point", "coordinates": [ 2.1434358, 41.3979519 ] } },
{ "type": "Feature", "properties": { "osm_id": 2402571533, "shop_type": "bakery", "name": "Iaia'Nita", "lat": 41.4133402, "lon": 2.1951346, "brand": null, "organic": null, "h3_index": "89394460c07ffff" }, "geometry": { "type": "Point", "coordinates": [ 2.1951346, 41.4133402 ] } },
{ "type": "Feature", "properties": { "osm_id": 2403178648, "shop_type": "supermarket", "name": "Condis", "lat": 41.4349161, "lon": 2.1697543, "brand": "Condis", "organic": null, "h3_index": "89394462a8bffff" }, "geometry": { "type": "Point", "coordinates": [ 2.1697543, 41.4349161 ] } },
{ "type": "Feature", "properties": { "osm_id": 2403178652, "shop_type": "greengrocer", "name": "Frutas y Verduras Hnos. Castro", "lat": 41.4347377, "lon": 2.1713314, "brand": null, "organic": null, "h3_index": "89394462a8fffff" }, "geometry": { "type": "Point", "coordinates": [ 2.1713314, 41.4347377 ] } },
{ "type": "Feature", "properties": { "osm_id": 2421223094, "shop_type": "bakery", "name": "Tanu", "lat": 41.3813329, "lon": 2.1356606, "brand": null, "organic": null, "h3_index": "89394460223ffff" }, "geometry": { "type": "Point", "coordinates": [ 2.1356606, 41.3813329 ] } },
{ "type": "Feature", "properties": { "osm_id": 2421362110, "shop_type": "supermarket", "name": "Open Super", "lat": 41.3786081, "lon": 2.142696, "brand": null, "organic": null, "h3_index": "8939446034bffff" }, "geometry": { "type": "Point", "coordinates": [ 2.142696, 41.3786081 ] } },
{ "type": "Feature", "properties": { "osm_id": 2430077720, "shop_type": "supermarket", "name": "Caprabo", "lat": 41.4180731, "lon": 2.1895967, "brand": "Caprabo", "organic": null, "h3_index": "89394460c8fffff" }, "geometry": { "type": "Point", "coordinates": [ 2.1895967, 41.4180731 ] } },
{ "type": "Feature", "properties": { "osm_id": 2434529465, "shop_type": "bakery", "name": "Baluard", "lat": 41.3800227, "lon": 2.1888614, "brand": null, "organic": null, "h3_index": "89394460ad7ffff" }, "geometry": { "type": "Point", "coordinates": [ 2.1888614, 41.3800227 ] } },
{ "type": "Feature", "properties": { "osm_id": 2437987603, "shop_type": "bakery", "name": "Forn de la Vila", "lat": 41.3805787, "lon": 2.180002, "brand": null, "organic": null, "h3_index": "89394461db7ffff" }, "geometry": { "type": "Point", "coordinates": [ 2.180002, 41.3805787 ] } },
{ "type": "Feature", "properties": { "osm_id": 2443604976, "shop_type": "bakery", "name": "Forn Mistral", "lat": 41.3846309, "lon": 2.1641028, "brand": null, "organic": null, "h3_index": "8939446032fffff" }, "geometry": { "type": "Point", "coordinates": [ 2.1641028, 41.3846309 ] } },
{ "type": "Feature", "properties": { "osm_id": 2445919405, "shop_type": "convenience", "name": "Supermercat", "lat": 41.3983371, "lon": 2.1621336, "brand": null, "organic": null, "h3_index": "8939446017bffff" }, "geometry": { "type": "Point", "coordinates": [ 2.1621336, 41.3983371 ] } },
{ "type": "Feature", "properties": { "osm_id": 2464737324, "shop_type": "supermarket", "name": "Mercadona", "lat": 41.3762564, "lon": 2.149715, "brand": "Mercadona", "organic": null, "h3_index": "89394461cb7ffff" }, "geometry": { "type": "Point", "coordinates": [ 2.149715, 41.3762564 ] } },
{ "type": "Feature", "properties": { "osm_id": 2465943679, "shop_type": "supermarket", "name": "Max Supermercat", "lat": 41.3895216, "lon": 2.1954414, "brand": null, "organic": null, "h3_index": "89394460e2fffff" }, "geometry": { "type": "Point", "coordinates": [ 2.1954414, 41.3895216 ] } },
{ "type": "Feature", "properties": { "osm_id": 2466422474, "shop_type": "supermarket", "name": "Superservis", "lat": 41.3812389, "lon": 2.1766523, "brand": null, "organic": null, "h3_index": "89394460e4fffff" }, "geometry": { "type": "Point", "coordinates": [ 2.1766523, 41.3812389 ] } },
{ "type": "Feature", "properties": { "osm_id": 2468158162, "shop_type": "supermarket", "name": "Kings 24h", "lat": 41.3774886, "lon": 2.1644506, "brand": null, "organic": null, "h3_index": "89394461d9bffff" }, "geometry": { "type": "Point", "coordinates": [ 2.1644506, 41.3774886 ] } },
{ "type": "Feature", "properties": { "osm_id": 2468197823, "shop_type": "bakery", "name": "365 Obrador", "lat": 41.3752071, "lon": 2.1635151, "brand": null, "organic": null, "h3_index": "89394461d8bffff" }, "geometry": { "type": "Point", "coordinates": [ 2.1635151, 41.3752071 ] } },
{ "type": "Feature", "properties": { "osm_id": 2468842825, "shop_type": "bakery", "name": "Forn Enrich", "lat": 41.3859711, "lon": 2.1477293, "brand": null, "organic": null, "h3_index": "8939446031bffff" }, "geometry": { "type": "Point", "coordinates": [ 2.1477293, 41.3859711 ] } },
{ "type": "Feature", "properties": { "osm_id": 2469215727, "shop_type": "convenience", "name": "Supermerkat Sial", "lat": 41.3770961, "lon": 2.1769392, "brand": null, "organic": null, "h3_index": "89394461da3ffff" }, "geometry": { "type": "Point", "coordinates": [ 2.1769392, 41.3770961 ] } },
{ "type": "Feature", "properties": { "osm_id": 2469375320, "shop_type": "supermarket", "name": "Dia", "lat": 41.3786743, "lon": 2.1739648, "brand": "Dia", "organic": null, "h3_index": "89394461db3ffff" }, "geometry": { "type": "Point", "coordinates": [ 2.1739648, 41.3786743 ] } },
{ "type": "Feature", "properties": { "osm_id": 2469375323, "shop_type": "convenience", "name": "Super R", "lat": 41.3792258, "lon": 2.1745549, "brand": null, "organic": null, "h3_index": "89394461db3ffff" }, "geometry": { "type": "Point", "coordinates": [ 2.1745549, 41.3792258 ] } },
{ "type": "Feature", "properties": { "osm_id": 2472889647, "shop_type": "supermarket", "name": "Caprabo", "lat": 41.4173464, "lon": 2.1890428, "brand": "Caprabo", "organic": null, "h3_index": "89394460c8fffff" }, "geometry": { "type": "Point", "coordinates": [ 2.1890428, 41.4173464 ] } },
{ "type": "Feature", "properties": { "osm_id": 2484190860, "shop_type": "convenience", "name": "Coaliment", "lat": 41.4036898, "lon": 2.149861, "brand": null, "organic": null, "h3_index": "89394460027ffff" }, "geometry": { "type": "Point", "coordinates": [ 2.149861, 41.4036898 ] } },
{ "type": "Feature", "properties": { "osm_id": 2485081460, "shop_type": "supermarket", "name": "B.H.G Supermercat del Món", "lat": 41.3763778, "lon": 2.1622923, "brand": null, "organic": null, "h3_index": "89394461d9bffff" }, "geometry": { "type": "Point", "coordinates": [ 2.1622923, 41.3763778 ] } },
{ "type": "Feature", "properties": { "osm_id": 2487142966, "shop_type": "supermarket", "name": "Consum", "lat": 41.3809156, "lon": 2.1622763, "brand": "Consum", "organic": null, "h3_index": "89394461d93ffff" }, "geometry": { "type": "Point", "coordinates": [ 2.1622763, 41.3809156 ] } },
{ "type": "Feature", "properties": { "osm_id": 2487149449, "shop_type": "supermarket", "name": "Suma", "lat": 41.3835216, "lon": 2.1626252, "brand": "Suma", "organic": null, "h3_index": "8939446032bffff" }, "geometry": { "type": "Point", "coordinates": [ 2.1626252, 41.3835216 ] } },
{ "type": "Feature", "properties": { "osm_id": 2487149450, "shop_type": "butcher", "name": "Unknown", "lat": 41.3823132, "lon": 2.1610508, "brand": null, "organic": null, "h3_index": "8939446032bffff" }, "geometry": { "type": "Point", "coordinates": [ 2.1610508, 41.3823132 ] } },
{ "type": "Feature", "properties": { "osm_id": 2491595166, "shop_type": "bakery", "name": "La Torrada", "lat": 41.3932368, "lon": 2.1936985, "brand": null, "organic": null, "h3_index": "89394460e37ffff" }, "geometry": { "type": "Point", "coordinates": [ 2.1936985, 41.3932368 ] } },
{ "type": "Feature", "properties": { "osm_id": 2491595168, "shop_type": "greengrocer", "name": "Unknown", "lat": 41.391953, "lon": 2.190032, "brand": null, "organic": null, "h3_index": "89394460e33ffff" }, "geometry": { "type": "Point", "coordinates": [ 2.190032, 41.391953 ] } },
{ "type": "Feature", "properties": { "osm_id": 2491599558, "shop_type": "supermarket", "name": "MercaNautic", "lat": 41.3773917, "lon": 2.1786001, "brand": null, "organic": null, "h3_index": "89394461da3ffff" }, "geometry": { "type": "Point", "coordinates": [ 2.1786001, 41.3773917 ] } },
{ "type": "Feature", "properties": { "osm_id": 2491599589, "shop_type": "convenience", "name": "Unknown", "lat": 41.3744834, "lon": 2.1745728, "brand": null, "organic": null, "h3_index": "89394461dabffff" }, "geometry": { "type": "Point", "coordinates": [ 2.1745728, 41.3744834 ] } },
{ "type": "Feature", "properties": { "osm_id": 2492742883, "shop_type": "supermarket", "name": "Caprabo", "lat": 41.3864764, "lon": 2.1507542, "brand": "Caprabo", "organic": null, "h3_index": "8939446031bffff" }, "geometry": { "type": "Point", "coordinates": [ 2.1507542, 41.3864764 ] } },
{ "type": "Feature", "properties": { "osm_id": 2493122590, "shop_type": "convenience", "name": "Unknown", "lat": 41.4108614, "lon": 2.1484696, "brand": null, "organic": null, "h3_index": "893944601d3ffff" }, "geometry": { "type": "Point", "coordinates": [ 2.1484696, 41.4108614 ] } },
{ "type": "Feature", "properties": { "osm_id": 2493122591, "shop_type": "convenience", "name": "Unknown", "lat": 41.4113871, "lon": 2.1498328, "brand": null, "organic": null, "h3_index": "893944601d3ffff" }, "geometry": { "type": "Point", "coordinates": [ 2.1498328, 41.4113871 ] } },
{ "type": "Feature", "properties": { "osm_id": 2493122592, "shop_type": "convenience", "name": "Unknown", "lat": 41.4115762, "lon": 2.1502003, "brand": null, "organic": null, "h3_index": "893944601d3ffff" }, "geometry": { "type": "Point", "coordinates": [ 2.1502003, 41.4115762 ] } },
{ "type": "Feature", "properties": { "osm_id": 2493122614, "shop_type": "supermarket", "name": "Luna", "lat": 41.4106971, "lon": 2.1467858, "brand": null, "organic": null, "h3_index": "893944600a7ffff" }, "geometry": { "type": "Point", "coordinates": [ 2.1467858, 41.4106971 ] } },
{ "type": "Feature", "properties": { "osm_id": 2498788240, "shop_type": "convenience", "name": "Almentacio A M Catala", "lat": 41.3768388, "lon": 2.1455746, "brand": null, "organic": null, "h3_index": "8939446034bffff" }, "geometry": { "type": "Point", "coordinates": [ 2.1455746, 41.3768388 ] } },
{ "type": "Feature", "properties": { "osm_id": 2498820146, "shop_type": "supermarket", "name": "Bonpreu", "lat": 41.3772015, "lon": 2.1593313, "brand": "Bonpreu", "organic": null, "h3_index": "8939446036fffff" }, "geometry": { "type": "Point", "coordinates": [ 2.1593313, 41.3772015 ] } },
{ "type": "Feature", "properties": { "osm_id": 2498820150, "shop_type": "supermarket", "name": "Suma", "lat": 41.3772317, "lon": 2.1602594, "brand": "Suma", "organic": null, "h3_index": "8939446036fffff" }, "geometry": { "type": "Point", "coordinates": [ 2.1602594, 41.3772317 ] } },
{ "type": "Feature", "properties": { "osm_id": 2498831966, "shop_type": "convenience", "name": "AMFF Supermercats", "lat": 41.3732231, "lon": 2.1701995, "brand": null, "organic": null, "h3_index": "89394461d17ffff" }, "geometry": { "type": "Point", "coordinates": [ 2.1701995, 41.3732231 ] } },
{ "type": "Feature", "properties": { "osm_id": 2498831968, "shop_type": "convenience", "name": "Saif Supermercat", "lat": 41.3719409, "lon": 2.1695075, "brand": null, "organic": null, "h3_index": "89394461d03ffff" }, "geometry": { "type": "Point", "coordinates": [ 2.1695075, 41.3719409 ] } },
{ "type": "Feature", "properties": { "osm_id": 2499951720, "shop_type": "supermarket", "name": "Argenteria", "lat": 41.3837836, "lon": 2.1799953, "brand": null, "organic": null, "h3_index": "89394460e7bffff" }, "geometry": { "type": "Point", "coordinates": [ 2.1799953, 41.3837836 ] } },
{ "type": "Feature", "properties": { "osm_id": 2499954001, "shop_type": "supermarket", "name": "Coaliment", "lat": 41.3831846, "lon": 2.1795195, "brand": "Coaliment", "organic": null, "h3_index": "89394460e7bffff" }, "geometry": { "type": "Point", "coordinates": [ 2.1795195, 41.3831846 ] } },
{ "type": "Feature", "properties": { "osm_id": 2499985869, "shop_type": "supermarket", "name": "Supermercat Picasso", "lat": 41.3848714, "lon": 2.1797276, "brand": null, "organic": null, "h3_index": "89394460e7bffff" }, "geometry": { "type": "Point", "coordinates": [ 2.1797276, 41.3848714 ] } },
{ "type": "Feature", "properties": { "osm_id": 2501068122, "shop_type": "supermarket", "name": "Unknown", "lat": 41.3862397, "lon": 2.1650882, "brand": null, "organic": null, "h3_index": "89394460323ffff" }, "geometry": { "type": "Point", "coordinates": [ 2.1650882, 41.3862397 ] } },
{ "type": "Feature", "properties": { "osm_id": 2502038301, "shop_type": "supermarket", "name": "Lidl", "lat": 41.392798, "lon": 2.1884594, "brand": "Lidl", "organic": null, "h3_index": "89394460e33ffff" }, "geometry": { "type": "Point", "coordinates": [ 2.1884594, 41.392798 ] } },
{ "type": "Feature", "properties": { "osm_id": 2528521163, "shop_type": "convenience", "name": "Alimentacion", "lat": 41.4003612, "lon": 2.1959358, "brand": null, "organic": null, "h3_index": "893944608d3ffff" }, "geometry": { "type": "Point", "coordinates": [ 2.1959358, 41.4003612 ] } },
{ "type": "Feature", "properties": { "osm_id": 2529449464, "shop_type": "supermarket", "name": "Ametller Origen", "lat": 41.4116901, "lon": 2.1387655, "brand": null, "organic": null, "h3_index": "893944600b3ffff" }, "geometry": { "type": "Point", "coordinates": [ 2.1387655, 41.4116901 ] } },
{ "type": "Feature", "properties": { "osm_id": 2578587261, "shop_type": "bakery", "name": "Mr Pan", "lat": 41.4164718, "lon": 2.1878826, "brand": null, "organic": null, "h3_index": "89394460c8bffff" }, "geometry": { "type": "Point", "coordinates": [ 2.1878826, 41.4164718 ] } },
{ "type": "Feature", "properties": { "osm_id": 2595546187, "shop_type": "bakery", "name": "Cuquis. Parlem de Pa", "lat": 41.4043797, "lon": 2.2038713, "brand": null, "organic": null, "h3_index": "89394460883ffff" }, "geometry": { "type": "Point", "coordinates": [ 2.2038713, 41.4043797 ] } },
{ "type": "Feature", "properties": { "osm_id": 2595792992, "shop_type": "supermarket", "name": "Lidl", "lat": 41.4047978, "lon": 2.2033032, "brand": "Lidl", "organic": null, "h3_index": "89394460893ffff" }, "geometry": { "type": "Point", "coordinates": [ 2.2033032, 41.4047978 ] } },
{ "type": "Feature", "properties": { "osm_id": 2595823499, "shop_type": "convenience", "name": "Unknown", "lat": 41.4037607, "lon": 2.2042587, "brand": null, "organic": null, "h3_index": "89394460883ffff" }, "geometry": { "type": "Point", "coordinates": [ 2.2042587, 41.4037607 ] } },
{ "type": "Feature", "properties": { "osm_id": 2598991516, "shop_type": "supermarket", "name": "keisy", "lat": 41.4041684, "lon": 2.1789166, "brand": null, "organic": null, "h3_index": "89394460c5bffff" }, "geometry": { "type": "Point", "coordinates": [ 2.1789166, 41.4041684 ] } },
{ "type": "Feature", "properties": { "osm_id": 2609217368, "shop_type": "convenience", "name": "Forn de pa", "lat": 41.4160038, "lon": 2.1429882, "brand": null, "organic": null, "h3_index": "8939446054fffff" }, "geometry": { "type": "Point", "coordinates": [ 2.1429882, 41.4160038 ] } },
{ "type": "Feature", "properties": { "osm_id": 2624026041, "shop_type": "supermarket", "name": "Mercadona", "lat": 41.394526, "lon": 2.1704485, "brand": "Mercadona", "organic": null, "h3_index": "89394460ed7ffff" }, "geometry": { "type": "Point", "coordinates": [ 2.1704485, 41.394526 ] } },
{ "type": "Feature", "properties": { "osm_id": 2627845558, "shop_type": "supermarket", "name": "Condis", "lat": 41.417008, "lon": 2.1839656, "brand": "Condis", "organic": null, "h3_index": "89394460cd7ffff" }, "geometry": { "type": "Point", "coordinates": [ 2.1839656, 41.417008 ] } },
{ "type": "Feature", "properties": { "osm_id": 2627845562, "shop_type": "supermarket", "name": "Lidl", "lat": 41.4175222, "lon": 2.1841954, "brand": "Lidl", "organic": null, "h3_index": "89394460cd7ffff" }, "geometry": { "type": "Point", "coordinates": [ 2.1841954, 41.4175222 ] } },
{ "type": "Feature", "properties": { "osm_id": 2639680856, "shop_type": "supermarket", "name": "Mercadona", "lat": 41.383364, "lon": 2.1397071, "brand": "Mercadona", "organic": null, "h3_index": "89394460227ffff" }, "geometry": { "type": "Point", "coordinates": [ 2.1397071, 41.383364 ] } },
{ "type": "Feature", "properties": { "osm_id": 2665013455, "shop_type": "bakery", "name": "Turris", "lat": 41.392321, "lon": 2.1543711, "brand": null, "organic": null, "h3_index": "893944603bbffff" }, "geometry": { "type": "Point", "coordinates": [ 2.1543711, 41.392321 ] } },
{ "type": "Feature", "properties": { "osm_id": 2665093959, "shop_type": "bakery", "name": "Forn&coffee Masedy", "lat": 41.3833924, "lon": 2.1274302, "brand": null, "organic": null, "h3_index": "89394460207ffff" }, "geometry": { "type": "Point", "coordinates": [ 2.1274302, 41.3833924 ] } },
{ "type": "Feature", "properties": { "osm_id": 2669068590, "shop_type": "supermarket", "name": "Mercadona", "lat": 41.3876396, "lon": 2.1465409, "brand": "Mercadona", "organic": null, "h3_index": "893944603c7ffff" }, "geometry": { "type": "Point", "coordinates": [ 2.1465409, 41.3876396 ] } },
{ "type": "Feature", "properties": { "osm_id": 2670313358, "shop_type": "supermarket", "name": "Catalunya Supermercat", "lat": 41.3701514, "lon": 2.1340233, "brand": null, "organic": null, "h3_index": "89394461cd7ffff" }, "geometry": { "type": "Point", "coordinates": [ 2.1340233, 41.3701514 ] } },
{ "type": "Feature", "properties": { "osm_id": 2679002628, "shop_type": "supermarket", "name": "Condis", "lat": 41.41648, "lon": 2.1901456, "brand": "Condis", "organic": null, "h3_index": "89394460c8fffff" }, "geometry": { "type": "Point", "coordinates": [ 2.1901456, 41.41648 ] } },
{ "type": "Feature", "properties": { "osm_id": 2679002636, "shop_type": "supermarket", "name": "BonÀrea", "lat": 41.4174986, "lon": 2.1980156, "brand": "BonÀrea", "organic": null, "h3_index": "89394460cabffff" }, "geometry": { "type": "Point", "coordinates": [ 2.1980156, 41.4174986 ] } },
{ "type": "Feature", "properties": { "osm_id": 2679002650, "shop_type": "greengrocer", "name": "Superverd", "lat": 41.4162667, "lon": 2.195009, "brand": "Superverd", "organic": null, "h3_index": "89394460cabffff" }, "geometry": { "type": "Point", "coordinates": [ 2.195009, 41.4162667 ] } },
{ "type": "Feature", "properties": { "osm_id": 2679002659, "shop_type": "supermarket", "name": "Dia", "lat": 41.4159831, "lon": 2.1948556, "brand": "Dia", "organic": null, "h3_index": "89394460c17ffff" }, "geometry": { "type": "Point", "coordinates": [ 2.1948556, 41.4159831 ] } },
{ "type": "Feature", "properties": { "osm_id": 2682230054, "shop_type": "convenience", "name": "Supercor Exprés", "lat": 41.4014755, "lon": 2.1672056, "brand": "Supercor", "organic": null, "h3_index": "89394460163ffff" }, "geometry": { "type": "Point", "coordinates": [ 2.1672056, 41.4014755 ] } },
{ "type": "Feature", "properties": { "osm_id": 2682230067, "shop_type": "supermarket", "name": "Consum", "lat": 41.4028924, "lon": 2.1702533, "brand": "Consum", "organic": null, "h3_index": "89394460177ffff" }, "geometry": { "type": "Point", "coordinates": [ 2.1702533, 41.4028924 ] } },
{ "type": "Feature", "properties": { "osm_id": 2684159676, "shop_type": "supermarket", "name": "Super Moyer", "lat": 41.4416172, "lon": 2.1827397, "brand": null, "organic": null, "h3_index": "8939446287bffff" }, "geometry": { "type": "Point", "coordinates": [ 2.1827397, 41.4416172 ] } },
{ "type": "Feature", "properties": { "osm_id": 2684909265, "shop_type": "supermarket", "name": "Supermercat SuperDragó", "lat": 41.4391569, "lon": 2.1821812, "brand": null, "organic": null, "h3_index": "89394462ab7ffff" }, "geometry": { "type": "Point", "coordinates": [ 2.1821812, 41.4391569 ] } },
{ "type": "Feature", "properties": { "osm_id": 2684909269, "shop_type": "bakery", "name": "Forn de Pa MediaVilla", "lat": 41.4386777, "lon": 2.181135, "brand": null, "organic": null, "h3_index": "89394462ab7ffff" }, "geometry": { "type": "Point", "coordinates": [ 2.181135, 41.4386777 ] } },
{ "type": "Feature", "properties": { "osm_id": 2684909281, "shop_type": "supermarket", "name": "Sorli Discau", "lat": 41.4422592, "lon": 2.1847634, "brand": "Sorli Discau", "organic": null, "h3_index": "8939446287bffff" }, "geometry": { "type": "Point", "coordinates": [ 2.1847634, 41.4422592 ] } },
{ "type": "Feature", "properties": { "osm_id": 2686532052, "shop_type": "supermarket", "name": "Condis", "lat": 41.4400902, "lon": 2.1818189, "brand": "Condis", "organic": null, "h3_index": "89394462ab7ffff" }, "geometry": { "type": "Point", "coordinates": [ 2.1818189, 41.4400902 ] } },
{ "type": "Feature", "properties": { "osm_id": 2687089255, "shop_type": "bakery", "name": "Santa Gloria", "lat": 41.4116287, "lon": 2.1386796, "brand": null, "organic": null, "h3_index": "893944600b3ffff" }, "geometry": { "type": "Point", "coordinates": [ 2.1386796, 41.4116287 ] } },
{ "type": "Feature", "properties": { "osm_id": 2687089261, "shop_type": "butcher", "name": "Escolet Oliver", "lat": 41.4116804, "lon": 2.1390363, "brand": null, "organic": null, "h3_index": "893944600b3ffff" }, "geometry": { "type": "Point", "coordinates": [ 2.1390363, 41.4116804 ] } },
{ "type": "Feature", "properties": { "osm_id": 2705751090, "shop_type": "supermarket", "name": "BonÀrea", "lat": 41.3697062, "lon": 2.1329222, "brand": "BonÀrea", "organic": null, "h3_index": "89394461cd7ffff" }, "geometry": { "type": "Point", "coordinates": [ 2.1329222, 41.3697062 ] } },
{ "type": "Feature", "properties": { "osm_id": 2717585010, "shop_type": "bakery", "name": "La Farga", "lat": 41.4111197, "lon": 2.1383817, "brand": null, "organic": null, "h3_index": "893944600bbffff" }, "geometry": { "type": "Point", "coordinates": [ 2.1383817, 41.4111197 ] } },
{ "type": "Feature", "properties": { "osm_id": 2717585026, "shop_type": "greengrocer", "name": "SuperVerd", "lat": 41.4117902, "lon": 2.1391746, "brand": null, "organic": null, "h3_index": "893944600b3ffff" }, "geometry": { "type": "Point", "coordinates": [ 2.1391746, 41.4117902 ] } },
{ "type": "Feature", "properties": { "osm_id": 2726976547, "shop_type": "butcher", "name": "Cansaladeria Casadesus", "lat": 41.3987747, "lon": 2.1212275, "brand": null, "organic": null, "h3_index": "89394460627ffff" }, "geometry": { "type": "Point", "coordinates": [ 2.1212275, 41.3987747 ] } },
{ "type": "Feature", "properties": { "osm_id": 2745572511, "shop_type": "supermarket", "name": "BonÀrea", "lat": 41.3974037, "lon": 2.1217544, "brand": "BonÀrea", "organic": null, "h3_index": "89394460627ffff" }, "geometry": { "type": "Point", "coordinates": [ 2.1217544, 41.3974037 ] } },
{ "type": "Feature", "properties": { "osm_id": 2764585970, "shop_type": "bakery", "name": "Granier", "lat": 41.4033811, "lon": 2.2031684, "brand": "Granier", "organic": null, "h3_index": "8939446089bffff" }, "geometry": { "type": "Point", "coordinates": [ 2.2031684, 41.4033811 ] } },
{ "type": "Feature", "properties": { "osm_id": 2796748763, "shop_type": "supermarket", "name": "Alimentació La Torra", "lat": 41.3910206, "lon": 2.1516647, "brand": null, "organic": null, "h3_index": "8939446038fffff" }, "geometry": { "type": "Point", "coordinates": [ 2.1516647, 41.3910206 ] } },
{ "type": "Feature", "properties": { "osm_id": 2821583928, "shop_type": "convenience", "name": "Supermercat", "lat": 41.3934829, "lon": 2.1569955, "brand": null, "organic": null, "h3_index": "893944603bbffff" }, "geometry": { "type": "Point", "coordinates": [ 2.1569955, 41.3934829 ] } },
{ "type": "Feature", "properties": { "osm_id": 2839059713, "shop_type": "greengrocer", "name": "Frescuore", "lat": 41.3950131, "lon": 2.1796065, "brand": null, "organic": null, "h3_index": "89394460e13ffff" }, "geometry": { "type": "Point", "coordinates": [ 2.1796065, 41.3950131 ] } },
{ "type": "Feature", "properties": { "osm_id": 2871620599, "shop_type": "supermarket", "name": "Condis", "lat": 41.3981285, "lon": 2.1460844, "brand": "Condis", "organic": null, "h3_index": "89394460393ffff" }, "geometry": { "type": "Point", "coordinates": [ 2.1460844, 41.3981285 ] } },
{ "type": "Feature", "properties": { "osm_id": 2871620600, "shop_type": "supermarket", "name": "Caprabo", "lat": 41.3971017, "lon": 2.144769, "brand": "Caprabo", "organic": null, "h3_index": "89394460393ffff" }, "geometry": { "type": "Point", "coordinates": [ 2.144769, 41.3971017 ] } },
{ "type": "Feature", "properties": { "osm_id": 2883875902, "shop_type": "convenience", "name": "Supermercat 24h", "lat": 41.387818, "lon": 2.1666076, "brand": null, "organic": null, "h3_index": "89394460327ffff" }, "geometry": { "type": "Point", "coordinates": [ 2.1666076, 41.387818 ] } },
{ "type": "Feature", "properties": { "osm_id": 2890111609, "shop_type": "butcher", "name": "La Blanche", "lat": 41.3769247, "lon": 2.168173, "brand": null, "organic": null, "h3_index": "89394461d8fffff" }, "geometry": { "type": "Point", "coordinates": [ 2.168173, 41.3769247 ] } },
{ "type": "Feature", "properties": { "osm_id": 2943754879, "shop_type": "supermarket", "name": "Condis", "lat": 41.4138765, "lon": 2.1038653, "brand": "Condis", "organic": null, "h3_index": "89394463127ffff" }, "geometry": { "type": "Point", "coordinates": [ 2.1038653, 41.4138765 ] } },
{ "type": "Feature", "properties": { "osm_id": 2956932672, "shop_type": "supermarket", "name": "Condis", "lat": 41.4371158, "lon": 2.2049224, "brand": "Condis", "organic": null, "h3_index": "89394462b17ffff" }, "geometry": { "type": "Point", "coordinates": [ 2.2049224, 41.4371158 ] } },
{ "type": "Feature", "properties": { "osm_id": 2956932673, "shop_type": "supermarket", "name": "Sorli Discau", "lat": 41.4368357, "lon": 2.2042069, "brand": null, "organic": null, "h3_index": "89394462b17ffff" }, "geometry": { "type": "Point", "coordinates": [ 2.2042069, 41.4368357 ] } },
{ "type": "Feature", "properties": { "osm_id": 2962042533, "shop_type": "supermarket", "name": "Carrefour Market", "lat": 41.4200219, "lon": 2.1962763, "brand": "Carrefour Market", "organic": null, "h3_index": "89394460cb3ffff" }, "geometry": { "type": "Point", "coordinates": [ 2.1962763, 41.4200219 ] } },
{ "type": "Feature", "properties": { "osm_id": 2966341089, "shop_type": "supermarket", "name": "rico", "lat": 41.4023159, "lon": 2.1998443, "brand": null, "organic": null, "h3_index": "8939446089bffff" }, "geometry": { "type": "Point", "coordinates": [ 2.1998443, 41.4023159 ] } },
{ "type": "Feature", "properties": { "osm_id": 2967369894, "shop_type": "greengrocer", "name": "Veggie Mundo", "lat": 41.4048947, "lon": 2.1608982, "brand": null, "organic": null, "h3_index": "8939446010bffff" }, "geometry": { "type": "Point", "coordinates": [ 2.1608982, 41.4048947 ] } },
{ "type": "Feature", "properties": { "osm_id": 2967370354, "shop_type": "bakery", "name": "Ququía", "lat": 41.4041485, "lon": 2.161252, "brand": null, "organic": null, "h3_index": "8939446010bffff" }, "geometry": { "type": "Point", "coordinates": [ 2.161252, 41.4041485 ] } },
{ "type": "Feature", "properties": { "osm_id": 2967989789, "shop_type": "greengrocer", "name": "Gracia Frutes Verdures", "lat": 41.4054118, "lon": 2.1603436, "brand": null, "organic": null, "h3_index": "8939446010bffff" }, "geometry": { "type": "Point", "coordinates": [ 2.1603436, 41.4054118 ] } },
{ "type": "Feature", "properties": { "osm_id": 2967993028, "shop_type": "convenience", "name": "M Market", "lat": 41.382366, "lon": 2.1749893, "brand": null, "organic": null, "h3_index": "89394460e4fffff" }, "geometry": { "type": "Point", "coordinates": [ 2.1749893, 41.382366 ] } },
{ "type": "Feature", "properties": { "osm_id": 2968921906, "shop_type": "supermarket", "name": "Condis", "lat": 41.4040048, "lon": 2.1595218, "brand": "Condis", "organic": null, "h3_index": "89394460157ffff" }, "geometry": { "type": "Point", "coordinates": [ 2.1595218, 41.4040048 ] } },
{ "type": "Feature", "properties": { "osm_id": 2969276695, "shop_type": "supermarket", "name": "Caprabo", "lat": 41.4023821, "lon": 2.1714302, "brand": "Caprabo", "organic": null, "h3_index": "89394460167ffff" }, "geometry": { "type": "Point", "coordinates": [ 2.1714302, 41.4023821 ] } },
{ "type": "Feature", "properties": { "osm_id": 2969276715, "shop_type": "convenience", "name": "D&D", "lat": 41.4008813, "lon": 2.1694222, "brand": null, "organic": null, "h3_index": "89394460167ffff" }, "geometry": { "type": "Point", "coordinates": [ 2.1694222, 41.4008813 ] } },
{ "type": "Feature", "properties": { "osm_id": 2969276732, "shop_type": "convenience", "name": "Alimentació", "lat": 41.4043262, "lon": 2.1623941, "brand": null, "organic": null, "h3_index": "8939446010bffff" }, "geometry": { "type": "Point", "coordinates": [ 2.1623941, 41.4043262 ] } },
{ "type": "Feature", "properties": { "osm_id": 2969277271, "shop_type": "greengrocer", "name": "Area Fresca", "lat": 41.401338, "lon": 2.1700718, "brand": null, "organic": null, "h3_index": "89394460167ffff" }, "geometry": { "type": "Point", "coordinates": [ 2.1700718, 41.401338 ] } },
{ "type": "Feature", "properties": { "osm_id": 2969277633, "shop_type": "supermarket", "name": "Dia Market", "lat": 41.4040084, "lon": 2.1622868, "brand": "Dia Market", "organic": null, "h3_index": "8939446010bffff" }, "geometry": { "type": "Point", "coordinates": [ 2.1622868, 41.4040084 ] } },
{ "type": "Feature", "properties": { "osm_id": 2970751843, "shop_type": "supermarket", "name": "Condis Exprés", "lat": 41.4018251, "lon": 2.1546703, "brand": "Condis", "organic": null, "h3_index": "89394460143ffff" }, "geometry": { "type": "Point", "coordinates": [ 2.1546703, 41.4018251 ] } },
{ "type": "Feature", "properties": { "osm_id": 2971983670, "shop_type": "convenience", "name": "Supermercat", "lat": 41.3824684, "lon": 2.1857241, "brand": null, "organic": null, "h3_index": "89394460e6fffff" }, "geometry": { "type": "Point", "coordinates": [ 2.1857241, 41.3824684 ] } },
{ "type": "Feature", "properties": { "osm_id": 2971984057, "shop_type": "convenience", "name": "Asian Super Store", "lat": 41.3802203, "lon": 2.169934, "brand": null, "organic": null, "h3_index": "89394461d87ffff" }, "geometry": { "type": "Point", "coordinates": [ 2.169934, 41.3802203 ] } },
{ "type": "Feature", "properties": { "osm_id": 2971984398, "shop_type": "butcher", "name": "Carniceria Islamica", "lat": 41.3804475, "lon": 2.1723631, "brand": null, "organic": null, "h3_index": "89394460e4bffff" }, "geometry": { "type": "Point", "coordinates": [ 2.1723631, 41.3804475 ] } },
{ "type": "Feature", "properties": { "osm_id": 2975020209, "shop_type": "supermarket", "name": "Fruites I Verdures", "lat": 41.3991782, "lon": 2.2035839, "brand": null, "organic": null, "h3_index": "893944608c7ffff" }, "geometry": { "type": "Point", "coordinates": [ 2.2035839, 41.3991782 ] } },
{ "type": "Feature", "properties": { "osm_id": 2993678133, "shop_type": "supermarket", "name": "Marcel Herrero Fruteria", "lat": 41.3758337, "lon": 2.1597432, "brand": null, "organic": null, "h3_index": "89394461dd7ffff" }, "geometry": { "type": "Point", "coordinates": [ 2.1597432, 41.3758337 ] } },
{ "type": "Feature", "properties": { "osm_id": 3002372598, "shop_type": "bakery", "name": "Fleca Balmes", "lat": 41.3945387, "lon": 2.1559287, "brand": null, "organic": null, "h3_index": "893944603bbffff" }, "geometry": { "type": "Point", "coordinates": [ 2.1559287, 41.3945387 ] } },
{ "type": "Feature", "properties": { "osm_id": 3004759375, "shop_type": "supermarket", "name": "Sorli Discau", "lat": 41.4201316, "lon": 2.187446, "brand": "Sorli Discau", "organic": null, "h3_index": "89394460c83ffff" }, "geometry": { "type": "Point", "coordinates": [ 2.187446, 41.4201316 ] } },
{ "type": "Feature", "properties": { "osm_id": 3005479340, "shop_type": "supermarket", "name": "Consum", "lat": 41.413988, "lon": 2.1617533, "brand": "Consum", "organic": null, "h3_index": "8939446018fffff" }, "geometry": { "type": "Point", "coordinates": [ 2.1617533, 41.413988 ] } },
{ "type": "Feature", "properties": { "osm_id": 3006284846, "shop_type": "greengrocer", "name": "Unknown", "lat": 41.4152255, "lon": 2.1609084, "brand": null, "organic": null, "h3_index": "89394460183ffff" }, "geometry": { "type": "Point", "coordinates": [ 2.1609084, 41.4152255 ] } },
{ "type": "Feature", "properties": { "osm_id": 3006291529, "shop_type": "butcher", "name": "Unknown", "lat": 41.415316, "lon": 2.1628503, "brand": null, "organic": null, "h3_index": "89394460187ffff" }, "geometry": { "type": "Point", "coordinates": [ 2.1628503, 41.415316 ] } },
{ "type": "Feature", "properties": { "osm_id": 3006333200, "shop_type": "greengrocer", "name": "Almendras", "lat": 41.4138959, "lon": 2.1620483, "brand": null, "organic": null, "h3_index": "8939446018fffff" }, "geometry": { "type": "Point", "coordinates": [ 2.1620483, 41.4138959 ] } },
{ "type": "Feature", "properties": { "osm_id": 3006383873, "shop_type": "greengrocer", "name": "Ping Ping", "lat": 41.4144531, "lon": 2.1630408, "brand": null, "organic": null, "h3_index": "8939446018fffff" }, "geometry": { "type": "Point", "coordinates": [ 2.1630408, 41.4144531 ] } },
{ "type": "Feature", "properties": { "osm_id": 3006518090, "shop_type": "bakery", "name": "Rabassa", "lat": 41.4069631, "lon": 2.1586352, "brand": null, "organic": null, "h3_index": "8939446011bffff" }, "geometry": { "type": "Point", "coordinates": [ 2.1586352, 41.4069631 ] } },
{ "type": "Feature", "properties": { "osm_id": 3006578129, "shop_type": "greengrocer", "name": "Unknown", "lat": 41.4070824, "lon": 2.1592501, "brand": null, "organic": null, "h3_index": "8939446011bffff" }, "geometry": { "type": "Point", "coordinates": [ 2.1592501, 41.4070824 ] } },
{ "type": "Feature", "properties": { "osm_id": 3006694271, "shop_type": "greengrocer", "name": "MARC BONA FRUITA I VERDURA", "lat": 41.4072779, "lon": 2.1615746, "brand": null, "organic": null, "h3_index": "89394460103ffff" }, "geometry": { "type": "Point", "coordinates": [ 2.1615746, 41.4072779 ] } },
{ "type": "Feature", "properties": { "osm_id": 3006694777, "shop_type": "supermarket", "name": "Caprabo", "lat": 41.4074359, "lon": 2.1618264, "brand": "Caprabo", "organic": null, "h3_index": "89394460103ffff" }, "geometry": { "type": "Point", "coordinates": [ 2.1618264, 41.4074359 ] } },
{ "type": "Feature", "properties": { "osm_id": 3006698724, "shop_type": "greengrocer", "name": "Cal Fruitós", "lat": 41.4078174, "lon": 2.1586803, "brand": null, "organic": null, "h3_index": "8939446011bffff" }, "geometry": { "type": "Point", "coordinates": [ 2.1586803, 41.4078174 ] } },
{ "type": "Feature", "properties": { "osm_id": 3006704560, "shop_type": "greengrocer", "name": "Sa2Pe", "lat": 41.4070939, "lon": 2.1577018, "brand": null, "organic": null, "h3_index": "8939446011bffff" }, "geometry": { "type": "Point", "coordinates": [ 2.1577018, 41.4070939 ] } },
{ "type": "Feature", "properties": { "osm_id": 3007426644, "shop_type": "bakery", "name": "Forn de pa Providència", "lat": 41.4071603, "lon": 2.1576482, "brand": null, "organic": null, "h3_index": "8939446011bffff" }, "geometry": { "type": "Point", "coordinates": [ 2.1576482, 41.4071603 ] } },
{ "type": "Feature", "properties": { "osm_id": 3009190770, "shop_type": "supermarket", "name": "Caprabo", "lat": 41.4220714, "lon": 2.1811472, "brand": "Caprabo", "organic": null, "h3_index": "89394462a67ffff" }, "geometry": { "type": "Point", "coordinates": [ 2.1811472, 41.4220714 ] } },
{ "type": "Feature", "properties": { "osm_id": 3009199463, "shop_type": "supermarket", "name": "Caprabo", "lat": 41.4221319, "lon": 2.1850064, "brand": "Caprabo", "organic": null, "h3_index": "89394460c93ffff" }, "geometry": { "type": "Point", "coordinates": [ 2.1850064, 41.4221319 ] } },
{ "type": "Feature", "properties": { "osm_id": 3011930747, "shop_type": "supermarket", "name": "Consum", "lat": 41.4119453, "lon": 2.160447, "brand": "Consum", "organic": null, "h3_index": "89394460113ffff" }, "geometry": { "type": "Point", "coordinates": [ 2.160447, 41.4119453 ] } },
{ "type": "Feature", "properties": { "osm_id": 3013741446, "shop_type": "convenience", "name": "Unknown", "lat": 41.4149925, "lon": 2.1612029, "brand": null, "organic": null, "h3_index": "89394460183ffff" }, "geometry": { "type": "Point", "coordinates": [ 2.1612029, 41.4149925 ] } },
{ "type": "Feature", "properties": { "osm_id": 3013741449, "shop_type": "bakery", "name": "Lliso Lis", "lat": 41.414375, "lon": 2.1627666, "brand": null, "organic": null, "h3_index": "8939446018fffff" }, "geometry": { "type": "Point", "coordinates": [ 2.1627666, 41.414375 ] } },
{ "type": "Feature", "properties": { "osm_id": 3016021179, "shop_type": "greengrocer", "name": "Unknown", "lat": 41.4136162, "lon": 2.163527, "brand": null, "organic": null, "h3_index": "8939446018fffff" }, "geometry": { "type": "Point", "coordinates": [ 2.163527, 41.4136162 ] } },
{ "type": "Feature", "properties": { "osm_id": 3025877896, "shop_type": "supermarket", "name": "Consum", "lat": 41.3835203, "lon": 2.1564657, "brand": "Consum", "organic": null, "h3_index": "89394460377ffff" }, "geometry": { "type": "Point", "coordinates": [ 2.1564657, 41.3835203 ] } },
{ "type": "Feature", "properties": { "osm_id": 3046154934, "shop_type": "supermarket", "name": "Condis Express", "lat": 41.4088125, "lon": 2.1949826, "brand": "Condis", "organic": null, "h3_index": "89394460c77ffff" }, "geometry": { "type": "Point", "coordinates": [ 2.1949826, 41.4088125 ] } },
{ "type": "Feature", "properties": { "osm_id": 3046155434, "shop_type": "bakery", "name": "Forn de pa Gil", "lat": 41.4089286, "lon": 2.1951206, "brand": null, "organic": null, "h3_index": "89394460c77ffff" }, "geometry": { "type": "Point", "coordinates": [ 2.1951206, 41.4089286 ] } },
{ "type": "Feature", "properties": { "osm_id": 3046155536, "shop_type": "supermarket", "name": "Dia", "lat": 41.4143356, "lon": 2.2005776, "brand": "Dia", "organic": null, "h3_index": "89394460c33ffff" }, "geometry": { "type": "Point", "coordinates": [ 2.2005776, 41.4143356 ] } },
{ "type": "Feature", "properties": { "osm_id": 3048077641, "shop_type": "supermarket", "name": "Mercadona", "lat": 41.4010293, "lon": 2.2052715, "brand": "Mercadona", "organic": null, "h3_index": "8939446088bffff" }, "geometry": { "type": "Point", "coordinates": [ 2.2052715, 41.4010293 ] } },
{ "type": "Feature", "properties": { "osm_id": 3049368241, "shop_type": "bakery", "name": "Mon Pa", "lat": 41.4077954, "lon": 2.1880996, "brand": null, "organic": null, "h3_index": "89394460c47ffff" }, "geometry": { "type": "Point", "coordinates": [ 2.1880996, 41.4077954 ] } },
{ "type": "Feature", "properties": { "osm_id": 3049372238, "shop_type": "supermarket", "name": "Dia", "lat": 41.408738, "lon": 2.1894997, "brand": "Dia", "organic": null, "h3_index": "89394460c0bffff" }, "geometry": { "type": "Point", "coordinates": [ 2.1894997, 41.408738 ] } },
{ "type": "Feature", "properties": { "osm_id": 3049395437, "shop_type": "bakery", "name": "Bulka", "lat": 41.4068426, "lon": 2.1884295, "brand": null, "organic": null, "h3_index": "89394460c47ffff" }, "geometry": { "type": "Point", "coordinates": [ 2.1884295, 41.4068426 ] } },
{ "type": "Feature", "properties": { "osm_id": 3079351585, "shop_type": "supermarket", "name": "Unknown", "lat": 41.3734372, "lon": 2.1465907, "brand": null, "organic": null, "h3_index": "89394461cbbffff" }, "geometry": { "type": "Point", "coordinates": [ 2.1465907, 41.3734372 ] } },
{ "type": "Feature", "properties": { "osm_id": 3084370509, "shop_type": "bakery", "name": "Forn Baltà", "lat": 41.3752817, "lon": 2.134593, "brand": null, "organic": null, "h3_index": "89394461c93ffff" }, "geometry": { "type": "Point", "coordinates": [ 2.134593, 41.3752817 ] } },
{ "type": "Feature", "properties": { "osm_id": 3089429874, "shop_type": "bakery", "name": "MacxiPa", "lat": 41.3692485, "lon": 2.1331072, "brand": null, "organic": null, "h3_index": "89394461cd7ffff" }, "geometry": { "type": "Point", "coordinates": [ 2.1331072, 41.3692485 ] } },
{ "type": "Feature", "properties": { "osm_id": 3106831730, "shop_type": "supermarket", "name": "Consum", "lat": 41.3763656, "lon": 2.1658428, "brand": "Consum", "organic": null, "h3_index": "89394461d8bffff" }, "geometry": { "type": "Point", "coordinates": [ 2.1658428, 41.3763656 ] } },
{ "type": "Feature", "properties": { "osm_id": 3106875429, "shop_type": "convenience", "name": "Veganoteca", "lat": 41.3828554, "lon": 2.1642185, "brand": null, "organic": "yes", "h3_index": "8939446032fffff" }, "geometry": { "type": "Point", "coordinates": [ 2.1642185, 41.3828554 ] } },
{ "type": "Feature", "properties": { "osm_id": 3121030812, "shop_type": "supermarket", "name": "Jaime Renobell", "lat": 41.3862387, "lon": 2.1845656, "brand": null, "organic": null, "h3_index": "89394460e77ffff" }, "geometry": { "type": "Point", "coordinates": [ 2.1845656, 41.3862387 ] } },
{ "type": "Feature", "properties": { "osm_id": 3147200574, "shop_type": "supermarket", "name": "Mercadona", "lat": 41.3930166, "lon": 2.1858405, "brand": "Mercadona", "organic": null, "h3_index": "89394460e07ffff" }, "geometry": { "type": "Point", "coordinates": [ 2.1858405, 41.3930166 ] } },
{ "type": "Feature", "properties": { "osm_id": 3147200575, "shop_type": "supermarket", "name": "Sorli Discau", "lat": 41.391263, "lon": 2.1850318, "brand": "Sorli Discau", "organic": null, "h3_index": "89394460e07ffff" }, "geometry": { "type": "Point", "coordinates": [ 2.1850318, 41.391263 ] } },
{ "type": "Feature", "properties": { "osm_id": 3151286688, "shop_type": "supermarket", "name": "Condis", "lat": 41.3796399, "lon": 2.1462933, "brand": "Condis", "organic": null, "h3_index": "89394460343ffff" }, "geometry": { "type": "Point", "coordinates": [ 2.1462933, 41.3796399 ] } },
{ "type": "Feature", "properties": { "osm_id": 3169890261, "shop_type": "bakery", "name": "Unknown", "lat": 41.429919, "lon": 2.14341, "brand": null, "organic": null, "h3_index": "8939446058fffff" }, "geometry": { "type": "Point", "coordinates": [ 2.14341, 41.429919 ] } },
{ "type": "Feature", "properties": { "osm_id": 3271524730, "shop_type": "supermarket", "name": "Condis", "lat": 41.4063688, "lon": 2.1525491, "brand": "Condis", "organic": null, "h3_index": "893944601cbffff" }, "geometry": { "type": "Point", "coordinates": [ 2.1525491, 41.4063688 ] } },
{ "type": "Feature", "properties": { "osm_id": 3298739648, "shop_type": "supermarket", "name": "Mercadona", "lat": 41.4174459, "lon": 2.1874012, "brand": "Mercadona", "organic": null, "h3_index": "89394460c8bffff" }, "geometry": { "type": "Point", "coordinates": [ 2.1874012, 41.4174459 ] } },
{ "type": "Feature", "properties": { "osm_id": 3317171463, "shop_type": "supermarket", "name": "Condis", "lat": 41.4124231, "lon": 2.1382004, "brand": "Condis", "organic": null, "h3_index": "893944600b3ffff" }, "geometry": { "type": "Point", "coordinates": [ 2.1382004, 41.4124231 ] } },
{ "type": "Feature", "properties": { "osm_id": 3317172306, "shop_type": "supermarket", "name": "Condis", "lat": 41.4129421, "lon": 2.1390855, "brand": "Condis", "organic": null, "h3_index": "893944600b3ffff" }, "geometry": { "type": "Point", "coordinates": [ 2.1390855, 41.4129421 ] } },
{ "type": "Feature", "properties": { "osm_id": 3328694168, "shop_type": "bakery", "name": "Forn de pastes", "lat": 41.3894098, "lon": 2.1717886, "brand": null, "organic": null, "h3_index": "89394460ecfffff" }, "geometry": { "type": "Point", "coordinates": [ 2.1717886, 41.3894098 ] } },
{ "type": "Feature", "properties": { "osm_id": 3339665287, "shop_type": "supermarket", "name": "Super Fresc Supermercat", "lat": 41.381459, "lon": 2.1774271, "brand": null, "organic": null, "h3_index": "89394461db7ffff" }, "geometry": { "type": "Point", "coordinates": [ 2.1774271, 41.381459 ] } },
{ "type": "Feature", "properties": { "osm_id": 3362597637, "shop_type": "supermarket", "name": "Condis", "lat": 41.4027825, "lon": 2.2034307, "brand": "Condis", "organic": null, "h3_index": "8939446089bffff" }, "geometry": { "type": "Point", "coordinates": [ 2.2034307, 41.4027825 ] } },
{ "type": "Feature", "properties": { "osm_id": 3377085268, "shop_type": "supermarket", "name": "Komesano", "lat": 41.3805162, "lon": 2.1886893, "brand": null, "organic": null, "h3_index": "89394460ad7ffff" }, "geometry": { "type": "Point", "coordinates": [ 2.1886893, 41.3805162 ] } },
{ "type": "Feature", "properties": { "osm_id": 3428431746, "shop_type": "bakery", "name": "Paul", "lat": 41.3869942, "lon": 2.11253, "brand": "Paul", "organic": null, "h3_index": "893944602d3ffff" }, "geometry": { "type": "Point", "coordinates": [ 2.11253, 41.3869942 ] } },
{ "type": "Feature", "properties": { "osm_id": 3441772421, "shop_type": "bakery", "name": "iaia 'nita", "lat": 41.4108993, "lon": 2.1928895, "brand": null, "organic": null, "h3_index": "89394460c0fffff" }, "geometry": { "type": "Point", "coordinates": [ 2.1928895, 41.4108993 ] } },
{ "type": "Feature", "properties": { "osm_id": 3493188076, "shop_type": "greengrocer", "name": "Fruits Dador", "lat": 41.3972239, "lon": 2.1809844, "brand": null, "organic": null, "h3_index": "89394460e8fffff" }, "geometry": { "type": "Point", "coordinates": [ 2.1809844, 41.3972239 ] } },
{ "type": "Feature", "properties": { "osm_id": 3517276342, "shop_type": "bakery", "name": "Maxci Pan", "lat": 41.4002923, "lon": 2.1458497, "brand": null, "organic": null, "h3_index": "8939446002bffff" }, "geometry": { "type": "Point", "coordinates": [ 2.1458497, 41.4002923 ] } },
{ "type": "Feature", "properties": { "osm_id": 3537765757, "shop_type": "supermarket", "name": "Spar", "lat": 41.4040266, "lon": 2.156774, "brand": "Spar", "organic": null, "h3_index": "89394460157ffff" }, "geometry": { "type": "Point", "coordinates": [ 2.156774, 41.4040266 ] } },
{ "type": "Feature", "properties": { "osm_id": 3544772722, "shop_type": "supermarket", "name": "Pescaderia", "lat": 41.4283151, "lon": 2.1709859, "brand": null, "organic": null, "h3_index": "89394462a1bffff" }, "geometry": { "type": "Point", "coordinates": [ 2.1709859, 41.4283151 ] } },
{ "type": "Feature", "properties": { "osm_id": 3551358305, "shop_type": "supermarket", "name": "Dia", "lat": 41.3821096, "lon": 2.16987, "brand": "Dia", "organic": null, "h3_index": "89394461d97ffff" }, "geometry": { "type": "Point", "coordinates": [ 2.16987, 41.3821096 ] } },
{ "type": "Feature", "properties": { "osm_id": 3551790520, "shop_type": "butcher", "name": "Cansaladeria", "lat": 41.4243268, "lon": 2.2033364, "brand": null, "organic": null, "h3_index": "89394462b6bffff" }, "geometry": { "type": "Point", "coordinates": [ 2.2033364, 41.4243268 ] } },
{ "type": "Feature", "properties": { "osm_id": 3558017357, "shop_type": "convenience", "name": "Olives i Conserves Torres", "lat": 41.3784974, "lon": 2.1619806, "brand": null, "organic": null, "h3_index": "89394461d9bffff" }, "geometry": { "type": "Point", "coordinates": [ 2.1619806, 41.3784974 ] } },
{ "type": "Feature", "properties": { "osm_id": 3640658705, "shop_type": "supermarket", "name": "Unknown", "lat": 41.3776083, "lon": 2.175603, "brand": null, "organic": null, "h3_index": "89394461da3ffff" }, "geometry": { "type": "Point", "coordinates": [ 2.175603, 41.3776083 ] } },
{ "type": "Feature", "properties": { "osm_id": 3675225749, "shop_type": "greengrocer", "name": "Fruita dolca", "lat": 41.3962184, "lon": 2.1819386, "brand": null, "organic": null, "h3_index": "89394460e17ffff" }, "geometry": { "type": "Point", "coordinates": [ 2.1819386, 41.3962184 ] } },
{ "type": "Feature", "properties": { "osm_id": 3680209540, "shop_type": "bakery", "name": "El forn de barri", "lat": 41.3994688, "lon": 2.1788428, "brand": null, "organic": null, "h3_index": "89394460e83ffff" }, "geometry": { "type": "Point", "coordinates": [ 2.1788428, 41.3994688 ] } },
{ "type": "Feature", "properties": { "osm_id": 3681989021, "shop_type": "supermarket", "name": "Casa Ametller", "lat": 41.4050395, "lon": 2.1782408, "brand": null, "organic": null, "h3_index": "8939446012fffff" }, "geometry": { "type": "Point", "coordinates": [ 2.1782408, 41.4050395 ] } },
{ "type": "Feature", "properties": { "osm_id": 3682089125, "shop_type": "supermarket", "name": "Caprabo", "lat": 41.4054123, "lon": 2.1769855, "brand": "Caprabo", "organic": null, "h3_index": "8939446012fffff" }, "geometry": { "type": "Point", "coordinates": [ 2.1769855, 41.4054123 ] } },
{ "type": "Feature", "properties": { "osm_id": 3682112773, "shop_type": "supermarket", "name": "Dia", "lat": 41.4045329, "lon": 2.178466, "brand": "Dia", "organic": null, "h3_index": "89394460c5bffff" }, "geometry": { "type": "Point", "coordinates": [ 2.178466, 41.4045329 ] } },
{ "type": "Feature", "properties": { "osm_id": 3724083260, "shop_type": "bakery", "name": "Unknown", "lat": 41.4169078, "lon": 2.1745593, "brand": null, "organic": null, "h3_index": "893944601a7ffff" }, "geometry": { "type": "Point", "coordinates": [ 2.1745593, 41.4169078 ] } },
{ "type": "Feature", "properties": { "osm_id": 3743057425, "shop_type": "convenience", "name": "Carrefour Express", "lat": 41.376775, "lon": 2.1720141, "brand": "Carrefour Express", "organic": null, "h3_index": "89394461dbbffff" }, "geometry": { "type": "Point", "coordinates": [ 2.1720141, 41.376775 ] } },
{ "type": "Feature", "properties": { "osm_id": 3743065780, "shop_type": "supermarket", "name": "Unknown", "lat": 41.3794904, "lon": 2.1672795, "brand": null, "organic": null, "h3_index": "89394461d83ffff" }, "geometry": { "type": "Point", "coordinates": [ 2.1672795, 41.3794904 ] } },
{ "type": "Feature", "properties": { "osm_id": 3749411839, "shop_type": "supermarket", "name": "Unknown", "lat": 41.3805804, "lon": 2.167645, "brand": null, "organic": null, "h3_index": "89394461d97ffff" }, "geometry": { "type": "Point", "coordinates": [ 2.167645, 41.3805804 ] } },
{ "type": "Feature", "properties": { "osm_id": 3749421331, "shop_type": "convenience", "name": "Avinyo Supermercat", "lat": 41.3801992, "lon": 2.1794777, "brand": null, "organic": null, "h3_index": "89394461db7ffff" }, "geometry": { "type": "Point", "coordinates": [ 2.1794777, 41.3801992 ] } },
{ "type": "Feature", "properties": { "osm_id": 3749428003, "shop_type": "convenience", "name": "Unknown", "lat": 41.3806365, "lon": 2.1880355, "brand": null, "organic": null, "h3_index": "89394460e6fffff" }, "geometry": { "type": "Point", "coordinates": [ 2.1880355, 41.3806365 ] } },
{ "type": "Feature", "properties": { "osm_id": 3749438194, "shop_type": "greengrocer", "name": "Liu", "lat": 41.4063354, "lon": 2.1725828, "brand": null, "organic": null, "h3_index": "89394460123ffff" }, "geometry": { "type": "Point", "coordinates": [ 2.1725828, 41.4063354 ] } },
{ "type": "Feature", "properties": { "osm_id": 3749439929, "shop_type": "greengrocer", "name": "Unknown", "lat": 41.4106036, "lon": 2.1662216, "brand": null, "organic": null, "h3_index": "89394460117ffff" }, "geometry": { "type": "Point", "coordinates": [ 2.1662216, 41.4106036 ] } },
{ "type": "Feature", "properties": { "osm_id": 3784439303, "shop_type": "supermarket", "name": "Mallorca", "lat": 41.3968803, "lon": 2.1668075, "brand": null, "organic": null, "h3_index": "8939446016bffff" }, "geometry": { "type": "Point", "coordinates": [ 2.1668075, 41.3968803 ] } },
{ "type": "Feature", "properties": { "osm_id": 3808071742, "shop_type": "supermarket", "name": "Mercadona", "lat": 41.4082199, "lon": 2.1724743, "brand": "Mercadona", "organic": null, "h3_index": "89394460133ffff" }, "geometry": { "type": "Point", "coordinates": [ 2.1724743, 41.4082199 ] } },
{ "type": "Feature", "properties": { "osm_id": 3843439819, "shop_type": "supermarket", "name": "Mercadona", "lat": 41.4375487, "lon": 2.1936151, "brand": "Mercadona", "organic": null, "h3_index": "89394462bd7ffff" }, "geometry": { "type": "Point", "coordinates": [ 2.1936151, 41.4375487 ] } },
{ "type": "Feature", "properties": { "osm_id": 3908817171, "shop_type": "greengrocer", "name": "Unknown", "lat": 41.4369962, "lon": 2.1735536, "brand": null, "organic": null, "h3_index": "89394462a87ffff" }, "geometry": { "type": "Point", "coordinates": [ 2.1735536, 41.4369962 ] } },
{ "type": "Feature", "properties": { "osm_id": 3913254563, "shop_type": "supermarket", "name": "Condis", "lat": 41.4181472, "lon": 2.1829547, "brand": "Condis", "organic": null, "h3_index": "89394460cd7ffff" }, "geometry": { "type": "Point", "coordinates": [ 2.1829547, 41.4181472 ] } },
{ "type": "Feature", "properties": { "osm_id": 3913693912, "shop_type": "supermarket", "name": "Keisy", "lat": 41.4022225, "lon": 2.1638196, "brand": "Keisy", "organic": null, "h3_index": "89394460173ffff" }, "geometry": { "type": "Point", "coordinates": [ 2.1638196, 41.4022225 ] } },
{ "type": "Feature", "properties": { "osm_id": 3940081574, "shop_type": "supermarket", "name": "Molsa", "lat": 41.3772039, "lon": 2.1647548, "brand": null, "organic": "yes", "h3_index": "89394461d9bffff" }, "geometry": { "type": "Point", "coordinates": [ 2.1647548, 41.3772039 ] } },
{ "type": "Feature", "properties": { "osm_id": 3945302891, "shop_type": "supermarket", "name": "Mercadona", "lat": 41.4255051, "lon": 2.1869263, "brand": "Mercadona", "organic": null, "h3_index": "89394462a2fffff" }, "geometry": { "type": "Point", "coordinates": [ 2.1869263, 41.4255051 ] } },
{ "type": "Feature", "properties": { "osm_id": 3955807911, "shop_type": "bakery", "name": "La Fabrique", "lat": 41.3734554, "lon": 2.1609326, "brand": null, "organic": null, "h3_index": "89394461dd7ffff" }, "geometry": { "type": "Point", "coordinates": [ 2.1609326, 41.3734554 ] } },
{ "type": "Feature", "properties": { "osm_id": 3959116664, "shop_type": "bakery", "name": "Forn Ideal", "lat": 41.4044837, "lon": 2.161786, "brand": null, "organic": null, "h3_index": "8939446010bffff" }, "geometry": { "type": "Point", "coordinates": [ 2.161786, 41.4044837 ] } },
{ "type": "Feature", "properties": { "osm_id": 3959510260, "shop_type": "bakery", "name": "Forn de pa Belmonte", "lat": 41.3771482, "lon": 2.1614587, "brand": null, "organic": null, "h3_index": "89394461d9bffff" }, "geometry": { "type": "Point", "coordinates": [ 2.1614587, 41.3771482 ] } },
{ "type": "Feature", "properties": { "osm_id": 3969186993, "shop_type": "bakery", "name": "Le Fournil", "lat": 41.3957571, "lon": 2.1990075, "brand": null, "organic": null, "h3_index": "893944608c3ffff" }, "geometry": { "type": "Point", "coordinates": [ 2.1990075, 41.3957571 ] } },
{ "type": "Feature", "properties": { "osm_id": 3977369584, "shop_type": "bakery", "name": "Granier", "lat": 41.4188394, "lon": 2.1999547, "brand": "Granier", "organic": null, "h3_index": "89394460ca3ffff" }, "geometry": { "type": "Point", "coordinates": [ 2.1999547, 41.4188394 ] } },
{ "type": "Feature", "properties": { "osm_id": 4025705989, "shop_type": "convenience", "name": "Superprecio", "lat": 41.4014001, "lon": 2.1645174, "brand": null, "organic": null, "h3_index": "89394460173ffff" }, "geometry": { "type": "Point", "coordinates": [ 2.1645174, 41.4014001 ] } },
{ "type": "Feature", "properties": { "osm_id": 4025708961, "shop_type": "greengrocer", "name": "Fruites i Verdures Naima", "lat": 41.4014396, "lon": 2.1644623, "brand": null, "organic": null, "h3_index": "89394460173ffff" }, "geometry": { "type": "Point", "coordinates": [ 2.1644623, 41.4014396 ] } },
{ "type": "Feature", "properties": { "osm_id": 4055542368, "shop_type": "supermarket", "name": "Condis", "lat": 41.402147, "lon": 2.164886, "brand": "Condis", "organic": null, "h3_index": "89394460173ffff" }, "geometry": { "type": "Point", "coordinates": [ 2.164886, 41.402147 ] } },
{ "type": "Feature", "properties": { "osm_id": 4098982711, "shop_type": "bakery", "name": "Forn de la Vilamala", "lat": 41.3826331, "lon": 2.1818054, "brand": null, "organic": null, "h3_index": "89394460e7bffff" }, "geometry": { "type": "Point", "coordinates": [ 2.1818054, 41.3826331 ] } },
{ "type": "Feature", "properties": { "osm_id": 4100254890, "shop_type": "supermarket", "name": "Condis", "lat": 41.4289143, "lon": 2.1625316, "brand": "Condis", "organic": null, "h3_index": "89394462ac3ffff" }, "geometry": { "type": "Point", "coordinates": [ 2.1625316, 41.4289143 ] } },
{ "type": "Feature", "properties": { "osm_id": 4109237583, "shop_type": "supermarket", "name": "Caprabo", "lat": 41.3896311, "lon": 2.1438878, "brand": "Caprabo", "organic": null, "h3_index": "893944603d7ffff" }, "geometry": { "type": "Point", "coordinates": [ 2.1438878, 41.3896311 ] } },
{ "type": "Feature", "properties": { "osm_id": 4109443629, "shop_type": "greengrocer", "name": "Tap i Carbassa", "lat": 41.4139013, "lon": 2.2017385, "brand": null, "organic": "yes", "h3_index": "89394460c37ffff" }, "geometry": { "type": "Point", "coordinates": [ 2.2017385, 41.4139013 ] } },
{ "type": "Feature", "properties": { "osm_id": 4109447789, "shop_type": "bakery", "name": "Mon Pa", "lat": 41.4135095, "lon": 2.2012457, "brand": null, "organic": null, "h3_index": "89394460c33ffff" }, "geometry": { "type": "Point", "coordinates": [ 2.2012457, 41.4135095 ] } },
{ "type": "Feature", "properties": { "osm_id": 4109448713, "shop_type": "greengrocer", "name": "El Racó De La Fruita", "lat": 41.4134525, "lon": 2.2011745, "brand": null, "organic": null, "h3_index": "89394460c33ffff" }, "geometry": { "type": "Point", "coordinates": [ 2.2011745, 41.4134525 ] } },
{ "type": "Feature", "properties": { "osm_id": 4109806098, "shop_type": "supermarket", "name": "Charter", "lat": 41.4065274, "lon": 2.1715831, "brand": "Charter", "organic": null, "h3_index": "8939446013bffff" }, "geometry": { "type": "Point", "coordinates": [ 2.1715831, 41.4065274 ] } },
{ "type": "Feature", "properties": { "osm_id": 4121091293, "shop_type": "bakery", "name": "Forn Serra", "lat": 41.3735834, "lon": 2.1573765, "brand": null, "organic": null, "h3_index": "89394461dd3ffff" }, "geometry": { "type": "Point", "coordinates": [ 2.1573765, 41.3735834 ] } },
{ "type": "Feature", "properties": { "osm_id": 4137545889, "shop_type": "bakery", "name": "Patisseria Hofmann", "lat": 41.3850546, "lon": 2.1826676, "brand": null, "organic": null, "h3_index": "89394460e73ffff" }, "geometry": { "type": "Point", "coordinates": [ 2.1826676, 41.3850546 ] } },
{ "type": "Feature", "properties": { "osm_id": 4141246857, "shop_type": "bakery", "name": "+Calida:d", "lat": 41.4034789, "lon": 2.1712311, "brand": null, "organic": null, "h3_index": "8939446012bffff" }, "geometry": { "type": "Point", "coordinates": [ 2.1712311, 41.4034789 ] } },
{ "type": "Feature", "properties": { "osm_id": 4141250998, "shop_type": "greengrocer", "name": "Fresco", "lat": 41.4037329, "lon": 2.1708825, "brand": null, "organic": null, "h3_index": "8939446012bffff" }, "geometry": { "type": "Point", "coordinates": [ 2.1708825, 41.4037329 ] } },
{ "type": "Feature", "properties": { "osm_id": 4143990391, "shop_type": "bakery", "name": "Forn de Pa Sabadell", "lat": 41.4041535, "lon": 2.1652855, "brand": null, "organic": null, "h3_index": "89394460173ffff" }, "geometry": { "type": "Point", "coordinates": [ 2.1652855, 41.4041535 ] } },
{ "type": "Feature", "properties": { "osm_id": 4145978596, "shop_type": "supermarket", "name": "ALDI", "lat": 41.4054024, "lon": 2.1632557, "brand": "ALDI", "organic": null, "h3_index": "8939446010bffff" }, "geometry": { "type": "Point", "coordinates": [ 2.1632557, 41.4054024 ] } },
{ "type": "Feature", "properties": { "osm_id": 4149728853, "shop_type": "supermarket", "name": "Mercadona", "lat": 41.4138775, "lon": 2.212077, "brand": "Mercadona", "organic": null, "h3_index": "89394460d57ffff" }, "geometry": { "type": "Point", "coordinates": [ 2.212077, 41.4138775 ] } },
{ "type": "Feature", "properties": { "osm_id": 4149862954, "shop_type": "bakery", "name": "Forneria Tiana", "lat": 41.3801339, "lon": 2.1796136, "brand": null, "organic": null, "h3_index": "89394461db7ffff" }, "geometry": { "type": "Point", "coordinates": [ 2.1796136, 41.3801339 ] } },
{ "type": "Feature", "properties": { "osm_id": 4172413191, "shop_type": "supermarket", "name": "Mercadona", "lat": 41.390614, "lon": 2.1756645, "brand": "Mercadona", "organic": null, "h3_index": "89394460e1bffff" }, "geometry": { "type": "Point", "coordinates": [ 2.1756645, 41.390614 ] } },
{ "type": "Feature", "properties": { "osm_id": 4172419189, "shop_type": "supermarket", "name": "Veritas", "lat": 41.3956445, "lon": 2.1583462, "brand": null, "organic": "only", "h3_index": "893944603b3ffff" }, "geometry": { "type": "Point", "coordinates": [ 2.1583462, 41.3956445 ] } },
{ "type": "Feature", "properties": { "osm_id": 4172419190, "shop_type": "supermarket", "name": "Veritas", "lat": 41.3845253, "lon": 2.1782537, "brand": null, "organic": null, "h3_index": "89394460e47ffff" }, "geometry": { "type": "Point", "coordinates": [ 2.1782537, 41.3845253 ] } },
{ "type": "Feature", "properties": { "osm_id": 4177611420, "shop_type": "supermarket", "name": "Condis", "lat": 41.3736866, "lon": 2.1615808, "brand": "Condis", "organic": null, "h3_index": "89394461dd7ffff" }, "geometry": { "type": "Point", "coordinates": [ 2.1615808, 41.3736866 ] } },
{ "type": "Feature", "properties": { "osm_id": 4179608447, "shop_type": "supermarket", "name": "Caprabo", "lat": 41.3859243, "lon": 2.1783567, "brand": "Caprabo", "organic": null, "h3_index": "89394460e47ffff" }, "geometry": { "type": "Point", "coordinates": [ 2.1783567, 41.3859243 ] } },
{ "type": "Feature", "properties": { "osm_id": 4189391489, "shop_type": "supermarket", "name": "Condis", "lat": 41.4332698, "lon": 2.1733389, "brand": "Condis", "organic": null, "h3_index": "89394462a8fffff" }, "geometry": { "type": "Point", "coordinates": [ 2.1733389, 41.4332698 ] } },
{ "type": "Feature", "properties": { "osm_id": 4208935557, "shop_type": "convenience", "name": "Jo també sóc al·lèrgic", "lat": 41.3764169, "lon": 2.15285, "brand": null, "organic": null, "h3_index": "8939446036bffff" }, "geometry": { "type": "Point", "coordinates": [ 2.15285, 41.3764169 ] } },
{ "type": "Feature", "properties": { "osm_id": 4228932590, "shop_type": "butcher", "name": "Casa tio", "lat": 41.4256073, "lon": 2.1763581, "brand": null, "organic": null, "h3_index": "89394462a0fffff" }, "geometry": { "type": "Point", "coordinates": [ 2.1763581, 41.4256073 ] } },
{ "type": "Feature", "properties": { "osm_id": 4229026589, "shop_type": "bakery", "name": "Forn Elias", "lat": 41.4120851, "lon": 2.1807968, "brand": null, "organic": null, "h3_index": "89394460cc3ffff" }, "geometry": { "type": "Point", "coordinates": [ 2.1807968, 41.4120851 ] } },
{ "type": "Feature", "properties": { "osm_id": 4229262389, "shop_type": "bakery", "name": "Unknown", "lat": 41.429736, "lon": 2.1606071, "brand": null, "organic": null, "h3_index": "89394462adbffff" }, "geometry": { "type": "Point", "coordinates": [ 2.1606071, 41.429736 ] } },
{ "type": "Feature", "properties": { "osm_id": 4234620295, "shop_type": "convenience", "name": "Mercat Princesa", "lat": 41.38566, "lon": 2.1821342, "brand": null, "organic": null, "h3_index": "89394460e73ffff" }, "geometry": { "type": "Point", "coordinates": [ 2.1821342, 41.38566 ] } },
{ "type": "Feature", "properties": { "osm_id": 4236018215, "shop_type": "convenience", "name": "Maa Supermercat", "lat": 41.3942225, "lon": 2.1753714, "brand": null, "organic": null, "h3_index": "89394460ec7ffff" }, "geometry": { "type": "Point", "coordinates": [ 2.1753714, 41.3942225 ] } },
{ "type": "Feature", "properties": { "osm_id": 4241610970, "shop_type": "bakery", "name": "Vila - Forn de Pa", "lat": 41.4162983, "lon": 2.2062781, "brand": null, "organic": null, "h3_index": "89394460dcbffff" }, "geometry": { "type": "Point", "coordinates": [ 2.2062781, 41.4162983 ] } },
{ "type": "Feature", "properties": { "osm_id": 4241611851, "shop_type": "supermarket", "name": "Sorli Discau", "lat": 41.4164049, "lon": 2.2064241, "brand": "Sorli Discau", "organic": null, "h3_index": "89394460dcbffff" }, "geometry": { "type": "Point", "coordinates": [ 2.2064241, 41.4164049 ] } },
{ "type": "Feature", "properties": { "osm_id": 4241628814, "shop_type": "bakery", "name": "Macxi Pa", "lat": 41.4183019, "lon": 2.2057143, "brand": null, "organic": null, "h3_index": "89394460ddbffff" }, "geometry": { "type": "Point", "coordinates": [ 2.2057143, 41.4183019 ] } },
{ "type": "Feature", "properties": { "osm_id": 4241637422, "shop_type": "supermarket", "name": "Sorli Discau", "lat": 41.4183312, "lon": 2.2053724, "brand": "Sorli Discau", "organic": null, "h3_index": "89394460ddbffff" }, "geometry": { "type": "Point", "coordinates": [ 2.2053724, 41.4183312 ] } },
{ "type": "Feature", "properties": { "osm_id": 4241645903, "shop_type": "supermarket", "name": "Caprabo", "lat": 41.4197657, "lon": 2.2020355, "brand": "Caprabo", "organic": null, "h3_index": "89394460ca7ffff" }, "geometry": { "type": "Point", "coordinates": [ 2.2020355, 41.4197657 ] } },
{ "type": "Feature", "properties": { "osm_id": 4252690721, "shop_type": "convenience", "name": "Unknown", "lat": 41.403496, "lon": 2.1984562, "brand": null, "organic": null, "h3_index": "89394460c6fffff" }, "geometry": { "type": "Point", "coordinates": [ 2.1984562, 41.403496 ] } },
{ "type": "Feature", "properties": { "osm_id": 4253086989, "shop_type": "greengrocer", "name": "SUPER FRUIT", "lat": 41.3809729, "lon": 2.1521389, "brand": null, "organic": null, "h3_index": "89394460373ffff" }, "geometry": { "type": "Point", "coordinates": [ 2.1521389, 41.3809729 ] } },
{ "type": "Feature", "properties": { "osm_id": 4254276291, "shop_type": "bakery", "name": "Unknown", "lat": 41.391285, "lon": 2.1612086, "brand": null, "organic": null, "h3_index": "893944603afffff" }, "geometry": { "type": "Point", "coordinates": [ 2.1612086, 41.391285 ] } },
{ "type": "Feature", "properties": { "osm_id": 4254685758, "shop_type": "bakery", "name": "Bread Bucket", "lat": 41.3967509, "lon": 2.1929295, "brand": null, "organic": null, "h3_index": "893944608dbffff" }, "geometry": { "type": "Point", "coordinates": [ 2.1929295, 41.3967509 ] } },
{ "type": "Feature", "properties": { "osm_id": 4254702419, "shop_type": "supermarket", "name": "Suma", "lat": 41.3918035, "lon": 2.1787023, "brand": "Suma", "organic": null, "h3_index": "89394460e1bffff" }, "geometry": { "type": "Point", "coordinates": [ 2.1787023, 41.3918035 ] } },
{ "type": "Feature", "properties": { "osm_id": 4254708858, "shop_type": "convenience", "name": "Carrefour Express", "lat": 41.3932626, "lon": 2.1752293, "brand": "Carrefour Express", "organic": null, "h3_index": "89394460ec7ffff" }, "geometry": { "type": "Point", "coordinates": [ 2.1752293, 41.3932626 ] } },
{ "type": "Feature", "properties": { "osm_id": 4254730727, "shop_type": "bakery", "name": "365", "lat": 41.3893923, "lon": 2.1743981, "brand": null, "organic": null, "h3_index": "89394460e57ffff" }, "geometry": { "type": "Point", "coordinates": [ 2.1743981, 41.3893923 ] } },
{ "type": "Feature", "properties": { "osm_id": 4278033117, "shop_type": "bakery", "name": "365 Café", "lat": 41.4021454, "lon": 2.1738907, "brand": null, "organic": null, "h3_index": "89394460e93ffff" }, "geometry": { "type": "Point", "coordinates": [ 2.1738907, 41.4021454 ] } },
{ "type": "Feature", "properties": { "osm_id": 4281898366, "shop_type": "butcher", "name": "Unknown", "lat": 41.4106135, "lon": 2.1639691, "brand": null, "organic": null, "h3_index": "89394460117ffff" }, "geometry": { "type": "Point", "coordinates": [ 2.1639691, 41.4106135 ] } },
{ "type": "Feature", "properties": { "osm_id": 4306656624, "shop_type": "greengrocer", "name": "Unknown", "lat": 41.4166981, "lon": 2.1954962, "brand": null, "organic": null, "h3_index": "89394460cabffff" }, "geometry": { "type": "Point", "coordinates": [ 2.1954962, 41.4166981 ] } },
{ "type": "Feature", "properties": { "osm_id": 4306656631, "shop_type": "supermarket", "name": "Caprabo", "lat": 41.4158211, "lon": 2.1951019, "brand": "Caprabo", "organic": null, "h3_index": "89394460cabffff" }, "geometry": { "type": "Point", "coordinates": [ 2.1951019, 41.4158211 ] } },
{ "type": "Feature", "properties": { "osm_id": 4306656638, "shop_type": "bakery", "name": "Maxcipa", "lat": 41.4170803, "lon": 2.1961641, "brand": null, "organic": null, "h3_index": "89394460cabffff" }, "geometry": { "type": "Point", "coordinates": [ 2.1961641, 41.4170803 ] } },
{ "type": "Feature", "properties": { "osm_id": 4306656640, "shop_type": "bakery", "name": "Granier", "lat": 41.4163976, "lon": 2.1965627, "brand": "Granier", "organic": null, "h3_index": "89394460cabffff" }, "geometry": { "type": "Point", "coordinates": [ 2.1965627, 41.4163976 ] } },
{ "type": "Feature", "properties": { "osm_id": 4306656645, "shop_type": "supermarket", "name": "Condis", "lat": 41.4155978, "lon": 2.1953782, "brand": null, "organic": null, "h3_index": "89394460cabffff" }, "geometry": { "type": "Point", "coordinates": [ 2.1953782, 41.4155978 ] } },
{ "type": "Feature", "properties": { "osm_id": 4307026120, "shop_type": "supermarket", "name": "BonÀrea", "lat": 41.4175854, "lon": 2.2049086, "brand": "BonÀrea", "organic": null, "h3_index": "89394460ddbffff" }, "geometry": { "type": "Point", "coordinates": [ 2.2049086, 41.4175854 ] } },
{ "type": "Feature", "properties": { "osm_id": 4312551851, "shop_type": "bakery", "name": "Macxipá", "lat": 41.3905046, "lon": 2.1258559, "brand": null, "organic": null, "h3_index": "89394460287ffff" }, "geometry": { "type": "Point", "coordinates": [ 2.1258559, 41.3905046 ] } },
{ "type": "Feature", "properties": { "osm_id": 4313363189, "shop_type": "greengrocer", "name": "Cal Rosset", "lat": 41.3971327, "lon": 2.176868, "brand": null, "organic": null, "h3_index": "89394460e8bffff" }, "geometry": { "type": "Point", "coordinates": [ 2.176868, 41.3971327 ] } },
{ "type": "Feature", "properties": { "osm_id": 4316590319, "shop_type": "greengrocer", "name": "Luca's Fruit", "lat": 41.4133679, "lon": 2.1936004, "brand": null, "organic": null, "h3_index": "89394460c07ffff" }, "geometry": { "type": "Point", "coordinates": [ 2.1936004, 41.4133679 ] } },
{ "type": "Feature", "properties": { "osm_id": 4319216092, "shop_type": "convenience", "name": "Krakoviak", "lat": 41.4030283, "lon": 2.1717211, "brand": null, "organic": null, "h3_index": "8939446012bffff" }, "geometry": { "type": "Point", "coordinates": [ 2.1717211, 41.4030283 ] } },
{ "type": "Feature", "properties": { "osm_id": 4319325291, "shop_type": "supermarket", "name": "Veritas", "lat": 41.3759282, "lon": 2.1491964, "brand": null, "organic": null, "h3_index": "89394461cb7ffff" }, "geometry": { "type": "Point", "coordinates": [ 2.1491964, 41.3759282 ] } },
{ "type": "Feature", "properties": { "osm_id": 4319327990, "shop_type": "supermarket", "name": "Veritas", "lat": 41.3827281, "lon": 2.1685458, "brand": null, "organic": "only", "h3_index": "89394461d97ffff" }, "geometry": { "type": "Point", "coordinates": [ 2.1685458, 41.3827281 ] } },
{ "type": "Feature", "properties": { "osm_id": 4319362789, "shop_type": "bakery", "name": "La Pallaresa", "lat": 41.3828951, "lon": 2.1728035, "brand": null, "organic": null, "h3_index": "89394460e4bffff" }, "geometry": { "type": "Point", "coordinates": [ 2.1728035, 41.3828951 ] } },
{ "type": "Feature", "properties": { "osm_id": 4319673894, "shop_type": "greengrocer", "name": "La Bordiny", "lat": 41.383278, "lon": 2.1777725, "brand": null, "organic": null, "h3_index": "89394460e4fffff" }, "geometry": { "type": "Point", "coordinates": [ 2.1777725, 41.383278 ] } },
{ "type": "Feature", "properties": { "osm_id": 4321302589, "shop_type": "bakery", "name": "Tartela", "lat": 41.3771709, "lon": 2.149765, "brand": null, "organic": null, "h3_index": "89394461cb7ffff" }, "geometry": { "type": "Point", "coordinates": [ 2.149765, 41.3771709 ] } },
{ "type": "Feature", "properties": { "osm_id": 4325500689, "shop_type": "greengrocer", "name": "Bofarull", "lat": 41.4171452, "lon": 2.1882484, "brand": null, "organic": null, "h3_index": "89394460c8bffff" }, "geometry": { "type": "Point", "coordinates": [ 2.1882484, 41.4171452 ] } },
{ "type": "Feature", "properties": { "osm_id": 4334598705, "shop_type": "supermarket", "name": "BonÀrea", "lat": 41.4076204, "lon": 2.1882947, "brand": "BonÀrea", "organic": null, "h3_index": "89394460c47ffff" }, "geometry": { "type": "Point", "coordinates": [ 2.1882947, 41.4076204 ] } },
{ "type": "Feature", "properties": { "osm_id": 4335096941, "shop_type": "supermarket", "name": "Condis", "lat": 41.4131069, "lon": 2.19411, "brand": "Condis", "organic": null, "h3_index": "89394460c07ffff" }, "geometry": { "type": "Point", "coordinates": [ 2.19411, 41.4131069 ] } },
{ "type": "Feature", "properties": { "osm_id": 4338768696, "shop_type": "greengrocer", "name": "Frutería Gran Vista", "lat": 41.4188545, "lon": 2.1574627, "brand": null, "organic": null, "h3_index": "89394460193ffff" }, "geometry": { "type": "Point", "coordinates": [ 2.1574627, 41.4188545 ] } },
{ "type": "Feature", "properties": { "osm_id": 4339716593, "shop_type": "supermarket", "name": "Hiper Galicia", "lat": 41.3786928, "lon": 2.1396824, "brand": null, "organic": null, "h3_index": "8939446022fffff" }, "geometry": { "type": "Point", "coordinates": [ 2.1396824, 41.3786928 ] } },
{ "type": "Feature", "properties": { "osm_id": 4346562600, "shop_type": "supermarket", "name": "bonarea", "lat": 41.3934288, "lon": 2.1882383, "brand": null, "organic": null, "h3_index": "89394460e33ffff" }, "geometry": { "type": "Point", "coordinates": [ 2.1882383, 41.3934288 ] } },
{ "type": "Feature", "properties": { "osm_id": 4347735694, "shop_type": "supermarket", "name": "Dia", "lat": 41.4218024, "lon": 2.2048464, "brand": "Dia", "organic": null, "h3_index": "89394462b6bffff" }, "geometry": { "type": "Point", "coordinates": [ 2.2048464, 41.4218024 ] } },
{ "type": "Feature", "properties": { "osm_id": 4352594692, "shop_type": "greengrocer", "name": "Unknown", "lat": 41.4229043, "lon": 2.2061095, "brand": null, "organic": null, "h3_index": "89394462b6fffff" }, "geometry": { "type": "Point", "coordinates": [ 2.2061095, 41.4229043 ] } },
{ "type": "Feature", "properties": { "osm_id": 4362317796, "shop_type": "supermarket", "name": "Badulake Reig", "lat": 41.3774794, "lon": 2.1156672, "brand": null, "organic": null, "h3_index": "89394460253ffff" }, "geometry": { "type": "Point", "coordinates": [ 2.1156672, 41.3774794 ] } },
{ "type": "Feature", "properties": { "osm_id": 4362319491, "shop_type": "greengrocer", "name": "Disfruta", "lat": 41.3766557, "lon": 2.1142782, "brand": null, "organic": null, "h3_index": "8939446025bffff" }, "geometry": { "type": "Point", "coordinates": [ 2.1142782, 41.3766557 ] } },
{ "type": "Feature", "properties": { "osm_id": 4362319991, "shop_type": "bakery", "name": "Unknown", "lat": 41.3766921, "lon": 2.1143052, "brand": null, "organic": null, "h3_index": "8939446025bffff" }, "geometry": { "type": "Point", "coordinates": [ 2.1143052, 41.3766921 ] } },
{ "type": "Feature", "properties": { "osm_id": 4362321994, "shop_type": "convenience", "name": "Charter", "lat": 41.3768063, "lon": 2.1144424, "brand": null, "organic": null, "h3_index": "8939446025bffff" }, "geometry": { "type": "Point", "coordinates": [ 2.1144424, 41.3768063 ] } },
{ "type": "Feature", "properties": { "osm_id": 4362324693, "shop_type": "greengrocer", "name": "Áreas de alimentación", "lat": 41.3776679, "lon": 2.1160498, "brand": null, "organic": null, "h3_index": "89394460253ffff" }, "geometry": { "type": "Point", "coordinates": [ 2.1160498, 41.3776679 ] } },
{ "type": "Feature", "properties": { "osm_id": 4362324696, "shop_type": "butcher", "name": "Avenida", "lat": 41.3771308, "lon": 2.1169088, "brand": null, "organic": null, "h3_index": "89394460243ffff" }, "geometry": { "type": "Point", "coordinates": [ 2.1169088, 41.3771308 ] } },
{ "type": "Feature", "properties": { "osm_id": 4362324890, "shop_type": "greengrocer", "name": "Capella Fruits s.l.", "lat": 41.3292448, "lon": 2.1151316, "brand": null, "organic": null, "h3_index": "8939446ad8bffff" }, "geometry": { "type": "Point", "coordinates": [ 2.1151316, 41.3292448 ] } },
{ "type": "Feature", "properties": { "osm_id": 4362330890, "shop_type": "bakery", "name": "Unknown", "lat": 41.3779856, "lon": 2.1147169, "brand": null, "organic": null, "h3_index": "89394460253ffff" }, "geometry": { "type": "Point", "coordinates": [ 2.1147169, 41.3779856 ] } },
{ "type": "Feature", "properties": { "osm_id": 4362351790, "shop_type": "supermarket", "name": "Almar", "lat": 41.3759295, "lon": 2.1149871, "brand": null, "organic": null, "h3_index": "8939446025bffff" }, "geometry": { "type": "Point", "coordinates": [ 2.1149871, 41.3759295 ] } },
{ "type": "Feature", "properties": { "osm_id": 4364246895, "shop_type": "bakery", "name": "forn de sant", "lat": 41.3906813, "lon": 2.1642736, "brand": null, "organic": null, "h3_index": "89394460337ffff" }, "geometry": { "type": "Point", "coordinates": [ 2.1642736, 41.3906813 ] } },
{ "type": "Feature", "properties": { "osm_id": 4365104194, "shop_type": "convenience", "name": "Unknown", "lat": 41.3849419, "lon": 2.1323241, "brand": null, "organic": null, "h3_index": "89394460233ffff" }, "geometry": { "type": "Point", "coordinates": [ 2.1323241, 41.3849419 ] } },
{ "type": "Feature", "properties": { "osm_id": 4365118399, "shop_type": "supermarket", "name": "Consum", "lat": 41.3848443, "lon": 2.1321842, "brand": "Consum", "organic": null, "h3_index": "89394460233ffff" }, "geometry": { "type": "Point", "coordinates": [ 2.1321842, 41.3848443 ] } },
{ "type": "Feature", "properties": { "osm_id": 4367138089, "shop_type": "bakery", "name": "Lukumas Doughnut Shop", "lat": 41.4048033, "lon": 2.1541552, "brand": null, "organic": null, "h3_index": "89394460153ffff" }, "geometry": { "type": "Point", "coordinates": [ 2.1541552, 41.4048033 ] } },
{ "type": "Feature", "properties": { "osm_id": 4378968935, "shop_type": "convenience", "name": "Unknown", "lat": 41.4149686, "lon": 2.2170577, "brand": null, "organic": null, "h3_index": "89394460d0bffff" }, "geometry": { "type": "Point", "coordinates": [ 2.2170577, 41.4149686 ] } },
{ "type": "Feature", "properties": { "osm_id": 4378972232, "shop_type": "convenience", "name": "Unknown", "lat": 41.4143208, "lon": 2.2179992, "brand": null, "organic": null, "h3_index": "89394460d0bffff" }, "geometry": { "type": "Point", "coordinates": [ 2.2179992, 41.4143208 ] } },
{ "type": "Feature", "properties": { "osm_id": 4380647080, "shop_type": "supermarket", "name": "Bon Area", "lat": 41.4208674, "lon": 2.149578, "brand": "Bon Area", "organic": null, "h3_index": "89394460577ffff" }, "geometry": { "type": "Point", "coordinates": [ 2.149578, 41.4208674 ] } },
{ "type": "Feature", "properties": { "osm_id": 4380647081, "shop_type": "supermarket", "name": "Dia", "lat": 41.421064, "lon": 2.1497832, "brand": "Dia", "organic": null, "h3_index": "89394460577ffff" }, "geometry": { "type": "Point", "coordinates": [ 2.1497832, 41.421064 ] } },
{ "type": "Feature", "properties": { "osm_id": 4380647082, "shop_type": "convenience", "name": "la Teixonera", "lat": 41.4210298, "lon": 2.1505306, "brand": null, "organic": null, "h3_index": "89394460577ffff" }, "geometry": { "type": "Point", "coordinates": [ 2.1505306, 41.4210298 ] } },
{ "type": "Feature", "properties": { "osm_id": 4381858546, "shop_type": "supermarket", "name": "Supercor", "lat": 41.3987468, "lon": 2.1565983, "brand": "Supercor", "organic": null, "h3_index": "8939446014bffff" }, "geometry": { "type": "Point", "coordinates": [ 2.1565983, 41.3987468 ] } },
{ "type": "Feature", "properties": { "osm_id": 4382796181, "shop_type": "supermarket", "name": "Condis", "lat": 41.4115022, "lon": 2.171973, "brand": "Condis", "organic": null, "h3_index": "893944601afffff" }, "geometry": { "type": "Point", "coordinates": [ 2.171973, 41.4115022 ] } },
{ "type": "Feature", "properties": { "osm_id": 4383729290, "shop_type": "convenience", "name": "Supercor", "lat": 41.4056399, "lon": 2.1731975, "brand": "Supercor", "organic": null, "h3_index": "89394460123ffff" }, "geometry": { "type": "Point", "coordinates": [ 2.1731975, 41.4056399 ] } },
{ "type": "Feature", "properties": { "osm_id": 4383888612, "shop_type": "supermarket", "name": "keisy", "lat": 41.4086255, "lon": 2.1697112, "brand": null, "organic": null, "h3_index": "89394460133ffff" }, "geometry": { "type": "Point", "coordinates": [ 2.1697112, 41.4086255 ] } },
{ "type": "Feature", "properties": { "osm_id": 4383889598, "shop_type": "supermarket", "name": "EL superLatink", "lat": 41.4063871, "lon": 2.1727047, "brand": null, "organic": null, "h3_index": "89394460123ffff" }, "geometry": { "type": "Point", "coordinates": [ 2.1727047, 41.4063871 ] } },
{ "type": "Feature", "properties": { "osm_id": 4391046091, "shop_type": "supermarket", "name": "Unknown", "lat": 41.3757112, "lon": 2.1893739, "brand": null, "organic": null, "h3_index": "89394460ac3ffff" }, "geometry": { "type": "Point", "coordinates": [ 2.1893739, 41.3757112 ] } },
{ "type": "Feature", "properties": { "osm_id": 4391716589, "shop_type": "supermarket", "name": "Unknown", "lat": 41.3931177, "lon": 2.1995985, "brand": null, "organic": null, "h3_index": "89394460853ffff" }, "geometry": { "type": "Point", "coordinates": [ 2.1995985, 41.3931177 ] } },
{ "type": "Feature", "properties": { "osm_id": 4392820595, "shop_type": "bakery", "name": "Teixindó", "lat": 41.39893, "lon": 2.1748831, "brand": null, "organic": null, "h3_index": "89394460e9bffff" }, "geometry": { "type": "Point", "coordinates": [ 2.1748831, 41.39893 ] } },
{ "type": "Feature", "properties": { "osm_id": 4392863989, "shop_type": "supermarket", "name": "Sorli Discau", "lat": 41.398686, "lon": 2.1760335, "brand": "Sorli Discau", "organic": null, "h3_index": "89394460e83ffff" }, "geometry": { "type": "Point", "coordinates": [ 2.1760335, 41.398686 ] } },
{ "type": "Feature", "properties": { "osm_id": 4402776205, "shop_type": "bakery", "name": "Forn Sarret", "lat": 41.3947443, "lon": 2.1708889, "brand": null, "organic": null, "h3_index": "89394460ed7ffff" }, "geometry": { "type": "Point", "coordinates": [ 2.1708889, 41.3947443 ] } },
{ "type": "Feature", "properties": { "osm_id": 4410146951, "shop_type": "supermarket", "name": "Scorli Discau", "lat": 41.4091912, "lon": 2.1786843, "brand": null, "organic": null, "h3_index": "89394460ccbffff" }, "geometry": { "type": "Point", "coordinates": [ 2.1786843, 41.4091912 ] } },
{ "type": "Feature", "properties": { "osm_id": 4414952591, "shop_type": "supermarket", "name": "Unknown", "lat": 41.3824784, "lon": 2.1595079, "brand": null, "organic": null, "h3_index": "89394460377ffff" }, "geometry": { "type": "Point", "coordinates": [ 2.1595079, 41.3824784 ] } },
{ "type": "Feature", "properties": { "osm_id": 4420361990, "shop_type": "greengrocer", "name": "Joanic S.L.", "lat": 41.4016453, "lon": 2.1591965, "brand": null, "organic": null, "h3_index": "89394460147ffff" }, "geometry": { "type": "Point", "coordinates": [ 2.1591965, 41.4016453 ] } },
{ "type": "Feature", "properties": { "osm_id": 4420364089, "shop_type": "supermarket", "name": "Granja Armengol", "lat": 41.4021816, "lon": 2.1603257, "brand": null, "organic": null, "h3_index": "89394460147ffff" }, "geometry": { "type": "Point", "coordinates": [ 2.1603257, 41.4021816 ] } },
{ "type": "Feature", "properties": { "osm_id": 4424085590, "shop_type": "bakery", "name": "Turris", "lat": 41.3877784, "lon": 2.1558911, "brand": null, "organic": null, "h3_index": "89394460307ffff" }, "geometry": { "type": "Point", "coordinates": [ 2.1558911, 41.3877784 ] } },
{ "type": "Feature", "properties": { "osm_id": 4427831130, "shop_type": "convenience", "name": "СамСмак Маркет", "lat": 41.3742231, "lon": 2.1672881, "brand": null, "organic": null, "h3_index": "89394461d13ffff" }, "geometry": { "type": "Point", "coordinates": [ 2.1672881, 41.3742231 ] } },
{ "type": "Feature", "properties": { "osm_id": 4434404216, "shop_type": "supermarket", "name": "Sorli Discau", "lat": 41.4214112, "lon": 2.2042005, "brand": "Sorli Discau", "organic": null, "h3_index": "89394462b6bffff" }, "geometry": { "type": "Point", "coordinates": [ 2.2042005, 41.4214112 ] } },
{ "type": "Feature", "properties": { "osm_id": 4434449200, "shop_type": "supermarket", "name": "Condis", "lat": 41.4206827, "lon": 2.2032339, "brand": "Condis", "organic": null, "h3_index": "89394460ca7ffff" }, "geometry": { "type": "Point", "coordinates": [ 2.2032339, 41.4206827 ] } },
{ "type": "Feature", "properties": { "osm_id": 4435610989, "shop_type": "bakery", "name": "Pastisseria Canal", "lat": 41.39383, "lon": 2.1441497, "brand": null, "organic": null, "h3_index": "8939446039bffff" }, "geometry": { "type": "Point", "coordinates": [ 2.1441497, 41.39383 ] } },
{ "type": "Feature", "properties": { "osm_id": 4440634565, "shop_type": "supermarket", "name": "Caprabo", "lat": 41.3971459, "lon": 2.1514379, "brand": "Caprabo", "organic": null, "h3_index": "89394460397ffff" }, "geometry": { "type": "Point", "coordinates": [ 2.1514379, 41.3971459 ] } },
{ "type": "Feature", "properties": { "osm_id": 4461835296, "shop_type": "convenience", "name": "Pak Súper Alimentació", "lat": 41.4114138, "lon": 2.1403615, "brand": null, "organic": null, "h3_index": "893944600b3ffff" }, "geometry": { "type": "Point", "coordinates": [ 2.1403615, 41.4114138 ] } },
{ "type": "Feature", "properties": { "osm_id": 4461837773, "shop_type": "supermarket", "name": "BonÀrea", "lat": 41.4116126, "lon": 2.1408942, "brand": "BonÀrea", "organic": null, "h3_index": "893944600b3ffff" }, "geometry": { "type": "Point", "coordinates": [ 2.1408942, 41.4116126 ] } },
{ "type": "Feature", "properties": { "osm_id": 4464201889, "shop_type": "convenience", "name": "Carrefour", "lat": 41.3862607, "lon": 2.1573545, "brand": "Carrefour", "organic": null, "h3_index": "8939446033bffff" }, "geometry": { "type": "Point", "coordinates": [ 2.1573545, 41.3862607 ] } },
{ "type": "Feature", "properties": { "osm_id": 4472942328, "shop_type": "supermarket", "name": "Sorli Discau", "lat": 41.4075811, "lon": 2.1343971, "brand": "Sorli Discau", "organic": null, "h3_index": "8939446008fffff" }, "geometry": { "type": "Point", "coordinates": [ 2.1343971, 41.4075811 ] } },
{ "type": "Feature", "properties": { "osm_id": 4474981247, "shop_type": "supermarket", "name": "Caprabo", "lat": 41.4080919, "lon": 2.1366124, "brand": "Caprabo", "organic": null, "h3_index": "89394460017ffff" }, "geometry": { "type": "Point", "coordinates": [ 2.1366124, 41.4080919 ] } },
{ "type": "Feature", "properties": { "osm_id": 4482315393, "shop_type": "butcher", "name": "PCQ - Productes del Cinquè Quart", "lat": 41.3351853, "lon": 2.1144336, "brand": null, "organic": null, "h3_index": "8939446ad93ffff" }, "geometry": { "type": "Point", "coordinates": [ 2.1144336, 41.3351853 ] } },
{ "type": "Feature", "properties": { "osm_id": 4486689665, "shop_type": "greengrocer", "name": "Ametller Origen", "lat": 41.3973402, "lon": 2.1513028, "brand": null, "organic": null, "h3_index": "89394460397ffff" }, "geometry": { "type": "Point", "coordinates": [ 2.1513028, 41.3973402 ] } },
{ "type": "Feature", "properties": { "osm_id": 4487353990, "shop_type": "bakery", "name": "Unknown", "lat": 41.4429907, "lon": 2.1720352, "brand": null, "organic": null, "h3_index": "8939446285bffff" }, "geometry": { "type": "Point", "coordinates": [ 2.1720352, 41.4429907 ] } },
{ "type": "Feature", "properties": { "osm_id": 4489090990, "shop_type": "supermarket", "name": "Mi Alcampo", "lat": 41.3863467, "lon": 2.1814403, "brand": null, "organic": null, "h3_index": "89394460e73ffff" }, "geometry": { "type": "Point", "coordinates": [ 2.1814403, 41.3863467 ] } },
{ "type": "Feature", "properties": { "osm_id": 4492364792, "shop_type": "supermarket", "name": "Dia", "lat": 41.4413254, "lon": 2.1775861, "brand": "Dia", "organic": null, "h3_index": "8939446284bffff" }, "geometry": { "type": "Point", "coordinates": [ 2.1775861, 41.4413254 ] } },
{ "type": "Feature", "properties": { "osm_id": 4496995705, "shop_type": "supermarket", "name": "Unknown", "lat": 41.4374271, "lon": 2.1730545, "brand": null, "organic": null, "h3_index": "89394462a87ffff" }, "geometry": { "type": "Point", "coordinates": [ 2.1730545, 41.4374271 ] } },
{ "type": "Feature", "properties": { "osm_id": 4518693471, "shop_type": "convenience", "name": "Casa Ruiz", "lat": 41.3935417, "lon": 2.152375, "brand": null, "organic": null, "h3_index": "8939446038fffff" }, "geometry": { "type": "Point", "coordinates": [ 2.152375, 41.3935417 ] } },
{ "type": "Feature", "properties": { "osm_id": 4520259189, "shop_type": "bakery", "name": "Vivari", "lat": 41.394757, "lon": 2.1534873, "brand": null, "organic": null, "h3_index": "89394460387ffff" }, "geometry": { "type": "Point", "coordinates": [ 2.1534873, 41.394757 ] } },
{ "type": "Feature", "properties": { "osm_id": 4524478735, "shop_type": "bakery", "name": "Unknown", "lat": 41.4217975, "lon": 2.1976146, "brand": null, "organic": null, "h3_index": "89394460cb3ffff" }, "geometry": { "type": "Point", "coordinates": [ 2.1976146, 41.4217975 ] } },
{ "type": "Feature", "properties": { "osm_id": 4543077367, "shop_type": "supermarket", "name": "Dia", "lat": 41.4388496, "lon": 2.1727397, "brand": "Dia", "organic": null, "h3_index": "89394462a97ffff" }, "geometry": { "type": "Point", "coordinates": [ 2.1727397, 41.4388496 ] } },
{ "type": "Feature", "properties": { "osm_id": 4554324989, "shop_type": "bakery", "name": "Pastisseria Formentor", "lat": 41.4113695, "lon": 2.1594748, "brand": null, "organic": null, "h3_index": "89394460113ffff" }, "geometry": { "type": "Point", "coordinates": [ 2.1594748, 41.4113695 ] } },
{ "type": "Feature", "properties": { "osm_id": 4568287591, "shop_type": "supermarket", "name": "Consum", "lat": 41.3757257, "lon": 2.1645498, "brand": "Consum", "organic": null, "h3_index": "89394461d8bffff" }, "geometry": { "type": "Point", "coordinates": [ 2.1645498, 41.3757257 ] } },
{ "type": "Feature", "properties": { "osm_id": 4568287592, "shop_type": "supermarket", "name": "Bodega Molino", "lat": 41.3763035, "lon": 2.1649387, "brand": "Caprabo", "organic": null, "h3_index": "89394461d8bffff" }, "geometry": { "type": "Point", "coordinates": [ 2.1649387, 41.3763035 ] } },
{ "type": "Feature", "properties": { "osm_id": 4572055092, "shop_type": "greengrocer", "name": "Awami", "lat": 41.3755083, "lon": 2.1676102, "brand": null, "organic": null, "h3_index": "89394461d8fffff" }, "geometry": { "type": "Point", "coordinates": [ 2.1676102, 41.3755083 ] } },
{ "type": "Feature", "properties": { "osm_id": 4578322589, "shop_type": "supermarket", "name": "Mercadona", "lat": 41.4061984, "lon": 2.1349904, "brand": "Mercadona", "organic": null, "h3_index": "89394460017ffff" }, "geometry": { "type": "Point", "coordinates": [ 2.1349904, 41.4061984 ] } },
{ "type": "Feature", "properties": { "osm_id": 4584153246, "shop_type": "supermarket", "name": "Condis", "lat": 41.3789732, "lon": 2.1570762, "brand": "Condis", "organic": null, "h3_index": "89394460363ffff" }, "geometry": { "type": "Point", "coordinates": [ 2.1570762, 41.3789732 ] } },
{ "type": "Feature", "properties": { "osm_id": 4584153247, "shop_type": "supermarket", "name": "Condis", "lat": 41.3791256, "lon": 2.1595395, "brand": "Condis", "organic": null, "h3_index": "89394460367ffff" }, "geometry": { "type": "Point", "coordinates": [ 2.1595395, 41.3791256 ] } },
{ "type": "Feature", "properties": { "osm_id": 4587446891, "shop_type": "greengrocer", "name": "Unknown", "lat": 41.4051889, "lon": 2.1421168, "brand": null, "organic": null, "h3_index": "89394460033ffff" }, "geometry": { "type": "Point", "coordinates": [ 2.1421168, 41.4051889 ] } },
{ "type": "Feature", "properties": { "osm_id": 4637468755, "shop_type": "greengrocer", "name": "Veritas", "lat": 41.4022843, "lon": 2.1345886, "brand": null, "organic": "only", "h3_index": "89394460003ffff" }, "geometry": { "type": "Point", "coordinates": [ 2.1345886, 41.4022843 ] } },
{ "type": "Feature", "properties": { "osm_id": 4637468756, "shop_type": "supermarket", "name": "Caprabo", "lat": 41.4049674, "lon": 2.1328276, "brand": "Caprabo", "organic": "yes", "h3_index": "89394460013ffff" }, "geometry": { "type": "Point", "coordinates": [ 2.1328276, 41.4049674 ] } },
{ "type": "Feature", "properties": { "osm_id": 4637468757, "shop_type": "supermarket", "name": "BonÀrea", "lat": 41.4049079, "lon": 2.1327715, "brand": "BonÀrea", "organic": "no", "h3_index": "89394460013ffff" }, "geometry": { "type": "Point", "coordinates": [ 2.1327715, 41.4049079 ] } },
{ "type": "Feature", "properties": { "osm_id": 4638522949, "shop_type": "supermarket", "name": "Mercadona", "lat": 41.4351011, "lon": 2.1813542, "brand": "Mercadona", "organic": null, "h3_index": "89394462aa3ffff" }, "geometry": { "type": "Point", "coordinates": [ 2.1813542, 41.4351011 ] } },
{ "type": "Feature", "properties": { "osm_id": 4643912977, "shop_type": "convenience", "name": "Pròxim Supermercats", "lat": 41.4032925, "lon": 2.1309532, "brand": null, "organic": null, "h3_index": "8939446001bffff" }, "geometry": { "type": "Point", "coordinates": [ 2.1309532, 41.4032925 ] } },
{ "type": "Feature", "properties": { "osm_id": 4653437489, "shop_type": "greengrocer", "name": "Unknown", "lat": 41.3758245, "lon": 2.168835, "brand": null, "organic": null, "h3_index": "89394461d8fffff" }, "geometry": { "type": "Point", "coordinates": [ 2.168835, 41.3758245 ] } },
{ "type": "Feature", "properties": { "osm_id": 4653437690, "shop_type": "convenience", "name": "Estanc", "lat": 41.3769115, "lon": 2.165068, "brand": null, "organic": null, "h3_index": "89394461d8bffff" }, "geometry": { "type": "Point", "coordinates": [ 2.165068, 41.3769115 ] } },
{ "type": "Feature", "properties": { "osm_id": 4659758691, "shop_type": "bakery", "name": "Barot", "lat": 41.3774363, "lon": 2.1641201, "brand": null, "organic": null, "h3_index": "89394461d9bffff" }, "geometry": { "type": "Point", "coordinates": [ 2.1641201, 41.3774363 ] } },
{ "type": "Feature", "properties": { "osm_id": 4659812089, "shop_type": "convenience", "name": "Multipreus", "lat": 41.3770744, "lon": 2.1655503, "brand": null, "organic": null, "h3_index": "89394461d8bffff" }, "geometry": { "type": "Point", "coordinates": [ 2.1655503, 41.3770744 ] } },
{ "type": "Feature", "properties": { "osm_id": 4661182690, "shop_type": "convenience", "name": "Frescon", "lat": 41.3757833, "lon": 2.1664443, "brand": null, "organic": null, "h3_index": "89394461d8bffff" }, "geometry": { "type": "Point", "coordinates": [ 2.1664443, 41.3757833 ] } },
{ "type": "Feature", "properties": { "osm_id": 4663728890, "shop_type": "bakery", "name": "365", "lat": 41.3866168, "lon": 2.1754164, "brand": null, "organic": null, "h3_index": "89394460e57ffff" }, "geometry": { "type": "Point", "coordinates": [ 2.1754164, 41.3866168 ] } },
{ "type": "Feature", "properties": { "osm_id": 4663755890, "shop_type": "supermarket", "name": "Coaliment", "lat": 41.387119, "lon": 2.174804, "brand": "Coaliment", "organic": null, "h3_index": "89394460e57ffff" }, "geometry": { "type": "Point", "coordinates": [ 2.174804, 41.387119 ] } },
{ "type": "Feature", "properties": { "osm_id": 4668742391, "shop_type": "convenience", "name": "Supermercat 24", "lat": 41.3751934, "lon": 2.1626371, "brand": null, "organic": null, "h3_index": "89394461dd7ffff" }, "geometry": { "type": "Point", "coordinates": [ 2.1626371, 41.3751934 ] } },
{ "type": "Feature", "properties": { "osm_id": 4677235196, "shop_type": "convenience", "name": "Proxim Supermercats", "lat": 41.4013242, "lon": 2.1242591, "brand": null, "organic": null, "h3_index": "893944600cbffff" }, "geometry": { "type": "Point", "coordinates": [ 2.1242591, 41.4013242 ] } },
{ "type": "Feature", "properties": { "osm_id": 4677240576, "shop_type": "greengrocer", "name": "Grup Dylan", "lat": 41.4029216, "lon": 2.127074, "brand": null, "organic": null, "h3_index": "893944600cfffff" }, "geometry": { "type": "Point", "coordinates": [ 2.127074, 41.4029216 ] } },
{ "type": "Feature", "properties": { "osm_id": 4680779998, "shop_type": "supermarket", "name": "Veritas", "lat": 41.3955203, "lon": 2.1249977, "brand": null, "organic": "only", "h3_index": "8939446005bffff" }, "geometry": { "type": "Point", "coordinates": [ 2.1249977, 41.3955203 ] } },
{ "type": "Feature", "properties": { "osm_id": 4680779999, "shop_type": "supermarket", "name": "Veritas", "lat": 41.3992646, "lon": 2.1514522, "brand": null, "organic": "only", "h3_index": "89394460397ffff" }, "geometry": { "type": "Point", "coordinates": [ 2.1514522, 41.3992646 ] } },
{ "type": "Feature", "properties": { "osm_id": 4680826598, "shop_type": "supermarket", "name": "Caprabo", "lat": 41.3803126, "lon": 2.1477257, "brand": "Caprabo", "organic": null, "h3_index": "89394460343ffff" }, "geometry": { "type": "Point", "coordinates": [ 2.1477257, 41.3803126 ] } },
{ "type": "Feature", "properties": { "osm_id": 4696244802, "shop_type": "supermarket", "name": "ALDI", "lat": 41.3903004, "lon": 2.1459307, "brand": "ALDI", "organic": "yes", "h3_index": "893944603c7ffff" }, "geometry": { "type": "Point", "coordinates": [ 2.1459307, 41.3903004 ] } },
{ "type": "Feature", "properties": { "osm_id": 4707297137, "shop_type": "convenience", "name": "Mini Super Barat", "lat": 41.389076, "lon": 2.1499119, "brand": null, "organic": null, "h3_index": "89394460313ffff" }, "geometry": { "type": "Point", "coordinates": [ 2.1499119, 41.389076 ] } },
{ "type": "Feature", "properties": { "osm_id": 4711638427, "shop_type": "supermarket", "name": "Food Lion", "lat": 41.4029127, "lon": 2.1457466, "brand": null, "organic": null, "h3_index": "89394460023ffff" }, "geometry": { "type": "Point", "coordinates": [ 2.1457466, 41.4029127 ] } },
{ "type": "Feature", "properties": { "osm_id": 4715477691, "shop_type": "supermarket", "name": "Honesto", "lat": 41.3962809, "lon": 2.1751092, "brand": null, "organic": null, "h3_index": "89394460e8bffff" }, "geometry": { "type": "Point", "coordinates": [ 2.1751092, 41.3962809 ] } },
{ "type": "Feature", "properties": { "osm_id": 4715477891, "shop_type": "supermarket", "name": "Keisy", "lat": 41.3979866, "lon": 2.1761798, "brand": null, "organic": null, "h3_index": "89394460e83ffff" }, "geometry": { "type": "Point", "coordinates": [ 2.1761798, 41.3979866 ] } },
{ "type": "Feature", "properties": { "osm_id": 4715485889, "shop_type": "convenience", "name": "Unknown", "lat": 41.3958038, "lon": 2.1762621, "brand": null, "organic": null, "h3_index": "89394460e8bffff" }, "geometry": { "type": "Point", "coordinates": [ 2.1762621, 41.3958038 ] } },
{ "type": "Feature", "properties": { "osm_id": 4719233590, "shop_type": "convenience", "name": "Unknown", "lat": 41.40648, "lon": 2.1865116, "brand": null, "organic": null, "h3_index": "89394460c47ffff" }, "geometry": { "type": "Point", "coordinates": [ 2.1865116, 41.40648 ] } },
{ "type": "Feature", "properties": { "osm_id": 4719233591, "shop_type": "convenience", "name": "Ma Supermercat", "lat": 41.4019814, "lon": 2.1795454, "brand": null, "organic": null, "h3_index": "89394460e97ffff" }, "geometry": { "type": "Point", "coordinates": [ 2.1795454, 41.4019814 ] } },
{ "type": "Feature", "properties": { "osm_id": 4719260790, "shop_type": "convenience", "name": "Supermercat", "lat": 41.39646, "lon": 2.1753489, "brand": null, "organic": null, "h3_index": "89394460e8bffff" }, "geometry": { "type": "Point", "coordinates": [ 2.1753489, 41.39646 ] } },
{ "type": "Feature", "properties": { "osm_id": 4719820193, "shop_type": "butcher", "name": "Pons", "lat": 41.3984009, "lon": 2.1751216, "brand": null, "organic": null, "h3_index": "89394460e9bffff" }, "geometry": { "type": "Point", "coordinates": [ 2.1751216, 41.3984009 ] } },
{ "type": "Feature", "properties": { "osm_id": 4719839191, "shop_type": "butcher", "name": "Anna", "lat": 41.4183796, "lon": 2.1806946, "brand": null, "organic": null, "h3_index": "89394462a6fffff" }, "geometry": { "type": "Point", "coordinates": [ 2.1806946, 41.4183796 ] } },
{ "type": "Feature", "properties": { "osm_id": 4719839192, "shop_type": "bakery", "name": "l'Obrador dels 15", "lat": 41.4194755, "lon": 2.1810463, "brand": null, "organic": null, "h3_index": "89394462a6fffff" }, "geometry": { "type": "Point", "coordinates": [ 2.1810463, 41.4194755 ] } },
{ "type": "Feature", "properties": { "osm_id": 4721516007, "shop_type": "bakery", "name": "L'obrador dels 15", "lat": 41.4246641, "lon": 2.1766246, "brand": null, "organic": null, "h3_index": "89394462a73ffff" }, "geometry": { "type": "Point", "coordinates": [ 2.1766246, 41.4246641 ] } },
{ "type": "Feature", "properties": { "osm_id": 4721519791, "shop_type": "butcher", "name": "Unknown", "lat": 41.4216284, "lon": 2.1743131, "brand": null, "organic": null, "h3_index": "89394462a7bffff" }, "geometry": { "type": "Point", "coordinates": [ 2.1743131, 41.4216284 ] } },
{ "type": "Feature", "properties": { "osm_id": 4721520692, "shop_type": "greengrocer", "name": "Unknown", "lat": 41.4164517, "lon": 2.1781812, "brand": null, "organic": null, "h3_index": "89394460cd3ffff" }, "geometry": { "type": "Point", "coordinates": [ 2.1781812, 41.4164517 ] } },
{ "type": "Feature", "properties": { "osm_id": 4721520694, "shop_type": "butcher", "name": "La Bisbal", "lat": 41.4180582, "lon": 2.1735172, "brand": null, "organic": null, "h3_index": "893944601b7ffff" }, "geometry": { "type": "Point", "coordinates": [ 2.1735172, 41.4180582 ] } },
{ "type": "Feature", "properties": { "osm_id": 4721520700, "shop_type": "butcher", "name": "La Xarcuteca", "lat": 41.4186521, "lon": 2.1807521, "brand": null, "organic": null, "h3_index": "89394462a6fffff" }, "geometry": { "type": "Point", "coordinates": [ 2.1807521, 41.4186521 ] } },
{ "type": "Feature", "properties": { "osm_id": 4721521990, "shop_type": "supermarket", "name": "Super Verd", "lat": 41.4195572, "lon": 2.1726469, "brand": null, "organic": null, "h3_index": "89394462a7bffff" }, "geometry": { "type": "Point", "coordinates": [ 2.1726469, 41.4195572 ] } },
{ "type": "Feature", "properties": { "osm_id": 4721521996, "shop_type": "supermarket", "name": "Natura Fruts", "lat": 41.4210894, "lon": 2.1801945, "brand": null, "organic": null, "h3_index": "89394462a67ffff" }, "geometry": { "type": "Point", "coordinates": [ 2.1801945, 41.4210894 ] } },
{ "type": "Feature", "properties": { "osm_id": 4721547991, "shop_type": "supermarket", "name": "Holliday", "lat": 41.4189912, "lon": 2.1723503, "brand": null, "organic": null, "h3_index": "893944601b7ffff" }, "geometry": { "type": "Point", "coordinates": [ 2.1723503, 41.4189912 ] } },
{ "type": "Feature", "properties": { "osm_id": 4721547993, "shop_type": "bakery", "name": "Forn Verges", "lat": 41.4234133, "lon": 2.1755617, "brand": null, "organic": null, "h3_index": "89394462a73ffff" }, "geometry": { "type": "Point", "coordinates": [ 2.1755617, 41.4234133 ] } },
{ "type": "Feature", "properties": { "osm_id": 4721547994, "shop_type": "bakery", "name": "Mestres Forners", "lat": 41.425031, "lon": 2.1764794, "brand": null, "organic": null, "h3_index": "89394462a0fffff" }, "geometry": { "type": "Point", "coordinates": [ 2.1764794, 41.425031 ] } },
{ "type": "Feature", "properties": { "osm_id": 4721547996, "shop_type": "supermarket", "name": "BonÀrea", "lat": 41.4233816, "lon": 2.1783965, "brand": "BonÀrea", "organic": null, "h3_index": "89394462a77ffff" }, "geometry": { "type": "Point", "coordinates": [ 2.1783965, 41.4233816 ] } },
{ "type": "Feature", "properties": { "osm_id": 4721548000, "shop_type": "supermarket", "name": "Fresh", "lat": 41.4220878, "lon": 2.1792425, "brand": null, "organic": null, "h3_index": "89394462a63ffff" }, "geometry": { "type": "Point", "coordinates": [ 2.1792425, 41.4220878 ] } },
{ "type": "Feature", "properties": { "osm_id": 4721548001, "shop_type": "butcher", "name": "Assalam Halal", "lat": 41.4214676, "lon": 2.1799935, "brand": null, "organic": null, "h3_index": "89394462a67ffff" }, "geometry": { "type": "Point", "coordinates": [ 2.1799935, 41.4214676 ] } },
{ "type": "Feature", "properties": { "osm_id": 4721548491, "shop_type": "bakery", "name": "La Marquesa", "lat": 41.4199909, "lon": 2.1818106, "brand": null, "organic": null, "h3_index": "89394460c9bffff" }, "geometry": { "type": "Point", "coordinates": [ 2.1818106, 41.4199909 ] } },
{ "type": "Feature", "properties": { "osm_id": 4721903991, "shop_type": "bakery", "name": "Mon Pa", "lat": 41.4153661, "lon": 2.1801106, "brand": null, "organic": null, "h3_index": "89394460cd3ffff" }, "geometry": { "type": "Point", "coordinates": [ 2.1801106, 41.4153661 ] } },
{ "type": "Feature", "properties": { "osm_id": 4721937690, "shop_type": "bakery", "name": "La Rauxa de Cel", "lat": 41.4154333, "lon": 2.1804021, "brand": null, "organic": null, "h3_index": "89394460cd3ffff" }, "geometry": { "type": "Point", "coordinates": [ 2.1804021, 41.4154333 ] } },
{ "type": "Feature", "properties": { "osm_id": 4721937691, "shop_type": "bakery", "name": "Panissim", "lat": 41.4158877, "lon": 2.1796088, "brand": null, "organic": null, "h3_index": "89394460cd3ffff" }, "geometry": { "type": "Point", "coordinates": [ 2.1796088, 41.4158877 ] } },
{ "type": "Feature", "properties": { "osm_id": 4721942291, "shop_type": "supermarket", "name": "Maragall 99", "lat": 41.4183752, "lon": 2.1803372, "brand": null, "organic": null, "h3_index": "89394462a6fffff" }, "geometry": { "type": "Point", "coordinates": [ 2.1803372, 41.4183752 ] } },
{ "type": "Feature", "properties": { "osm_id": 4725621698, "shop_type": "supermarket", "name": "Jespac", "lat": 41.3751862, "lon": 2.1643581, "brand": null, "organic": null, "h3_index": "89394461d8bffff" }, "geometry": { "type": "Point", "coordinates": [ 2.1643581, 41.3751862 ] } },
{ "type": "Feature", "properties": { "osm_id": 4725692789, "shop_type": "supermarket", "name": "Unknown", "lat": 41.3758472, "lon": 2.1638533, "brand": null, "organic": null, "h3_index": "89394461d8bffff" }, "geometry": { "type": "Point", "coordinates": [ 2.1638533, 41.3758472 ] } },
{ "type": "Feature", "properties": { "osm_id": 4725697889, "shop_type": "greengrocer", "name": "Shally Fruit", "lat": 41.3747931, "lon": 2.1642922, "brand": null, "organic": null, "h3_index": "89394461d8bffff" }, "geometry": { "type": "Point", "coordinates": [ 2.1642922, 41.3747931 ] } },
{ "type": "Feature", "properties": { "osm_id": 4726093089, "shop_type": "convenience", "name": "Alimentació", "lat": 41.420879, "lon": 2.1737895, "brand": null, "organic": null, "h3_index": "89394462a7bffff" }, "geometry": { "type": "Point", "coordinates": [ 2.1737895, 41.420879 ] } },
{ "type": "Feature", "properties": { "osm_id": 4726583192, "shop_type": "bakery", "name": "Espan's", "lat": 41.3947392, "lon": 2.1707728, "brand": null, "organic": null, "h3_index": "89394460ed7ffff" }, "geometry": { "type": "Point", "coordinates": [ 2.1707728, 41.3947392 ] } },
{ "type": "Feature", "properties": { "osm_id": 4726583195, "shop_type": "convenience", "name": "Casp Alimentació", "lat": 41.3919924, "lon": 2.1746014, "brand": null, "organic": null, "h3_index": "89394460ec7ffff" }, "geometry": { "type": "Point", "coordinates": [ 2.1746014, 41.3919924 ] } },
{ "type": "Feature", "properties": { "osm_id": 4727186395, "shop_type": "butcher", "name": "Carnisseria Cansaladeria", "lat": 41.4066885, "lon": 2.1685356, "brand": null, "organic": null, "h3_index": "8939446013bffff" }, "geometry": { "type": "Point", "coordinates": [ 2.1685356, 41.4066885 ] } },
{ "type": "Feature", "properties": { "osm_id": 4727186397, "shop_type": "bakery", "name": "Forn Vell", "lat": 41.406324, "lon": 2.1674239, "brand": null, "organic": null, "h3_index": "8939446010fffff" }, "geometry": { "type": "Point", "coordinates": [ 2.1674239, 41.406324 ] } },
{ "type": "Feature", "properties": { "osm_id": 4727186398, "shop_type": "bakery", "name": "Mon Pa", "lat": 41.4048772, "lon": 2.1661392, "brand": null, "organic": null, "h3_index": "8939446010fffff" }, "geometry": { "type": "Point", "coordinates": [ 2.1661392, 41.4048772 ] } },
{ "type": "Feature", "properties": { "osm_id": 4727188391, "shop_type": "supermarket", "name": "Condis", "lat": 41.4052153, "lon": 2.1660866, "brand": "Condis", "organic": null, "h3_index": "8939446010fffff" }, "geometry": { "type": "Point", "coordinates": [ 2.1660866, 41.4052153 ] } },
{ "type": "Feature", "properties": { "osm_id": 4727188392, "shop_type": "supermarket", "name": "Cermo", "lat": 41.4051093, "lon": 2.1660697, "brand": null, "organic": null, "h3_index": "8939446010fffff" }, "geometry": { "type": "Point", "coordinates": [ 2.1660697, 41.4051093 ] } },
{ "type": "Feature", "properties": { "osm_id": 4727188592, "shop_type": "convenience", "name": "Món verd", "lat": 41.4034769, "lon": 2.1646388, "brand": null, "organic": null, "h3_index": "89394460173ffff" }, "geometry": { "type": "Point", "coordinates": [ 2.1646388, 41.4034769 ] } },
{ "type": "Feature", "properties": { "osm_id": 4727951590, "shop_type": "butcher", "name": "Plataforma Cárnica", "lat": 41.4110623, "lon": 2.1819882, "brand": null, "organic": null, "h3_index": "89394460ccfffff" }, "geometry": { "type": "Point", "coordinates": [ 2.1819882, 41.4110623 ] } },
{ "type": "Feature", "properties": { "osm_id": 4727953590, "shop_type": "butcher", "name": "Botifarra d'ou", "lat": 41.4119028, "lon": 2.181176, "brand": null, "organic": null, "h3_index": "89394460ccbffff" }, "geometry": { "type": "Point", "coordinates": [ 2.181176, 41.4119028 ] } },
{ "type": "Feature", "properties": { "osm_id": 4727953595, "shop_type": "convenience", "name": "Supermercat 24h", "lat": 41.393468, "lon": 2.181298, "brand": null, "organic": null, "h3_index": "89394460e17ffff" }, "geometry": { "type": "Point", "coordinates": [ 2.181298, 41.393468 ] } },
{ "type": "Feature", "properties": { "osm_id": 4727953597, "shop_type": "supermarket", "name": "Comtal", "lat": 41.3894574, "lon": 2.179799, "brand": null, "organic": null, "h3_index": "89394460e0bffff" }, "geometry": { "type": "Point", "coordinates": [ 2.179799, 41.3894574 ] } },
{ "type": "Feature", "properties": { "osm_id": 4727954094, "shop_type": "convenience", "name": "Unknown", "lat": 41.3981178, "lon": 2.18306, "brand": null, "organic": null, "h3_index": "89394460ebbffff" }, "geometry": { "type": "Point", "coordinates": [ 2.18306, 41.3981178 ] } },
{ "type": "Feature", "properties": { "osm_id": 4727974690, "shop_type": "supermarket", "name": "Condis", "lat": 41.3990208, "lon": 2.1833542, "brand": "Condis", "organic": null, "h3_index": "89394460ebbffff" }, "geometry": { "type": "Point", "coordinates": [ 2.1833542, 41.3990208 ] } },
{ "type": "Feature", "properties": { "osm_id": 4727974889, "shop_type": "supermarket", "name": "Suma", "lat": 41.4132532, "lon": 2.1808941, "brand": "Suma", "organic": null, "h3_index": "89394460cc3ffff" }, "geometry": { "type": "Point", "coordinates": [ 2.1808941, 41.4132532 ] } },
{ "type": "Feature", "properties": { "osm_id": 4727974989, "shop_type": "supermarket", "name": "Consum", "lat": 41.4110098, "lon": 2.182071, "brand": "Consum", "organic": null, "h3_index": "89394460ccfffff" }, "geometry": { "type": "Point", "coordinates": [ 2.182071, 41.4110098 ] } },
{ "type": "Feature", "properties": { "osm_id": 4727974997, "shop_type": "bakery", "name": "El Nostre Pa", "lat": 41.3906677, "lon": 2.1801418, "brand": null, "organic": null, "h3_index": "89394460e03ffff" }, "geometry": { "type": "Point", "coordinates": [ 2.1801418, 41.3906677 ] } },
{ "type": "Feature", "properties": { "osm_id": 4727975089, "shop_type": "bakery", "name": "Mestres Forners", "lat": 41.4108827, "lon": 2.1822271, "brand": null, "organic": null, "h3_index": "89394460ccfffff" }, "geometry": { "type": "Point", "coordinates": [ 2.1822271, 41.4108827 ] } },
{ "type": "Feature", "properties": { "osm_id": 4727975090, "shop_type": "supermarket", "name": "Aldi", "lat": 41.3957647, "lon": 2.1824536, "brand": "Aldi", "organic": null, "h3_index": "89394460e17ffff" }, "geometry": { "type": "Point", "coordinates": [ 2.1824536, 41.3957647 ] } },
{ "type": "Feature", "properties": { "osm_id": 4727975190, "shop_type": "bakery", "name": "Big Ben", "lat": 41.4095717, "lon": 2.183956, "brand": null, "organic": null, "h3_index": "89394460c57ffff" }, "geometry": { "type": "Point", "coordinates": [ 2.183956, 41.4095717 ] } },
{ "type": "Feature", "properties": { "osm_id": 4728036089, "shop_type": "convenience", "name": "llegums cuits Jaume", "lat": 41.3871174, "lon": 2.1777373, "brand": null, "organic": null, "h3_index": "89394460e47ffff" }, "geometry": { "type": "Point", "coordinates": [ 2.1777373, 41.3871174 ] } },
{ "type": "Feature", "properties": { "osm_id": 4728093796, "shop_type": "bakery", "name": "Granier", "lat": 41.4151613, "lon": 2.1808828, "brand": null, "organic": null, "h3_index": "89394460cc3ffff" }, "geometry": { "type": "Point", "coordinates": [ 2.1808828, 41.4151613 ] } },
{ "type": "Feature", "properties": { "osm_id": 4729303996, "shop_type": "convenience", "name": "Unknown", "lat": 41.4175859, "lon": 2.17457, "brand": null, "organic": null, "h3_index": "89394462a6bffff" }, "geometry": { "type": "Point", "coordinates": [ 2.17457, 41.4175859 ] } },
{ "type": "Feature", "properties": { "osm_id": 4729330991, "shop_type": "supermarket", "name": "Bisa Supermercat", "lat": 41.4177406, "lon": 2.1759799, "brand": null, "organic": null, "h3_index": "89394462a6bffff" }, "geometry": { "type": "Point", "coordinates": [ 2.1759799, 41.4177406 ] } },
{ "type": "Feature", "properties": { "osm_id": 4729342898, "shop_type": "bakery", "name": "La Flor de Blat", "lat": 41.4171808, "lon": 2.1752978, "brand": null, "organic": null, "h3_index": "89394462a6bffff" }, "geometry": { "type": "Point", "coordinates": [ 2.1752978, 41.4171808 ] } },
{ "type": "Feature", "properties": { "osm_id": 4729343001, "shop_type": "convenience", "name": "Wine House Supermercat", "lat": 41.3754676, "lon": 2.167777, "brand": null, "organic": null, "h3_index": "89394461d8fffff" }, "geometry": { "type": "Point", "coordinates": [ 2.167777, 41.3754676 ] } },
{ "type": "Feature", "properties": { "osm_id": 4729374090, "shop_type": "bakery", "name": "Unknown", "lat": 41.4207866, "lon": 2.1607114, "brand": null, "organic": null, "h3_index": "8939446052fffff" }, "geometry": { "type": "Point", "coordinates": [ 2.1607114, 41.4207866 ] } },
{ "type": "Feature", "properties": { "osm_id": 4730851127, "shop_type": "supermarket", "name": "Veritas", "lat": 41.3888087, "lon": 2.164732, "brand": null, "organic": "only", "h3_index": "89394460337ffff" }, "geometry": { "type": "Point", "coordinates": [ 2.164732, 41.3888087 ] } },
{ "type": "Feature", "properties": { "osm_id": 4736328731, "shop_type": "bakery", "name": "El Pan", "lat": 41.3834999, "lon": 2.1294874, "brand": null, "organic": null, "h3_index": "89394460207ffff" }, "geometry": { "type": "Point", "coordinates": [ 2.1294874, 41.3834999 ] } },
{ "type": "Feature", "properties": { "osm_id": 4738544733, "shop_type": "supermarket", "name": "Veritas", "lat": 41.3860658, "lon": 2.1334388, "brand": null, "organic": "only", "h3_index": "893944602afffff" }, "geometry": { "type": "Point", "coordinates": [ 2.1334388, 41.3860658 ] } },
{ "type": "Feature", "properties": { "osm_id": 4742981628, "shop_type": "bakery", "name": "Pastisseria Takashi Ochiai", "lat": 41.3842834, "lon": 2.1561617, "brand": null, "organic": null, "h3_index": "8939446030fffff" }, "geometry": { "type": "Point", "coordinates": [ 2.1561617, 41.3842834 ] } },
{ "type": "Feature", "properties": { "osm_id": 4743820603, "shop_type": "greengrocer", "name": "Fruites i verdures", "lat": 41.3762695, "lon": 2.1449531, "brand": null, "organic": null, "h3_index": "8939446034bffff" }, "geometry": { "type": "Point", "coordinates": [ 2.1449531, 41.3762695 ] } },
{ "type": "Feature", "properties": { "osm_id": 4743838374, "shop_type": "supermarket", "name": "BonÀrea", "lat": 41.3747183, "lon": 2.1450393, "brand": "BonÀrea", "organic": null, "h3_index": "89394461cb3ffff" }, "geometry": { "type": "Point", "coordinates": [ 2.1450393, 41.3747183 ] } },
{ "type": "Feature", "properties": { "osm_id": 4750256921, "shop_type": "supermarket", "name": "Suma", "lat": 41.3726806, "lon": 2.1604875, "brand": "Suma", "organic": null, "h3_index": "89394461dc3ffff" }, "geometry": { "type": "Point", "coordinates": [ 2.1604875, 41.3726806 ] } },
{ "type": "Feature", "properties": { "osm_id": 4755497022, "shop_type": "supermarket", "name": "Lidl", "lat": 41.3860304, "lon": 2.1577723, "brand": "Lidl", "organic": null, "h3_index": "8939446033bffff" }, "geometry": { "type": "Point", "coordinates": [ 2.1577723, 41.3860304 ] } },
{ "type": "Feature", "properties": { "osm_id": 4759560834, "shop_type": "bakery", "name": "Bendito Pecado", "lat": 41.389133, "lon": 2.1812621, "brand": null, "organic": null, "h3_index": "89394460e0bffff" }, "geometry": { "type": "Point", "coordinates": [ 2.1812621, 41.389133 ] } },
{ "type": "Feature", "properties": { "osm_id": 4761454013, "shop_type": "supermarket", "name": "Ametller Origen", "lat": 41.4109246, "lon": 2.178299, "brand": null, "organic": null, "h3_index": "89394460ccbffff" }, "geometry": { "type": "Point", "coordinates": [ 2.178299, 41.4109246 ] } },
{ "type": "Feature", "properties": { "osm_id": 4761457906, "shop_type": "butcher", "name": "Unknown", "lat": 41.4105563, "lon": 2.1776159, "brand": null, "organic": null, "h3_index": "89394460ccbffff" }, "geometry": { "type": "Point", "coordinates": [ 2.1776159, 41.4105563 ] } },
{ "type": "Feature", "properties": { "osm_id": 4761458197, "shop_type": "supermarket", "name": "Charter", "lat": 41.4109137, "lon": 2.1787247, "brand": "Charter", "organic": null, "h3_index": "89394460ccbffff" }, "geometry": { "type": "Point", "coordinates": [ 2.1787247, 41.4109137 ] } },
{ "type": "Feature", "properties": { "osm_id": 4762566528, "shop_type": "bakery", "name": "Croissanterie", "lat": 41.4111711, "lon": 2.1762646, "brand": null, "organic": null, "h3_index": "89394460137ffff" }, "geometry": { "type": "Point", "coordinates": [ 2.1762646, 41.4111711 ] } },
{ "type": "Feature", "properties": { "osm_id": 4762568937, "shop_type": "bakery", "name": "Forn de la Cantonada", "lat": 41.4111738, "lon": 2.1768987, "brand": null, "organic": null, "h3_index": "89394460137ffff" }, "geometry": { "type": "Point", "coordinates": [ 2.1768987, 41.4111738 ] } },
{ "type": "Feature", "properties": { "osm_id": 4762854023, "shop_type": "butcher", "name": "Maldita Bellota", "lat": 41.4228144, "lon": 2.1811573, "brand": null, "organic": null, "h3_index": "89394462a67ffff" }, "geometry": { "type": "Point", "coordinates": [ 2.1811573, 41.4228144 ] } },
{ "type": "Feature", "properties": { "osm_id": 4762854029, "shop_type": "bakery", "name": "vicblat", "lat": 41.3845702, "lon": 2.1637161, "brand": null, "organic": null, "h3_index": "89394460323ffff" }, "geometry": { "type": "Point", "coordinates": [ 2.1637161, 41.3845702 ] } },
{ "type": "Feature", "properties": { "osm_id": 4762859828, "shop_type": "bakery", "name": "Santa Gloria", "lat": 41.3951013, "lon": 2.1746599, "brand": null, "organic": null, "h3_index": "89394460e8bffff" }, "geometry": { "type": "Point", "coordinates": [ 2.1746599, 41.3951013 ] } },
{ "type": "Feature", "properties": { "osm_id": 4762859831, "shop_type": "supermarket", "name": "Maa Supermercat", "lat": 41.3924929, "lon": 2.1716917, "brand": null, "organic": null, "h3_index": "89394460ec3ffff" }, "geometry": { "type": "Point", "coordinates": [ 2.1716917, 41.3924929 ] } },
{ "type": "Feature", "properties": { "osm_id": 4762864132, "shop_type": "bakery", "name": "Forn Dolcetes", "lat": 41.3966262, "lon": 2.1773703, "brand": null, "organic": null, "h3_index": "89394460e8bffff" }, "geometry": { "type": "Point", "coordinates": [ 2.1773703, 41.3966262 ] } },
{ "type": "Feature", "properties": { "osm_id": 4762934625, "shop_type": "supermarket", "name": "Caprabo", "lat": 41.4220019, "lon": 2.1809917, "brand": "Caprabo", "organic": null, "h3_index": "89394462a67ffff" }, "geometry": { "type": "Point", "coordinates": [ 2.1809917, 41.4220019 ] } },
{ "type": "Feature", "properties": { "osm_id": 4762934629, "shop_type": "bakery", "name": "L'obrador", "lat": 41.3841443, "lon": 2.1635743, "brand": null, "organic": null, "h3_index": "8939446032bffff" }, "geometry": { "type": "Point", "coordinates": [ 2.1635743, 41.3841443 ] } },
{ "type": "Feature", "properties": { "osm_id": 4765090893, "shop_type": "supermarket", "name": "Bonpreu", "lat": 41.4125619, "lon": 2.1763582, "brand": "Bonpreu", "organic": null, "h3_index": "89394460cdbffff" }, "geometry": { "type": "Point", "coordinates": [ 2.1763582, 41.4125619 ] } },
{ "type": "Feature", "properties": { "osm_id": 4765095411, "shop_type": "convenience", "name": "Basar", "lat": 41.4128992, "lon": 2.1769959, "brand": null, "organic": null, "h3_index": "89394460cdbffff" }, "geometry": { "type": "Point", "coordinates": [ 2.1769959, 41.4128992 ] } },
{ "type": "Feature", "properties": { "osm_id": 4769221421, "shop_type": "greengrocer", "name": "Unknown", "lat": 41.3436299, "lon": 2.1370075, "brand": null, "organic": null, "h3_index": "89394461e3bffff" }, "geometry": { "type": "Point", "coordinates": [ 2.1370075, 41.3436299 ] } },
{ "type": "Feature", "properties": { "osm_id": 4769368121, "shop_type": "supermarket", "name": "Mercadona", "lat": 41.3881292, "lon": 2.1542336, "brand": "Mercadona", "organic": null, "h3_index": "89394460303ffff" }, "geometry": { "type": "Point", "coordinates": [ 2.1542336, 41.3881292 ] } },
{ "type": "Feature", "properties": { "osm_id": 4770622244, "shop_type": "convenience", "name": "Super preu", "lat": 41.4096664, "lon": 2.1760502, "brand": null, "organic": null, "h3_index": "89394460137ffff" }, "geometry": { "type": "Point", "coordinates": [ 2.1760502, 41.4096664 ] } },
{ "type": "Feature", "properties": { "osm_id": 4770622245, "shop_type": "supermarket", "name": "Charter", "lat": 41.4098936, "lon": 2.1758128, "brand": "Charter", "organic": null, "h3_index": "89394460137ffff" }, "geometry": { "type": "Point", "coordinates": [ 2.1758128, 41.4098936 ] } },
{ "type": "Feature", "properties": { "osm_id": 4770622246, "shop_type": "convenience", "name": "Unknown", "lat": 41.4106022, "lon": 2.1760077, "brand": null, "organic": null, "h3_index": "89394460137ffff" }, "geometry": { "type": "Point", "coordinates": [ 2.1760077, 41.4106022 ] } },
{ "type": "Feature", "properties": { "osm_id": 4771270127, "shop_type": "supermarket", "name": "CoAliment", "lat": 41.41357, "lon": 2.181018, "brand": null, "organic": null, "h3_index": "89394460cc3ffff" }, "geometry": { "type": "Point", "coordinates": [ 2.181018, 41.41357 ] } },
{ "type": "Feature", "properties": { "osm_id": 4771282522, "shop_type": "supermarket", "name": "Supermercat Yangkuang", "lat": 41.3921998, "lon": 2.1796214, "brand": null, "organic": null, "h3_index": "89394460e03ffff" }, "geometry": { "type": "Point", "coordinates": [ 2.1796214, 41.3921998 ] } },
{ "type": "Feature", "properties": { "osm_id": 4771282523, "shop_type": "supermarket", "name": "Condis", "lat": 41.409253, "lon": 2.1849324, "brand": "Condis", "organic": null, "h3_index": "89394460c57ffff" }, "geometry": { "type": "Point", "coordinates": [ 2.1849324, 41.409253 ] } },
{ "type": "Feature", "properties": { "osm_id": 4771775494, "shop_type": "supermarket", "name": "Condis", "lat": 41.4026565, "lon": 2.1579207, "brand": "Condis", "organic": null, "h3_index": "89394460143ffff" }, "geometry": { "type": "Point", "coordinates": [ 2.1579207, 41.4026565 ] } },
{ "type": "Feature", "properties": { "osm_id": 4776357931, "shop_type": "supermarket", "name": "CoAliment", "lat": 41.407284, "lon": 2.167552, "brand": null, "organic": null, "h3_index": "89394460107ffff" }, "geometry": { "type": "Point", "coordinates": [ 2.167552, 41.407284 ] } },
{ "type": "Feature", "properties": { "osm_id": 4776358123, "shop_type": "bakery", "name": "Artipà", "lat": 41.4041763, "lon": 2.1621164, "brand": null, "organic": null, "h3_index": "8939446010bffff" }, "geometry": { "type": "Point", "coordinates": [ 2.1621164, 41.4041763 ] } },
{ "type": "Feature", "properties": { "osm_id": 4776361622, "shop_type": "bakery", "name": "turris", "lat": 41.4031453, "lon": 2.1609104, "brand": null, "organic": null, "h3_index": "89394460147ffff" }, "geometry": { "type": "Point", "coordinates": [ 2.1609104, 41.4031453 ] } },
{ "type": "Feature", "properties": { "osm_id": 4776361625, "shop_type": "bakery", "name": "Castell de Sant Medir", "lat": 41.4048953, "lon": 2.1632463, "brand": null, "organic": null, "h3_index": "8939446010bffff" }, "geometry": { "type": "Point", "coordinates": [ 2.1632463, 41.4048953 ] } },
{ "type": "Feature", "properties": { "osm_id": 4776361637, "shop_type": "butcher", "name": "Marta", "lat": 41.4141131, "lon": 2.178049, "brand": null, "organic": null, "h3_index": "89394460cdbffff" }, "geometry": { "type": "Point", "coordinates": [ 2.178049, 41.4141131 ] } },
{ "type": "Feature", "properties": { "osm_id": 4776361639, "shop_type": "butcher", "name": "Carnisseria El Banquet", "lat": 41.4150537, "lon": 2.1797354, "brand": null, "organic": null, "h3_index": "89394460cd3ffff" }, "geometry": { "type": "Point", "coordinates": [ 2.1797354, 41.4150537 ] } },
{ "type": "Feature", "properties": { "osm_id": 4776374523, "shop_type": "bakery", "name": "El forn del barri", "lat": 41.410987, "lon": 2.1728208, "brand": null, "organic": null, "h3_index": "893944601afffff" }, "geometry": { "type": "Point", "coordinates": [ 2.1728208, 41.410987 ] } },
{ "type": "Feature", "properties": { "osm_id": 4776901740, "shop_type": "bakery", "name": "Unknown", "lat": 41.3860154, "lon": 2.1614569, "brand": null, "organic": null, "h3_index": "89394460323ffff" }, "geometry": { "type": "Point", "coordinates": [ 2.1614569, 41.3860154 ] } },
{ "type": "Feature", "properties": { "osm_id": 4776902560, "shop_type": "convenience", "name": "Supermercat Express", "lat": 41.3866579, "lon": 2.1614655, "brand": null, "organic": null, "h3_index": "89394460323ffff" }, "geometry": { "type": "Point", "coordinates": [ 2.1614655, 41.3866579 ] } },
{ "type": "Feature", "properties": { "osm_id": 4776902561, "shop_type": "bakery", "name": "Forn Franquesa", "lat": 41.4074464, "lon": 2.1742187, "brand": null, "organic": null, "h3_index": "89394460123ffff" }, "geometry": { "type": "Point", "coordinates": [ 2.1742187, 41.4074464 ] } },
{ "type": "Feature", "properties": { "osm_id": 4776903512, "shop_type": "bakery", "name": "Forn de Pa L'Eixample", "lat": 41.3880281, "lon": 2.1614305, "brand": null, "organic": null, "h3_index": "89394460333ffff" }, "geometry": { "type": "Point", "coordinates": [ 2.1614305, 41.3880281 ] } },
{ "type": "Feature", "properties": { "osm_id": 4776903515, "shop_type": "bakery", "name": "Santagloria", "lat": 41.4113105, "lon": 2.1747701, "brand": null, "organic": null, "h3_index": "89394460137ffff" }, "geometry": { "type": "Point", "coordinates": [ 2.1747701, 41.4113105 ] } },
{ "type": "Feature", "properties": { "osm_id": 4777016824, "shop_type": "supermarket", "name": "El Graner", "lat": 41.4112658, "lon": 2.181729, "brand": null, "organic": null, "h3_index": "89394460ccfffff" }, "geometry": { "type": "Point", "coordinates": [ 2.181729, 41.4112658 ] } },
{ "type": "Feature", "properties": { "osm_id": 4777296921, "shop_type": "convenience", "name": "CadaDia", "lat": 41.4145739, "lon": 2.1876656, "brand": null, "organic": null, "h3_index": "89394460c13ffff" }, "geometry": { "type": "Point", "coordinates": [ 2.1876656, 41.4145739 ] } },
{ "type": "Feature", "properties": { "osm_id": 4778618050, "shop_type": "supermarket", "name": "Ametller Origen", "lat": 41.3980156, "lon": 2.1341504, "brand": "Ametller Origen", "organic": null, "h3_index": "89394460047ffff" }, "geometry": { "type": "Point", "coordinates": [ 2.1341504, 41.3980156 ] } },
{ "type": "Feature", "properties": { "osm_id": 4779817137, "shop_type": "supermarket", "name": "BonÀrea", "lat": 41.4135103, "lon": 2.1809443, "brand": "BonÀrea", "organic": null, "h3_index": "89394460cc3ffff" }, "geometry": { "type": "Point", "coordinates": [ 2.1809443, 41.4135103 ] } },
{ "type": "Feature", "properties": { "osm_id": 4779864530, "shop_type": "supermarket", "name": "Bonpreu", "lat": 41.4208873, "lon": 2.1826106, "brand": "Bonpreu", "organic": null, "h3_index": "89394462a67ffff" }, "geometry": { "type": "Point", "coordinates": [ 2.1826106, 41.4208873 ] } },
{ "type": "Feature", "properties": { "osm_id": 4779949384, "shop_type": "greengrocer", "name": "Unknown", "lat": 41.4111742, "lon": 2.178588, "brand": null, "organic": null, "h3_index": "89394460ccbffff" }, "geometry": { "type": "Point", "coordinates": [ 2.178588, 41.4111742 ] } },
{ "type": "Feature", "properties": { "osm_id": 4785127137, "shop_type": "greengrocer", "name": "Fruits y Verduras", "lat": 41.3868634, "lon": 2.1770767, "brand": null, "organic": null, "h3_index": "89394460e47ffff" }, "geometry": { "type": "Point", "coordinates": [ 2.1770767, 41.3868634 ] } },
{ "type": "Feature", "properties": { "osm_id": 4785835065, "shop_type": "supermarket", "name": "Cosmo Cash & Carry", "lat": 41.3797352, "lon": 2.163053, "brand": null, "organic": null, "h3_index": "89394461d93ffff" }, "geometry": { "type": "Point", "coordinates": [ 2.163053, 41.3797352 ] } },
{ "type": "Feature", "properties": { "osm_id": 4788760624, "shop_type": "bakery", "name": "El Cafetó", "lat": 41.4145678, "lon": 2.1810534, "brand": null, "organic": null, "h3_index": "89394460cc3ffff" }, "geometry": { "type": "Point", "coordinates": [ 2.1810534, 41.4145678 ] } },
{ "type": "Feature", "properties": { "osm_id": 4788760625, "shop_type": "butcher", "name": "Xarcuteria Germans Gràcia", "lat": 41.402726, "lon": 2.153085, "brand": null, "organic": null, "h3_index": "89394460153ffff" }, "geometry": { "type": "Point", "coordinates": [ 2.153085, 41.402726 ] } },
{ "type": "Feature", "properties": { "osm_id": 4788760626, "shop_type": "supermarket", "name": "Mercat", "lat": 41.4151888, "lon": 2.1811358, "brand": null, "organic": null, "h3_index": "89394460cc3ffff" }, "geometry": { "type": "Point", "coordinates": [ 2.1811358, 41.4151888 ] } },
{ "type": "Feature", "properties": { "osm_id": 4788768221, "shop_type": "bakery", "name": "Forn de Sant Tirs", "lat": 41.402892, "lon": 2.153361, "brand": null, "organic": null, "h3_index": "89394460153ffff" }, "geometry": { "type": "Point", "coordinates": [ 2.153361, 41.402892 ] } },
{ "type": "Feature", "properties": { "osm_id": 4789607022, "shop_type": "supermarket", "name": "Mercadona", "lat": 41.3951944, "lon": 2.1798302, "brand": "Mercadona", "organic": null, "h3_index": "89394460e13ffff" }, "geometry": { "type": "Point", "coordinates": [ 2.1798302, 41.3951944 ] } },
{ "type": "Feature", "properties": { "osm_id": 4789742222, "shop_type": "convenience", "name": "Basar Tonya", "lat": 41.4166638, "lon": 2.1807535, "brand": null, "organic": null, "h3_index": "89394460cd7ffff" }, "geometry": { "type": "Point", "coordinates": [ 2.1807535, 41.4166638 ] } },
{ "type": "Feature", "properties": { "osm_id": 4789742223, "shop_type": "greengrocer", "name": "Unknown", "lat": 41.414977, "lon": 2.1809249, "brand": null, "organic": null, "h3_index": "89394460cc3ffff" }, "geometry": { "type": "Point", "coordinates": [ 2.1809249, 41.414977 ] } },
{ "type": "Feature", "properties": { "osm_id": 4789751821, "shop_type": "greengrocer", "name": "A Pes", "lat": 41.4147285, "lon": 2.1812805, "brand": null, "organic": null, "h3_index": "89394460cc3ffff" }, "geometry": { "type": "Point", "coordinates": [ 2.1812805, 41.4147285 ] } },
{ "type": "Feature", "properties": { "osm_id": 4790457869, "shop_type": "supermarket", "name": "Organic Market", "lat": 41.4071065, "lon": 2.1552869, "brand": null, "organic": "only", "h3_index": "893944601cfffff" }, "geometry": { "type": "Point", "coordinates": [ 2.1552869, 41.4071065 ] } },
{ "type": "Feature", "properties": { "osm_id": 4792673423, "shop_type": "butcher", "name": "CARNS B", "lat": 41.332995, "lon": 2.1117022, "brand": null, "organic": null, "h3_index": "89394461367ffff" }, "geometry": { "type": "Point", "coordinates": [ 2.1117022, 41.332995 ] } },
{ "type": "Feature", "properties": { "osm_id": 4798481437, "shop_type": "supermarket", "name": "Unknown", "lat": 41.3765785, "lon": 2.1693434, "brand": null, "organic": null, "h3_index": "89394461d8fffff" }, "geometry": { "type": "Point", "coordinates": [ 2.1693434, 41.3765785 ] } },
{ "type": "Feature", "properties": { "osm_id": 4805172734, "shop_type": "bakery", "name": "MacxiPa", "lat": 41.4115414, "lon": 2.1385667, "brand": null, "organic": null, "h3_index": "893944600b3ffff" }, "geometry": { "type": "Point", "coordinates": [ 2.1385667, 41.4115414 ] } },
{ "type": "Feature", "properties": { "osm_id": 4807572023, "shop_type": "greengrocer", "name": "Unknown", "lat": 41.3830233, "lon": 2.1646625, "brand": null, "organic": null, "h3_index": "8939446032fffff" }, "geometry": { "type": "Point", "coordinates": [ 2.1646625, 41.3830233 ] } },
{ "type": "Feature", "properties": { "osm_id": 4811094213, "shop_type": "greengrocer", "name": "Fruites i Verdures", "lat": 41.4096512, "lon": 2.1480025, "brand": null, "organic": null, "h3_index": "893944601dbffff" }, "geometry": { "type": "Point", "coordinates": [ 2.1480025, 41.4096512 ] } },
{ "type": "Feature", "properties": { "osm_id": 4823518621, "shop_type": "supermarket", "name": "Carrefour Market", "lat": 41.4193044, "lon": 2.1789367, "brand": "Carrefour Market", "organic": null, "h3_index": "89394462a6fffff" }, "geometry": { "type": "Point", "coordinates": [ 2.1789367, 41.4193044 ] } },
{ "type": "Feature", "properties": { "osm_id": 4824426324, "shop_type": "bakery", "name": "La bruixeta dolça", "lat": 41.4182327, "lon": 2.1975089, "brand": null, "organic": null, "h3_index": "89394460ca3ffff" }, "geometry": { "type": "Point", "coordinates": [ 2.1975089, 41.4182327 ] } },
{ "type": "Feature", "properties": { "osm_id": 4844565923, "shop_type": "convenience", "name": "Pampa Drugstore", "lat": 41.3827176, "lon": 2.1712051, "brand": null, "organic": null, "h3_index": "89394460e4bffff" }, "geometry": { "type": "Point", "coordinates": [ 2.1712051, 41.3827176 ] } },
{ "type": "Feature", "properties": { "osm_id": 4846123522, "shop_type": "butcher", "name": "Pernileria Xarcuteria", "lat": 41.3822376, "lon": 2.1764467, "brand": null, "organic": null, "h3_index": "89394460e4fffff" }, "geometry": { "type": "Point", "coordinates": [ 2.1764467, 41.3822376 ] } },
{ "type": "Feature", "properties": { "osm_id": 4857181693, "shop_type": "bakery", "name": "Forn de Vallvidrera", "lat": 41.4133692, "lon": 2.1045677, "brand": null, "organic": null, "h3_index": "8939446045bffff" }, "geometry": { "type": "Point", "coordinates": [ 2.1045677, 41.4133692 ] } },
{ "type": "Feature", "properties": { "osm_id": 4860084430, "shop_type": "bakery", "name": "El Fornet", "lat": 41.4061008, "lon": 2.1335668, "brand": null, "organic": null, "h3_index": "89394460013ffff" }, "geometry": { "type": "Point", "coordinates": [ 2.1335668, 41.4061008 ] } },
{ "type": "Feature", "properties": { "osm_id": 4860084438, "shop_type": "greengrocer", "name": "Molsa", "lat": 41.4233609, "lon": 2.1807039, "brand": null, "organic": null, "h3_index": "89394462a67ffff" }, "geometry": { "type": "Point", "coordinates": [ 2.1807039, 41.4233609 ] } },
{ "type": "Feature", "properties": { "osm_id": 4860084724, "shop_type": "greengrocer", "name": "Unknown", "lat": 41.4206907, "lon": 2.1823474, "brand": null, "organic": null, "h3_index": "89394462a67ffff" }, "geometry": { "type": "Point", "coordinates": [ 2.1823474, 41.4206907 ] } },
{ "type": "Feature", "properties": { "osm_id": 4861472024, "shop_type": "bakery", "name": "Forn de pà Josep Rocamora", "lat": 41.4185102, "lon": 2.1735166, "brand": null, "organic": null, "h3_index": "893944601b7ffff" }, "geometry": { "type": "Point", "coordinates": [ 2.1735166, 41.4185102 ] } },
{ "type": "Feature", "properties": { "osm_id": 4867483321, "shop_type": "supermarket", "name": "lo vencill", "lat": 41.4076763, "lon": 2.1626807, "brand": null, "organic": null, "h3_index": "89394460103ffff" }, "geometry": { "type": "Point", "coordinates": [ 2.1626807, 41.4076763 ] } },
{ "type": "Feature", "properties": { "osm_id": 4868640122, "shop_type": "supermarket", "name": "Condis", "lat": 41.3600188, "lon": 2.1394637, "brand": "Condis", "organic": null, "h3_index": "89394461c47ffff" }, "geometry": { "type": "Point", "coordinates": [ 2.1394637, 41.3600188 ] } },
{ "type": "Feature", "properties": { "osm_id": 4873757769, "shop_type": "bakery", "name": "Forn de Pa", "lat": 41.3851217, "lon": 2.1485562, "brand": null, "organic": null, "h3_index": "8939446031bffff" }, "geometry": { "type": "Point", "coordinates": [ 2.1485562, 41.3851217 ] } },
{ "type": "Feature", "properties": { "osm_id": 4876342913, "shop_type": "supermarket", "name": "Veritas", "lat": 41.3888165, "lon": 2.1544643, "brand": null, "organic": "only", "h3_index": "89394460317ffff" }, "geometry": { "type": "Point", "coordinates": [ 2.1544643, 41.3888165 ] } },
{ "type": "Feature", "properties": { "osm_id": 4876427521, "shop_type": "bakery", "name": "Fleca Artesana", "lat": 41.4078116, "lon": 2.1606804, "brand": null, "organic": null, "h3_index": "8939446011bffff" }, "geometry": { "type": "Point", "coordinates": [ 2.1606804, 41.4078116 ] } },
{ "type": "Feature", "properties": { "osm_id": 4877209921, "shop_type": "greengrocer", "name": "lo vencill", "lat": 41.4076619, "lon": 2.1627023, "brand": null, "organic": null, "h3_index": "89394460103ffff" }, "geometry": { "type": "Point", "coordinates": [ 2.1627023, 41.4076619 ] } },
{ "type": "Feature", "properties": { "osm_id": 4893341221, "shop_type": "bakery", "name": "La Besnéta Pastelería Vegana", "lat": 41.4038734, "lon": 2.1582664, "brand": null, "organic": null, "h3_index": "89394460157ffff" }, "geometry": { "type": "Point", "coordinates": [ 2.1582664, 41.4038734 ] } },
{ "type": "Feature", "properties": { "osm_id": 4903475306, "shop_type": "convenience", "name": "Poc a pots", "lat": 41.3735637, "lon": 2.1660924, "brand": null, "organic": null, "h3_index": "89394461d13ffff" }, "geometry": { "type": "Point", "coordinates": [ 2.1660924, 41.3735637 ] } },
{ "type": "Feature", "properties": { "osm_id": 4903475450, "shop_type": "convenience", "name": "A taste of home", "lat": 41.3782864, "lon": 2.1584243, "brand": null, "organic": null, "h3_index": "8939446036fffff" }, "geometry": { "type": "Point", "coordinates": [ 2.1584243, 41.3782864 ] } },
{ "type": "Feature", "properties": { "osm_id": 4905639563, "shop_type": "supermarket", "name": "The Livingfood", "lat": 41.3788135, "lon": 2.1582721, "brand": null, "organic": "only", "h3_index": "8939446036fffff" }, "geometry": { "type": "Point", "coordinates": [ 2.1582721, 41.3788135 ] } },
{ "type": "Feature", "properties": { "osm_id": 4905641239, "shop_type": "bakery", "name": "Frolis", "lat": 41.3837974, "lon": 2.1535094, "brand": null, "organic": null, "h3_index": "8939446030fffff" }, "geometry": { "type": "Point", "coordinates": [ 2.1535094, 41.3837974 ] } },
{ "type": "Feature", "properties": { "osm_id": 4911503778, "shop_type": "butcher", "name": "Jamones Rodríguez", "lat": 41.415455, "lon": 2.1938984, "brand": null, "organic": null, "h3_index": "89394460c17ffff" }, "geometry": { "type": "Point", "coordinates": [ 2.1938984, 41.415455 ] } },
{ "type": "Feature", "properties": { "osm_id": 4911503783, "shop_type": "convenience", "name": "Unknown", "lat": 41.4184544, "lon": 2.1978223, "brand": null, "organic": null, "h3_index": "89394460ca3ffff" }, "geometry": { "type": "Point", "coordinates": [ 2.1978223, 41.4184544 ] } },
{ "type": "Feature", "properties": { "osm_id": 4916382322, "shop_type": "bakery", "name": "El forn de Sant Andreu", "lat": 41.4317886, "lon": 2.1892454, "brand": null, "organic": null, "h3_index": "89394462bcbffff" }, "geometry": { "type": "Point", "coordinates": [ 2.1892454, 41.4317886 ] } },
{ "type": "Feature", "properties": { "osm_id": 4917659686, "shop_type": "bakery", "name": "Blat Sucre", "lat": 41.4180643, "lon": 2.1988321, "brand": null, "organic": null, "h3_index": "89394460ca3ffff" }, "geometry": { "type": "Point", "coordinates": [ 2.1988321, 41.4180643 ] } },
{ "type": "Feature", "properties": { "osm_id": 4931093755, "shop_type": "supermarket", "name": "Caprabo", "lat": 41.4159926, "lon": 2.1758001, "brand": "Caprabo", "organic": null, "h3_index": "893944601a7ffff" }, "geometry": { "type": "Point", "coordinates": [ 2.1758001, 41.4159926 ] } },
{ "type": "Feature", "properties": { "osm_id": 4931094001, "shop_type": "supermarket", "name": "Consum", "lat": 41.4121378, "lon": 2.1675607, "brand": "Consum", "organic": null, "h3_index": "893944601abffff" }, "geometry": { "type": "Point", "coordinates": [ 2.1675607, 41.4121378 ] } },
{ "type": "Feature", "properties": { "osm_id": 4936684821, "shop_type": "supermarket", "name": "Supermercat Sicilia", "lat": 41.4029558, "lon": 2.1718323, "brand": null, "organic": null, "h3_index": "8939446012bffff" }, "geometry": { "type": "Point", "coordinates": [ 2.1718323, 41.4029558 ] } },
{ "type": "Feature", "properties": { "osm_id": 4947473221, "shop_type": "supermarket", "name": "Jardi Fresco. Fruites i verdures", "lat": 41.3819861, "lon": 2.1564097, "brand": null, "organic": null, "h3_index": "89394460377ffff" }, "geometry": { "type": "Point", "coordinates": [ 2.1564097, 41.3819861 ] } },
{ "type": "Feature", "properties": { "osm_id": 4949467755, "shop_type": "greengrocer", "name": "Vegetal & cia", "lat": 41.409574, "lon": 2.1888021, "brand": null, "organic": null, "h3_index": "89394460c0bffff" }, "geometry": { "type": "Point", "coordinates": [ 2.1888021, 41.409574 ] } },
{ "type": "Feature", "properties": { "osm_id": 4951738421, "shop_type": "supermarket", "name": "Caprabo", "lat": 41.4023575, "lon": 2.1386801, "brand": null, "organic": null, "h3_index": "8939446000fffff" }, "geometry": { "type": "Point", "coordinates": [ 2.1386801, 41.4023575 ] } },
{ "type": "Feature", "properties": { "osm_id": 4991424331, "shop_type": "supermarket", "name": "Charter", "lat": 41.388886, "lon": 2.1776392, "brand": "Charter", "organic": null, "h3_index": "89394460e0bffff" }, "geometry": { "type": "Point", "coordinates": [ 2.1776392, 41.388886 ] } },
{ "type": "Feature", "properties": { "osm_id": 5001917132, "shop_type": "convenience", "name": "Unknown", "lat": 41.3834894, "lon": 2.1474834, "brand": null, "organic": null, "h3_index": "89394460357ffff" }, "geometry": { "type": "Point", "coordinates": [ 2.1474834, 41.3834894 ] } },
{ "type": "Feature", "properties": { "osm_id": 5016316856, "shop_type": "supermarket", "name": "Bon Area", "lat": 41.4362341, "lon": 2.1896734, "brand": "Bon Area", "organic": null, "h3_index": "89394462bd3ffff" }, "geometry": { "type": "Point", "coordinates": [ 2.1896734, 41.4362341 ] } },
{ "type": "Feature", "properties": { "osm_id": 5020833121, "shop_type": "bakery", "name": "Funky Bakers", "lat": 41.3842684, "lon": 2.1826746, "brand": null, "organic": null, "h3_index": "89394460e63ffff" }, "geometry": { "type": "Point", "coordinates": [ 2.1826746, 41.3842684 ] } },
{ "type": "Feature", "properties": { "osm_id": 5027008221, "shop_type": "bakery", "name": "Comaxurros", "lat": 41.4058674, "lon": 2.1344003, "brand": null, "organic": null, "h3_index": "89394460013ffff" }, "geometry": { "type": "Point", "coordinates": [ 2.1344003, 41.4058674 ] } },
{ "type": "Feature", "properties": { "osm_id": 5031146535, "shop_type": "bakery", "name": "Xurreria dels Banys Nous", "lat": 41.382239, "lon": 2.1751246, "brand": null, "organic": null, "h3_index": "89394460e4fffff" }, "geometry": { "type": "Point", "coordinates": [ 2.1751246, 41.382239 ] } },
{ "type": "Feature", "properties": { "osm_id": 5033044431, "shop_type": "supermarket", "name": "De tot al Born", "lat": 41.3847547, "lon": 2.1826223, "brand": null, "organic": null, "h3_index": "89394460e63ffff" }, "geometry": { "type": "Point", "coordinates": [ 2.1826223, 41.3847547 ] } },
{ "type": "Feature", "properties": { "osm_id": 5036244822, "shop_type": "convenience", "name": "miAroma higiene natural - jabones a granel eco", "lat": 41.4085696, "lon": 2.1803243, "brand": null, "organic": null, "h3_index": "89394460c53ffff" }, "geometry": { "type": "Point", "coordinates": [ 2.1803243, 41.4085696 ] } },
{ "type": "Feature", "properties": { "osm_id": 5045436421, "shop_type": "supermarket", "name": "Caprabo", "lat": 41.4086437, "lon": 2.1473386, "brand": "Caprabo", "organic": null, "h3_index": "893944601dbffff" }, "geometry": { "type": "Point", "coordinates": [ 2.1473386, 41.4086437 ] } },
{ "type": "Feature", "properties": { "osm_id": 5048602526, "shop_type": "butcher", "name": "Polleria Marin", "lat": 41.4069018, "lon": 2.1588171, "brand": null, "organic": null, "h3_index": "8939446011bffff" }, "geometry": { "type": "Point", "coordinates": [ 2.1588171, 41.4069018 ] } },
{ "type": "Feature", "properties": { "osm_id": 5048604522, "shop_type": "bakery", "name": "Pa d'Àngel", "lat": 41.4091307, "lon": 2.1572098, "brand": null, "organic": null, "h3_index": "893944601c7ffff" }, "geometry": { "type": "Point", "coordinates": [ 2.1572098, 41.4091307 ] } },
{ "type": "Feature", "properties": { "osm_id": 5048682623, "shop_type": "bakery", "name": "Macxipan", "lat": 41.4065596, "lon": 2.1618272, "brand": null, "organic": null, "h3_index": "8939446010bffff" }, "geometry": { "type": "Point", "coordinates": [ 2.1618272, 41.4065596 ] } },
{ "type": "Feature", "properties": { "osm_id": 5053620428, "shop_type": "bakery", "name": "A Casa Portuguesa", "lat": 41.4038297, "lon": 2.1560174, "brand": null, "organic": null, "h3_index": "89394460157ffff" }, "geometry": { "type": "Point", "coordinates": [ 2.1560174, 41.4038297 ] } },
{ "type": "Feature", "properties": { "osm_id": 5053669723, "shop_type": "supermarket", "name": "Ametller Origen", "lat": 41.4015258, "lon": 2.1580006, "brand": null, "organic": "only", "h3_index": "89394460143ffff" }, "geometry": { "type": "Point", "coordinates": [ 2.1580006, 41.4015258 ] } },
{ "type": "Feature", "properties": { "osm_id": 5058728801, "shop_type": "supermarket", "name": "Mercadona", "lat": 41.4209303, "lon": 2.1830247, "brand": "Mercadona", "organic": null, "h3_index": "89394460c9bffff" }, "geometry": { "type": "Point", "coordinates": [ 2.1830247, 41.4209303 ] } },
{ "type": "Feature", "properties": { "osm_id": 5065076821, "shop_type": "supermarket", "name": "Primaprix", "lat": 41.3826562, "lon": 2.170872, "brand": "Primaprix", "organic": null, "h3_index": "89394460e4bffff" }, "geometry": { "type": "Point", "coordinates": [ 2.170872, 41.3826562 ] } },
{ "type": "Feature", "properties": { "osm_id": 5075025328, "shop_type": "bakery", "name": "Farina & Sons", "lat": 41.4019673, "lon": 2.1637647, "brand": null, "organic": null, "h3_index": "89394460173ffff" }, "geometry": { "type": "Point", "coordinates": [ 2.1637647, 41.4019673 ] } },
{ "type": "Feature", "properties": { "osm_id": 5075075724, "shop_type": "bakery", "name": "Sol Pa", "lat": 41.410729, "lon": 2.1578581, "brand": null, "organic": null, "h3_index": "893944601c7ffff" }, "geometry": { "type": "Point", "coordinates": [ 2.1578581, 41.410729 ] } },
{ "type": "Feature", "properties": { "osm_id": 5078481823, "shop_type": "supermarket", "name": "Condis", "lat": 41.4036156, "lon": 2.1284648, "brand": "Condis", "organic": null, "h3_index": "893944600cfffff" }, "geometry": { "type": "Point", "coordinates": [ 2.1284648, 41.4036156 ] } },
{ "type": "Feature", "properties": { "osm_id": 5082288922, "shop_type": "bakery", "name": "Panet", "lat": 41.401431, "lon": 2.1590954, "brand": null, "organic": null, "h3_index": "89394460147ffff" }, "geometry": { "type": "Point", "coordinates": [ 2.1590954, 41.401431 ] } },
{ "type": "Feature", "properties": { "osm_id": 5082607248, "shop_type": "greengrocer", "name": "Frutas y Verduras Félix", "lat": 41.3878861, "lon": 2.1788027, "brand": null, "organic": null, "h3_index": "89394460e0bffff" }, "geometry": { "type": "Point", "coordinates": [ 2.1788027, 41.3878861 ] } },
{ "type": "Feature", "properties": { "osm_id": 5083266926, "shop_type": "supermarket", "name": "BonÀrea", "lat": 41.3826406, "lon": 2.138054, "brand": "BonÀrea", "organic": null, "h3_index": "89394460227ffff" }, "geometry": { "type": "Point", "coordinates": [ 2.138054, 41.3826406 ] } },
{ "type": "Feature", "properties": { "osm_id": 5085653475, "shop_type": "bakery", "name": "Strata Bakery", "lat": 41.3879053, "lon": 2.1526362, "brand": null, "organic": null, "h3_index": "89394460303ffff" }, "geometry": { "type": "Point", "coordinates": [ 2.1526362, 41.3879053 ] } },
{ "type": "Feature", "properties": { "osm_id": 5088945723, "shop_type": "supermarket", "name": "Suma", "lat": 41.4068568, "lon": 2.157354, "brand": "Suma", "organic": null, "h3_index": "8939446011bffff" }, "geometry": { "type": "Point", "coordinates": [ 2.157354, 41.4068568 ] } },
{ "type": "Feature", "properties": { "osm_id": 5088998921, "shop_type": "greengrocer", "name": "Love Fruit", "lat": 41.406674, "lon": 2.1570864, "brand": null, "organic": null, "h3_index": "893944601cfffff" }, "geometry": { "type": "Point", "coordinates": [ 2.1570864, 41.406674 ] } },
{ "type": "Feature", "properties": { "osm_id": 5089333925, "shop_type": "bakery", "name": "Unknown", "lat": 41.4080887, "lon": 2.1574704, "brand": null, "organic": null, "h3_index": "8939446011bffff" }, "geometry": { "type": "Point", "coordinates": [ 2.1574704, 41.4080887 ] } },
{ "type": "Feature", "properties": { "osm_id": 5105012721, "shop_type": "greengrocer", "name": "La Dulce Fresa", "lat": 41.4055221, "lon": 2.1551571, "brand": null, "organic": null, "h3_index": "893944601cfffff" }, "geometry": { "type": "Point", "coordinates": [ 2.1551571, 41.4055221 ] } },
{ "type": "Feature", "properties": { "osm_id": 5105012921, "shop_type": "bakery", "name": "Macxipa", "lat": 41.4030545, "lon": 2.157823, "brand": null, "organic": null, "h3_index": "89394460157ffff" }, "geometry": { "type": "Point", "coordinates": [ 2.157823, 41.4030545 ] } },
{ "type": "Feature", "properties": { "osm_id": 5105013121, "shop_type": "bakery", "name": "Macxipa", "lat": 41.4026255, "lon": 2.1600706, "brand": null, "organic": null, "h3_index": "89394460147ffff" }, "geometry": { "type": "Point", "coordinates": [ 2.1600706, 41.4026255 ] } },
{ "type": "Feature", "properties": { "osm_id": 5105067321, "shop_type": "supermarket", "name": "Unknown", "lat": 41.3858981, "lon": 2.1746451, "brand": null, "organic": null, "h3_index": "89394460e43ffff" }, "geometry": { "type": "Point", "coordinates": [ 2.1746451, 41.3858981 ] } },
{ "type": "Feature", "properties": { "osm_id": 5109943026, "shop_type": "supermarket", "name": "Le Regioni d'Itàlia", "lat": 41.4026504, "lon": 2.1565427, "brand": null, "organic": null, "h3_index": "89394460143ffff" }, "geometry": { "type": "Point", "coordinates": [ 2.1565427, 41.4026504 ] } },
{ "type": "Feature", "properties": { "osm_id": 5109943027, "shop_type": "convenience", "name": "Bon", "lat": 41.4025506, "lon": 2.1565948, "brand": null, "organic": null, "h3_index": "89394460143ffff" }, "geometry": { "type": "Point", "coordinates": [ 2.1565948, 41.4025506 ] } },
{ "type": "Feature", "properties": { "osm_id": 5109943422, "shop_type": "supermarket", "name": "Veritas", "lat": 41.4052752, "lon": 2.1538051, "brand": null, "organic": null, "h3_index": "89394460153ffff" }, "geometry": { "type": "Point", "coordinates": [ 2.1538051, 41.4052752 ] } },
{ "type": "Feature", "properties": { "osm_id": 5109943423, "shop_type": "supermarket", "name": "Condis", "lat": 41.4045232, "lon": 2.1546547, "brand": "Condis", "organic": null, "h3_index": "89394460153ffff" }, "geometry": { "type": "Point", "coordinates": [ 2.1546547, 41.4045232 ] } },
{ "type": "Feature", "properties": { "osm_id": 5109943721, "shop_type": "greengrocer", "name": "Frucat", "lat": 41.4038659, "lon": 2.1553363, "brand": null, "organic": null, "h3_index": "89394460153ffff" }, "geometry": { "type": "Point", "coordinates": [ 2.1553363, 41.4038659 ] } },
{ "type": "Feature", "properties": { "osm_id": 5110032621, "shop_type": "supermarket", "name": "Condis", "lat": 41.4065742, "lon": 2.1590318, "brand": "Condis", "organic": null, "h3_index": "8939446011bffff" }, "geometry": { "type": "Point", "coordinates": [ 2.1590318, 41.4065742 ] } },
{ "type": "Feature", "properties": { "osm_id": 5121540191, "shop_type": "supermarket", "name": "Caprabo", "lat": 41.4147539, "lon": 2.179306, "brand": "Caprabo", "organic": null, "h3_index": "89394460cd3ffff" }, "geometry": { "type": "Point", "coordinates": [ 2.179306, 41.4147539 ] } },
{ "type": "Feature", "properties": { "osm_id": 5125990640, "shop_type": "bakery", "name": "Cup&Cake", "lat": 41.3851384, "lon": 2.1645396, "brand": null, "organic": null, "h3_index": "89394460323ffff" }, "geometry": { "type": "Point", "coordinates": [ 2.1645396, 41.3851384 ] } },
{ "type": "Feature", "properties": { "osm_id": 5131089223, "shop_type": "convenience", "name": "London supermercat", "lat": 41.3886663, "lon": 2.195602, "brand": null, "organic": null, "h3_index": "89394460e2fffff" }, "geometry": { "type": "Point", "coordinates": [ 2.195602, 41.3886663 ] } },
{ "type": "Feature", "properties": { "osm_id": 5132624422, "shop_type": "bakery", "name": "365 Cafe", "lat": 41.3799247, "lon": 2.1688204, "brand": null, "organic": null, "h3_index": "89394461d97ffff" }, "geometry": { "type": "Point", "coordinates": [ 2.1688204, 41.3799247 ] } },
{ "type": "Feature", "properties": { "osm_id": 5134051153, "shop_type": "bakery", "name": "Santa Gloria", "lat": 41.3972858, "lon": 2.1512194, "brand": null, "organic": null, "h3_index": "89394460397ffff" }, "geometry": { "type": "Point", "coordinates": [ 2.1512194, 41.3972858 ] } },
{ "type": "Feature", "properties": { "osm_id": 5145974548, "shop_type": "supermarket", "name": "Crespo", "lat": 41.4132697, "lon": 2.104669, "brand": null, "organic": null, "h3_index": "8939446045bffff" }, "geometry": { "type": "Point", "coordinates": [ 2.104669, 41.4132697 ] } },
{ "type": "Feature", "properties": { "osm_id": 5156647126, "shop_type": "bakery", "name": "Forn la Llana", "lat": 41.384888, "lon": 2.1790763, "brand": null, "organic": null, "h3_index": "89394460e47ffff" }, "geometry": { "type": "Point", "coordinates": [ 2.1790763, 41.384888 ] } },
{ "type": "Feature", "properties": { "osm_id": 5156690324, "shop_type": "bakery", "name": "Mon Pa", "lat": 41.4158602, "lon": 2.1898238, "brand": null, "organic": null, "h3_index": "89394460c13ffff" }, "geometry": { "type": "Point", "coordinates": [ 2.1898238, 41.4158602 ] } },
{ "type": "Feature", "properties": { "osm_id": 5156691327, "shop_type": "bakery", "name": "Gil", "lat": 41.4132888, "lon": 2.1893709, "brand": null, "organic": null, "h3_index": "89394460c13ffff" }, "geometry": { "type": "Point", "coordinates": [ 2.1893709, 41.4132888 ] } },
{ "type": "Feature", "properties": { "osm_id": 5164966222, "shop_type": "convenience", "name": "Unknown", "lat": 41.3860723, "lon": 2.1756359, "brand": null, "organic": null, "h3_index": "89394460e43ffff" }, "geometry": { "type": "Point", "coordinates": [ 2.1756359, 41.3860723 ] } },
{ "type": "Feature", "properties": { "osm_id": 5170973147, "shop_type": "convenience", "name": "7-Eleven", "lat": 41.389877, "lon": 2.1470027, "brand": "7-Eleven", "organic": null, "h3_index": "893944603c7ffff" }, "geometry": { "type": "Point", "coordinates": [ 2.1470027, 41.389877 ] } },
{ "type": "Feature", "properties": { "osm_id": 5186368922, "shop_type": "supermarket", "name": "Dia", "lat": 41.4075009, "lon": 2.183247, "brand": "Dia", "organic": null, "h3_index": "89394460c53ffff" }, "geometry": { "type": "Point", "coordinates": [ 2.183247, 41.4075009 ] } },
{ "type": "Feature", "properties": { "osm_id": 5190248823, "shop_type": "bakery", "name": "Granier", "lat": 41.386905, "lon": 2.1349928, "brand": "Granier", "organic": null, "h3_index": "893944602afffff" }, "geometry": { "type": "Point", "coordinates": [ 2.1349928, 41.386905 ] } },
{ "type": "Feature", "properties": { "osm_id": 5198201043, "shop_type": "supermarket", "name": "Bonpreu", "lat": 41.4058786, "lon": 2.1546516, "brand": "Bonpreu", "organic": null, "h3_index": "893944601cfffff" }, "geometry": { "type": "Point", "coordinates": [ 2.1546516, 41.4058786 ] } },
{ "type": "Feature", "properties": { "osm_id": 5198201123, "shop_type": "supermarket", "name": "Unknown", "lat": 41.3951843, "lon": 2.1704469, "brand": null, "organic": null, "h3_index": "89394460ed7ffff" }, "geometry": { "type": "Point", "coordinates": [ 2.1704469, 41.3951843 ] } },
{ "type": "Feature", "properties": { "osm_id": 5198201128, "shop_type": "convenience", "name": "Carrefour Express", "lat": 41.4009189, "lon": 2.1589157, "brand": "Carrefour Express", "organic": null, "h3_index": "89394460147ffff" }, "geometry": { "type": "Point", "coordinates": [ 2.1589157, 41.4009189 ] } },
{ "type": "Feature", "properties": { "osm_id": 5198201521, "shop_type": "supermarket", "name": "Veritas", "lat": 41.4006172, "lon": 2.1589715, "brand": null, "organic": "only", "h3_index": "8939446014fffff" }, "geometry": { "type": "Point", "coordinates": [ 2.1589715, 41.4006172 ] } },
{ "type": "Feature", "properties": { "osm_id": 5198201522, "shop_type": "convenience", "name": "Supermercat Gràcia", "lat": 41.4010516, "lon": 2.1584801, "brand": null, "organic": null, "h3_index": "89394460147ffff" }, "geometry": { "type": "Point", "coordinates": [ 2.1584801, 41.4010516 ] } },
{ "type": "Feature", "properties": { "osm_id": 5198633025, "shop_type": "supermarket", "name": "Supermercat Escorial", "lat": 41.4068477, "lon": 2.1619196, "brand": null, "organic": null, "h3_index": "89394460103ffff" }, "geometry": { "type": "Point", "coordinates": [ 2.1619196, 41.4068477 ] } },
{ "type": "Feature", "properties": { "osm_id": 5198633026, "shop_type": "supermarket", "name": "Qaidre", "lat": 41.407866, "lon": 2.1606277, "brand": null, "organic": null, "h3_index": "8939446011bffff" }, "geometry": { "type": "Point", "coordinates": [ 2.1606277, 41.407866 ] } },
{ "type": "Feature", "properties": { "osm_id": 5199743029, "shop_type": "convenience", "name": "Carrefour Express", "lat": 41.3897281, "lon": 2.1623325, "brand": "Carrefour Express", "organic": null, "h3_index": "89394460333ffff" }, "geometry": { "type": "Point", "coordinates": [ 2.1623325, 41.3897281 ] } },
{ "type": "Feature", "properties": { "osm_id": 5200135127, "shop_type": "supermarket", "name": "Consum", "lat": 41.4194371, "lon": 2.1872308, "brand": "Consum", "organic": null, "h3_index": "89394460c83ffff" }, "geometry": { "type": "Point", "coordinates": [ 2.1872308, 41.4194371 ] } },
{ "type": "Feature", "properties": { "osm_id": 5200135129, "shop_type": "bakery", "name": "Macxipan", "lat": 41.4164363, "lon": 2.1872545, "brand": null, "organic": null, "h3_index": "89394460c8bffff" }, "geometry": { "type": "Point", "coordinates": [ 2.1872545, 41.4164363 ] } },
{ "type": "Feature", "properties": { "osm_id": 5200135130, "shop_type": "supermarket", "name": "Àsia", "lat": 41.3862536, "lon": 2.1668629, "brand": null, "organic": null, "h3_index": "89394460327ffff" }, "geometry": { "type": "Point", "coordinates": [ 2.1668629, 41.3862536 ] } },
{ "type": "Feature", "properties": { "osm_id": 5200135131, "shop_type": "supermarket", "name": "Dong Fang Extremo Oriente", "lat": 41.3861801, "lon": 2.1670115, "brand": null, "organic": null, "h3_index": "89394460327ffff" }, "geometry": { "type": "Point", "coordinates": [ 2.1670115, 41.3861801 ] } },
{ "type": "Feature", "properties": { "osm_id": 5200151923, "shop_type": "bakery", "name": "Forn Felip II", "lat": 41.418827, "lon": 2.1892538, "brand": null, "organic": null, "h3_index": "89394460c8fffff" }, "geometry": { "type": "Point", "coordinates": [ 2.1892538, 41.418827 ] } },
{ "type": "Feature", "properties": { "osm_id": 5200163221, "shop_type": "greengrocer", "name": "Cal Fruitós", "lat": 41.4076394, "lon": 2.1638073, "brand": null, "organic": null, "h3_index": "89394460103ffff" }, "geometry": { "type": "Point", "coordinates": [ 2.1638073, 41.4076394 ] } },
{ "type": "Feature", "properties": { "osm_id": 5200163222, "shop_type": "greengrocer", "name": "Espai Verd", "lat": 41.4185697, "lon": 2.1885065, "brand": null, "organic": null, "h3_index": "89394460c8fffff" }, "geometry": { "type": "Point", "coordinates": [ 2.1885065, 41.4185697 ] } },
{ "type": "Feature", "properties": { "osm_id": 5200163922, "shop_type": "supermarket", "name": "Amettler origen", "lat": 41.4169619, "lon": 2.1872602, "brand": null, "organic": null, "h3_index": "89394460c8bffff" }, "geometry": { "type": "Point", "coordinates": [ 2.1872602, 41.4169619 ] } },
{ "type": "Feature", "properties": { "osm_id": 5200163923, "shop_type": "convenience", "name": "The Dry Market 24H", "lat": 41.3861517, "lon": 2.1670802, "brand": null, "organic": null, "h3_index": "89394460327ffff" }, "geometry": { "type": "Point", "coordinates": [ 2.1670802, 41.3861517 ] } },
{ "type": "Feature", "properties": { "osm_id": 5200787521, "shop_type": "bakery", "name": "Forn Gilabert", "lat": 41.3831192, "lon": 2.1569567, "brand": null, "organic": null, "h3_index": "89394460377ffff" }, "geometry": { "type": "Point", "coordinates": [ 2.1569567, 41.3831192 ] } },
{ "type": "Feature", "properties": { "osm_id": 5202943314, "shop_type": "supermarket", "name": "El Pages d'Or", "lat": 41.3797898, "lon": 2.1619606, "brand": null, "organic": null, "h3_index": "89394460367ffff" }, "geometry": { "type": "Point", "coordinates": [ 2.1619606, 41.3797898 ] } },
{ "type": "Feature", "properties": { "osm_id": 5202989792, "shop_type": "convenience", "name": "Unknown", "lat": 41.4080664, "lon": 2.2035886, "brand": null, "organic": null, "h3_index": "89394460c2fffff" }, "geometry": { "type": "Point", "coordinates": [ 2.2035886, 41.4080664 ] } },
{ "type": "Feature", "properties": { "osm_id": 5203044962, "shop_type": "supermarket", "name": "Grans de la Terra", "lat": 41.3759466, "lon": 2.1536654, "brand": null, "organic": null, "h3_index": "8939446036bffff" }, "geometry": { "type": "Point", "coordinates": [ 2.1536654, 41.3759466 ] } },
{ "type": "Feature", "properties": { "osm_id": 5203180301, "shop_type": "supermarket", "name": "Al gra", "lat": 41.3996311, "lon": 2.1541322, "brand": null, "organic": null, "h3_index": "8939446014bffff" }, "geometry": { "type": "Point", "coordinates": [ 2.1541322, 41.3996311 ] } },
{ "type": "Feature", "properties": { "osm_id": 5203976021, "shop_type": "bakery", "name": "El mos", "lat": 41.3848001, "lon": 2.1679413, "brand": null, "organic": null, "h3_index": "89394460e5bffff" }, "geometry": { "type": "Point", "coordinates": [ 2.1679413, 41.3848001 ] } },
{ "type": "Feature", "properties": { "osm_id": 5203976028, "shop_type": "bakery", "name": "Villa Bakery", "lat": 41.3911139, "lon": 2.1713003, "brand": null, "organic": null, "h3_index": "89394460ecfffff" }, "geometry": { "type": "Point", "coordinates": [ 2.1713003, 41.3911139 ] } },
{ "type": "Feature", "properties": { "osm_id": 5204037535, "shop_type": "supermarket", "name": "BioBarri", "lat": 41.3903303, "lon": 2.1772912, "brand": null, "organic": "only", "h3_index": "89394460e1bffff" }, "geometry": { "type": "Point", "coordinates": [ 2.1772912, 41.3903303 ] } },
{ "type": "Feature", "properties": { "osm_id": 5204462378, "shop_type": "convenience", "name": "Basar BHATTI", "lat": 41.4082597, "lon": 2.2100922, "brand": null, "organic": null, "h3_index": "89394460d4bffff" }, "geometry": { "type": "Point", "coordinates": [ 2.2100922, 41.4082597 ] } },
{ "type": "Feature", "properties": { "osm_id": 5204555590, "shop_type": "supermarket", "name": "Dia", "lat": 41.403431, "lon": 2.1334164, "brand": "Dia", "organic": null, "h3_index": "89394460003ffff" }, "geometry": { "type": "Point", "coordinates": [ 2.1334164, 41.403431 ] } },
{ "type": "Feature", "properties": { "osm_id": 5204556105, "shop_type": "bakery", "name": "Santagloria", "lat": 41.4035487, "lon": 2.1333087, "brand": "Santagloria", "organic": null, "h3_index": "89394460003ffff" }, "geometry": { "type": "Point", "coordinates": [ 2.1333087, 41.4035487 ] } },
{ "type": "Feature", "properties": { "osm_id": 5204558726, "shop_type": "bakery", "name": "MacxiPa", "lat": 41.4034029, "lon": 2.1338839, "brand": null, "organic": null, "h3_index": "89394460003ffff" }, "geometry": { "type": "Point", "coordinates": [ 2.1338839, 41.4034029 ] } },
{ "type": "Feature", "properties": { "osm_id": 5204558727, "shop_type": "bakery", "name": "el Fornet", "lat": 41.4028793, "lon": 2.134456, "brand": null, "organic": null, "h3_index": "89394460003ffff" }, "geometry": { "type": "Point", "coordinates": [ 2.134456, 41.4028793 ] } },
{ "type": "Feature", "properties": { "osm_id": 5204558731, "shop_type": "greengrocer", "name": "NaturaFruits", "lat": 41.4040667, "lon": 2.1331958, "brand": null, "organic": null, "h3_index": "89394460003ffff" }, "geometry": { "type": "Point", "coordinates": [ 2.1331958, 41.4040667 ] } },
{ "type": "Feature", "properties": { "osm_id": 5204558864, "shop_type": "supermarket", "name": "Coaliment", "lat": 41.4038372, "lon": 2.1334124, "brand": null, "organic": null, "h3_index": "89394460003ffff" }, "geometry": { "type": "Point", "coordinates": [ 2.1334124, 41.4038372 ] } },
{ "type": "Feature", "properties": { "osm_id": 5207006828, "shop_type": "supermarket", "name": "BCN", "lat": 41.3842948, "lon": 2.1619522, "brand": null, "organic": null, "h3_index": "8939446032bffff" }, "geometry": { "type": "Point", "coordinates": [ 2.1619522, 41.3842948 ] } },
{ "type": "Feature", "properties": { "osm_id": 5207067523, "shop_type": "supermarket", "name": "DEPASO", "lat": 41.3845266, "lon": 2.162532, "brand": null, "organic": null, "h3_index": "8939446032bffff" }, "geometry": { "type": "Point", "coordinates": [ 2.162532, 41.3845266 ] } },
{ "type": "Feature", "properties": { "osm_id": 5207076721, "shop_type": "supermarket", "name": "Autoservei 24 h", "lat": 41.3841149, "lon": 2.1616529, "brand": null, "organic": null, "h3_index": "8939446032bffff" }, "geometry": { "type": "Point", "coordinates": [ 2.1616529, 41.3841149 ] } },
{ "type": "Feature", "properties": { "osm_id": 5207451823, "shop_type": "convenience", "name": "Supermercat Gracia", "lat": 41.4001706, "lon": 2.1532407, "brand": null, "organic": null, "h3_index": "8939446015bffff" }, "geometry": { "type": "Point", "coordinates": [ 2.1532407, 41.4001706 ] } },
{ "type": "Feature", "properties": { "osm_id": 5207460023, "shop_type": "supermarket", "name": "Ametller Origen", "lat": 41.4022154, "lon": 2.152698, "brand": null, "organic": null, "h3_index": "8939446015bffff" }, "geometry": { "type": "Point", "coordinates": [ 2.152698, 41.4022154 ] } },
{ "type": "Feature", "properties": { "osm_id": 5207460123, "shop_type": "bakery", "name": "Cal Moliné", "lat": 41.4022366, "lon": 2.1529513, "brand": null, "organic": null, "h3_index": "8939446015bffff" }, "geometry": { "type": "Point", "coordinates": [ 2.1529513, 41.4022366 ] } },
{ "type": "Feature", "properties": { "osm_id": 5207463621, "shop_type": "greengrocer", "name": "Fruites El Akram", "lat": 41.4002204, "lon": 2.1533143, "brand": null, "organic": null, "h3_index": "8939446015bffff" }, "geometry": { "type": "Point", "coordinates": [ 2.1533143, 41.4002204 ] } },
{ "type": "Feature", "properties": { "osm_id": 5209287524, "shop_type": "supermarket", "name": "Veritas", "lat": 41.4017143, "lon": 2.1669614, "brand": null, "organic": null, "h3_index": "89394460163ffff" }, "geometry": { "type": "Point", "coordinates": [ 2.1669614, 41.4017143 ] } },
{ "type": "Feature", "properties": { "osm_id": 5217086023, "shop_type": "convenience", "name": "Pròxim Supermercats", "lat": 41.3872195, "lon": 2.1131588, "brand": null, "organic": null, "h3_index": "893944602d3ffff" }, "geometry": { "type": "Point", "coordinates": [ 2.1131588, 41.3872195 ] } },
{ "type": "Feature", "properties": { "osm_id": 5217188967, "shop_type": "bakery", "name": "365", "lat": 41.3975054, "lon": 2.1521741, "brand": null, "organic": null, "h3_index": "89394460397ffff" }, "geometry": { "type": "Point", "coordinates": [ 2.1521741, 41.3975054 ] } },
{ "type": "Feature", "properties": { "osm_id": 5217796177, "shop_type": "butcher", "name": "Carne Halal", "lat": 41.4147258, "lon": 2.1640502, "brand": null, "organic": null, "h3_index": "89394460187ffff" }, "geometry": { "type": "Point", "coordinates": [ 2.1640502, 41.4147258 ] } },
{ "type": "Feature", "properties": { "osm_id": 5218010921, "shop_type": "supermarket", "name": "Casa Ametller", "lat": 41.4077083, "lon": 2.1633829, "brand": null, "organic": null, "h3_index": "89394460103ffff" }, "geometry": { "type": "Point", "coordinates": [ 2.1633829, 41.4077083 ] } },
{ "type": "Feature", "properties": { "osm_id": 5218011022, "shop_type": "bakery", "name": "Le Fournil", "lat": 41.4026929, "lon": 2.1524337, "brand": null, "organic": null, "h3_index": "89394460153ffff" }, "geometry": { "type": "Point", "coordinates": [ 2.1524337, 41.4026929 ] } },
{ "type": "Feature", "properties": { "osm_id": 5224967676, "shop_type": "bakery", "name": "Baluard", "lat": 41.3974369, "lon": 2.15224, "brand": null, "organic": null, "h3_index": "89394460397ffff" }, "geometry": { "type": "Point", "coordinates": [ 2.15224, 41.3974369 ] } },
{ "type": "Feature", "properties": { "osm_id": 5235661122, "shop_type": "supermarket", "name": "Veritas", "lat": 41.3847635, "lon": 2.1779109, "brand": null, "organic": null, "h3_index": "89394460e47ffff" }, "geometry": { "type": "Point", "coordinates": [ 2.1779109, 41.3847635 ] } },
{ "type": "Feature", "properties": { "osm_id": 5244477821, "shop_type": "bakery", "name": "Fleca Comtal", "lat": 41.3866782, "lon": 2.1737169, "brand": null, "organic": null, "h3_index": "89394460e43ffff" }, "geometry": { "type": "Point", "coordinates": [ 2.1737169, 41.3866782 ] } },
{ "type": "Feature", "properties": { "osm_id": 5248675265, "shop_type": "supermarket", "name": "Casa Perris", "lat": 41.3858149, "lon": 2.1826867, "brand": null, "organic": null, "h3_index": "89394460e73ffff" }, "geometry": { "type": "Point", "coordinates": [ 2.1826867, 41.3858149 ] } },
{ "type": "Feature", "properties": { "osm_id": 5271583231, "shop_type": "convenience", "name": "La verdita", "lat": 41.3742004, "lon": 2.1617627, "brand": null, "organic": null, "h3_index": "89394461dd7ffff" }, "geometry": { "type": "Point", "coordinates": [ 2.1617627, 41.3742004 ] } },
{ "type": "Feature", "properties": { "osm_id": 5271584934, "shop_type": "greengrocer", "name": "Fruteria Paco", "lat": 41.3731354, "lon": 2.1606651, "brand": null, "organic": null, "h3_index": "89394461dc3ffff" }, "geometry": { "type": "Point", "coordinates": [ 2.1606651, 41.3731354 ] } },
{ "type": "Feature", "properties": { "osm_id": 5271863106, "shop_type": "greengrocer", "name": "Fruit Ria", "lat": 41.4343545, "lon": 2.1841216, "brand": null, "organic": null, "h3_index": "89394462aafffff" }, "geometry": { "type": "Point", "coordinates": [ 2.1841216, 41.4343545 ] } },
{ "type": "Feature", "properties": { "osm_id": 5271863444, "shop_type": "supermarket", "name": "Condis", "lat": 41.4398098, "lon": 2.1866616, "brand": "Condis", "organic": null, "h3_index": "8939446286bffff" }, "geometry": { "type": "Point", "coordinates": [ 2.1866616, 41.4398098 ] } },
{ "type": "Feature", "properties": { "osm_id": 5316164635, "shop_type": "supermarket", "name": "Mercadona", "lat": 41.3759162, "lon": 2.1156663, "brand": "Mercadona", "organic": null, "h3_index": "89394460243ffff" }, "geometry": { "type": "Point", "coordinates": [ 2.1156663, 41.3759162 ] } },
{ "type": "Feature", "properties": { "osm_id": 5318367316, "shop_type": "bakery", "name": "Catafel", "lat": 41.4033891, "lon": 2.1496593, "brand": null, "organic": null, "h3_index": "89394460027ffff" }, "geometry": { "type": "Point", "coordinates": [ 2.1496593, 41.4033891 ] } },
{ "type": "Feature", "properties": { "osm_id": 5318369221, "shop_type": "bakery", "name": "Catafal", "lat": 41.4057412, "lon": 2.1498393, "brand": null, "organic": null, "h3_index": "893944601cbffff" }, "geometry": { "type": "Point", "coordinates": [ 2.1498393, 41.4057412 ] } },
{ "type": "Feature", "properties": { "osm_id": 5318369223, "shop_type": "supermarket", "name": "Unknown", "lat": 41.4103144, "lon": 2.1565212, "brand": null, "organic": null, "h3_index": "893944601c7ffff" }, "geometry": { "type": "Point", "coordinates": [ 2.1565212, 41.4103144 ] } },
{ "type": "Feature", "properties": { "osm_id": 5318369225, "shop_type": "bakery", "name": "Makus", "lat": 41.400847, "lon": 2.1478464, "brand": null, "organic": null, "h3_index": "8939446002fffff" }, "geometry": { "type": "Point", "coordinates": [ 2.1478464, 41.400847 ] } },
{ "type": "Feature", "properties": { "osm_id": 5318409429, "shop_type": "supermarket", "name": "Supermercat", "lat": 41.3917392, "lon": 2.1437201, "brand": null, "organic": null, "h3_index": "893944603d7ffff" }, "geometry": { "type": "Point", "coordinates": [ 2.1437201, 41.3917392 ] } },
{ "type": "Feature", "properties": { "osm_id": 5327559006, "shop_type": "convenience", "name": "Hello Supermarket", "lat": 41.3750101, "lon": 2.1458363, "brand": null, "organic": null, "h3_index": "89394461cb3ffff" }, "geometry": { "type": "Point", "coordinates": [ 2.1458363, 41.3750101 ] } },
{ "type": "Feature", "properties": { "osm_id": 5327559007, "shop_type": "butcher", "name": "Muntanya", "lat": 41.3750424, "lon": 2.146647, "brand": null, "organic": null, "h3_index": "89394461cb3ffff" }, "geometry": { "type": "Point", "coordinates": [ 2.146647, 41.3750424 ] } },
{ "type": "Feature", "properties": { "osm_id": 5335409021, "shop_type": "supermarket", "name": "Keisy", "lat": 41.4040377, "lon": 2.1681771, "brand": null, "organic": null, "h3_index": "89394460177ffff" }, "geometry": { "type": "Point", "coordinates": [ 2.1681771, 41.4040377 ] } },
{ "type": "Feature", "properties": { "osm_id": 5352200422, "shop_type": "supermarket", "name": "Lidl", "lat": 41.3731607, "lon": 2.1719214, "brand": "Lidl", "organic": null, "h3_index": "89394461d17ffff" }, "geometry": { "type": "Point", "coordinates": [ 2.1719214, 41.3731607 ] } },
{ "type": "Feature", "properties": { "osm_id": 5367812921, "shop_type": "supermarket", "name": "Caprabo", "lat": 41.3729561, "lon": 2.1275651, "brand": "Caprabo", "organic": null, "h3_index": "8939446026bffff" }, "geometry": { "type": "Point", "coordinates": [ 2.1275651, 41.3729561 ] } },
{ "type": "Feature", "properties": { "osm_id": 5370688723, "shop_type": "convenience", "name": "La bodegueta de la avia Victoria", "lat": 41.4181848, "lon": 2.1744377, "brand": null, "organic": null, "h3_index": "89394462a6bffff" }, "geometry": { "type": "Point", "coordinates": [ 2.1744377, 41.4181848 ] } },
{ "type": "Feature", "properties": { "osm_id": 5385698722, "shop_type": "bakery", "name": "Forns Del Pi", "lat": 41.3807389, "lon": 2.1747901, "brand": null, "organic": null, "h3_index": "89394461db3ffff" }, "geometry": { "type": "Point", "coordinates": [ 2.1747901, 41.3807389 ] } },
{ "type": "Feature", "properties": { "osm_id": 5398577126, "shop_type": "supermarket", "name": "Parami", "lat": 41.3858414, "lon": 2.1611972, "brand": null, "organic": null, "h3_index": "8939446033bffff" }, "geometry": { "type": "Point", "coordinates": [ 2.1611972, 41.3858414 ] } },
{ "type": "Feature", "properties": { "osm_id": 5407919542, "shop_type": "greengrocer", "name": "KCH Fruit", "lat": 41.4039281, "lon": 2.1364716, "brand": null, "organic": null, "h3_index": "89394460003ffff" }, "geometry": { "type": "Point", "coordinates": [ 2.1364716, 41.4039281 ] } },
{ "type": "Feature", "properties": { "osm_id": 5415452345, "shop_type": "supermarket", "name": "Idoni", "lat": 41.3770692, "lon": 2.1573197, "brand": null, "organic": null, "h3_index": "8939446036fffff" }, "geometry": { "type": "Point", "coordinates": [ 2.1573197, 41.3770692 ] } },
{ "type": "Feature", "properties": { "osm_id": 5424673421, "shop_type": "supermarket", "name": "Mônmas", "lat": 41.3772931, "lon": 2.1638895, "brand": null, "organic": "yes", "h3_index": "89394461d9bffff" }, "geometry": { "type": "Point", "coordinates": [ 2.1638895, 41.3772931 ] } },
{ "type": "Feature", "properties": { "osm_id": 5485537050, "shop_type": "supermarket", "name": "Condis Express", "lat": 41.3976424, "lon": 2.1538483, "brand": "Condis", "organic": null, "h3_index": "8939446014bffff" }, "geometry": { "type": "Point", "coordinates": [ 2.1538483, 41.3976424 ] } },
{ "type": "Feature", "properties": { "osm_id": 5487473567, "shop_type": "greengrocer", "name": "Monfruit", "lat": 41.4121498, "lon": 2.1400967, "brand": null, "organic": null, "h3_index": "893944600b3ffff" }, "geometry": { "type": "Point", "coordinates": [ 2.1400967, 41.4121498 ] } },
{ "type": "Feature", "properties": { "osm_id": 5489279166, "shop_type": "bakery", "name": "Kina Barra", "lat": 41.3716852, "lon": 2.1391554, "brand": null, "organic": null, "h3_index": "89394461c8fffff" }, "geometry": { "type": "Point", "coordinates": [ 2.1391554, 41.3716852 ] } },
{ "type": "Feature", "properties": { "osm_id": 5498351755, "shop_type": "bakery", "name": "365 Cafeteria Forn de Pa", "lat": 41.3747778, "lon": 2.1626826, "brand": null, "organic": null, "h3_index": "89394461dd7ffff" }, "geometry": { "type": "Point", "coordinates": [ 2.1626826, 41.3747778 ] } },
{ "type": "Feature", "properties": { "osm_id": 5498353910, "shop_type": "convenience", "name": "Angel Jobal", "lat": 41.3865262, "lon": 2.1824853, "brand": null, "organic": null, "h3_index": "89394460e73ffff" }, "geometry": { "type": "Point", "coordinates": [ 2.1824853, 41.3865262 ] } },
{ "type": "Feature", "properties": { "osm_id": 5502630915, "shop_type": "convenience", "name": "Super 365", "lat": 41.3976945, "lon": 2.1522575, "brand": null, "organic": null, "h3_index": "89394460397ffff" }, "geometry": { "type": "Point", "coordinates": [ 2.1522575, 41.3976945 ] } },
{ "type": "Feature", "properties": { "osm_id": 5504881622, "shop_type": "bakery", "name": "López", "lat": 41.3883348, "lon": 2.1788504, "brand": null, "organic": null, "h3_index": "89394460e0bffff" }, "geometry": { "type": "Point", "coordinates": [ 2.1788504, 41.3883348 ] } },
{ "type": "Feature", "properties": { "osm_id": 5505262468, "shop_type": "bakery", "name": "Casa Vives", "lat": 41.3911724, "lon": 2.1638367, "brand": null, "organic": null, "h3_index": "893944603afffff" }, "geometry": { "type": "Point", "coordinates": [ 2.1638367, 41.3911724 ] } },
{ "type": "Feature", "properties": { "osm_id": 5508005255, "shop_type": "supermarket", "name": "Yes Future", "lat": 41.3782082, "lon": 2.1594335, "brand": null, "organic": null, "h3_index": "8939446036fffff" }, "geometry": { "type": "Point", "coordinates": [ 2.1594335, 41.3782082 ] } },
{ "type": "Feature", "properties": { "osm_id": 5509171592, "shop_type": "supermarket", "name": "Bonpreu", "lat": 41.4005835, "lon": 2.2034336, "brand": "Bonpreu", "organic": null, "h3_index": "8939446088bffff" }, "geometry": { "type": "Point", "coordinates": [ 2.2034336, 41.4005835 ] } },
{ "type": "Feature", "properties": { "osm_id": 5509176700, "shop_type": "greengrocer", "name": "Fruites Rabaneda", "lat": 41.3836798, "lon": 2.1561574, "brand": null, "organic": null, "h3_index": "8939446030fffff" }, "geometry": { "type": "Point", "coordinates": [ 2.1561574, 41.3836798 ] } },
{ "type": "Feature", "properties": { "osm_id": 5510666723, "shop_type": "bakery", "name": "La Llesca", "lat": 41.4225755, "lon": 2.1774678, "brand": null, "organic": null, "h3_index": "89394462a63ffff" }, "geometry": { "type": "Point", "coordinates": [ 2.1774678, 41.4225755 ] } },
{ "type": "Feature", "properties": { "osm_id": 5531275475, "shop_type": "supermarket", "name": "Dia", "lat": 41.3980449, "lon": 2.1941948, "brand": "Dia", "organic": null, "h3_index": "893944608dbffff" }, "geometry": { "type": "Point", "coordinates": [ 2.1941948, 41.3980449 ] } },
{ "type": "Feature", "properties": { "osm_id": 5540108701, "shop_type": "bakery", "name": "Trigoolas", "lat": 41.3755997, "lon": 2.131058, "brand": null, "organic": null, "h3_index": "89394460267ffff" }, "geometry": { "type": "Point", "coordinates": [ 2.131058, 41.3755997 ] } },
{ "type": "Feature", "properties": { "osm_id": 5545772622, "shop_type": "bakery", "name": "Baluard", "lat": 41.4024489, "lon": 2.2014463, "brand": null, "organic": null, "h3_index": "8939446089bffff" }, "geometry": { "type": "Point", "coordinates": [ 2.2014463, 41.4024489 ] } },
{ "type": "Feature", "properties": { "osm_id": 5559101323, "shop_type": "greengrocer", "name": "Hijo de F. García", "lat": 41.3832351, "lon": 2.1464234, "brand": null, "organic": null, "h3_index": "89394460357ffff" }, "geometry": { "type": "Point", "coordinates": [ 2.1464234, 41.3832351 ] } },
{ "type": "Feature", "properties": { "osm_id": 5564036665, "shop_type": "convenience", "name": "Supermercado 161", "lat": 41.3842971, "lon": 2.1587141, "brand": null, "organic": null, "h3_index": "8939446033bffff" }, "geometry": { "type": "Point", "coordinates": [ 2.1587141, 41.3842971 ] } },
{ "type": "Feature", "properties": { "osm_id": 5564522279, "shop_type": "bakery", "name": "Santanach", "lat": 41.3863763, "lon": 2.1592301, "brand": null, "organic": null, "h3_index": "8939446033bffff" }, "geometry": { "type": "Point", "coordinates": [ 2.1592301, 41.3863763 ] } },
{ "type": "Feature", "properties": { "osm_id": 5567826584, "shop_type": "bakery", "name": "Panarras", "lat": 41.383677, "lon": 2.1556519, "brand": null, "organic": null, "h3_index": "8939446030fffff" }, "geometry": { "type": "Point", "coordinates": [ 2.1556519, 41.383677 ] } },
{ "type": "Feature", "properties": { "osm_id": 5589043859, "shop_type": "supermarket", "name": "Supermercat 24h", "lat": 41.3836092, "lon": 2.1600059, "brand": null, "organic": null, "h3_index": "8939446032bffff" }, "geometry": { "type": "Point", "coordinates": [ 2.1600059, 41.3836092 ] } },
{ "type": "Feature", "properties": { "osm_id": 5589043860, "shop_type": "greengrocer", "name": "Veritas", "lat": 41.3833212, "lon": 2.1596096, "brand": null, "organic": null, "h3_index": "89394460377ffff" }, "geometry": { "type": "Point", "coordinates": [ 2.1596096, 41.3833212 ] } },
{ "type": "Feature", "properties": { "osm_id": 5589043861, "shop_type": "supermarket", "name": "Casa Nova", "lat": 41.3835351, "lon": 2.1587971, "brand": null, "organic": null, "h3_index": "89394460377ffff" }, "geometry": { "type": "Point", "coordinates": [ 2.1587971, 41.3835351 ] } },
{ "type": "Feature", "properties": { "osm_id": 5590046545, "shop_type": "supermarket", "name": "Aliments i Comestibles del Món", "lat": 41.3844445, "lon": 2.1598361, "brand": null, "organic": null, "h3_index": "8939446033bffff" }, "geometry": { "type": "Point", "coordinates": [ 2.1598361, 41.3844445 ] } },
{ "type": "Feature", "properties": { "osm_id": 5590046546, "shop_type": "supermarket", "name": "Ca l'Atmetller", "lat": 41.3876829, "lon": 2.1568602, "brand": null, "organic": null, "h3_index": "89394460307ffff" }, "geometry": { "type": "Point", "coordinates": [ 2.1568602, 41.3876829 ] } },
{ "type": "Feature", "properties": { "osm_id": 5594998025, "shop_type": "supermarket", "name": "Spar", "lat": 41.3848919, "lon": 2.1731905, "brand": "Spar", "organic": null, "h3_index": "89394460e43ffff" }, "geometry": { "type": "Point", "coordinates": [ 2.1731905, 41.3848919 ] } },
{ "type": "Feature", "properties": { "osm_id": 5639654980, "shop_type": "supermarket", "name": "Lidl", "lat": 41.3789516, "lon": 2.1622764, "brand": "Lidl", "organic": null, "h3_index": "89394461d9bffff" }, "geometry": { "type": "Point", "coordinates": [ 2.1622764, 41.3789516 ] } },
{ "type": "Feature", "properties": { "osm_id": 5653944921, "shop_type": "supermarket", "name": "Spar", "lat": 41.3880204, "lon": 2.1578796, "brand": "Spar", "organic": null, "h3_index": "89394460307ffff" }, "geometry": { "type": "Point", "coordinates": [ 2.1578796, 41.3880204 ] } },
{ "type": "Feature", "properties": { "osm_id": 5692547821, "shop_type": "bakery", "name": "MacxiPa", "lat": 41.3868339, "lon": 2.178026, "brand": null, "organic": null, "h3_index": "89394460e47ffff" }, "geometry": { "type": "Point", "coordinates": [ 2.178026, 41.3868339 ] } },
{ "type": "Feature", "properties": { "osm_id": 5772495557, "shop_type": "bakery", "name": "Forn de pa Armengol", "lat": 41.397786, "lon": 2.1766146, "brand": null, "organic": null, "h3_index": "89394460e8bffff" }, "geometry": { "type": "Point", "coordinates": [ 2.1766146, 41.397786 ] } },
{ "type": "Feature", "properties": { "osm_id": 5790130855, "shop_type": "supermarket", "name": "Condis", "lat": 41.413161, "lon": 2.1845122, "brand": "Condis", "organic": null, "h3_index": "89394460cc7ffff" }, "geometry": { "type": "Point", "coordinates": [ 2.1845122, 41.413161 ] } },
{ "type": "Feature", "properties": { "osm_id": 5791814659, "shop_type": "bakery", "name": "Pastisseria Lerma", "lat": 41.3918228, "lon": 2.1511139, "brand": null, "organic": null, "h3_index": "8939446038fffff" }, "geometry": { "type": "Point", "coordinates": [ 2.1511139, 41.3918228 ] } },
{ "type": "Feature", "properties": { "osm_id": 5792714453, "shop_type": "supermarket", "name": "Caprabo", "lat": 41.4065255, "lon": 2.167157, "brand": "Caprabo", "organic": null, "h3_index": "8939446010fffff" }, "geometry": { "type": "Point", "coordinates": [ 2.167157, 41.4065255 ] } },
{ "type": "Feature", "properties": { "osm_id": 5812101753, "shop_type": "bakery", "name": "Iaia Nita Mariá Mubí", "lat": 41.397773, "lon": 2.1489334, "brand": null, "organic": null, "h3_index": "89394460397ffff" }, "geometry": { "type": "Point", "coordinates": [ 2.1489334, 41.397773 ] } },
{ "type": "Feature", "properties": { "osm_id": 5820816753, "shop_type": "supermarket", "name": "Noor Supermercat", "lat": 41.4256929, "lon": 2.1911368, "brand": null, "organic": null, "h3_index": "89394462b5bffff" }, "geometry": { "type": "Point", "coordinates": [ 2.1911368, 41.4256929 ] } },
{ "type": "Feature", "properties": { "osm_id": 5820816755, "shop_type": "supermarket", "name": "Suma", "lat": 41.4272012, "lon": 2.1910858, "brand": "Suma", "organic": null, "h3_index": "89394462b5bffff" }, "geometry": { "type": "Point", "coordinates": [ 2.1910858, 41.4272012 ] } },
{ "type": "Feature", "properties": { "osm_id": 5820816954, "shop_type": "supermarket", "name": "Condis", "lat": 41.4297272, "lon": 2.1900149, "brand": "Condis", "organic": null, "h3_index": "89394462a27ffff" }, "geometry": { "type": "Point", "coordinates": [ 2.1900149, 41.4297272 ] } },
{ "type": "Feature", "properties": { "osm_id": 5820816955, "shop_type": "bakery", "name": "Pa artesà del Vallès", "lat": 41.4355315, "lon": 2.1898677, "brand": null, "organic": null, "h3_index": "89394462bd3ffff" }, "geometry": { "type": "Point", "coordinates": [ 2.1898677, 41.4355315 ] } },
{ "type": "Feature", "properties": { "osm_id": 5845800485, "shop_type": "bakery", "name": "Unknown", "lat": 41.4100645, "lon": 2.1800146, "brand": null, "organic": null, "h3_index": "89394460ccbffff" }, "geometry": { "type": "Point", "coordinates": [ 2.1800146, 41.4100645 ] } },
{ "type": "Feature", "properties": { "osm_id": 5845800585, "shop_type": "supermarket", "name": "Unknown", "lat": 41.4116728, "lon": 2.1796633, "brand": null, "organic": null, "h3_index": "89394460ccbffff" }, "geometry": { "type": "Point", "coordinates": [ 2.1796633, 41.4116728 ] } },
{ "type": "Feature", "properties": { "osm_id": 5851809951, "shop_type": "supermarket", "name": "veritas", "lat": 41.44188, "lon": 2.1975642, "brand": null, "organic": null, "h3_index": "89394462b83ffff" }, "geometry": { "type": "Point", "coordinates": [ 2.1975642, 41.44188 ] } },
{ "type": "Feature", "properties": { "osm_id": 5856759999, "shop_type": "supermarket", "name": "Sabors del mon", "lat": 41.447503, "lon": 2.2008238, "brand": null, "organic": null, "h3_index": "8939446295bffff" }, "geometry": { "type": "Point", "coordinates": [ 2.2008238, 41.447503 ] } },
{ "type": "Feature", "properties": { "osm_id": 5856760248, "shop_type": "butcher", "name": "Deogracias", "lat": 41.4476363, "lon": 2.1996087, "brand": null, "organic": null, "h3_index": "8939446295bffff" }, "geometry": { "type": "Point", "coordinates": [ 2.1996087, 41.4476363 ] } },
{ "type": "Feature", "properties": { "osm_id": 5864088487, "shop_type": "greengrocer", "name": "Orgànic Market", "lat": 41.3973582, "lon": 2.1619032, "brand": null, "organic": null, "h3_index": "893944603b7ffff" }, "geometry": { "type": "Point", "coordinates": [ 2.1619032, 41.3973582 ] } },
{ "type": "Feature", "properties": { "osm_id": 5864094592, "shop_type": "supermarket", "name": "Lidl", "lat": 41.3920837, "lon": 2.1451672, "brand": "Lidl", "organic": null, "h3_index": "893944603d7ffff" }, "geometry": { "type": "Point", "coordinates": [ 2.1451672, 41.3920837 ] } },
{ "type": "Feature", "properties": { "osm_id": 5864094991, "shop_type": "bakery", "name": "Baluard Barceloneta", "lat": 41.3910122, "lon": 2.1613273, "brand": null, "organic": null, "h3_index": "893944603afffff" }, "geometry": { "type": "Point", "coordinates": [ 2.1613273, 41.3910122 ] } },
{ "type": "Feature", "properties": { "osm_id": 5864094992, "shop_type": "bakery", "name": "Romà", "lat": 41.3986694, "lon": 2.1602297, "brand": null, "organic": null, "h3_index": "8939446014fffff" }, "geometry": { "type": "Point", "coordinates": [ 2.1602297, 41.3986694 ] } },
{ "type": "Feature", "properties": { "osm_id": 5868565386, "shop_type": "bakery", "name": "Vivari", "lat": 41.4191232, "lon": 2.1804476, "brand": null, "organic": null, "h3_index": "89394462a6fffff" }, "geometry": { "type": "Point", "coordinates": [ 2.1804476, 41.4191232 ] } },
{ "type": "Feature", "properties": { "osm_id": 5873648685, "shop_type": "supermarket", "name": "Dia", "lat": 41.4221312, "lon": 2.156826, "brand": "Dia", "organic": null, "h3_index": "89394460523ffff" }, "geometry": { "type": "Point", "coordinates": [ 2.156826, 41.4221312 ] } },
{ "type": "Feature", "properties": { "osm_id": 5881622778, "shop_type": "bakery", "name": "El Fornet", "lat": 41.4013423, "lon": 2.1977952, "brand": null, "organic": null, "h3_index": "89394460c6fffff" }, "geometry": { "type": "Point", "coordinates": [ 2.1977952, 41.4013423 ] } },
{ "type": "Feature", "properties": { "osm_id": 5882992722, "shop_type": "supermarket", "name": "24h Supermercat con pan", "lat": 41.4022345, "lon": 2.183368, "brand": null, "organic": null, "h3_index": "89394460c4bffff" }, "geometry": { "type": "Point", "coordinates": [ 2.183368, 41.4022345 ] } },
{ "type": "Feature", "properties": { "osm_id": 5896455487, "shop_type": "supermarket", "name": "Ametller Origen", "lat": 41.4002746, "lon": 2.1667913, "brand": null, "organic": null, "h3_index": "89394460163ffff" }, "geometry": { "type": "Point", "coordinates": [ 2.1667913, 41.4002746 ] } },
{ "type": "Feature", "properties": { "osm_id": 5896455488, "shop_type": "bakery", "name": "Miralles", "lat": 41.4071816, "lon": 2.1616247, "brand": null, "organic": null, "h3_index": "89394460103ffff" }, "geometry": { "type": "Point", "coordinates": [ 2.1616247, 41.4071816 ] } },
{ "type": "Feature", "properties": { "osm_id": 5896482085, "shop_type": "supermarket", "name": "Supercor", "lat": 41.4014748, "lon": 2.1672053, "brand": "Supercor", "organic": null, "h3_index": "89394460163ffff" }, "geometry": { "type": "Point", "coordinates": [ 2.1672053, 41.4014748 ] } },
{ "type": "Feature", "properties": { "osm_id": 5899813187, "shop_type": "supermarket", "name": "Suma", "lat": 41.4024482, "lon": 2.1373687, "brand": "Suma", "organic": null, "h3_index": "8939446000fffff" }, "geometry": { "type": "Point", "coordinates": [ 2.1373687, 41.4024482 ] } },
{ "type": "Feature", "properties": { "osm_id": 5902468989, "shop_type": "bakery", "name": "Jhelum", "lat": 41.3819485, "lon": 2.1663543, "brand": null, "organic": null, "h3_index": "89394461d97ffff" }, "geometry": { "type": "Point", "coordinates": [ 2.1663543, 41.3819485 ] } },
{ "type": "Feature", "properties": { "osm_id": 5906254289, "shop_type": "bakery", "name": "Granier", "lat": 41.382548, "lon": 2.1576585, "brand": "Granier", "organic": null, "h3_index": "89394460377ffff" }, "geometry": { "type": "Point", "coordinates": [ 2.1576585, 41.382548 ] } },
{ "type": "Feature", "properties": { "osm_id": 5906277487, "shop_type": "bakery", "name": "Granier", "lat": 41.3998873, "lon": 2.1525672, "brand": null, "organic": null, "h3_index": "8939446015bffff" }, "geometry": { "type": "Point", "coordinates": [ 2.1525672, 41.3998873 ] } },
{ "type": "Feature", "properties": { "osm_id": 5907858702, "shop_type": "bakery", "name": "Forn de Pa Padró", "lat": 41.4305478, "lon": 2.1726154, "brand": null, "organic": null, "h3_index": "89394462a13ffff" }, "geometry": { "type": "Point", "coordinates": [ 2.1726154, 41.4305478 ] } },
{ "type": "Feature", "properties": { "osm_id": 5909761923, "shop_type": "supermarket", "name": "Comercialdos", "lat": 41.388027, "lon": 2.1811689, "brand": null, "organic": "yes", "h3_index": "89394460e0bffff" }, "geometry": { "type": "Point", "coordinates": [ 2.1811689, 41.388027 ] } },
{ "type": "Feature", "properties": { "osm_id": 5909777354, "shop_type": "supermarket", "name": "OBBIO", "lat": 41.391962, "lon": 2.1521447, "brand": null, "organic": "yes", "h3_index": "8939446038fffff" }, "geometry": { "type": "Point", "coordinates": [ 2.1521447, 41.391962 ] } },
{ "type": "Feature", "properties": { "osm_id": 5909798935, "shop_type": "supermarket", "name": "Araf", "lat": 41.3798901, "lon": 2.152249, "brand": null, "organic": null, "h3_index": "8939446037bffff" }, "geometry": { "type": "Point", "coordinates": [ 2.152249, 41.3798901 ] } },
{ "type": "Feature", "properties": { "osm_id": 5914744886, "shop_type": "supermarket", "name": "Con pan", "lat": 41.3903769, "lon": 2.1501894, "brand": null, "organic": null, "h3_index": "89394460313ffff" }, "geometry": { "type": "Point", "coordinates": [ 2.1501894, 41.3903769 ] } },
{ "type": "Feature", "properties": { "osm_id": 5914744889, "shop_type": "supermarket", "name": "Caprabo", "lat": 41.3912508, "lon": 2.1490156, "brand": "Caprabo", "organic": null, "h3_index": "8939446038bffff" }, "geometry": { "type": "Point", "coordinates": [ 2.1490156, 41.3912508 ] } },
{ "type": "Feature", "properties": { "osm_id": 5914745786, "shop_type": "supermarket", "name": "Dia", "lat": 41.4085872, "lon": 2.1579135, "brand": "Dia", "organic": null, "h3_index": "893944601c7ffff" }, "geometry": { "type": "Point", "coordinates": [ 2.1579135, 41.4085872 ] } },
{ "type": "Feature", "properties": { "osm_id": 5916936386, "shop_type": "supermarket", "name": "Covirán", "lat": 41.3848888, "lon": 2.1682174, "brand": "Covirán", "organic": null, "h3_index": "89394460e5bffff" }, "geometry": { "type": "Point", "coordinates": [ 2.1682174, 41.3848888 ] } },
{ "type": "Feature", "properties": { "osm_id": 5917833465, "shop_type": "bakery", "name": "La Paloma Blanca", "lat": 41.3769774, "lon": 2.1682326, "brand": null, "organic": null, "h3_index": "89394461d8fffff" }, "geometry": { "type": "Point", "coordinates": [ 2.1682326, 41.3769774 ] } },
{ "type": "Feature", "properties": { "osm_id": 5917833633, "shop_type": "greengrocer", "name": "Per Pebrots", "lat": 41.3733688, "lon": 2.1626878, "brand": null, "organic": null, "h3_index": "89394461dc7ffff" }, "geometry": { "type": "Point", "coordinates": [ 2.1626878, 41.3733688 ] } },
{ "type": "Feature", "properties": { "osm_id": 5919529285, "shop_type": "bakery", "name": "Vivari", "lat": 41.4080419, "lon": 2.1507037, "brand": null, "organic": null, "h3_index": "893944601dbffff" }, "geometry": { "type": "Point", "coordinates": [ 2.1507037, 41.4080419 ] } },
{ "type": "Feature", "properties": { "osm_id": 5924253708, "shop_type": "bakery", "name": "Yellow Bakery", "lat": 41.3814436, "lon": 2.1790189, "brand": null, "organic": null, "h3_index": "89394461db7ffff" }, "geometry": { "type": "Point", "coordinates": [ 2.1790189, 41.3814436 ] } },
{ "type": "Feature", "properties": { "osm_id": 5929526385, "shop_type": "convenience", "name": "Badulake", "lat": 41.3833987, "lon": 2.164961, "brand": null, "organic": null, "h3_index": "8939446032fffff" }, "geometry": { "type": "Point", "coordinates": [ 2.164961, 41.3833987 ] } },
{ "type": "Feature", "properties": { "osm_id": 5930228786, "shop_type": "supermarket", "name": "Bonpreu", "lat": 41.3996276, "lon": 2.1535665, "brand": "Bonpreu", "organic": null, "h3_index": "8939446014bffff" }, "geometry": { "type": "Point", "coordinates": [ 2.1535665, 41.3996276 ] } },
{ "type": "Feature", "properties": { "osm_id": 5930229085, "shop_type": "supermarket", "name": "Sorli", "lat": 41.4007737, "lon": 2.1557249, "brand": null, "organic": null, "h3_index": "89394460143ffff" }, "geometry": { "type": "Point", "coordinates": [ 2.1557249, 41.4007737 ] } },
{ "type": "Feature", "properties": { "osm_id": 5940951487, "shop_type": "bakery", "name": "Forn de Sarrià", "lat": 41.3992449, "lon": 2.1220934, "brand": null, "organic": null, "h3_index": "89394460627ffff" }, "geometry": { "type": "Point", "coordinates": [ 2.1220934, 41.3992449 ] } },
{ "type": "Feature", "properties": { "osm_id": 5940979686, "shop_type": "supermarket", "name": "Superservis", "lat": 41.3990917, "lon": 2.1220556, "brand": null, "organic": null, "h3_index": "89394460627ffff" }, "geometry": { "type": "Point", "coordinates": [ 2.1220556, 41.3990917 ] } },
{ "type": "Feature", "properties": { "osm_id": 5940979687, "shop_type": "bakery", "name": "MacxiPa", "lat": 41.3995645, "lon": 2.1218004, "brand": null, "organic": null, "h3_index": "89394460627ffff" }, "geometry": { "type": "Point", "coordinates": [ 2.1218004, 41.3995645 ] } },
{ "type": "Feature", "properties": { "osm_id": 5940979886, "shop_type": "supermarket", "name": "Supermercat", "lat": 41.4007927, "lon": 2.1206843, "brand": null, "organic": null, "h3_index": "89394460637ffff" }, "geometry": { "type": "Point", "coordinates": [ 2.1206843, 41.4007927 ] } },
{ "type": "Feature", "properties": { "osm_id": 5940979892, "shop_type": "bakery", "name": "el Fornet d'en Rossend", "lat": 41.3971952, "lon": 2.1235038, "brand": null, "organic": null, "h3_index": "8939446005bffff" }, "geometry": { "type": "Point", "coordinates": [ 2.1235038, 41.3971952 ] } },
{ "type": "Feature", "properties": { "osm_id": 5940979893, "shop_type": "bakery", "name": "Santagloria", "lat": 41.3970837, "lon": 2.1236387, "brand": "Santagloria", "organic": null, "h3_index": "8939446005bffff" }, "geometry": { "type": "Point", "coordinates": [ 2.1236387, 41.3970837 ] } },
{ "type": "Feature", "properties": { "osm_id": 5941211011, "shop_type": "convenience", "name": "Unknown", "lat": 41.4115525, "lon": 2.1471716, "brand": null, "organic": null, "h3_index": "893944600a7ffff" }, "geometry": { "type": "Point", "coordinates": [ 2.1471716, 41.4115525 ] } },
{ "type": "Feature", "properties": { "osm_id": 5941211012, "shop_type": "supermarket", "name": "Caprabo", "lat": 41.4123752, "lon": 2.1468551, "brand": "Caprabo", "organic": null, "h3_index": "893944600a7ffff" }, "geometry": { "type": "Point", "coordinates": [ 2.1468551, 41.4123752 ] } },
{ "type": "Feature", "properties": { "osm_id": 5954244986, "shop_type": "bakery", "name": "Granier", "lat": 41.3796324, "lon": 2.1615789, "brand": "Granier", "organic": null, "h3_index": "89394460367ffff" }, "geometry": { "type": "Point", "coordinates": [ 2.1615789, 41.3796324 ] } },
{ "type": "Feature", "properties": { "osm_id": 5954257597, "shop_type": "supermarket", "name": "Consum", "lat": 41.3801743, "lon": 2.1614601, "brand": "Consum", "organic": null, "h3_index": "89394460367ffff" }, "geometry": { "type": "Point", "coordinates": [ 2.1614601, 41.3801743 ] } },
{ "type": "Feature", "properties": { "osm_id": 5954697285, "shop_type": "bakery", "name": "Can Bargalló", "lat": 41.3826554, "lon": 2.1598661, "brand": null, "organic": null, "h3_index": "8939446032bffff" }, "geometry": { "type": "Point", "coordinates": [ 2.1598661, 41.3826554 ] } },
{ "type": "Feature", "properties": { "osm_id": 5958721488, "shop_type": "supermarket", "name": "Bon Area", "lat": 41.4163407, "lon": 2.188263, "brand": "Bon Area", "organic": null, "h3_index": "89394460c13ffff" }, "geometry": { "type": "Point", "coordinates": [ 2.188263, 41.4163407 ] } },
{ "type": "Feature", "properties": { "osm_id": 5961889759, "shop_type": "greengrocer", "name": "Bolets Petràs", "lat": 41.3814928, "lon": 2.171394, "brand": null, "organic": null, "h3_index": "89394460e4bffff" }, "geometry": { "type": "Point", "coordinates": [ 2.171394, 41.3814928 ] } },
{ "type": "Feature", "properties": { "osm_id": 5972455502, "shop_type": "supermarket", "name": "Tokyo-Ya", "lat": 41.397182, "lon": 2.1520791, "brand": null, "organic": null, "h3_index": "89394460397ffff" }, "geometry": { "type": "Point", "coordinates": [ 2.1520791, 41.397182 ] } },
{ "type": "Feature", "properties": { "osm_id": 5972458365, "shop_type": "bakery", "name": "Panino Silvestre", "lat": 41.396802, "lon": 2.1526231, "brand": null, "organic": null, "h3_index": "89394460387ffff" }, "geometry": { "type": "Point", "coordinates": [ 2.1526231, 41.396802 ] } },
{ "type": "Feature", "properties": { "osm_id": 5980982690, "shop_type": "bakery", "name": "Farina & sons", "lat": 41.4059969, "lon": 2.1503966, "brand": null, "organic": null, "h3_index": "893944601cbffff" }, "geometry": { "type": "Point", "coordinates": [ 2.1503966, 41.4059969 ] } },
{ "type": "Feature", "properties": { "osm_id": 5980982692, "shop_type": "greengrocer", "name": "Berna", "lat": 41.4051486, "lon": 2.1470145, "brand": null, "organic": null, "h3_index": "89394460037ffff" }, "geometry": { "type": "Point", "coordinates": [ 2.1470145, 41.4051486 ] } },
{ "type": "Feature", "properties": { "osm_id": 5994481886, "shop_type": "supermarket", "name": "Ametller Origen", "lat": 41.3858651, "lon": 2.1331163, "brand": null, "organic": null, "h3_index": "893944602afffff" }, "geometry": { "type": "Point", "coordinates": [ 2.1331163, 41.3858651 ] } },
{ "type": "Feature", "properties": { "osm_id": 5996559889, "shop_type": "butcher", "name": "Ca la Nuri", "lat": 41.4330311, "lon": 2.1854966, "brand": null, "organic": null, "h3_index": "89394462aafffff" }, "geometry": { "type": "Point", "coordinates": [ 2.1854966, 41.4330311 ] } },
{ "type": "Feature", "properties": { "osm_id": 6002264406, "shop_type": "bakery", "name": "Xurreria", "lat": 41.4420517, "lon": 2.1909534, "brand": null, "organic": null, "h3_index": "89394462867ffff" }, "geometry": { "type": "Point", "coordinates": [ 2.1909534, 41.4420517 ] } },
{ "type": "Feature", "properties": { "osm_id": 6002388726, "shop_type": "supermarket", "name": "Bonpreu", "lat": 41.4218962, "lon": 2.1907122, "brand": "Bonpreu", "organic": null, "h3_index": "89394460c87ffff" }, "geometry": { "type": "Point", "coordinates": [ 2.1907122, 41.4218962 ] } },
{ "type": "Feature", "properties": { "osm_id": 6005784586, "shop_type": "convenience", "name": "Carrefour Express", "lat": 41.3795487, "lon": 2.1888893, "brand": "Carrefour Express", "organic": null, "h3_index": "89394460ad7ffff" }, "geometry": { "type": "Point", "coordinates": [ 2.1888893, 41.3795487 ] } },
{ "type": "Feature", "properties": { "osm_id": 6040387825, "shop_type": "supermarket", "name": "Caprabo", "lat": 41.4302932, "lon": 2.168672, "brand": "Caprabo", "organic": null, "h3_index": "89394462ac7ffff" }, "geometry": { "type": "Point", "coordinates": [ 2.168672, 41.4302932 ] } },
{ "type": "Feature", "properties": { "osm_id": 6045090756, "shop_type": "supermarket", "name": "Graneria sala", "lat": 41.4004787, "lon": 2.1564315, "brand": null, "organic": null, "h3_index": "89394460143ffff" }, "geometry": { "type": "Point", "coordinates": [ 2.1564315, 41.4004787 ] } },
{ "type": "Feature", "properties": { "osm_id": 6052329484, "shop_type": "convenience", "name": "Bona Compra", "lat": 41.3832762, "lon": 2.1781103, "brand": null, "organic": null, "h3_index": "89394460e4fffff" }, "geometry": { "type": "Point", "coordinates": [ 2.1781103, 41.3832762 ] } },
{ "type": "Feature", "properties": { "osm_id": 6052329492, "shop_type": "convenience", "name": "Unknown", "lat": 41.3829993, "lon": 2.1784794, "brand": null, "organic": null, "h3_index": "89394460e7bffff" }, "geometry": { "type": "Point", "coordinates": [ 2.1784794, 41.3829993 ] } },
{ "type": "Feature", "properties": { "osm_id": 6052329501, "shop_type": "convenience", "name": "Supermercat", "lat": 41.3828056, "lon": 2.1787426, "brand": null, "organic": null, "h3_index": "89394460e7bffff" }, "geometry": { "type": "Point", "coordinates": [ 2.1787426, 41.3828056 ] } },
{ "type": "Feature", "properties": { "osm_id": 6052374051, "shop_type": "supermarket", "name": "MiAlcampo", "lat": 41.3823442, "lon": 2.176844, "brand": null, "organic": null, "h3_index": "89394460e4fffff" }, "geometry": { "type": "Point", "coordinates": [ 2.176844, 41.3823442 ] } },
{ "type": "Feature", "properties": { "osm_id": 6052523991, "shop_type": "bakery", "name": "Colombia", "lat": 41.408776, "lon": 2.1862776, "brand": null, "organic": null, "h3_index": "89394460c57ffff" }, "geometry": { "type": "Point", "coordinates": [ 2.1862776, 41.408776 ] } },
{ "type": "Feature", "properties": { "osm_id": 6052524187, "shop_type": "bakery", "name": "Macxipa", "lat": 41.3840385, "lon": 2.1302676, "brand": null, "organic": null, "h3_index": "89394460207ffff" }, "geometry": { "type": "Point", "coordinates": [ 2.1302676, 41.3840385 ] } },
{ "type": "Feature", "properties": { "osm_id": 6052524188, "shop_type": "bakery", "name": "Monpa", "lat": 41.408987, "lon": 2.1855396, "brand": null, "organic": null, "h3_index": "89394460c57ffff" }, "geometry": { "type": "Point", "coordinates": [ 2.1855396, 41.408987 ] } },
{ "type": "Feature", "properties": { "osm_id": 6052524190, "shop_type": "bakery", "name": "Pa Ciència", "lat": 41.4086066, "lon": 2.1863564, "brand": null, "organic": null, "h3_index": "89394460c57ffff" }, "geometry": { "type": "Point", "coordinates": [ 2.1863564, 41.4086066 ] } },
{ "type": "Feature", "properties": { "osm_id": 6053049669, "shop_type": "bakery", "name": "Forn de Pa", "lat": 41.3884175, "lon": 2.180728, "brand": null, "organic": null, "h3_index": "89394460e0bffff" }, "geometry": { "type": "Point", "coordinates": [ 2.180728, 41.3884175 ] } },
{ "type": "Feature", "properties": { "osm_id": 6053049808, "shop_type": "supermarket", "name": "Aldi", "lat": 41.3848478, "lon": 2.184051, "brand": "Aldi", "organic": null, "h3_index": "89394460e63ffff" }, "geometry": { "type": "Point", "coordinates": [ 2.184051, 41.3848478 ] } },
{ "type": "Feature", "properties": { "osm_id": 6055182085, "shop_type": "convenience", "name": "Unknown", "lat": 41.3790469, "lon": 2.1743111, "brand": null, "organic": null, "h3_index": "89394461db3ffff" }, "geometry": { "type": "Point", "coordinates": [ 2.1743111, 41.3790469 ] } },
{ "type": "Feature", "properties": { "osm_id": 6061238488, "shop_type": "supermarket", "name": "Cal Fruitós", "lat": 41.4234284, "lon": 2.1866095, "brand": null, "organic": null, "h3_index": "89394460c93ffff" }, "geometry": { "type": "Point", "coordinates": [ 2.1866095, 41.4234284 ] } },
{ "type": "Feature", "properties": { "osm_id": 6077341460, "shop_type": "supermarket", "name": "Sorli Discau", "lat": 41.3843365, "lon": 2.1475312, "brand": "Sorli Discau", "organic": null, "h3_index": "89394460357ffff" }, "geometry": { "type": "Point", "coordinates": [ 2.1475312, 41.3843365 ] } },
{ "type": "Feature", "properties": { "osm_id": 6090569586, "shop_type": "supermarket", "name": "Caprabo", "lat": 41.3949546, "lon": 2.1570793, "brand": "Caprabo", "organic": null, "h3_index": "893944603b3ffff" }, "geometry": { "type": "Point", "coordinates": [ 2.1570793, 41.3949546 ] } },
{ "type": "Feature", "properties": { "osm_id": 6093791831, "shop_type": "greengrocer", "name": "Secris", "lat": 41.4076, "lon": 2.1881989, "brand": null, "organic": null, "h3_index": "89394460c47ffff" }, "geometry": { "type": "Point", "coordinates": [ 2.1881989, 41.4076 ] } },
{ "type": "Feature", "properties": { "osm_id": 6093938880, "shop_type": "convenience", "name": "Luna", "lat": 41.3973923, "lon": 2.1639991, "brand": null, "organic": null, "h3_index": "8939446016bffff" }, "geometry": { "type": "Point", "coordinates": [ 2.1639991, 41.3973923 ] } },
{ "type": "Feature", "properties": { "osm_id": 6093942018, "shop_type": "convenience", "name": "J. Solans", "lat": 41.4071096, "lon": 2.1876767, "brand": null, "organic": null, "h3_index": "89394460c47ffff" }, "geometry": { "type": "Point", "coordinates": [ 2.1876767, 41.4071096 ] } },
{ "type": "Feature", "properties": { "osm_id": 6093944885, "shop_type": "convenience", "name": "Naim", "lat": 41.4071645, "lon": 2.1874651, "brand": null, "organic": null, "h3_index": "89394460c47ffff" }, "geometry": { "type": "Point", "coordinates": [ 2.1874651, 41.4071645 ] } },
{ "type": "Feature", "properties": { "osm_id": 6097047661, "shop_type": "supermarket", "name": "Mercadona", "lat": 41.4003675, "lon": 2.1770146, "brand": "Mercadona", "organic": null, "h3_index": "89394460e83ffff" }, "geometry": { "type": "Point", "coordinates": [ 2.1770146, 41.4003675 ] } },
{ "type": "Feature", "properties": { "osm_id": 6101403365, "shop_type": "convenience", "name": "Proxim", "lat": 41.3862856, "lon": 2.1661016, "brand": null, "organic": null, "h3_index": "89394460327ffff" }, "geometry": { "type": "Point", "coordinates": [ 2.1661016, 41.3862856 ] } },
{ "type": "Feature", "properties": { "osm_id": 6101403366, "shop_type": "convenience", "name": "Diputació", "lat": 41.3971142, "lon": 2.1758043, "brand": null, "organic": null, "h3_index": "89394460e8bffff" }, "geometry": { "type": "Point", "coordinates": [ 2.1758043, 41.3971142 ] } },
{ "type": "Feature", "properties": { "osm_id": 6101403370, "shop_type": "convenience", "name": "Barcelona", "lat": 41.398694, "lon": 2.1782798, "brand": null, "organic": null, "h3_index": "89394460e83ffff" }, "geometry": { "type": "Point", "coordinates": [ 2.1782798, 41.398694 ] } },
{ "type": "Feature", "properties": { "osm_id": 6101403904, "shop_type": "convenience", "name": "Everest", "lat": 41.3833993, "lon": 2.1612067, "brand": null, "organic": null, "h3_index": "8939446032bffff" }, "geometry": { "type": "Point", "coordinates": [ 2.1612067, 41.3833993 ] } },
{ "type": "Feature", "properties": { "osm_id": 6104559898, "shop_type": "supermarket", "name": "Plusfresc", "lat": 41.3870508, "lon": 2.1370787, "brand": "Plusfresc", "organic": null, "h3_index": "893944603dbffff" }, "geometry": { "type": "Point", "coordinates": [ 2.1370787, 41.3870508 ] } },
{ "type": "Feature", "properties": { "osm_id": 6109337685, "shop_type": "supermarket", "name": "Mi Alcampo", "lat": 41.4154967, "lon": 2.1691716, "brand": null, "organic": null, "h3_index": "893944601a3ffff" }, "geometry": { "type": "Point", "coordinates": [ 2.1691716, 41.4154967 ] } },
{ "type": "Feature", "properties": { "osm_id": 6115282470, "shop_type": "convenience", "name": "Super Euro", "lat": 41.3931925, "lon": 2.1502005, "brand": null, "organic": null, "h3_index": "8939446038fffff" }, "geometry": { "type": "Point", "coordinates": [ 2.1502005, 41.3931925 ] } },
{ "type": "Feature", "properties": { "osm_id": 6121148415, "shop_type": "bakery", "name": "Bonjour Gala", "lat": 41.4059895, "lon": 2.1859945, "brand": null, "organic": null, "h3_index": "89394460c43ffff" }, "geometry": { "type": "Point", "coordinates": [ 2.1859945, 41.4059895 ] } },
{ "type": "Feature", "properties": { "osm_id": 6122125143, "shop_type": "convenience", "name": "Colmado Afrolatino", "lat": 41.3826969, "lon": 2.1801843, "brand": null, "organic": null, "h3_index": "89394460e7bffff" }, "geometry": { "type": "Point", "coordinates": [ 2.1801843, 41.3826969 ] } },
{ "type": "Feature", "properties": { "osm_id": 6122183724, "shop_type": "convenience", "name": "Super Clot", "lat": 41.4084129, "lon": 2.1863598, "brand": null, "organic": null, "h3_index": "89394460c57ffff" }, "geometry": { "type": "Point", "coordinates": [ 2.1863598, 41.4084129 ] } },
{ "type": "Feature", "properties": { "osm_id": 6122393579, "shop_type": "convenience", "name": "Supermarket", "lat": 41.407557, "lon": 2.1857604, "brand": null, "organic": null, "h3_index": "89394460c57ffff" }, "geometry": { "type": "Point", "coordinates": [ 2.1857604, 41.407557 ] } },
{ "type": "Feature", "properties": { "osm_id": 6125393737, "shop_type": "convenience", "name": "Mini Mercado", "lat": 41.4082721, "lon": 2.1873726, "brand": null, "organic": null, "h3_index": "89394460c57ffff" }, "geometry": { "type": "Point", "coordinates": [ 2.1873726, 41.4082721 ] } },
{ "type": "Feature", "properties": { "osm_id": 6125413424, "shop_type": "bakery", "name": "7 dias", "lat": 41.4075011, "lon": 2.183498, "brand": null, "organic": null, "h3_index": "89394460c53ffff" }, "geometry": { "type": "Point", "coordinates": [ 2.183498, 41.4075011 ] } },
{ "type": "Feature", "properties": { "osm_id": 6125429034, "shop_type": "convenience", "name": "Tasfia", "lat": 41.4075751, "lon": 2.1829143, "brand": null, "organic": null, "h3_index": "89394460c53ffff" }, "geometry": { "type": "Point", "coordinates": [ 2.1829143, 41.4075751 ] } },
{ "type": "Feature", "properties": { "osm_id": 6125478781, "shop_type": "convenience", "name": "Lucky's", "lat": 41.4062475, "lon": 2.1833333, "brand": null, "organic": null, "h3_index": "89394460c43ffff" }, "geometry": { "type": "Point", "coordinates": [ 2.1833333, 41.4062475 ] } },
{ "type": "Feature", "properties": { "osm_id": 6126216586, "shop_type": "supermarket", "name": "Condis", "lat": 41.4081939, "lon": 2.1518598, "brand": "Condis", "organic": null, "h3_index": "893944601c3ffff" }, "geometry": { "type": "Point", "coordinates": [ 2.1518598, 41.4081939 ] } },
{ "type": "Feature", "properties": { "osm_id": 6133090389, "shop_type": "supermarket", "name": "Taste of America", "lat": 41.4029458, "lon": 2.1443872, "brand": null, "organic": null, "h3_index": "89394460023ffff" }, "geometry": { "type": "Point", "coordinates": [ 2.1443872, 41.4029458 ] } },
{ "type": "Feature", "properties": { "osm_id": 6133116687, "shop_type": "supermarket", "name": "Superservis", "lat": 41.40341, "lon": 2.1485653, "brand": null, "organic": null, "h3_index": "89394460027ffff" }, "geometry": { "type": "Point", "coordinates": [ 2.1485653, 41.40341 ] } },
{ "type": "Feature", "properties": { "osm_id": 6137218387, "shop_type": "convenience", "name": "Pak Catalunya", "lat": 41.4168107, "lon": 2.1482073, "brand": null, "organic": null, "h3_index": "89394460563ffff" }, "geometry": { "type": "Point", "coordinates": [ 2.1482073, 41.4168107 ] } },
{ "type": "Feature", "properties": { "osm_id": 6137244686, "shop_type": "greengrocer", "name": "Unknown", "lat": 41.4180996, "lon": 2.1810623, "brand": null, "organic": null, "h3_index": "89394462a6fffff" }, "geometry": { "type": "Point", "coordinates": [ 2.1810623, 41.4180996 ] } },
{ "type": "Feature", "properties": { "osm_id": 6140258760, "shop_type": "supermarket", "name": "Dia", "lat": 41.4257931, "lon": 2.1801389, "brand": "Dia", "organic": null, "h3_index": "89394462a3bffff" }, "geometry": { "type": "Point", "coordinates": [ 2.1801389, 41.4257931 ] } },
{ "type": "Feature", "properties": { "osm_id": 6143168020, "shop_type": "bakery", "name": "Art Dolç", "lat": 41.3846675, "lon": 2.13938, "brand": null, "organic": null, "h3_index": "893944603cbffff" }, "geometry": { "type": "Point", "coordinates": [ 2.13938, 41.3846675 ] } },
{ "type": "Feature", "properties": { "osm_id": 6143183927, "shop_type": "bakery", "name": "Panet", "lat": 41.3823537, "lon": 2.1398957, "brand": null, "organic": null, "h3_index": "89394460227ffff" }, "geometry": { "type": "Point", "coordinates": [ 2.1398957, 41.3823537 ] } },
{ "type": "Feature", "properties": { "osm_id": 6157629899, "shop_type": "greengrocer", "name": "Don Verdures", "lat": 41.407803, "lon": 2.1892973, "brand": null, "organic": null, "h3_index": "89394460c47ffff" }, "geometry": { "type": "Point", "coordinates": [ 2.1892973, 41.407803 ] } },
{ "type": "Feature", "properties": { "osm_id": 6157631328, "shop_type": "bakery", "name": "El Cafetó", "lat": 41.4077289, "lon": 2.1891251, "brand": null, "organic": null, "h3_index": "89394460c47ffff" }, "geometry": { "type": "Point", "coordinates": [ 2.1891251, 41.4077289 ] } },
{ "type": "Feature", "properties": { "osm_id": 6159428285, "shop_type": "convenience", "name": "Supermercat", "lat": 41.3812978, "lon": 2.1616647, "brand": null, "organic": null, "h3_index": "89394460367ffff" }, "geometry": { "type": "Point", "coordinates": [ 2.1616647, 41.3812978 ] } },
{ "type": "Feature", "properties": { "osm_id": 6164236105, "shop_type": "bakery", "name": "Boheme", "lat": 41.4014971, "lon": 2.2008971, "brand": null, "organic": null, "h3_index": "893944608d7ffff" }, "geometry": { "type": "Point", "coordinates": [ 2.2008971, 41.4014971 ] } },
{ "type": "Feature", "properties": { "osm_id": 6166405091, "shop_type": "convenience", "name": "Entença Supermercat 24h", "lat": 41.3854484, "lon": 2.1431293, "brand": null, "organic": null, "h3_index": "893944603cfffff" }, "geometry": { "type": "Point", "coordinates": [ 2.1431293, 41.3854484 ] } },
{ "type": "Feature", "properties": { "osm_id": 6167240128, "shop_type": "bakery", "name": "Vivari", "lat": 41.4080887, "lon": 2.1882085, "brand": null, "organic": null, "h3_index": "89394460c47ffff" }, "geometry": { "type": "Point", "coordinates": [ 2.1882085, 41.4080887 ] } },
{ "type": "Feature", "properties": { "osm_id": 6169115206, "shop_type": "supermarket", "name": "Dia Market", "lat": 41.383764, "lon": 2.1316434, "brand": "Dia Market", "organic": null, "h3_index": "89394460233ffff" }, "geometry": { "type": "Point", "coordinates": [ 2.1316434, 41.383764 ] } },
{ "type": "Feature", "properties": { "osm_id": 6169525485, "shop_type": "bakery", "name": "Granier", "lat": 41.4335664, "lon": 2.1894753, "brand": null, "organic": null, "h3_index": "89394462bdbffff" }, "geometry": { "type": "Point", "coordinates": [ 2.1894753, 41.4335664 ] } },
{ "type": "Feature", "properties": { "osm_id": 6169525486, "shop_type": "supermarket", "name": "Lidl", "lat": 41.4398705, "lon": 2.1886676, "brand": "Lidl", "organic": null, "h3_index": "8939446286fffff" }, "geometry": { "type": "Point", "coordinates": [ 2.1886676, 41.4398705 ] } },
{ "type": "Feature", "properties": { "osm_id": 6170070835, "shop_type": "supermarket", "name": "Mercadona", "lat": 41.4320025, "lon": 2.1717832, "brand": "Mercadona", "organic": null, "h3_index": "89394462a13ffff" }, "geometry": { "type": "Point", "coordinates": [ 2.1717832, 41.4320025 ] } },
{ "type": "Feature", "properties": { "osm_id": 6172776585, "shop_type": "convenience", "name": "Fruites i verdures", "lat": 41.4214403, "lon": 2.157303, "brand": null, "organic": null, "h3_index": "8939446052fffff" }, "geometry": { "type": "Point", "coordinates": [ 2.157303, 41.4214403 ] } },
{ "type": "Feature", "properties": { "osm_id": 6175371185, "shop_type": "bakery", "name": "El cafetó", "lat": 41.4077484, "lon": 2.1891122, "brand": null, "organic": null, "h3_index": "89394460c47ffff" }, "geometry": { "type": "Point", "coordinates": [ 2.1891122, 41.4077484 ] } },
{ "type": "Feature", "properties": { "osm_id": 6178186686, "shop_type": "supermarket", "name": "Condis", "lat": 41.4362161, "lon": 2.1847265, "brand": "Condis", "organic": null, "h3_index": "89394462aa7ffff" }, "geometry": { "type": "Point", "coordinates": [ 2.1847265, 41.4362161 ] } },
{ "type": "Feature", "properties": { "osm_id": 6178499212, "shop_type": "greengrocer", "name": "Unknown", "lat": 41.4110889, "lon": 2.1822618, "brand": null, "organic": null, "h3_index": "89394460ccfffff" }, "geometry": { "type": "Point", "coordinates": [ 2.1822618, 41.4110889 ] } },
{ "type": "Feature", "properties": { "osm_id": 6178499213, "shop_type": "bakery", "name": "Unknown", "lat": 41.4114715, "lon": 2.1815508, "brand": null, "organic": null, "h3_index": "89394460ccfffff" }, "geometry": { "type": "Point", "coordinates": [ 2.1815508, 41.4114715 ] } },
{ "type": "Feature", "properties": { "osm_id": 6178499218, "shop_type": "greengrocer", "name": "Frutas y verduras", "lat": 41.4146086, "lon": 2.1818765, "brand": null, "organic": null, "h3_index": "89394460cc3ffff" }, "geometry": { "type": "Point", "coordinates": [ 2.1818765, 41.4146086 ] } },
{ "type": "Feature", "properties": { "osm_id": 6179281930, "shop_type": "convenience", "name": "Bona Compra", "lat": 41.3765137, "lon": 2.152726, "brand": null, "organic": null, "h3_index": "8939446036bffff" }, "geometry": { "type": "Point", "coordinates": [ 2.152726, 41.3765137 ] } },
{ "type": "Feature", "properties": { "osm_id": 6179288508, "shop_type": "convenience", "name": "Unknown", "lat": 41.3789542, "lon": 2.1562831, "brand": null, "organic": null, "h3_index": "89394460363ffff" }, "geometry": { "type": "Point", "coordinates": [ 2.1562831, 41.3789542 ] } },
{ "type": "Feature", "properties": { "osm_id": 6179289001, "shop_type": "convenience", "name": "Unknown", "lat": 41.378578, "lon": 2.1567592, "brand": null, "organic": null, "h3_index": "89394460363ffff" }, "geometry": { "type": "Point", "coordinates": [ 2.1567592, 41.378578 ] } },
{ "type": "Feature", "properties": { "osm_id": 6179289027, "shop_type": "convenience", "name": "Best Price", "lat": 41.3839688, "lon": 2.1633358, "brand": null, "organic": null, "h3_index": "8939446032bffff" }, "geometry": { "type": "Point", "coordinates": [ 2.1633358, 41.3839688 ] } },
{ "type": "Feature", "properties": { "osm_id": 6180468277, "shop_type": "bakery", "name": "Forn de la Rovira", "lat": 41.407569, "lon": 2.1580274, "brand": null, "organic": null, "h3_index": "8939446011bffff" }, "geometry": { "type": "Point", "coordinates": [ 2.1580274, 41.407569 ] } },
{ "type": "Feature", "properties": { "osm_id": 6181087774, "shop_type": "supermarket", "name": "NŪDA MARKET", "lat": 41.4070294, "lon": 2.1576121, "brand": null, "organic": null, "h3_index": "8939446011bffff" }, "geometry": { "type": "Point", "coordinates": [ 2.1576121, 41.4070294 ] } },
{ "type": "Feature", "properties": { "osm_id": 6181425077, "shop_type": "convenience", "name": "Unknown", "lat": 41.4012924, "lon": 2.1766545, "brand": null, "organic": null, "h3_index": "89394460e93ffff" }, "geometry": { "type": "Point", "coordinates": [ 2.1766545, 41.4012924 ] } },
{ "type": "Feature", "properties": { "osm_id": 6181434656, "shop_type": "convenience", "name": "Unknown", "lat": 41.4022354, "lon": 2.1835056, "brand": null, "organic": null, "h3_index": "89394460c4bffff" }, "geometry": { "type": "Point", "coordinates": [ 2.1835056, 41.4022354 ] } },
{ "type": "Feature", "properties": { "osm_id": 6181435256, "shop_type": "convenience", "name": "Unknown", "lat": 41.4011237, "lon": 2.1846694, "brand": null, "organic": null, "h3_index": "89394460eb3ffff" }, "geometry": { "type": "Point", "coordinates": [ 2.1846694, 41.4011237 ] } },
{ "type": "Feature", "properties": { "osm_id": 6181437084, "shop_type": "convenience", "name": "Unknown", "lat": 41.3886619, "lon": 2.1715295, "brand": null, "organic": null, "h3_index": "89394460e53ffff" }, "geometry": { "type": "Point", "coordinates": [ 2.1715295, 41.3886619 ] } },
{ "type": "Feature", "properties": { "osm_id": 6182402450, "shop_type": "convenience", "name": "Unknown", "lat": 41.3899277, "lon": 2.1733214, "brand": null, "organic": null, "h3_index": "89394460ecfffff" }, "geometry": { "type": "Point", "coordinates": [ 2.1733214, 41.3899277 ] } },
{ "type": "Feature", "properties": { "osm_id": 6182402465, "shop_type": "convenience", "name": "Unknown", "lat": 41.3858425, "lon": 2.1665864, "brand": null, "organic": null, "h3_index": "89394460327ffff" }, "geometry": { "type": "Point", "coordinates": [ 2.1665864, 41.3858425 ] } },
{ "type": "Feature", "properties": { "osm_id": 6183217006, "shop_type": "convenience", "name": "Unknown", "lat": 41.3856507, "lon": 2.1361407, "brand": null, "organic": null, "h3_index": "89394460237ffff" }, "geometry": { "type": "Point", "coordinates": [ 2.1361407, 41.3856507 ] } },
{ "type": "Feature", "properties": { "osm_id": 6183340487, "shop_type": "bakery", "name": "Santagloria", "lat": 41.4069489, "lon": 2.1745805, "brand": "Santagloria", "organic": null, "h3_index": "89394460123ffff" }, "geometry": { "type": "Point", "coordinates": [ 2.1745805, 41.4069489 ] } },
{ "type": "Feature", "properties": { "osm_id": 6188911741, "shop_type": "convenience", "name": "Trady's", "lat": 41.3956546, "lon": 2.163436, "brand": null, "organic": null, "h3_index": "893944603a7ffff" }, "geometry": { "type": "Point", "coordinates": [ 2.163436, 41.3956546 ] } },
{ "type": "Feature", "properties": { "osm_id": 6188916635, "shop_type": "convenience", "name": "Unknown", "lat": 41.3917648, "lon": 2.1804927, "brand": null, "organic": null, "h3_index": "89394460e03ffff" }, "geometry": { "type": "Point", "coordinates": [ 2.1804927, 41.3917648 ] } },
{ "type": "Feature", "properties": { "osm_id": 6188929166, "shop_type": "supermarket", "name": "Bonpreu", "lat": 41.4014517, "lon": 2.1761006, "brand": "Bonpreu", "organic": null, "h3_index": "89394460e93ffff" }, "geometry": { "type": "Point", "coordinates": [ 2.1761006, 41.4014517 ] } },
{ "type": "Feature", "properties": { "osm_id": 6188947162, "shop_type": "butcher", "name": "Carnisseria Luna", "lat": 41.4062891, "lon": 2.1856357, "brand": null, "organic": null, "h3_index": "89394460c43ffff" }, "geometry": { "type": "Point", "coordinates": [ 2.1856357, 41.4062891 ] } },
{ "type": "Feature", "properties": { "osm_id": 6190127286, "shop_type": "bakery", "name": "Fleca pastrana", "lat": 41.425378, "lon": 2.1563429, "brand": null, "organic": null, "h3_index": "89394460537ffff" }, "geometry": { "type": "Point", "coordinates": [ 2.1563429, 41.425378 ] } },
{ "type": "Feature", "properties": { "osm_id": 6190127288, "shop_type": "convenience", "name": "Unknown", "lat": 41.4229511, "lon": 2.1575615, "brand": null, "organic": null, "h3_index": "89394460523ffff" }, "geometry": { "type": "Point", "coordinates": [ 2.1575615, 41.4229511 ] } },
{ "type": "Feature", "properties": { "osm_id": 6190127289, "shop_type": "supermarket", "name": "Suma", "lat": 41.4224081, "lon": 2.15797, "brand": "Suma", "organic": null, "h3_index": "8939446052fffff" }, "geometry": { "type": "Point", "coordinates": [ 2.15797, 41.4224081 ] } },
{ "type": "Feature", "properties": { "osm_id": 6190198885, "shop_type": "bakery", "name": "Pròxima", "lat": 41.4247382, "lon": 2.1567225, "brand": null, "organic": null, "h3_index": "89394460523ffff" }, "geometry": { "type": "Point", "coordinates": [ 2.1567225, 41.4247382 ] } },
{ "type": "Feature", "properties": { "osm_id": 6191780833, "shop_type": "butcher", "name": "Ludomajo", "lat": 41.3902068, "lon": 2.1411979, "brand": null, "organic": null, "h3_index": "893944603d3ffff" }, "geometry": { "type": "Point", "coordinates": [ 2.1411979, 41.3902068 ] } },
{ "type": "Feature", "properties": { "osm_id": 6193446294, "shop_type": "supermarket", "name": "Condis", "lat": 41.3925802, "lon": 2.1565817, "brand": "Condis", "organic": null, "h3_index": "893944603bbffff" }, "geometry": { "type": "Point", "coordinates": [ 2.1565817, 41.3925802 ] } },
{ "type": "Feature", "properties": { "osm_id": 6193480440, "shop_type": "convenience", "name": "Trady's", "lat": 41.3923922, "lon": 2.1536248, "brand": null, "organic": null, "h3_index": "8939446038fffff" }, "geometry": { "type": "Point", "coordinates": [ 2.1536248, 41.3923922 ] } },
{ "type": "Feature", "properties": { "osm_id": 6194511128, "shop_type": "bakery", "name": "elFornet", "lat": 41.3909518, "lon": 2.1567126, "brand": null, "organic": null, "h3_index": "893944603abffff" }, "geometry": { "type": "Point", "coordinates": [ 2.1567126, 41.3909518 ] } },
{ "type": "Feature", "properties": { "osm_id": 6194537400, "shop_type": "supermarket", "name": "Suma", "lat": 41.3895766, "lon": 2.1508179, "brand": "Suma", "organic": null, "h3_index": "89394460313ffff" }, "geometry": { "type": "Point", "coordinates": [ 2.1508179, 41.3895766 ] } },
{ "type": "Feature", "properties": { "osm_id": 6194570098, "shop_type": "convenience", "name": "Unknown", "lat": 41.3876717, "lon": 2.1450564, "brand": null, "organic": null, "h3_index": "893944603c7ffff" }, "geometry": { "type": "Point", "coordinates": [ 2.1450564, 41.3876717 ] } },
{ "type": "Feature", "properties": { "osm_id": 6194579043, "shop_type": "greengrocer", "name": "BonaFruita", "lat": 41.3873736, "lon": 2.1425908, "brand": null, "organic": null, "h3_index": "893944603c3ffff" }, "geometry": { "type": "Point", "coordinates": [ 2.1425908, 41.3873736 ] } },
{ "type": "Feature", "properties": { "osm_id": 6195953246, "shop_type": "bakery", "name": "Oriol Balaguer", "lat": 41.389405, "lon": 2.1397166, "brand": null, "organic": null, "h3_index": "893944603d3ffff" }, "geometry": { "type": "Point", "coordinates": [ 2.1397166, 41.389405 ] } },
{ "type": "Feature", "properties": { "osm_id": 6196241084, "shop_type": "greengrocer", "name": "Super Fruites", "lat": 41.3884715, "lon": 2.1439428, "brand": null, "organic": null, "h3_index": "893944603c3ffff" }, "geometry": { "type": "Point", "coordinates": [ 2.1439428, 41.3884715 ] } },
{ "type": "Feature", "properties": { "osm_id": 6196317430, "shop_type": "bakery", "name": "Trigoolas", "lat": 41.3873198, "lon": 2.1445333, "brand": null, "organic": null, "h3_index": "893944603cfffff" }, "geometry": { "type": "Point", "coordinates": [ 2.1445333, 41.3873198 ] } },
{ "type": "Feature", "properties": { "osm_id": 6196317431, "shop_type": "butcher", "name": "La Costillita", "lat": 41.3887267, "lon": 2.1442816, "brand": null, "organic": null, "h3_index": "893944603c7ffff" }, "geometry": { "type": "Point", "coordinates": [ 2.1442816, 41.3887267 ] } },
{ "type": "Feature", "properties": { "osm_id": 6196318101, "shop_type": "greengrocer", "name": "La Bona Fruita", "lat": 41.3888879, "lon": 2.1444996, "brand": null, "organic": null, "h3_index": "893944603c7ffff" }, "geometry": { "type": "Point", "coordinates": [ 2.1444996, 41.3888879 ] } },
{ "type": "Feature", "properties": { "osm_id": 6197384217, "shop_type": "bakery", "name": "elFornet", "lat": 41.3949129, "lon": 2.1597242, "brand": null, "organic": null, "h3_index": "893944603a3ffff" }, "geometry": { "type": "Point", "coordinates": [ 2.1597242, 41.3949129 ] } },
{ "type": "Feature", "properties": { "osm_id": 6204016790, "shop_type": "convenience", "name": "L'Estanc", "lat": 41.3930086, "lon": 2.1611872, "brand": null, "organic": null, "h3_index": "893944603a3ffff" }, "geometry": { "type": "Point", "coordinates": [ 2.1611872, 41.3930086 ] } },
{ "type": "Feature", "properties": { "osm_id": 6204125281, "shop_type": "bakery", "name": "Jansana Gluten Free Bakery", "lat": 41.3922971, "lon": 2.1588608, "brand": null, "organic": null, "h3_index": "893944603abffff" }, "geometry": { "type": "Point", "coordinates": [ 2.1588608, 41.3922971 ] } },
{ "type": "Feature", "properties": { "osm_id": 6206171620, "shop_type": "bakery", "name": "Vivari", "lat": 41.3910817, "lon": 2.1587155, "brand": null, "organic": null, "h3_index": "893944603abffff" }, "geometry": { "type": "Point", "coordinates": [ 2.1587155, 41.3910817 ] } },
{ "type": "Feature", "properties": { "osm_id": 6207260976, "shop_type": "convenience", "name": "Trady's", "lat": 41.3897962, "lon": 2.138497, "brand": null, "organic": null, "h3_index": "893944603d3ffff" }, "geometry": { "type": "Point", "coordinates": [ 2.138497, 41.3897962 ] } },
{ "type": "Feature", "properties": { "osm_id": 6208500155, "shop_type": "supermarket", "name": "Sorli", "lat": 41.3841025, "lon": 2.1331772, "brand": null, "organic": null, "h3_index": "89394460233ffff" }, "geometry": { "type": "Point", "coordinates": [ 2.1331772, 41.3841025 ] } },
{ "type": "Feature", "properties": { "osm_id": 6208501842, "shop_type": "supermarket", "name": "Condis", "lat": 41.3838536, "lon": 2.1321858, "brand": "Condis", "organic": null, "h3_index": "89394460233ffff" }, "geometry": { "type": "Point", "coordinates": [ 2.1321858, 41.3838536 ] } },
{ "type": "Feature", "properties": { "osm_id": 6208590012, "shop_type": "bakery", "name": "Gloria. Forn de pa i pastisseria", "lat": 41.3866958, "lon": 2.1374504, "brand": null, "organic": null, "h3_index": "893944603dbffff" }, "geometry": { "type": "Point", "coordinates": [ 2.1374504, 41.3866958 ] } },
{ "type": "Feature", "properties": { "osm_id": 6209019704, "shop_type": "supermarket", "name": "Aldi", "lat": 41.3854271, "lon": 2.1369805, "brand": "Aldi", "organic": null, "h3_index": "89394460237ffff" }, "geometry": { "type": "Point", "coordinates": [ 2.1369805, 41.3854271 ] } },
{ "type": "Feature", "properties": { "osm_id": 6209023186, "shop_type": "convenience", "name": "Alimentació", "lat": 41.385471, "lon": 2.1376642, "brand": null, "organic": null, "h3_index": "89394460237ffff" }, "geometry": { "type": "Point", "coordinates": [ 2.1376642, 41.385471 ] } },
{ "type": "Feature", "properties": { "osm_id": 6209024164, "shop_type": "bakery", "name": "Vivari", "lat": 41.3863272, "lon": 2.1378988, "brand": null, "organic": null, "h3_index": "893944603dbffff" }, "geometry": { "type": "Point", "coordinates": [ 2.1378988, 41.3863272 ] } },
{ "type": "Feature", "properties": { "osm_id": 6210972720, "shop_type": "bakery", "name": "Vivari", "lat": 41.3916529, "lon": 2.145609, "brand": null, "organic": null, "h3_index": "893944603d7ffff" }, "geometry": { "type": "Point", "coordinates": [ 2.145609, 41.3916529 ] } },
{ "type": "Feature", "properties": { "osm_id": 6211307429, "shop_type": "convenience", "name": "Supercor Exprés", "lat": 41.3919135, "lon": 2.1511981, "brand": "Supercor", "organic": null, "h3_index": "8939446038fffff" }, "geometry": { "type": "Point", "coordinates": [ 2.1511981, 41.3919135 ] } },
{ "type": "Feature", "properties": { "osm_id": 6211307903, "shop_type": "greengrocer", "name": "Dylan", "lat": 41.3917323, "lon": 2.1524883, "brand": null, "organic": null, "h3_index": "8939446038fffff" }, "geometry": { "type": "Point", "coordinates": [ 2.1524883, 41.3917323 ] } },
{ "type": "Feature", "properties": { "osm_id": 6214109903, "shop_type": "convenience", "name": "Unknown", "lat": 41.3812373, "lon": 2.1810121, "brand": null, "organic": null, "h3_index": "89394460e6bffff" }, "geometry": { "type": "Point", "coordinates": [ 2.1810121, 41.3812373 ] } },
{ "type": "Feature", "properties": { "osm_id": 6214109907, "shop_type": "greengrocer", "name": "Unknown", "lat": 41.3812539, "lon": 2.1809665, "brand": null, "organic": null, "h3_index": "89394460e6bffff" }, "geometry": { "type": "Point", "coordinates": [ 2.1809665, 41.3812539 ] } },
{ "type": "Feature", "properties": { "osm_id": 6214109911, "shop_type": "supermarket", "name": "Unknown", "lat": 41.3813188, "lon": 2.1807707, "brand": null, "organic": null, "h3_index": "89394460e6bffff" }, "geometry": { "type": "Point", "coordinates": [ 2.1807707, 41.3813188 ] } },
{ "type": "Feature", "properties": { "osm_id": 6214268979, "shop_type": "bakery", "name": "Forneria París", "lat": 41.3887478, "lon": 2.1465949, "brand": null, "organic": null, "h3_index": "893944603c7ffff" }, "geometry": { "type": "Point", "coordinates": [ 2.1465949, 41.3887478 ] } },
{ "type": "Feature", "properties": { "osm_id": 6214376717, "shop_type": "bakery", "name": "MacxiPa", "lat": 41.3931562, "lon": 2.1555629, "brand": null, "organic": null, "h3_index": "893944603bbffff" }, "geometry": { "type": "Point", "coordinates": [ 2.1555629, 41.3931562 ] } },
{ "type": "Feature", "properties": { "osm_id": 6216764947, "shop_type": "greengrocer", "name": "Tere", "lat": 41.4101424, "lon": 2.1758696, "brand": null, "organic": null, "h3_index": "89394460137ffff" }, "geometry": { "type": "Point", "coordinates": [ 2.1758696, 41.4101424 ] } },
{ "type": "Feature", "properties": { "osm_id": 6221830467, "shop_type": "convenience", "name": "EuroSol", "lat": 41.3918462, "lon": 2.157912, "brand": null, "organic": null, "h3_index": "893944603abffff" }, "geometry": { "type": "Point", "coordinates": [ 2.157912, 41.3918462 ] } },
{ "type": "Feature", "properties": { "osm_id": 6223029485, "shop_type": "bakery", "name": "Granier", "lat": 41.3747951, "lon": 2.1611174, "brand": "Granier", "organic": null, "h3_index": "89394461dd7ffff" }, "geometry": { "type": "Point", "coordinates": [ 2.1611174, 41.3747951 ] } },
{ "type": "Feature", "properties": { "osm_id": 6230398290, "shop_type": "supermarket", "name": "BonÀrea", "lat": 41.387584, "lon": 2.1366856, "brand": "BonÀrea", "organic": null, "h3_index": "893944603dbffff" }, "geometry": { "type": "Point", "coordinates": [ 2.1366856, 41.387584 ] } },
{ "type": "Feature", "properties": { "osm_id": 6230399695, "shop_type": "greengrocer", "name": "Cam Fruits", "lat": 41.3876625, "lon": 2.1367997, "brand": null, "organic": null, "h3_index": "893944603dbffff" }, "geometry": { "type": "Point", "coordinates": [ 2.1367997, 41.3876625 ] } },
{ "type": "Feature", "properties": { "osm_id": 6230566878, "shop_type": "greengrocer", "name": "Unknown", "lat": 41.3865977, "lon": 2.1344038, "brand": null, "organic": null, "h3_index": "893944602afffff" }, "geometry": { "type": "Point", "coordinates": [ 2.1344038, 41.3865977 ] } },
{ "type": "Feature", "properties": { "osm_id": 6232798046, "shop_type": "convenience", "name": "Dia & Go", "lat": 41.3588172, "lon": 2.1403198, "brand": "Dia & Go", "organic": null, "h3_index": "89394461c7bffff" }, "geometry": { "type": "Point", "coordinates": [ 2.1403198, 41.3588172 ] } },
{ "type": "Feature", "properties": { "osm_id": 6232798047, "shop_type": "supermarket", "name": "BonÀrea", "lat": 41.3588634, "lon": 2.1408533, "brand": "BonÀrea", "organic": null, "h3_index": "89394461c7bffff" }, "geometry": { "type": "Point", "coordinates": [ 2.1408533, 41.3588634 ] } },
{ "type": "Feature", "properties": { "osm_id": 6232798049, "shop_type": "greengrocer", "name": "Fruites i Verdures Xiao", "lat": 41.3591014, "lon": 2.1411726, "brand": null, "organic": null, "h3_index": "89394461c7bffff" }, "geometry": { "type": "Point", "coordinates": [ 2.1411726, 41.3591014 ] } },
{ "type": "Feature", "properties": { "osm_id": 6236811359, "shop_type": "butcher", "name": "El Museu de l'Embotit", "lat": 41.3814136, "lon": 2.162159, "brand": null, "organic": null, "h3_index": "89394461d93ffff" }, "geometry": { "type": "Point", "coordinates": [ 2.162159, 41.3814136 ] } },
{ "type": "Feature", "properties": { "osm_id": 6245371457, "shop_type": "convenience", "name": "Unknown", "lat": 41.3903647, "lon": 2.1554846, "brand": null, "organic": null, "h3_index": "89394460317ffff" }, "geometry": { "type": "Point", "coordinates": [ 2.1554846, 41.3903647 ] } },
{ "type": "Feature", "properties": { "osm_id": 6245389022, "shop_type": "convenience", "name": "Eriser", "lat": 41.3877117, "lon": 2.1523835, "brand": null, "organic": null, "h3_index": "89394460303ffff" }, "geometry": { "type": "Point", "coordinates": [ 2.1523835, 41.3877117 ] } },
{ "type": "Feature", "properties": { "osm_id": 6245391644, "shop_type": "convenience", "name": "Maria Supermercat", "lat": 41.3877012, "lon": 2.1515371, "brand": null, "organic": null, "h3_index": "89394460303ffff" }, "geometry": { "type": "Point", "coordinates": [ 2.1515371, 41.3877012 ] } },
{ "type": "Feature", "properties": { "osm_id": 6247265677, "shop_type": "supermarket", "name": "Condis", "lat": 41.381875, "lon": 2.1420834, "brand": "Condis", "organic": null, "h3_index": "89394460353ffff" }, "geometry": { "type": "Point", "coordinates": [ 2.1420834, 41.381875 ] } },
{ "type": "Feature", "properties": { "osm_id": 6249349179, "shop_type": "convenience", "name": "Alimentació", "lat": 41.3593937, "lon": 2.1392725, "brand": null, "organic": null, "h3_index": "89394461c47ffff" }, "geometry": { "type": "Point", "coordinates": [ 2.1392725, 41.3593937 ] } },
{ "type": "Feature", "properties": { "osm_id": 6249960801, "shop_type": "supermarket", "name": "Condis", "lat": 41.4188343, "lon": 2.2046354, "brand": null, "organic": null, "h3_index": "89394460ddbffff" }, "geometry": { "type": "Point", "coordinates": [ 2.2046354, 41.4188343 ] } },
{ "type": "Feature", "properties": { "osm_id": 6254619276, "shop_type": "supermarket", "name": "Unknown", "lat": 41.3834182, "lon": 2.1589426, "brand": null, "organic": null, "h3_index": "89394460377ffff" }, "geometry": { "type": "Point", "coordinates": [ 2.1589426, 41.3834182 ] } },
{ "type": "Feature", "properties": { "osm_id": 6256056157, "shop_type": "bakery", "name": "Macxipa", "lat": 41.3990972, "lon": 2.1565485, "brand": null, "organic": null, "h3_index": "8939446014bffff" }, "geometry": { "type": "Point", "coordinates": [ 2.1565485, 41.3990972 ] } },
{ "type": "Feature", "properties": { "osm_id": 6257427624, "shop_type": "supermarket", "name": "Supermercado Charter", "lat": 41.3605664, "lon": 2.1392235, "brand": null, "organic": null, "h3_index": "89394461c47ffff" }, "geometry": { "type": "Point", "coordinates": [ 2.1392235, 41.3605664 ] } },
{ "type": "Feature", "properties": { "osm_id": 6257433841, "shop_type": "convenience", "name": "Sapari Supermercat", "lat": 41.35923, "lon": 2.1416864, "brand": null, "organic": null, "h3_index": "89394461c7bffff" }, "geometry": { "type": "Point", "coordinates": [ 2.1416864, 41.35923 ] } },
{ "type": "Feature", "properties": { "osm_id": 6257434458, "shop_type": "convenience", "name": "Queviures", "lat": 41.3598206, "lon": 2.1418945, "brand": null, "organic": null, "h3_index": "89394461c73ffff" }, "geometry": { "type": "Point", "coordinates": [ 2.1418945, 41.3598206 ] } },
{ "type": "Feature", "properties": { "osm_id": 6258586091, "shop_type": "supermarket", "name": "Gourmet Express", "lat": 41.3800115, "lon": 2.13296, "brand": null, "organic": null, "h3_index": "8939446022bffff" }, "geometry": { "type": "Point", "coordinates": [ 2.13296, 41.3800115 ] } },
{ "type": "Feature", "properties": { "osm_id": 6258715644, "shop_type": "supermarket", "name": "Dia Market", "lat": 41.3771418, "lon": 2.1342485, "brand": "Dia Market", "organic": null, "h3_index": "8939446022bffff" }, "geometry": { "type": "Point", "coordinates": [ 2.1342485, 41.3771418 ] } },
{ "type": "Feature", "properties": { "osm_id": 6258715959, "shop_type": "greengrocer", "name": "Mare de Déu de Port", "lat": 41.3648285, "lon": 2.1388978, "brand": null, "organic": null, "h3_index": "89394461c1bffff" }, "geometry": { "type": "Point", "coordinates": [ 2.1388978, 41.3648285 ] } },
{ "type": "Feature", "properties": { "osm_id": 6258715963, "shop_type": "bakery", "name": "Vivari", "lat": 41.3605786, "lon": 2.140262, "brand": null, "organic": null, "h3_index": "89394461c47ffff" }, "geometry": { "type": "Point", "coordinates": [ 2.140262, 41.3605786 ] } },
{ "type": "Feature", "properties": { "osm_id": 6258718428, "shop_type": "greengrocer", "name": "Unknown", "lat": 41.3594054, "lon": 2.1419523, "brand": null, "organic": null, "h3_index": "89394461c7bffff" }, "geometry": { "type": "Point", "coordinates": [ 2.1419523, 41.3594054 ] } },
{ "type": "Feature", "properties": { "osm_id": 6258718653, "shop_type": "convenience", "name": "Komprass", "lat": 41.3700086, "lon": 2.1373678, "brand": null, "organic": null, "h3_index": "89394461c8bffff" }, "geometry": { "type": "Point", "coordinates": [ 2.1373678, 41.3700086 ] } },
{ "type": "Feature", "properties": { "osm_id": 6258719251, "shop_type": "butcher", "name": "CarnAyaan", "lat": 41.3588219, "lon": 2.1411385, "brand": null, "organic": null, "h3_index": "89394461c7bffff" }, "geometry": { "type": "Point", "coordinates": [ 2.1411385, 41.3588219 ] } },
{ "type": "Feature", "properties": { "osm_id": 6258719252, "shop_type": "greengrocer", "name": "La Alhambra", "lat": 41.360469, "lon": 2.1404428, "brand": null, "organic": null, "h3_index": "89394461c47ffff" }, "geometry": { "type": "Point", "coordinates": [ 2.1404428, 41.360469 ] } },
{ "type": "Feature", "properties": { "osm_id": 6258719253, "shop_type": "butcher", "name": "Plataforma Cárnica", "lat": 41.3622064, "lon": 2.1394554, "brand": null, "organic": null, "h3_index": "89394461c0bffff" }, "geometry": { "type": "Point", "coordinates": [ 2.1394554, 41.3622064 ] } },
{ "type": "Feature", "properties": { "osm_id": 6258719254, "shop_type": "bakery", "name": "La Toscana", "lat": 41.3805943, "lon": 2.1322808, "brand": null, "organic": null, "h3_index": "8939446023bffff" }, "geometry": { "type": "Point", "coordinates": [ 2.1322808, 41.3805943 ] } },
{ "type": "Feature", "properties": { "osm_id": 6258719255, "shop_type": "greengrocer", "name": "Yixi Fruits", "lat": 41.3776531, "lon": 2.1340001, "brand": null, "organic": null, "h3_index": "8939446022bffff" }, "geometry": { "type": "Point", "coordinates": [ 2.1340001, 41.3776531 ] } },
{ "type": "Feature", "properties": { "osm_id": 6258719257, "shop_type": "convenience", "name": "Unknown", "lat": 41.3732952, "lon": 2.1358724, "brand": null, "organic": null, "h3_index": "89394461c9bffff" }, "geometry": { "type": "Point", "coordinates": [ 2.1358724, 41.3732952 ] } },
{ "type": "Feature", "properties": { "osm_id": 6258719258, "shop_type": "convenience", "name": "Bona Compra", "lat": 41.3724305, "lon": 2.1355784, "brand": null, "organic": null, "h3_index": "89394461c9bffff" }, "geometry": { "type": "Point", "coordinates": [ 2.1355784, 41.3724305 ] } },
{ "type": "Feature", "properties": { "osm_id": 6258719259, "shop_type": "convenience", "name": "Sonia Salma II", "lat": 41.3612722, "lon": 2.1396109, "brand": null, "organic": null, "h3_index": "89394461c47ffff" }, "geometry": { "type": "Point", "coordinates": [ 2.1396109, 41.3612722 ] } },
{ "type": "Feature", "properties": { "osm_id": 6260784865, "shop_type": "convenience", "name": "Batlló supermercat", "lat": 41.3679286, "lon": 2.1347099, "brand": null, "organic": null, "h3_index": "89394461cc7ffff" }, "geometry": { "type": "Point", "coordinates": [ 2.1347099, 41.3679286 ] } },
{ "type": "Feature", "properties": { "osm_id": 6260784866, "shop_type": "convenience", "name": "Supermercat", "lat": 41.366741, "lon": 2.134607, "brand": null, "organic": null, "h3_index": "89394461cc7ffff" }, "geometry": { "type": "Point", "coordinates": [ 2.134607, 41.366741 ] } },
{ "type": "Feature", "properties": { "osm_id": 6260784868, "shop_type": "supermarket", "name": "Sorli Discau", "lat": 41.3643321, "lon": 2.1364732, "brand": "Sorli Discau", "organic": null, "h3_index": "89394461c57ffff" }, "geometry": { "type": "Point", "coordinates": [ 2.1364732, 41.3643321 ] } },
{ "type": "Feature", "properties": { "osm_id": 6260786086, "shop_type": "bakery", "name": "365", "lat": 41.3853379, "lon": 2.132912, "brand": null, "organic": null, "h3_index": "89394460233ffff" }, "geometry": { "type": "Point", "coordinates": [ 2.132912, 41.3853379 ] } },
{ "type": "Feature", "properties": { "osm_id": 6260786186, "shop_type": "convenience", "name": "Hamza Super Mercado - Ali Super Ali", "lat": 41.3830082, "lon": 2.1325943, "brand": null, "organic": null, "h3_index": "89394460233ffff" }, "geometry": { "type": "Point", "coordinates": [ 2.1325943, 41.3830082 ] } },
{ "type": "Feature", "properties": { "osm_id": 6260786187, "shop_type": "greengrocer", "name": "Sants fruites i verdures", "lat": 41.3755738, "lon": 2.1323942, "brand": null, "organic": null, "h3_index": "89394460267ffff" }, "geometry": { "type": "Point", "coordinates": [ 2.1323942, 41.3755738 ] } },
{ "type": "Feature", "properties": { "osm_id": 6260786194, "shop_type": "supermarket", "name": "Primaprix", "lat": 41.3635096, "lon": 2.1369131, "brand": "Primaprix", "organic": null, "h3_index": "89394461c57ffff" }, "geometry": { "type": "Point", "coordinates": [ 2.1369131, 41.3635096 ] } },
{ "type": "Feature", "properties": { "osm_id": 6260786458, "shop_type": "supermarket", "name": "Condis", "lat": 41.3620599, "lon": 2.1380088, "brand": "Condis", "organic": null, "h3_index": "89394461c57ffff" }, "geometry": { "type": "Point", "coordinates": [ 2.1380088, 41.3620599 ] } },
{ "type": "Feature", "properties": { "osm_id": 6263786387, "shop_type": "supermarket", "name": "Unknown", "lat": 41.3939284, "lon": 2.1662752, "brand": null, "organic": null, "h3_index": "89394460ed3ffff" }, "geometry": { "type": "Point", "coordinates": [ 2.1662752, 41.3939284 ] } },
{ "type": "Feature", "properties": { "osm_id": 6263820285, "shop_type": "supermarket", "name": "Spar", "lat": 41.3960742, "lon": 2.1668699, "brand": "Spar", "organic": null, "h3_index": "89394460ed3ffff" }, "geometry": { "type": "Point", "coordinates": [ 2.1668699, 41.3960742 ] } },
{ "type": "Feature", "properties": { "osm_id": 6268665838, "shop_type": "supermarket", "name": "Dia", "lat": 41.3623277, "lon": 2.1378184, "brand": "Dia", "organic": null, "h3_index": "89394461c57ffff" }, "geometry": { "type": "Point", "coordinates": [ 2.1378184, 41.3623277 ] } },
{ "type": "Feature", "properties": { "osm_id": 6271046550, "shop_type": "greengrocer", "name": "La Alhambra", "lat": 41.3609539, "lon": 2.1394821, "brand": null, "organic": null, "h3_index": "89394461c47ffff" }, "geometry": { "type": "Point", "coordinates": [ 2.1394821, 41.3609539 ] } },
{ "type": "Feature", "properties": { "osm_id": 6272900980, "shop_type": "supermarket", "name": "Lidl", "lat": 41.3852607, "lon": 2.1321661, "brand": "Lidl", "organic": null, "h3_index": "89394460233ffff" }, "geometry": { "type": "Point", "coordinates": [ 2.1321661, 41.3852607 ] } },
{ "type": "Feature", "properties": { "osm_id": 6272963825, "shop_type": "convenience", "name": "Cherry Express", "lat": 41.3761211, "lon": 2.1181911, "brand": null, "organic": null, "h3_index": "89394460243ffff" }, "geometry": { "type": "Point", "coordinates": [ 2.1181911, 41.3761211 ] } },
{ "type": "Feature", "properties": { "osm_id": 6276021388, "shop_type": "supermarket", "name": "Condis", "lat": 41.3926337, "lon": 2.1679585, "brand": "Condis", "organic": null, "h3_index": "89394460edbffff" }, "geometry": { "type": "Point", "coordinates": [ 2.1679585, 41.3926337 ] } },
{ "type": "Feature", "properties": { "osm_id": 6278079656, "shop_type": "supermarket", "name": "Condis", "lat": 41.3851648, "lon": 2.128233, "brand": "Condis", "organic": null, "h3_index": "89394460217ffff" }, "geometry": { "type": "Point", "coordinates": [ 2.128233, 41.3851648 ] } },
{ "type": "Feature", "properties": { "osm_id": 6281790827, "shop_type": "convenience", "name": "Super Bell-Lloc", "lat": 41.3811547, "lon": 2.1370663, "brand": null, "organic": null, "h3_index": "89394460223ffff" }, "geometry": { "type": "Point", "coordinates": [ 2.1370663, 41.3811547 ] } },
{ "type": "Feature", "properties": { "osm_id": 6281790828, "shop_type": "convenience", "name": "Unknown", "lat": 41.3813703, "lon": 2.1369362, "brand": null, "organic": null, "h3_index": "89394460223ffff" }, "geometry": { "type": "Point", "coordinates": [ 2.1369362, 41.3813703 ] } },
{ "type": "Feature", "properties": { "osm_id": 6281801011, "shop_type": "convenience", "name": "Unknown", "lat": 41.3763798, "lon": 2.1369827, "brand": null, "organic": null, "h3_index": "89394461c93ffff" }, "geometry": { "type": "Point", "coordinates": [ 2.1369827, 41.3763798 ] } },
{ "type": "Feature", "properties": { "osm_id": 6295306685, "shop_type": "bakery", "name": "Petritxol Xocoa", "lat": 41.3828865, "lon": 2.1728944, "brand": null, "organic": null, "h3_index": "89394460e4bffff" }, "geometry": { "type": "Point", "coordinates": [ 2.1728944, 41.3828865 ] } },
{ "type": "Feature", "properties": { "osm_id": 6298114061, "shop_type": "bakery", "name": "L'Obrador del Born", "lat": 41.3854404, "lon": 2.1789322, "brand": null, "organic": null, "h3_index": "89394460e47ffff" }, "geometry": { "type": "Point", "coordinates": [ 2.1789322, 41.3854404 ] } },
{ "type": "Feature", "properties": { "osm_id": 6300643434, "shop_type": "convenience", "name": "R+H Supermercat", "lat": 41.3906242, "lon": 2.1764571, "brand": null, "organic": null, "h3_index": "89394460e1bffff" }, "geometry": { "type": "Point", "coordinates": [ 2.1764571, 41.3906242 ] } },
{ "type": "Feature", "properties": { "osm_id": 6315553387, "shop_type": "convenience", "name": "Unknown", "lat": 41.3816048, "lon": 2.1550546, "brand": null, "organic": null, "h3_index": "89394460373ffff" }, "geometry": { "type": "Point", "coordinates": [ 2.1550546, 41.3816048 ] } },
{ "type": "Feature", "properties": { "osm_id": 6315560285, "shop_type": "convenience", "name": "Tawfik Supermercat", "lat": 41.3812589, "lon": 2.1554255, "brand": null, "organic": null, "h3_index": "89394460373ffff" }, "geometry": { "type": "Point", "coordinates": [ 2.1554255, 41.3812589 ] } },
{ "type": "Feature", "properties": { "osm_id": 6316857786, "shop_type": "bakery", "name": "Unknown", "lat": 41.3594117, "lon": 2.1408077, "brand": null, "organic": null, "h3_index": "89394461c7bffff" }, "geometry": { "type": "Point", "coordinates": [ 2.1408077, 41.3594117 ] } },
{ "type": "Feature", "properties": { "osm_id": 6317992571, "shop_type": "bakery", "name": "Unknown", "lat": 41.4225583, "lon": 2.1843269, "brand": null, "organic": null, "h3_index": "89394460c93ffff" }, "geometry": { "type": "Point", "coordinates": [ 2.1843269, 41.4225583 ] } },
{ "type": "Feature", "properties": { "osm_id": 6321541518, "shop_type": "greengrocer", "name": "Bismillahir Ramanir Rahim", "lat": 41.3835057, "lon": 2.1313727, "brand": null, "organic": null, "h3_index": "89394460233ffff" }, "geometry": { "type": "Point", "coordinates": [ 2.1313727, 41.3835057 ] } },
{ "type": "Feature", "properties": { "osm_id": 6321544163, "shop_type": "bakery", "name": "El Primo Panadería Y Pastelería Latina", "lat": 41.3756583, "lon": 2.1283168, "brand": null, "organic": null, "h3_index": "89394460263ffff" }, "geometry": { "type": "Point", "coordinates": [ 2.1283168, 41.3756583 ] } },
{ "type": "Feature", "properties": { "osm_id": 6321588561, "shop_type": "convenience", "name": "Granel", "lat": 41.4067698, "lon": 2.1773882, "brand": null, "organic": null, "h3_index": "89394460127ffff" }, "geometry": { "type": "Point", "coordinates": [ 2.1773882, 41.4067698 ] } },
{ "type": "Feature", "properties": { "osm_id": 6321612839, "shop_type": "supermarket", "name": "Sorli Discau", "lat": 41.3601241, "lon": 2.1410516, "brand": "Sorli Discau", "organic": null, "h3_index": "89394461c47ffff" }, "geometry": { "type": "Point", "coordinates": [ 2.1410516, 41.3601241 ] } },
{ "type": "Feature", "properties": { "osm_id": 6324328579, "shop_type": "greengrocer", "name": "Bona Fruita Busquets - Sants", "lat": 41.3756646, "lon": 2.127844, "brand": null, "organic": null, "h3_index": "89394460263ffff" }, "geometry": { "type": "Point", "coordinates": [ 2.127844, 41.3756646 ] } },
{ "type": "Feature", "properties": { "osm_id": 6332594087, "shop_type": "bakery", "name": "Forn de pa Bertran", "lat": 41.3972305, "lon": 2.1729258, "brand": null, "organic": null, "h3_index": "89394460e9bffff" }, "geometry": { "type": "Point", "coordinates": [ 2.1729258, 41.3972305 ] } },
{ "type": "Feature", "properties": { "osm_id": 6332596985, "shop_type": "convenience", "name": "Suma Express", "lat": 41.3989217, "lon": 2.1706663, "brand": "Suma", "organic": null, "h3_index": "8939446016fffff" }, "geometry": { "type": "Point", "coordinates": [ 2.1706663, 41.3989217 ] } },
{ "type": "Feature", "properties": { "osm_id": 6333697961, "shop_type": "greengrocer", "name": "Unknown", "lat": 41.3949192, "lon": 2.1682566, "brand": null, "organic": null, "h3_index": "89394460ed3ffff" }, "geometry": { "type": "Point", "coordinates": [ 2.1682566, 41.3949192 ] } },
{ "type": "Feature", "properties": { "osm_id": 6333741835, "shop_type": "supermarket", "name": "EuroCity", "lat": 41.3895517, "lon": 2.173886, "brand": null, "organic": null, "h3_index": "89394460ecfffff" }, "geometry": { "type": "Point", "coordinates": [ 2.173886, 41.3895517 ] } },
{ "type": "Feature", "properties": { "osm_id": 6333748791, "shop_type": "supermarket", "name": "Maa Supermercat", "lat": 41.3957971, "lon": 2.1772448, "brand": null, "organic": null, "h3_index": "89394460e8bffff" }, "geometry": { "type": "Point", "coordinates": [ 2.1772448, 41.3957971 ] } },
{ "type": "Feature", "properties": { "osm_id": 6335933274, "shop_type": "supermarket", "name": "Coaliment", "lat": 41.391935, "lon": 2.1720957, "brand": "Coaliment", "organic": null, "h3_index": "89394460ecfffff" }, "geometry": { "type": "Point", "coordinates": [ 2.1720957, 41.391935 ] } },
{ "type": "Feature", "properties": { "osm_id": 6338540515, "shop_type": "supermarket", "name": "Pim Pam", "lat": 41.3998268, "lon": 2.1642997, "brand": null, "organic": null, "h3_index": "8939446017bffff" }, "geometry": { "type": "Point", "coordinates": [ 2.1642997, 41.3998268 ] } },
{ "type": "Feature", "properties": { "osm_id": 6339732806, "shop_type": "supermarket", "name": "Mi Alcampo", "lat": 41.3907371, "lon": 2.1588705, "brand": null, "organic": null, "h3_index": "893944603abffff" }, "geometry": { "type": "Point", "coordinates": [ 2.1588705, 41.3907371 ] } },
{ "type": "Feature", "properties": { "osm_id": 6340661673, "shop_type": "convenience", "name": "Dia & Go", "lat": 41.3674395, "lon": 2.1333713, "brand": "Dia & Go", "organic": null, "h3_index": "89394461cc3ffff" }, "geometry": { "type": "Point", "coordinates": [ 2.1333713, 41.3674395 ] } },
{ "type": "Feature", "properties": { "osm_id": 6355587421, "shop_type": "convenience", "name": "Carrefour Market", "lat": 41.375457, "lon": 2.1282776, "brand": "Carrefour Market", "organic": null, "h3_index": "89394460263ffff" }, "geometry": { "type": "Point", "coordinates": [ 2.1282776, 41.375457 ] } },
{ "type": "Feature", "properties": { "osm_id": 6355587425, "shop_type": "bakery", "name": "Granier", "lat": 41.3754667, "lon": 2.1276165, "brand": null, "organic": null, "h3_index": "89394460263ffff" }, "geometry": { "type": "Point", "coordinates": [ 2.1276165, 41.3754667 ] } },
{ "type": "Feature", "properties": { "osm_id": 6355587432, "shop_type": "bakery", "name": "Obrador 365", "lat": 41.3754305, "lon": 2.1290687, "brand": null, "organic": null, "h3_index": "89394460263ffff" }, "geometry": { "type": "Point", "coordinates": [ 2.1290687, 41.3754305 ] } },
{ "type": "Feature", "properties": { "osm_id": 6356110689, "shop_type": "supermarket", "name": "Cindus Expres", "lat": 41.4097222, "lon": 2.1373513, "brand": null, "organic": null, "h3_index": "893944600bbffff" }, "geometry": { "type": "Point", "coordinates": [ 2.1373513, 41.4097222 ] } },
{ "type": "Feature", "properties": { "osm_id": 6368955490, "shop_type": "supermarket", "name": "Caprabo", "lat": 41.3596647, "lon": 2.1371038, "brand": "Caprabo", "organic": null, "h3_index": "89394461c43ffff" }, "geometry": { "type": "Point", "coordinates": [ 2.1371038, 41.3596647 ] } },
{ "type": "Feature", "properties": { "osm_id": 6368956828, "shop_type": "convenience", "name": "Unknown", "lat": 41.3602461, "lon": 2.137659, "brand": null, "organic": null, "h3_index": "89394461c47ffff" }, "geometry": { "type": "Point", "coordinates": [ 2.137659, 41.3602461 ] } },
{ "type": "Feature", "properties": { "osm_id": 6370932266, "shop_type": "butcher", "name": "Ibericus", "lat": 41.3689449, "lon": 2.1325041, "brand": null, "organic": null, "h3_index": "89394461cd7ffff" }, "geometry": { "type": "Point", "coordinates": [ 2.1325041, 41.3689449 ] } },
{ "type": "Feature", "properties": { "osm_id": 6372004590, "shop_type": "convenience", "name": "Aynara (Latin Products)", "lat": 41.3744473, "lon": 2.163271, "brand": null, "organic": null, "h3_index": "89394461dd7ffff" }, "geometry": { "type": "Point", "coordinates": [ 2.163271, 41.3744473 ] } },
{ "type": "Feature", "properties": { "osm_id": 6374571513, "shop_type": "supermarket", "name": "Dia", "lat": 41.4094094, "lon": 2.1550737, "brand": "Dia", "organic": null, "h3_index": "893944601c7ffff" }, "geometry": { "type": "Point", "coordinates": [ 2.1550737, 41.4094094 ] } },
{ "type": "Feature", "properties": { "osm_id": 6374571514, "shop_type": "supermarket", "name": "Unknown", "lat": 41.4098881, "lon": 2.1558918, "brand": null, "organic": null, "h3_index": "893944601c7ffff" }, "geometry": { "type": "Point", "coordinates": [ 2.1558918, 41.4098881 ] } },
{ "type": "Feature", "properties": { "osm_id": 6381482404, "shop_type": "supermarket", "name": "Lidl", "lat": 41.3667154, "lon": 2.1372686, "brand": "Lidl", "organic": null, "h3_index": "89394461c1bffff" }, "geometry": { "type": "Point", "coordinates": [ 2.1372686, 41.3667154 ] } },
{ "type": "Feature", "properties": { "osm_id": 6387329088, "shop_type": "bakery", "name": "Pasteleria J.M. Rodriguez Guerola. cafeteria", "lat": 41.3992804, "lon": 2.14358, "brand": null, "organic": null, "h3_index": "8939446002bffff" }, "geometry": { "type": "Point", "coordinates": [ 2.14358, 41.3992804 ] } },
{ "type": "Feature", "properties": { "osm_id": 6389455162, "shop_type": "supermarket", "name": "Sorli Discau", "lat": 41.4030573, "lon": 2.1522126, "brand": "Sorli Discau", "organic": null, "h3_index": "89394460153ffff" }, "geometry": { "type": "Point", "coordinates": [ 2.1522126, 41.4030573 ] } },
{ "type": "Feature", "properties": { "osm_id": 6393899056, "shop_type": "supermarket", "name": "Bruniquer", "lat": 41.4056753, "lon": 2.1622087, "brand": null, "organic": null, "h3_index": "8939446010bffff" }, "geometry": { "type": "Point", "coordinates": [ 2.1622087, 41.4056753 ] } },
{ "type": "Feature", "properties": { "osm_id": 6400631167, "shop_type": "supermarket", "name": "Supermercat", "lat": 41.3997067, "lon": 2.1687008, "brand": null, "organic": null, "h3_index": "8939446016fffff" }, "geometry": { "type": "Point", "coordinates": [ 2.1687008, 41.3997067 ] } },
{ "type": "Feature", "properties": { "osm_id": 6402991985, "shop_type": "greengrocer", "name": "Fruita i verdura Anna", "lat": 41.4136849, "lon": 2.2166644, "brand": null, "organic": null, "h3_index": "89394460d0bffff" }, "geometry": { "type": "Point", "coordinates": [ 2.2166644, 41.4136849 ] } },
{ "type": "Feature", "properties": { "osm_id": 6409911628, "shop_type": "greengrocer", "name": "Servi Fruit", "lat": 41.3630291, "lon": 2.1372742, "brand": null, "organic": null, "h3_index": "89394461c57ffff" }, "geometry": { "type": "Point", "coordinates": [ 2.1372742, 41.3630291 ] } },
{ "type": "Feature", "properties": { "osm_id": 6409912760, "shop_type": "greengrocer", "name": "Superverd", "lat": 41.3800021, "lon": 2.1325963, "brand": "Superverd", "organic": null, "h3_index": "8939446023bffff" }, "geometry": { "type": "Point", "coordinates": [ 2.1325963, 41.3800021 ] } },
{ "type": "Feature", "properties": { "osm_id": 6409912761, "shop_type": "bakery", "name": "Enrich", "lat": 41.3773221, "lon": 2.1337848, "brand": null, "organic": null, "h3_index": "8939446022bffff" }, "geometry": { "type": "Point", "coordinates": [ 2.1337848, 41.3773221 ] } },
{ "type": "Feature", "properties": { "osm_id": 6409913299, "shop_type": "bakery", "name": "365", "lat": 41.3632664, "lon": 2.1371163, "brand": null, "organic": null, "h3_index": "89394461c57ffff" }, "geometry": { "type": "Point", "coordinates": [ 2.1371163, 41.3632664 ] } },
{ "type": "Feature", "properties": { "osm_id": 6409913485, "shop_type": "bakery", "name": "365", "lat": 41.3609053, "lon": 2.1387604, "brand": null, "organic": null, "h3_index": "89394461c47ffff" }, "geometry": { "type": "Point", "coordinates": [ 2.1387604, 41.3609053 ] } },
{ "type": "Feature", "properties": { "osm_id": 6414320930, "shop_type": "bakery", "name": "Os Galegos", "lat": 41.4133985, "lon": 2.1982992, "brand": null, "organic": null, "h3_index": "89394460c33ffff" }, "geometry": { "type": "Point", "coordinates": [ 2.1982992, 41.4133985 ] } },
{ "type": "Feature", "properties": { "osm_id": 6424929697, "shop_type": "greengrocer", "name": "Servi Fruit", "lat": 41.3695717, "lon": 2.1330014, "brand": null, "organic": null, "h3_index": "89394461cd7ffff" }, "geometry": { "type": "Point", "coordinates": [ 2.1330014, 41.3695717 ] } },
{ "type": "Feature", "properties": { "osm_id": 6424929698, "shop_type": "convenience", "name": "Unknown", "lat": 41.364884, "lon": 2.1386472, "brand": null, "organic": null, "h3_index": "89394461c1bffff" }, "geometry": { "type": "Point", "coordinates": [ 2.1386472, 41.364884 ] } },
{ "type": "Feature", "properties": { "osm_id": 6427532216, "shop_type": "butcher", "name": "MariCarn", "lat": 41.3593598, "lon": 2.1399218, "brand": null, "organic": null, "h3_index": "89394461c47ffff" }, "geometry": { "type": "Point", "coordinates": [ 2.1399218, 41.3593598 ] } },
{ "type": "Feature", "properties": { "osm_id": 6427533391, "shop_type": "bakery", "name": "Baldiri", "lat": 41.3594407, "lon": 2.1398666, "brand": null, "organic": null, "h3_index": "89394461c47ffff" }, "geometry": { "type": "Point", "coordinates": [ 2.1398666, 41.3594407 ] } },
{ "type": "Feature", "properties": { "osm_id": 6429380405, "shop_type": "bakery", "name": "Vivari", "lat": 41.3661687, "lon": 2.1342978, "brand": null, "organic": null, "h3_index": "89394461ccfffff" }, "geometry": { "type": "Point", "coordinates": [ 2.1342978, 41.3661687 ] } },
{ "type": "Feature", "properties": { "osm_id": 6431477578, "shop_type": "bakery", "name": "Le Boulanger de Paris", "lat": 41.3765676, "lon": 2.136291, "brand": null, "organic": null, "h3_index": "89394461c93ffff" }, "geometry": { "type": "Point", "coordinates": [ 2.136291, 41.3765676 ] } },
{ "type": "Feature", "properties": { "osm_id": 6431479116, "shop_type": "bakery", "name": "Panet", "lat": 41.3742863, "lon": 2.136222, "brand": null, "organic": null, "h3_index": "89394461c9bffff" }, "geometry": { "type": "Point", "coordinates": [ 2.136222, 41.3742863 ] } },
{ "type": "Feature", "properties": { "osm_id": 6431481743, "shop_type": "bakery", "name": "El taller de pa", "lat": 41.3848637, "lon": 2.1376339, "brand": null, "organic": null, "h3_index": "89394460237ffff" }, "geometry": { "type": "Point", "coordinates": [ 2.1376339, 41.3848637 ] } },
{ "type": "Feature", "properties": { "osm_id": 6431481805, "shop_type": "convenience", "name": "Trady's", "lat": 41.3833476, "lon": 2.137255, "brand": null, "organic": null, "h3_index": "89394460237ffff" }, "geometry": { "type": "Point", "coordinates": [ 2.137255, 41.3833476 ] } },
{ "type": "Feature", "properties": { "osm_id": 6431481807, "shop_type": "convenience", "name": "Mount Everest", "lat": 41.3817813, "lon": 2.1380192, "brand": null, "organic": null, "h3_index": "89394460227ffff" }, "geometry": { "type": "Point", "coordinates": [ 2.1380192, 41.3817813 ] } },
{ "type": "Feature", "properties": { "osm_id": 6431481808, "shop_type": "convenience", "name": "Sants Supermercat", "lat": 41.3795633, "lon": 2.1378211, "brand": null, "organic": null, "h3_index": "8939446022fffff" }, "geometry": { "type": "Point", "coordinates": [ 2.1378211, 41.3795633 ] } },
{ "type": "Feature", "properties": { "osm_id": 6431483499, "shop_type": "convenience", "name": "Alimentació Ollé", "lat": 41.3824375, "lon": 2.1375643, "brand": null, "organic": null, "h3_index": "89394460227ffff" }, "geometry": { "type": "Point", "coordinates": [ 2.1375643, 41.3824375 ] } },
{ "type": "Feature", "properties": { "osm_id": 6431556859, "shop_type": "bakery", "name": "Macxi Pa", "lat": 41.3624419, "lon": 2.1376643, "brand": null, "organic": null, "h3_index": "89394461c57ffff" }, "geometry": { "type": "Point", "coordinates": [ 2.1376643, 41.3624419 ] } },
{ "type": "Feature", "properties": { "osm_id": 6431559029, "shop_type": "greengrocer", "name": "Fruites i Verdures", "lat": 41.3612943, "lon": 2.1384803, "brand": null, "organic": null, "h3_index": "89394461c47ffff" }, "geometry": { "type": "Point", "coordinates": [ 2.1384803, 41.3612943 ] } },
{ "type": "Feature", "properties": { "osm_id": 6434445586, "shop_type": "bakery", "name": "Forn Demaspan", "lat": 41.3604274, "lon": 2.1405303, "brand": null, "organic": null, "h3_index": "89394461c47ffff" }, "geometry": { "type": "Point", "coordinates": [ 2.1405303, 41.3604274 ] } },
{ "type": "Feature", "properties": { "osm_id": 6434446207, "shop_type": "greengrocer", "name": "Alma Fruits", "lat": 41.3640112, "lon": 2.1373191, "brand": null, "organic": null, "h3_index": "89394461c57ffff" }, "geometry": { "type": "Point", "coordinates": [ 2.1373191, 41.3640112 ] } },
{ "type": "Feature", "properties": { "osm_id": 6437025976, "shop_type": "supermarket", "name": "Condis", "lat": 41.3869485, "lon": 2.1297451, "brand": "Condis", "organic": null, "h3_index": "893944602abffff" }, "geometry": { "type": "Point", "coordinates": [ 2.1297451, 41.3869485 ] } },
{ "type": "Feature", "properties": { "osm_id": 6439189880, "shop_type": "supermarket", "name": "Mercadona", "lat": 41.3682545, "lon": 2.1396644, "brand": "Mercadona", "organic": null, "h3_index": "89394461c13ffff" }, "geometry": { "type": "Point", "coordinates": [ 2.1396644, 41.3682545 ] } },
{ "type": "Feature", "properties": { "osm_id": 6440067757, "shop_type": "bakery", "name": "Purgimón", "lat": 41.4243697, "lon": 2.1840089, "brand": null, "organic": null, "h3_index": "89394462a2bffff" }, "geometry": { "type": "Point", "coordinates": [ 2.1840089, 41.4243697 ] } },
{ "type": "Feature", "properties": { "osm_id": 6447958939, "shop_type": "supermarket", "name": "Super", "lat": 41.3744357, "lon": 2.1882499, "brand": null, "organic": null, "h3_index": "89394460acfffff" }, "geometry": { "type": "Point", "coordinates": [ 2.1882499, 41.3744357 ] } },
{ "type": "Feature", "properties": { "osm_id": 6448020093, "shop_type": "supermarket", "name": "Premmia Mercat", "lat": 41.3754895, "lon": 2.1894534, "brand": null, "organic": null, "h3_index": "89394460ac3ffff" }, "geometry": { "type": "Point", "coordinates": [ 2.1894534, 41.3754895 ] } },
{ "type": "Feature", "properties": { "osm_id": 6448177010, "shop_type": "convenience", "name": "Unknown", "lat": 41.3682502, "lon": 2.132758, "brand": null, "organic": null, "h3_index": "89394461cc3ffff" }, "geometry": { "type": "Point", "coordinates": [ 2.132758, 41.3682502 ] } },
{ "type": "Feature", "properties": { "osm_id": 6448177611, "shop_type": "supermarket", "name": "Condis", "lat": 41.368106, "lon": 2.1329385, "brand": "Condis", "organic": null, "h3_index": "89394461cc3ffff" }, "geometry": { "type": "Point", "coordinates": [ 2.1329385, 41.368106 ] } },
{ "type": "Feature", "properties": { "osm_id": 6449900739, "shop_type": "supermarket", "name": "Consum", "lat": 41.3826531, "lon": 2.1304813, "brand": "Consum", "organic": null, "h3_index": "89394460207ffff" }, "geometry": { "type": "Point", "coordinates": [ 2.1304813, 41.3826531 ] } },
{ "type": "Feature", "properties": { "osm_id": 6450380985, "shop_type": "supermarket", "name": "Formatgeria 12 graus", "lat": 41.4034507, "lon": 2.1622315, "brand": null, "organic": null, "h3_index": "8939446010bffff" }, "geometry": { "type": "Point", "coordinates": [ 2.1622315, 41.4034507 ] } },
{ "type": "Feature", "properties": { "osm_id": 6450381085, "shop_type": "supermarket", "name": "Superestalvi", "lat": 41.402975, "lon": 2.1632456, "brand": null, "organic": null, "h3_index": "89394460173ffff" }, "geometry": { "type": "Point", "coordinates": [ 2.1632456, 41.402975 ] } },
{ "type": "Feature", "properties": { "osm_id": 6450697573, "shop_type": "bakery", "name": "Huguet", "lat": 41.3585815, "lon": 2.1408295, "brand": null, "organic": null, "h3_index": "89394461c7bffff" }, "geometry": { "type": "Point", "coordinates": [ 2.1408295, 41.3585815 ] } },
{ "type": "Feature", "properties": { "osm_id": 6455027948, "shop_type": "convenience", "name": "La Comarca", "lat": 41.3832193, "lon": 2.1300694, "brand": null, "organic": null, "h3_index": "89394460207ffff" }, "geometry": { "type": "Point", "coordinates": [ 2.1300694, 41.3832193 ] } },
{ "type": "Feature", "properties": { "osm_id": 6459266465, "shop_type": "greengrocer", "name": "Unknown", "lat": 41.3671721, "lon": 2.1335564, "brand": null, "organic": null, "h3_index": "89394461cc3ffff" }, "geometry": { "type": "Point", "coordinates": [ 2.1335564, 41.3671721 ] } },
{ "type": "Feature", "properties": { "osm_id": 6462929156, "shop_type": "convenience", "name": "Humil", "lat": 41.3855006, "lon": 2.1313093, "brand": null, "organic": null, "h3_index": "893944602abffff" }, "geometry": { "type": "Point", "coordinates": [ 2.1313093, 41.3855006 ] } },
{ "type": "Feature", "properties": { "osm_id": 6462934901, "shop_type": "convenience", "name": "Alimentació supermercat", "lat": 41.3823987, "lon": 2.1328587, "brand": null, "organic": null, "h3_index": "89394460233ffff" }, "geometry": { "type": "Point", "coordinates": [ 2.1328587, 41.3823987 ] } },
{ "type": "Feature", "properties": { "osm_id": 6465381617, "shop_type": "convenience", "name": "Unknown", "lat": 41.3966757, "lon": 2.1637853, "brand": null, "organic": null, "h3_index": "8939446016bffff" }, "geometry": { "type": "Point", "coordinates": [ 2.1637853, 41.3966757 ] } },
{ "type": "Feature", "properties": { "osm_id": 6465382446, "shop_type": "bakery", "name": "El Molí", "lat": 41.3744488, "lon": 2.1427008, "brand": null, "organic": null, "h3_index": "89394461c87ffff" }, "geometry": { "type": "Point", "coordinates": [ 2.1427008, 41.3744488 ] } },
{ "type": "Feature", "properties": { "osm_id": 6477255756, "shop_type": "supermarket", "name": "Suma", "lat": 41.3974748, "lon": 2.1479166, "brand": "Suma", "organic": null, "h3_index": "89394460393ffff" }, "geometry": { "type": "Point", "coordinates": [ 2.1479166, 41.3974748 ] } },
{ "type": "Feature", "properties": { "osm_id": 6477276660, "shop_type": "supermarket", "name": "Plusfresc", "lat": 41.3984575, "lon": 2.1418123, "brand": "Plusfresc", "organic": null, "h3_index": "89394460077ffff" }, "geometry": { "type": "Point", "coordinates": [ 2.1418123, 41.3984575 ] } },
{ "type": "Feature", "properties": { "osm_id": 6480266207, "shop_type": "convenience", "name": "Aan Minimercat", "lat": 41.3864426, "lon": 2.1358984, "brand": null, "organic": null, "h3_index": "893944602afffff" }, "geometry": { "type": "Point", "coordinates": [ 2.1358984, 41.3864426 ] } },
{ "type": "Feature", "properties": { "osm_id": 6488868953, "shop_type": "convenience", "name": "Ujjal", "lat": 41.3693663, "lon": 2.1330595, "brand": null, "organic": null, "h3_index": "89394461cd7ffff" }, "geometry": { "type": "Point", "coordinates": [ 2.1330595, 41.3693663 ] } },
{ "type": "Feature", "properties": { "osm_id": 6488928744, "shop_type": "convenience", "name": "Tocineria Ultramarinos Roser", "lat": 41.3743705, "lon": 2.136201, "brand": null, "organic": null, "h3_index": "89394461c9bffff" }, "geometry": { "type": "Point", "coordinates": [ 2.136201, 41.3743705 ] } },
{ "type": "Feature", "properties": { "osm_id": 6488929301, "shop_type": "bakery", "name": "Anna", "lat": 41.3688057, "lon": 2.133334, "brand": null, "organic": null, "h3_index": "89394461cd7ffff" }, "geometry": { "type": "Point", "coordinates": [ 2.133334, 41.3688057 ] } },
{ "type": "Feature", "properties": { "osm_id": 6488929302, "shop_type": "convenience", "name": "Unknown", "lat": 41.3680035, "lon": 2.1337887, "brand": null, "organic": null, "h3_index": "89394461cc7ffff" }, "geometry": { "type": "Point", "coordinates": [ 2.1337887, 41.3680035 ] } },
{ "type": "Feature", "properties": { "osm_id": 6491974956, "shop_type": "bakery", "name": "Vivari", "lat": 41.3857694, "lon": 2.132944, "brand": null, "organic": null, "h3_index": "893944602afffff" }, "geometry": { "type": "Point", "coordinates": [ 2.132944, 41.3857694 ] } },
{ "type": "Feature", "properties": { "osm_id": 6492119300, "shop_type": "bakery", "name": "MacxiPa", "lat": 41.358921, "lon": 2.1412776, "brand": null, "organic": null, "h3_index": "89394461c7bffff" }, "geometry": { "type": "Point", "coordinates": [ 2.1412776, 41.358921 ] } },
{ "type": "Feature", "properties": { "osm_id": 6495737115, "shop_type": "supermarket", "name": "BonÀrea", "lat": 41.3832041, "lon": 2.1305144, "brand": "BonÀrea", "organic": null, "h3_index": "89394460207ffff" }, "geometry": { "type": "Point", "coordinates": [ 2.1305144, 41.3832041 ] } },
{ "type": "Feature", "properties": { "osm_id": 6495737983, "shop_type": "bakery", "name": "El Taller", "lat": 41.3840892, "lon": 2.1303852, "brand": null, "organic": null, "h3_index": "89394460207ffff" }, "geometry": { "type": "Point", "coordinates": [ 2.1303852, 41.3840892 ] } },
{ "type": "Feature", "properties": { "osm_id": 6495738185, "shop_type": "supermarket", "name": "Caprabo", "lat": 41.3783991, "lon": 2.1332975, "brand": "Caprabo", "organic": null, "h3_index": "8939446022bffff" }, "geometry": { "type": "Point", "coordinates": [ 2.1332975, 41.3783991 ] } },
{ "type": "Feature", "properties": { "osm_id": 6495738426, "shop_type": "bakery", "name": "MaxciPa", "lat": 41.3690516, "lon": 2.1416485, "brand": null, "organic": null, "h3_index": "89394461c17ffff" }, "geometry": { "type": "Point", "coordinates": [ 2.1416485, 41.3690516 ] } },
{ "type": "Feature", "properties": { "osm_id": 6504150085, "shop_type": "supermarket", "name": "Caprabo", "lat": 41.3721677, "lon": 2.1474976, "brand": "Caprabo", "organic": null, "h3_index": "89394461ca3ffff" }, "geometry": { "type": "Point", "coordinates": [ 2.1474976, 41.3721677 ] } },
{ "type": "Feature", "properties": { "osm_id": 6511974487, "shop_type": "greengrocer", "name": "Naima", "lat": 41.3707814, "lon": 2.1430272, "brand": null, "organic": null, "h3_index": "89394461c17ffff" }, "geometry": { "type": "Point", "coordinates": [ 2.1430272, 41.3707814 ] } },
{ "type": "Feature", "properties": { "osm_id": 6516675468, "shop_type": "convenience", "name": "Saif", "lat": 41.3720254, "lon": 2.1692855, "brand": null, "organic": null, "h3_index": "89394461d03ffff" }, "geometry": { "type": "Point", "coordinates": [ 2.1692855, 41.3720254 ] } },
{ "type": "Feature", "properties": { "osm_id": 6516690104, "shop_type": "convenience", "name": "Bona Compra", "lat": 41.3723537, "lon": 2.1620556, "brand": null, "organic": null, "h3_index": "89394461dc7ffff" }, "geometry": { "type": "Point", "coordinates": [ 2.1620556, 41.3723537 ] } },
{ "type": "Feature", "properties": { "osm_id": 6516709990, "shop_type": "convenience", "name": "Asghar", "lat": 41.373272, "lon": 2.1551389, "brand": null, "organic": null, "h3_index": "89394461ca7ffff" }, "geometry": { "type": "Point", "coordinates": [ 2.1551389, 41.373272 ] } },
{ "type": "Feature", "properties": { "osm_id": 6521684785, "shop_type": "greengrocer", "name": "Bona fruta", "lat": 41.3723447, "lon": 2.1450502, "brand": null, "organic": null, "h3_index": "89394461cbbffff" }, "geometry": { "type": "Point", "coordinates": [ 2.1450502, 41.3723447 ] } },
{ "type": "Feature", "properties": { "osm_id": 6532239887, "shop_type": "convenience", "name": "David", "lat": 41.4003684, "lon": 2.1901005, "brand": null, "organic": null, "h3_index": "89394460eb7ffff" }, "geometry": { "type": "Point", "coordinates": [ 2.1901005, 41.4003684 ] } },
{ "type": "Feature", "properties": { "osm_id": 6532322487, "shop_type": "greengrocer", "name": "Superverd", "lat": 41.4021373, "lon": 2.2038758, "brand": "Fruiteria Kuly", "organic": null, "h3_index": "8939446088bffff" }, "geometry": { "type": "Point", "coordinates": [ 2.2038758, 41.4021373 ] } },
{ "type": "Feature", "properties": { "osm_id": 6532331288, "shop_type": "bakery", "name": "El Teu Pa", "lat": 41.4019577, "lon": 2.2032297, "brand": null, "organic": null, "h3_index": "8939446088bffff" }, "geometry": { "type": "Point", "coordinates": [ 2.2032297, 41.4019577 ] } },
{ "type": "Feature", "properties": { "osm_id": 6533558585, "shop_type": "supermarket", "name": "Sorli Discau", "lat": 41.3992951, "lon": 2.2041516, "brand": "Sorli Discau", "organic": null, "h3_index": "8939446088bffff" }, "geometry": { "type": "Point", "coordinates": [ 2.2041516, 41.3992951 ] } },
{ "type": "Feature", "properties": { "osm_id": 6533599216, "shop_type": "convenience", "name": "Granel", "lat": 41.3850559, "lon": 2.143188, "brand": null, "organic": null, "h3_index": "893944603cfffff" }, "geometry": { "type": "Point", "coordinates": [ 2.143188, 41.3850559 ] } },
{ "type": "Feature", "properties": { "osm_id": 6533605250, "shop_type": "supermarket", "name": "Granel", "lat": 41.4036456, "lon": 2.1613333, "brand": null, "organic": "only", "h3_index": "8939446010bffff" }, "geometry": { "type": "Point", "coordinates": [ 2.1613333, 41.4036456 ] } },
{ "type": "Feature", "properties": { "osm_id": 6535101487, "shop_type": "supermarket", "name": "Extra", "lat": 41.3990612, "lon": 2.1968513, "brand": null, "organic": null, "h3_index": "893944608d3ffff" }, "geometry": { "type": "Point", "coordinates": [ 2.1968513, 41.3990612 ] } },
{ "type": "Feature", "properties": { "osm_id": 6537399547, "shop_type": "convenience", "name": "Munni Supermercat", "lat": 41.3759387, "lon": 2.1511939, "brand": null, "organic": null, "h3_index": "89394461cb7ffff" }, "geometry": { "type": "Point", "coordinates": [ 2.1511939, 41.3759387 ] } },
{ "type": "Feature", "properties": { "osm_id": 6537402069, "shop_type": "supermarket", "name": "Condis", "lat": 41.3791013, "lon": 2.1550285, "brand": "Condis", "organic": null, "h3_index": "89394460363ffff" }, "geometry": { "type": "Point", "coordinates": [ 2.1550285, 41.3791013 ] } },
{ "type": "Feature", "properties": { "osm_id": 6537402392, "shop_type": "convenience", "name": "London Supermercat", "lat": 41.3758204, "lon": 2.1506876, "brand": null, "organic": null, "h3_index": "89394461cb7ffff" }, "geometry": { "type": "Point", "coordinates": [ 2.1506876, 41.3758204 ] } },
{ "type": "Feature", "properties": { "osm_id": 6537404898, "shop_type": "convenience", "name": "Super Gran Via", "lat": 41.3781118, "lon": 2.1536518, "brand": null, "organic": null, "h3_index": "8939446037bffff" }, "geometry": { "type": "Point", "coordinates": [ 2.1536518, 41.3781118 ] } },
{ "type": "Feature", "properties": { "osm_id": 6537406601, "shop_type": "convenience", "name": "London Supermercat", "lat": 41.3770388, "lon": 2.1522711, "brand": null, "organic": null, "h3_index": "89394461cb7ffff" }, "geometry": { "type": "Point", "coordinates": [ 2.1522711, 41.3770388 ] } },
{ "type": "Feature", "properties": { "osm_id": 6537413649, "shop_type": "convenience", "name": "Tahsin", "lat": 41.3778031, "lon": 2.1533422, "brand": null, "organic": null, "h3_index": "8939446037bffff" }, "geometry": { "type": "Point", "coordinates": [ 2.1533422, 41.3778031 ] } },
{ "type": "Feature", "properties": { "osm_id": 6537783461, "shop_type": "convenience", "name": "Unknown", "lat": 41.3819564, "lon": 2.1578353, "brand": null, "organic": null, "h3_index": "89394460377ffff" }, "geometry": { "type": "Point", "coordinates": [ 2.1578353, 41.3819564 ] } },
{ "type": "Feature", "properties": { "osm_id": 6537823629, "shop_type": "convenience", "name": "Unknown", "lat": 41.385265, "lon": 2.1644106, "brand": null, "organic": null, "h3_index": "89394460323ffff" }, "geometry": { "type": "Point", "coordinates": [ 2.1644106, 41.385265 ] } },
{ "type": "Feature", "properties": { "osm_id": 6537954498, "shop_type": "convenience", "name": "Unknown", "lat": 41.3819627, "lon": 2.1591296, "brand": null, "organic": null, "h3_index": "89394460377ffff" }, "geometry": { "type": "Point", "coordinates": [ 2.1591296, 41.3819627 ] } },
{ "type": "Feature", "properties": { "osm_id": 6537956968, "shop_type": "convenience", "name": "Nishi Supermercat Exprés", "lat": 41.3783944, "lon": 2.1546744, "brand": null, "organic": null, "h3_index": "89394460363ffff" }, "geometry": { "type": "Point", "coordinates": [ 2.1546744, 41.3783944 ] } },
{ "type": "Feature", "properties": { "osm_id": 6537961752, "shop_type": "convenience", "name": "Unknown", "lat": 41.3808799, "lon": 2.157385, "brand": null, "organic": null, "h3_index": "89394460363ffff" }, "geometry": { "type": "Point", "coordinates": [ 2.157385, 41.3808799 ] } },
{ "type": "Feature", "properties": { "osm_id": 6537967422, "shop_type": "convenience", "name": "Bon Supermercat", "lat": 41.3909925, "lon": 2.1913121, "brand": null, "organic": null, "h3_index": "89394460e23ffff" }, "geometry": { "type": "Point", "coordinates": [ 2.1913121, 41.3909925 ] } },
{ "type": "Feature", "properties": { "osm_id": 6537968031, "shop_type": "convenience", "name": "London Supermercat Exprés", "lat": 41.3796408, "lon": 2.1557339, "brand": null, "organic": null, "h3_index": "89394460363ffff" }, "geometry": { "type": "Point", "coordinates": [ 2.1557339, 41.3796408 ] } },
{ "type": "Feature", "properties": { "osm_id": 6538030943, "shop_type": "convenience", "name": "M.M Supermercat", "lat": 41.3929076, "lon": 2.1885988, "brand": null, "organic": null, "h3_index": "89394460e33ffff" }, "geometry": { "type": "Point", "coordinates": [ 2.1885988, 41.3929076 ] } },
{ "type": "Feature", "properties": { "osm_id": 6538034098, "shop_type": "convenience", "name": "Bon Supermercat", "lat": 41.3897255, "lon": 2.184103, "brand": null, "organic": null, "h3_index": "89394460e0fffff" }, "geometry": { "type": "Point", "coordinates": [ 2.184103, 41.3897255 ] } },
{ "type": "Feature", "properties": { "osm_id": 6538040896, "shop_type": "convenience", "name": "Marina Parc", "lat": 41.392151, "lon": 2.1908654, "brand": null, "organic": null, "h3_index": "89394460e23ffff" }, "geometry": { "type": "Point", "coordinates": [ 2.1908654, 41.392151 ] } },
{ "type": "Feature", "properties": { "osm_id": 6538041134, "shop_type": "greengrocer", "name": "Fruteria Judith", "lat": 41.3919848, "lon": 2.1880787, "brand": null, "organic": null, "h3_index": "89394460e33ffff" }, "geometry": { "type": "Point", "coordinates": [ 2.1880787, 41.3919848 ] } },
{ "type": "Feature", "properties": { "osm_id": 6538042985, "shop_type": "supermarket", "name": "Caprabo", "lat": 41.3923461, "lon": 2.1887696, "brand": "Caprabo", "organic": null, "h3_index": "89394460e33ffff" }, "geometry": { "type": "Point", "coordinates": [ 2.1887696, 41.3923461 ] } },
{ "type": "Feature", "properties": { "osm_id": 6538149741, "shop_type": "convenience", "name": "Al Awan", "lat": 41.3799687, "lon": 2.166564, "brand": null, "organic": null, "h3_index": "89394461d83ffff" }, "geometry": { "type": "Point", "coordinates": [ 2.166564, 41.3799687 ] } },
{ "type": "Feature", "properties": { "osm_id": 6538158084, "shop_type": "supermarket", "name": "Condis", "lat": 41.3703694, "lon": 2.1434146, "brand": "Condis", "organic": null, "h3_index": "89394461c17ffff" }, "geometry": { "type": "Point", "coordinates": [ 2.1434146, 41.3703694 ] } },
{ "type": "Feature", "properties": { "osm_id": 6538162970, "shop_type": "convenience", "name": "Alimentació Gran Via", "lat": 41.3690865, "lon": 2.1416998, "brand": null, "organic": null, "h3_index": "89394461c17ffff" }, "geometry": { "type": "Point", "coordinates": [ 2.1416998, 41.3690865 ] } },
{ "type": "Feature", "properties": { "osm_id": 6538162995, "shop_type": "supermarket", "name": "BonÀrea", "lat": 41.37794, "lon": 2.1625065, "brand": "BonÀrea", "organic": null, "h3_index": "89394461d9bffff" }, "geometry": { "type": "Point", "coordinates": [ 2.1625065, 41.37794 ] } },
{ "type": "Feature", "properties": { "osm_id": 6538170425, "shop_type": "convenience", "name": "Awami", "lat": 41.3790347, "lon": 2.1640921, "brand": null, "organic": null, "h3_index": "89394461d9bffff" }, "geometry": { "type": "Point", "coordinates": [ 2.1640921, 41.3790347 ] } },
{ "type": "Feature", "properties": { "osm_id": 6538176790, "shop_type": "convenience", "name": "Super Choudhry", "lat": 41.379078, "lon": 2.1649134, "brand": null, "organic": null, "h3_index": "89394461d83ffff" }, "geometry": { "type": "Point", "coordinates": [ 2.1649134, 41.379078 ] } },
{ "type": "Feature", "properties": { "osm_id": 6538180678, "shop_type": "convenience", "name": "U.K Supermercat", "lat": 41.3752559, "lon": 2.1534621, "brand": null, "organic": null, "h3_index": "8939446036bffff" }, "geometry": { "type": "Point", "coordinates": [ 2.1534621, 41.3752559 ] } },
{ "type": "Feature", "properties": { "osm_id": 6538183893, "shop_type": "convenience", "name": "Unknown", "lat": 41.3747049, "lon": 2.1555071, "brand": null, "organic": null, "h3_index": "89394461dd3ffff" }, "geometry": { "type": "Point", "coordinates": [ 2.1555071, 41.3747049 ] } },
{ "type": "Feature", "properties": { "osm_id": 6538185175, "shop_type": "greengrocer", "name": "Unknown", "lat": 41.3792703, "lon": 2.1653973, "brand": null, "organic": null, "h3_index": "89394461d83ffff" }, "geometry": { "type": "Point", "coordinates": [ 2.1653973, 41.3792703 ] } },
{ "type": "Feature", "properties": { "osm_id": 6538185919, "shop_type": "convenience", "name": "Mi Proxima", "lat": 41.3752149, "lon": 2.1544782, "brand": null, "organic": null, "h3_index": "8939446036bffff" }, "geometry": { "type": "Point", "coordinates": [ 2.1544782, 41.3752149 ] } },
{ "type": "Feature", "properties": { "osm_id": 6538186906, "shop_type": "convenience", "name": "Al Awan", "lat": 41.3796379, "lon": 2.165973, "brand": null, "organic": null, "h3_index": "89394461d83ffff" }, "geometry": { "type": "Point", "coordinates": [ 2.165973, 41.3796379 ] } },
{ "type": "Feature", "properties": { "osm_id": 6538189821, "shop_type": "convenience", "name": "Awami", "lat": 41.378977, "lon": 2.1642649, "brand": null, "organic": null, "h3_index": "89394461d9bffff" }, "geometry": { "type": "Point", "coordinates": [ 2.1642649, 41.378977 ] } },
{ "type": "Feature", "properties": { "osm_id": 6538196729, "shop_type": "convenience", "name": "Unknown", "lat": 41.3767851, "lon": 2.1613516, "brand": null, "organic": null, "h3_index": "89394461d9bffff" }, "geometry": { "type": "Point", "coordinates": [ 2.1613516, 41.3767851 ] } },
{ "type": "Feature", "properties": { "osm_id": 6563755658, "shop_type": "convenience", "name": "Super Ozinelles", "lat": 41.3726756, "lon": 2.1367815, "brand": null, "organic": null, "h3_index": "89394461c8bffff" }, "geometry": { "type": "Point", "coordinates": [ 2.1367815, 41.3726756 ] } },
{ "type": "Feature", "properties": { "osm_id": 6563771561, "shop_type": "bakery", "name": "MaxciPa", "lat": 41.3753104, "lon": 2.1357525, "brand": null, "organic": null, "h3_index": "89394461c93ffff" }, "geometry": { "type": "Point", "coordinates": [ 2.1357525, 41.3753104 ] } },
{ "type": "Feature", "properties": { "osm_id": 6565731806, "shop_type": "supermarket", "name": "Condis", "lat": 41.3712926, "lon": 2.1296592, "brand": "Condis", "organic": null, "h3_index": "8939446026fffff" }, "geometry": { "type": "Point", "coordinates": [ 2.1296592, 41.3712926 ] } },
{ "type": "Feature", "properties": { "osm_id": 6566398010, "shop_type": "convenience", "name": "Unknown", "lat": 41.3752972, "lon": 2.1469851, "brand": null, "organic": null, "h3_index": "89394461cb3ffff" }, "geometry": { "type": "Point", "coordinates": [ 2.1469851, 41.3752972 ] } },
{ "type": "Feature", "properties": { "osm_id": 6566440153, "shop_type": "supermarket", "name": "Bonpreu", "lat": 41.3679752, "lon": 2.1412379, "brand": "Bonpreu", "organic": null, "h3_index": "89394461c13ffff" }, "geometry": { "type": "Point", "coordinates": [ 2.1412379, 41.3679752 ] } },
{ "type": "Feature", "properties": { "osm_id": 6566450000, "shop_type": "butcher", "name": "Hermanos Cruz", "lat": 41.368904, "lon": 2.1414375, "brand": null, "organic": null, "h3_index": "89394461c13ffff" }, "geometry": { "type": "Point", "coordinates": [ 2.1414375, 41.368904 ] } },
{ "type": "Feature", "properties": { "osm_id": 6567334277, "shop_type": "bakery", "name": "365 Obrador", "lat": 41.3683825, "lon": 2.1315776, "brand": null, "organic": null, "h3_index": "89394461cc3ffff" }, "geometry": { "type": "Point", "coordinates": [ 2.1315776, 41.3683825 ] } },
{ "type": "Feature", "properties": { "osm_id": 6567448879, "shop_type": "supermarket", "name": "Molsa Bio Sants", "lat": 41.3750344, "lon": 2.1338145, "brand": null, "organic": "only", "h3_index": "89394460267ffff" }, "geometry": { "type": "Point", "coordinates": [ 2.1338145, 41.3750344 ] } },
{ "type": "Feature", "properties": { "osm_id": 6568369186, "shop_type": "supermarket", "name": "Caprabo", "lat": 41.4026072, "lon": 2.1531549, "brand": "Caprabo", "organic": null, "h3_index": "89394460153ffff" }, "geometry": { "type": "Point", "coordinates": [ 2.1531549, 41.4026072 ] } },
{ "type": "Feature", "properties": { "osm_id": 6576045085, "shop_type": "convenience", "name": "Alimentació Escribano", "lat": 41.4010388, "lon": 2.1883527, "brand": null, "organic": null, "h3_index": "89394460eb7ffff" }, "geometry": { "type": "Point", "coordinates": [ 2.1883527, 41.4010388 ] } },
{ "type": "Feature", "properties": { "osm_id": 6576045285, "shop_type": "bakery", "name": "La Reposada", "lat": 41.3962569, "lon": 2.1513143, "brand": null, "organic": null, "h3_index": "89394460387ffff" }, "geometry": { "type": "Point", "coordinates": [ 2.1513143, 41.3962569 ] } },
{ "type": "Feature", "properties": { "osm_id": 6579588787, "shop_type": "supermarket", "name": "Condis", "lat": 41.39021, "lon": 2.1240033, "brand": "Condis", "organic": null, "h3_index": "89394460287ffff" }, "geometry": { "type": "Point", "coordinates": [ 2.1240033, 41.39021 ] } },
{ "type": "Feature", "properties": { "osm_id": 6582515706, "shop_type": "supermarket", "name": "Caprabo", "lat": 41.4003043, "lon": 2.183255, "brand": "Caprabo", "organic": null, "h3_index": "89394460e87ffff" }, "geometry": { "type": "Point", "coordinates": [ 2.183255, 41.4003043 ] } },
{ "type": "Feature", "properties": { "osm_id": 6591371585, "shop_type": "supermarket", "name": "Rapid", "lat": 41.4044022, "lon": 2.1502091, "brand": null, "organic": null, "h3_index": "89394460027ffff" }, "geometry": { "type": "Point", "coordinates": [ 2.1502091, 41.4044022 ] } },
{ "type": "Feature", "properties": { "osm_id": 6594528986, "shop_type": "bakery", "name": "Valls&co", "lat": 41.4083501, "lon": 2.1523369, "brand": null, "organic": null, "h3_index": "893944601c3ffff" }, "geometry": { "type": "Point", "coordinates": [ 2.1523369, 41.4083501 ] } },
{ "type": "Feature", "properties": { "osm_id": 6594528987, "shop_type": "bakery", "name": "MacxiPa", "lat": 41.4080585, "lon": 2.151611, "brand": null, "organic": null, "h3_index": "893944601c3ffff" }, "geometry": { "type": "Point", "coordinates": [ 2.151611, 41.4080585 ] } },
{ "type": "Feature", "properties": { "osm_id": 6594550586, "shop_type": "bakery", "name": "Santa Gloria", "lat": 41.4086725, "lon": 2.1532304, "brand": null, "organic": null, "h3_index": "893944601c3ffff" }, "geometry": { "type": "Point", "coordinates": [ 2.1532304, 41.4086725 ] } },
{ "type": "Feature", "properties": { "osm_id": 6598215387, "shop_type": "bakery", "name": "365", "lat": 41.3965909, "lon": 2.1505806, "brand": null, "organic": null, "h3_index": "89394460397ffff" }, "geometry": { "type": "Point", "coordinates": [ 2.1505806, 41.3965909 ] } },
{ "type": "Feature", "properties": { "osm_id": 6634324693, "shop_type": "convenience", "name": "Grocery Store", "lat": 41.4000938, "lon": 2.204883, "brand": null, "organic": null, "h3_index": "8939446088bffff" }, "geometry": { "type": "Point", "coordinates": [ 2.204883, 41.4000938 ] } },
{ "type": "Feature", "properties": { "osm_id": 6638544020, "shop_type": "supermarket", "name": "Bonpreu", "lat": 41.3638438, "lon": 2.1370552, "brand": "Bonpreu", "organic": null, "h3_index": "89394461c57ffff" }, "geometry": { "type": "Point", "coordinates": [ 2.1370552, 41.3638438 ] } },
{ "type": "Feature", "properties": { "osm_id": 6682417285, "shop_type": "convenience", "name": "Pearl Cosmetics", "lat": 41.3869915, "lon": 2.1826986, "brand": null, "organic": null, "h3_index": "89394460e73ffff" }, "geometry": { "type": "Point", "coordinates": [ 2.1826986, 41.3869915 ] } },
{ "type": "Feature", "properties": { "osm_id": 6707513029, "shop_type": "bakery", "name": "Unknown", "lat": 41.379188, "lon": 2.1769792, "brand": null, "organic": null, "h3_index": "89394461db7ffff" }, "geometry": { "type": "Point", "coordinates": [ 2.1769792, 41.379188 ] } },
{ "type": "Feature", "properties": { "osm_id": 6707513212, "shop_type": "bakery", "name": "Forneria Tiana", "lat": 41.3802874, "lon": 2.1770426, "brand": null, "organic": null, "h3_index": "89394461db7ffff" }, "geometry": { "type": "Point", "coordinates": [ 2.1770426, 41.3802874 ] } },
{ "type": "Feature", "properties": { "osm_id": 6720764585, "shop_type": "supermarket", "name": "Es", "lat": 41.4114789, "lon": 2.1735586, "brand": null, "organic": null, "h3_index": "893944601afffff" }, "geometry": { "type": "Point", "coordinates": [ 2.1735586, 41.4114789 ] } },
{ "type": "Feature", "properties": { "osm_id": 6742696729, "shop_type": "bakery", "name": "Pa Valero", "lat": 41.3882906, "lon": 2.1440914, "brand": null, "organic": null, "h3_index": "893944603c3ffff" }, "geometry": { "type": "Point", "coordinates": [ 2.1440914, 41.3882906 ] } },
{ "type": "Feature", "properties": { "osm_id": 6750085593, "shop_type": "supermarket", "name": "Samya", "lat": 41.4045345, "lon": 2.1793456, "brand": null, "organic": null, "h3_index": "89394460c5bffff" }, "geometry": { "type": "Point", "coordinates": [ 2.1793456, 41.4045345 ] } },
{ "type": "Feature", "properties": { "osm_id": 6750095385, "shop_type": "convenience", "name": "Supermercat", "lat": 41.3946684, "lon": 2.1661611, "brand": null, "organic": null, "h3_index": "89394460ed3ffff" }, "geometry": { "type": "Point", "coordinates": [ 2.1661611, 41.3946684 ] } },
{ "type": "Feature", "properties": { "osm_id": 6750095388, "shop_type": "supermarket", "name": "New lucky", "lat": 41.4056747, "lon": 2.1791948, "brand": null, "organic": null, "h3_index": "89394460c5bffff" }, "geometry": { "type": "Point", "coordinates": [ 2.1791948, 41.4056747 ] } },
{ "type": "Feature", "properties": { "osm_id": 6750095392, "shop_type": "bakery", "name": "Farina & Sons", "lat": 41.4060157, "lon": 2.181416, "brand": null, "organic": null, "h3_index": "89394460c5bffff" }, "geometry": { "type": "Point", "coordinates": [ 2.181416, 41.4060157 ] } },
{ "type": "Feature", "properties": { "osm_id": 6750095393, "shop_type": "supermarket", "name": "Lucky's", "lat": 41.4058528, "lon": 2.1806835, "brand": null, "organic": null, "h3_index": "89394460c5bffff" }, "geometry": { "type": "Point", "coordinates": [ 2.1806835, 41.4058528 ] } },
{ "type": "Feature", "properties": { "osm_id": 6750095885, "shop_type": "supermarket", "name": "El Rincón de la Abuela Venezolana", "lat": 41.4060512, "lon": 2.1791957, "brand": null, "organic": null, "h3_index": "89394460c5bffff" }, "geometry": { "type": "Point", "coordinates": [ 2.1791957, 41.4060512 ] } },
{ "type": "Feature", "properties": { "osm_id": 6750095886, "shop_type": "supermarket", "name": "Sorli Discau", "lat": 41.4062668, "lon": 2.1793675, "brand": "Sorli Discau", "organic": null, "h3_index": "89394460c5bffff" }, "geometry": { "type": "Point", "coordinates": [ 2.1793675, 41.4062668 ] } },
{ "type": "Feature", "properties": { "osm_id": 6750690091, "shop_type": "supermarket", "name": "Consum", "lat": 41.4037491, "lon": 2.1782736, "brand": "Consum", "organic": null, "h3_index": "89394460e97ffff" }, "geometry": { "type": "Point", "coordinates": [ 2.1782736, 41.4037491 ] } },
{ "type": "Feature", "properties": { "osm_id": 6750690097, "shop_type": "supermarket", "name": "Supermercat", "lat": 41.4017282, "lon": 2.1751185, "brand": null, "organic": null, "h3_index": "89394460e93ffff" }, "geometry": { "type": "Point", "coordinates": [ 2.1751185, 41.4017282 ] } },
{ "type": "Feature", "properties": { "osm_id": 6750710086, "shop_type": "supermarket", "name": "Supermercat", "lat": 41.4034926, "lon": 2.1774305, "brand": null, "organic": null, "h3_index": "8939446012fffff" }, "geometry": { "type": "Point", "coordinates": [ 2.1774305, 41.4034926 ] } },
{ "type": "Feature", "properties": { "osm_id": 6750710985, "shop_type": "supermarket", "name": "Condis", "lat": 41.4019041, "lon": 2.1757782, "brand": "Condis", "organic": null, "h3_index": "89394460e93ffff" }, "geometry": { "type": "Point", "coordinates": [ 2.1757782, 41.4019041 ] } },
{ "type": "Feature", "properties": { "osm_id": 6757278788, "shop_type": "bakery", "name": "Colombia Pan y Sabor", "lat": 41.4026236, "lon": 2.1783726, "brand": null, "organic": null, "h3_index": "89394460e97ffff" }, "geometry": { "type": "Point", "coordinates": [ 2.1783726, 41.4026236 ] } },
{ "type": "Feature", "properties": { "osm_id": 6757314386, "shop_type": "convenience", "name": "Supermercat", "lat": 41.395939, "lon": 2.1693991, "brand": null, "organic": null, "h3_index": "89394460ed3ffff" }, "geometry": { "type": "Point", "coordinates": [ 2.1693991, 41.395939 ] } },
{ "type": "Feature", "properties": { "osm_id": 6757314891, "shop_type": "supermarket", "name": "Supercor", "lat": 41.3944689, "lon": 2.1682575, "brand": "Supercor", "organic": null, "h3_index": "89394460ed3ffff" }, "geometry": { "type": "Point", "coordinates": [ 2.1682575, 41.3944689 ] } },
{ "type": "Feature", "properties": { "osm_id": 6761811693, "shop_type": "supermarket", "name": "Mercadona", "lat": 41.4126764, "lon": 2.1704059, "brand": "Mercadona", "organic": null, "h3_index": "893944601abffff" }, "geometry": { "type": "Point", "coordinates": [ 2.1704059, 41.4126764 ] } },
{ "type": "Feature", "properties": { "osm_id": 6766272994, "shop_type": "supermarket", "name": "Taste of America", "lat": 41.3902776, "lon": 2.162099, "brand": null, "organic": null, "h3_index": "893944603afffff" }, "geometry": { "type": "Point", "coordinates": [ 2.162099, 41.3902776 ] } },
{ "type": "Feature", "properties": { "osm_id": 6766273095, "shop_type": "supermarket", "name": "Express", "lat": 41.3928198, "lon": 2.1660379, "brand": null, "organic": null, "h3_index": "89394460edbffff" }, "geometry": { "type": "Point", "coordinates": [ 2.1660379, 41.3928198 ] } },
{ "type": "Feature", "properties": { "osm_id": 6766273104, "shop_type": "supermarket", "name": "ALDI", "lat": 41.4054788, "lon": 2.1782891, "brand": "ALDI", "organic": null, "h3_index": "89394460c5bffff" }, "geometry": { "type": "Point", "coordinates": [ 2.1782891, 41.4054788 ] } },
{ "type": "Feature", "properties": { "osm_id": 6766273987, "shop_type": "supermarket", "name": "Express", "lat": 41.390395, "lon": 2.162835, "brand": null, "organic": null, "h3_index": "893944603afffff" }, "geometry": { "type": "Point", "coordinates": [ 2.162835, 41.390395 ] } },
{ "type": "Feature", "properties": { "osm_id": 6769971885, "shop_type": "convenience", "name": "Casa Gràcia", "lat": 41.3993503, "lon": 2.1515928, "brand": null, "organic": null, "h3_index": "8939446015bffff" }, "geometry": { "type": "Point", "coordinates": [ 2.1515928, 41.3993503 ] } },
{ "type": "Feature", "properties": { "osm_id": 6769988985, "shop_type": "greengrocer", "name": "Bismillah Frutería", "lat": 41.3992763, "lon": 2.1512799, "brand": null, "organic": null, "h3_index": "89394460397ffff" }, "geometry": { "type": "Point", "coordinates": [ 2.1512799, 41.3992763 ] } },
{ "type": "Feature", "properties": { "osm_id": 6771862885, "shop_type": "convenience", "name": "Comestibles Herrero", "lat": 41.4069581, "lon": 2.1884605, "brand": null, "organic": null, "h3_index": "89394460c47ffff" }, "geometry": { "type": "Point", "coordinates": [ 2.1884605, 41.4069581 ] } },
{ "type": "Feature", "properties": { "osm_id": 6772044086, "shop_type": "supermarket", "name": "Condis", "lat": 41.4080053, "lon": 2.1812124, "brand": "Condis", "organic": null, "h3_index": "89394460c53ffff" }, "geometry": { "type": "Point", "coordinates": [ 2.1812124, 41.4080053 ] } },
{ "type": "Feature", "properties": { "osm_id": 6772044089, "shop_type": "greengrocer", "name": "Mercat Fresh", "lat": 41.4078296, "lon": 2.1830719, "brand": null, "organic": null, "h3_index": "89394460c53ffff" }, "geometry": { "type": "Point", "coordinates": [ 2.1830719, 41.4078296 ] } },
{ "type": "Feature", "properties": { "osm_id": 6772044186, "shop_type": "convenience", "name": "Supermercat", "lat": 41.4066542, "lon": 2.1844447, "brand": null, "organic": null, "h3_index": "89394460c43ffff" }, "geometry": { "type": "Point", "coordinates": [ 2.1844447, 41.4066542 ] } },
{ "type": "Feature", "properties": { "osm_id": 6772044386, "shop_type": "supermarket", "name": "Caprabo", "lat": 41.4065032, "lon": 2.1848523, "brand": "Caprabo", "organic": null, "h3_index": "89394460c43ffff" }, "geometry": { "type": "Point", "coordinates": [ 2.1848523, 41.4065032 ] } },
{ "type": "Feature", "properties": { "osm_id": 6776762194, "shop_type": "bakery", "name": "Miralles", "lat": 41.4074729, "lon": 2.1628728, "brand": null, "organic": null, "h3_index": "89394460103ffff" }, "geometry": { "type": "Point", "coordinates": [ 2.1628728, 41.4074729 ] } },
{ "type": "Feature", "properties": { "osm_id": 6776776187, "shop_type": "bakery", "name": "La Palmera", "lat": 41.4078452, "lon": 2.1837439, "brand": null, "organic": null, "h3_index": "89394460c53ffff" }, "geometry": { "type": "Point", "coordinates": [ 2.1837439, 41.4078452 ] } },
{ "type": "Feature", "properties": { "osm_id": 6776776188, "shop_type": "supermarket", "name": "Clic", "lat": 41.4082521, "lon": 2.1838243, "brand": null, "organic": null, "h3_index": "89394460c53ffff" }, "geometry": { "type": "Point", "coordinates": [ 2.1838243, 41.4082521 ] } },
{ "type": "Feature", "properties": { "osm_id": 6776776190, "shop_type": "bakery", "name": "Forn Bonpreu", "lat": 41.4064999, "lon": 2.1634948, "brand": null, "organic": null, "h3_index": "89394460103ffff" }, "geometry": { "type": "Point", "coordinates": [ 2.1634948, 41.4064999 ] } },
{ "type": "Feature", "properties": { "osm_id": 6784441593, "shop_type": "supermarket", "name": "Autoservicio Súper Loral", "lat": 41.4099568, "lon": 2.1860673, "brand": null, "organic": null, "h3_index": "89394460c57ffff" }, "geometry": { "type": "Point", "coordinates": [ 2.1860673, 41.4099568 ] } },
{ "type": "Feature", "properties": { "osm_id": 6784446489, "shop_type": "supermarket", "name": "Super del Clot", "lat": 41.4096043, "lon": 2.1856318, "brand": null, "organic": null, "h3_index": "89394460c57ffff" }, "geometry": { "type": "Point", "coordinates": [ 2.1856318, 41.4096043 ] } },
{ "type": "Feature", "properties": { "osm_id": 6786006488, "shop_type": "convenience", "name": "Carrefour Express", "lat": 41.3795329, "lon": 2.1655829, "brand": "Carrefour Express", "organic": null, "h3_index": "89394461d83ffff" }, "geometry": { "type": "Point", "coordinates": [ 2.1655829, 41.3795329 ] } },
{ "type": "Feature", "properties": { "osm_id": 6786006490, "shop_type": "bakery", "name": "Shalimar", "lat": 41.380015, "lon": 2.1668897, "brand": null, "organic": null, "h3_index": "89394461d83ffff" }, "geometry": { "type": "Point", "coordinates": [ 2.1668897, 41.380015 ] } },
{ "type": "Feature", "properties": { "osm_id": 6786006785, "shop_type": "bakery", "name": "Forn del Padró", "lat": 41.3796065, "lon": 2.1658989, "brand": null, "organic": null, "h3_index": "89394461d83ffff" }, "geometry": { "type": "Point", "coordinates": [ 2.1658989, 41.3796065 ] } },
{ "type": "Feature", "properties": { "osm_id": 6790645694, "shop_type": "supermarket", "name": "Casa Debasa", "lat": 41.4032265, "lon": 2.1763238, "brand": null, "organic": null, "h3_index": "8939446012fffff" }, "geometry": { "type": "Point", "coordinates": [ 2.1763238, 41.4032265 ] } },
{ "type": "Feature", "properties": { "osm_id": 6790710788, "shop_type": "convenience", "name": "Discount", "lat": 41.4016499, "lon": 2.1727475, "brand": null, "organic": null, "h3_index": "89394460167ffff" }, "geometry": { "type": "Point", "coordinates": [ 2.1727475, 41.4016499 ] } },
{ "type": "Feature", "properties": { "osm_id": 6790710789, "shop_type": "supermarket", "name": "Express Supermarket", "lat": 41.4013831, "lon": 2.172812, "brand": null, "organic": null, "h3_index": "89394460e93ffff" }, "geometry": { "type": "Point", "coordinates": [ 2.172812, 41.4013831 ] } },
{ "type": "Feature", "properties": { "osm_id": 6793569786, "shop_type": "supermarket", "name": "Charter", "lat": 41.4005548, "lon": 2.1717201, "brand": "Charter", "organic": null, "h3_index": "89394460167ffff" }, "geometry": { "type": "Point", "coordinates": [ 2.1717201, 41.4005548 ] } },
{ "type": "Feature", "properties": { "osm_id": 6793569885, "shop_type": "supermarket", "name": "Paprika Gourmet", "lat": 41.4054596, "lon": 2.1799406, "brand": null, "organic": null, "h3_index": "89394460c5bffff" }, "geometry": { "type": "Point", "coordinates": [ 2.1799406, 41.4054596 ] } },
{ "type": "Feature", "properties": { "osm_id": 6805602992, "shop_type": "greengrocer", "name": "Mercat Fresh", "lat": 41.4065469, "lon": 2.1758875, "brand": null, "organic": null, "h3_index": "89394460123ffff" }, "geometry": { "type": "Point", "coordinates": [ 2.1758875, 41.4065469 ] } },
{ "type": "Feature", "properties": { "osm_id": 6805602993, "shop_type": "supermarket", "name": "Molsa", "lat": 41.4067419, "lon": 2.1760612, "brand": null, "organic": null, "h3_index": "89394460127ffff" }, "geometry": { "type": "Point", "coordinates": [ 2.1760612, 41.4067419 ] } },
{ "type": "Feature", "properties": { "osm_id": 6805613285, "shop_type": "convenience", "name": "Tot Qualitat", "lat": 41.4078789, "lon": 2.1769199, "brand": null, "organic": null, "h3_index": "89394460127ffff" }, "geometry": { "type": "Point", "coordinates": [ 2.1769199, 41.4078789 ] } },
{ "type": "Feature", "properties": { "osm_id": 6805613286, "shop_type": "bakery", "name": "Forn de Pa \"artesà\"", "lat": 41.4075665, "lon": 2.1766233, "brand": null, "organic": null, "h3_index": "89394460127ffff" }, "geometry": { "type": "Point", "coordinates": [ 2.1766233, 41.4075665 ] } },
{ "type": "Feature", "properties": { "osm_id": 6812099586, "shop_type": "convenience", "name": "United", "lat": 41.4050667, "lon": 2.1750674, "brand": null, "organic": null, "h3_index": "8939446012fffff" }, "geometry": { "type": "Point", "coordinates": [ 2.1750674, 41.4050667 ] } },
{ "type": "Feature", "properties": { "osm_id": 6812099885, "shop_type": "supermarket", "name": "Condis", "lat": 41.400476, "lon": 2.1693312, "brand": "Condis", "organic": null, "h3_index": "89394460167ffff" }, "geometry": { "type": "Point", "coordinates": [ 2.1693312, 41.400476 ] } },
{ "type": "Feature", "properties": { "osm_id": 6818351485, "shop_type": "supermarket", "name": "Condis", "lat": 41.377084, "lon": 2.1636294, "brand": "Condis", "organic": null, "h3_index": "89394461d9bffff" }, "geometry": { "type": "Point", "coordinates": [ 2.1636294, 41.377084 ] } },
{ "type": "Feature", "properties": { "osm_id": 6823999785, "shop_type": "supermarket", "name": "Coaliment", "lat": 41.3837383, "lon": 2.1839471, "brand": "Coaliment", "organic": null, "h3_index": "89394460e63ffff" }, "geometry": { "type": "Point", "coordinates": [ 2.1839471, 41.3837383 ] } },
{ "type": "Feature", "properties": { "osm_id": 6832012085, "shop_type": "convenience", "name": "El Safareig", "lat": 41.4000826, "lon": 2.1544815, "brand": null, "organic": null, "h3_index": "8939446014bffff" }, "geometry": { "type": "Point", "coordinates": [ 2.1544815, 41.4000826 ] } },
{ "type": "Feature", "properties": { "osm_id": 6853307885, "shop_type": "supermarket", "name": "Caprabo", "lat": 41.4212679, "lon": 2.1557605, "brand": "Caprabo", "organic": null, "h3_index": "8939446052bffff" }, "geometry": { "type": "Point", "coordinates": [ 2.1557605, 41.4212679 ] } },
{ "type": "Feature", "properties": { "osm_id": 6860938533, "shop_type": "convenience", "name": "SuperMart Diagonal Alimentació", "lat": 41.3876553, "lon": 2.1302493, "brand": null, "organic": null, "h3_index": "893944602abffff" }, "geometry": { "type": "Point", "coordinates": [ 2.1302493, 41.3876553 ] } },
{ "type": "Feature", "properties": { "osm_id": 6871561919, "shop_type": "convenience", "name": "Supermercat Vallespir", "lat": 41.382462, "lon": 2.1351776, "brand": null, "organic": null, "h3_index": "89394460223ffff" }, "geometry": { "type": "Point", "coordinates": [ 2.1351776, 41.382462 ] } },
{ "type": "Feature", "properties": { "osm_id": 6871564111, "shop_type": "butcher", "name": "Pollastreria La Granja", "lat": 41.3832905, "lon": 2.1346475, "brand": null, "organic": null, "h3_index": "89394460223ffff" }, "geometry": { "type": "Point", "coordinates": [ 2.1346475, 41.3832905 ] } },
{ "type": "Feature", "properties": { "osm_id": 6871566346, "shop_type": "bakery", "name": "Vivari", "lat": 41.3815516, "lon": 2.1353608, "brand": null, "organic": null, "h3_index": "89394460223ffff" }, "geometry": { "type": "Point", "coordinates": [ 2.1353608, 41.3815516 ] } },
{ "type": "Feature", "properties": { "osm_id": 6882372647, "shop_type": "butcher", "name": "Carnissería Pepita Valles", "lat": 41.3884433, "lon": 2.1790048, "brand": null, "organic": null, "h3_index": "89394460e0bffff" }, "geometry": { "type": "Point", "coordinates": [ 2.1790048, 41.3884433 ] } },
{ "type": "Feature", "properties": { "osm_id": 6920501939, "shop_type": "supermarket", "name": "Dia", "lat": 41.413891, "lon": 2.2171154, "brand": "Dia", "organic": null, "h3_index": "89394460d0bffff" }, "geometry": { "type": "Point", "coordinates": [ 2.2171154, 41.413891 ] } },
{ "type": "Feature", "properties": { "osm_id": 6930475328, "shop_type": "supermarket", "name": "El Bròquil del Gòtic", "lat": 41.3788153, "lon": 2.1777099, "brand": null, "organic": "only", "h3_index": "89394461da3ffff" }, "geometry": { "type": "Point", "coordinates": [ 2.1777099, 41.3788153 ] } },
{ "type": "Feature", "properties": { "osm_id": 6939264986, "shop_type": "bakery", "name": "Unknown", "lat": 41.4105183, "lon": 2.1744969, "brand": null, "organic": null, "h3_index": "89394460137ffff" }, "geometry": { "type": "Point", "coordinates": [ 2.1744969, 41.4105183 ] } },
{ "type": "Feature", "properties": { "osm_id": 6952186205, "shop_type": "bakery", "name": "BCN Bread & Coffee", "lat": 41.3846839, "lon": 2.130382, "brand": null, "organic": null, "h3_index": "893944602abffff" }, "geometry": { "type": "Point", "coordinates": [ 2.130382, 41.3846839 ] } },
{ "type": "Feature", "properties": { "osm_id": 6963042785, "shop_type": "greengrocer", "name": "Joanic Fruites i verdures", "lat": 41.4093495, "lon": 2.1632288, "brand": null, "organic": null, "h3_index": "89394460103ffff" }, "geometry": { "type": "Point", "coordinates": [ 2.1632288, 41.4093495 ] } },
{ "type": "Feature", "properties": { "osm_id": 6972110985, "shop_type": "greengrocer", "name": "Fruites i verdures", "lat": 41.4064063, "lon": 2.1623185, "brand": null, "organic": null, "h3_index": "8939446010bffff" }, "geometry": { "type": "Point", "coordinates": [ 2.1623185, 41.4064063 ] } },
{ "type": "Feature", "properties": { "osm_id": 6977411586, "shop_type": "supermarket", "name": "Sorli", "lat": 41.3905507, "lon": 2.160212, "brand": null, "organic": null, "h3_index": "893944603abffff" }, "geometry": { "type": "Point", "coordinates": [ 2.160212, 41.3905507 ] } },
{ "type": "Feature", "properties": { "osm_id": 6988272344, "shop_type": "supermarket", "name": "Bon Area", "lat": 41.4363788, "lon": 2.2042257, "brand": "Bon Area", "organic": null, "h3_index": "89394462b17ffff" }, "geometry": { "type": "Point", "coordinates": [ 2.2042257, 41.4363788 ] } },
{ "type": "Feature", "properties": { "osm_id": 6988276729, "shop_type": "supermarket", "name": "Lidl", "lat": 41.435976, "lon": 2.206343, "brand": "Lidl", "organic": null, "h3_index": "89394462babffff" }, "geometry": { "type": "Point", "coordinates": [ 2.206343, 41.435976 ] } },
{ "type": "Feature", "properties": { "osm_id": 6990389484, "shop_type": "convenience", "name": "Catalunya Alimentació", "lat": 41.3808591, "lon": 2.1332007, "brand": null, "organic": null, "h3_index": "8939446023bffff" }, "geometry": { "type": "Point", "coordinates": [ 2.1332007, 41.3808591 ] } },
{ "type": "Feature", "properties": { "osm_id": 7002913486, "shop_type": "butcher", "name": "Quebracho", "lat": 41.3846255, "lon": 2.1556246, "brand": null, "organic": null, "h3_index": "8939446030fffff" }, "geometry": { "type": "Point", "coordinates": [ 2.1556246, 41.3846255 ] } },
{ "type": "Feature", "properties": { "osm_id": 7003296913, "shop_type": "supermarket", "name": "Proxim", "lat": 41.3762956, "lon": 2.1715044, "brand": null, "organic": null, "h3_index": "89394461dbbffff" }, "geometry": { "type": "Point", "coordinates": [ 2.1715044, 41.3762956 ] } },
{ "type": "Feature", "properties": { "osm_id": 7003296915, "shop_type": "supermarket", "name": "Dia", "lat": 41.3751957, "lon": 2.1624169, "brand": "Dia", "organic": null, "h3_index": "89394461dd7ffff" }, "geometry": { "type": "Point", "coordinates": [ 2.1624169, 41.3751957 ] } },
{ "type": "Feature", "properties": { "osm_id": 7004198985, "shop_type": "greengrocer", "name": "el Carmel", "lat": 41.4228853, "lon": 2.1560938, "brand": null, "organic": null, "h3_index": "89394460523ffff" }, "geometry": { "type": "Point", "coordinates": [ 2.1560938, 41.4228853 ] } },
{ "type": "Feature", "properties": { "osm_id": 7006130687, "shop_type": "bakery", "name": "MacxiPan", "lat": 41.3901079, "lon": 2.1650665, "brand": null, "organic": null, "h3_index": "89394460337ffff" }, "geometry": { "type": "Point", "coordinates": [ 2.1650665, 41.3901079 ] } },
{ "type": "Feature", "properties": { "osm_id": 7006130688, "shop_type": "bakery", "name": "Granja la Catalana", "lat": 41.3900463, "lon": 2.1651423, "brand": null, "organic": null, "h3_index": "89394460337ffff" }, "geometry": { "type": "Point", "coordinates": [ 2.1651423, 41.3900463 ] } },
{ "type": "Feature", "properties": { "osm_id": 7017780933, "shop_type": "bakery", "name": "Peter Pan", "lat": 41.3836946, "lon": 2.1539819, "brand": null, "organic": null, "h3_index": "8939446030fffff" }, "geometry": { "type": "Point", "coordinates": [ 2.1539819, 41.3836946 ] } },
{ "type": "Feature", "properties": { "osm_id": 7021347887, "shop_type": "supermarket", "name": "Caprabo", "lat": 41.3698879, "lon": 2.136431, "brand": "Caprabo", "organic": null, "h3_index": "89394461c8bffff" }, "geometry": { "type": "Point", "coordinates": [ 2.136431, 41.3698879 ] } },
{ "type": "Feature", "properties": { "osm_id": 7023147290, "shop_type": "bakery", "name": "Granier", "lat": 41.4284381, "lon": 2.1634872, "brand": null, "organic": null, "h3_index": "89394462ac3ffff" }, "geometry": { "type": "Point", "coordinates": [ 2.1634872, 41.4284381 ] } },
{ "type": "Feature", "properties": { "osm_id": 7023308585, "shop_type": "supermarket", "name": "Lidl", "lat": 41.4391367, "lon": 2.1644902, "brand": "Lidl", "organic": null, "h3_index": "89394462e67ffff" }, "geometry": { "type": "Point", "coordinates": [ 2.1644902, 41.4391367 ] } },
{ "type": "Feature", "properties": { "osm_id": 7023308587, "shop_type": "supermarket", "name": "BonÀrea", "lat": 41.4302146, "lon": 2.172253, "brand": "BonÀrea", "organic": null, "h3_index": "89394462a13ffff" }, "geometry": { "type": "Point", "coordinates": [ 2.172253, 41.4302146 ] } },
{ "type": "Feature", "properties": { "osm_id": 7023324385, "shop_type": "bakery", "name": "Vivari", "lat": 41.4176586, "lon": 2.1884602, "brand": null, "organic": null, "h3_index": "89394460c8fffff" }, "geometry": { "type": "Point", "coordinates": [ 2.1884602, 41.4176586 ] } },
{ "type": "Feature", "properties": { "osm_id": 7029501487, "shop_type": "supermarket", "name": "Coaliment", "lat": 41.3983856, "lon": 2.1597404, "brand": null, "organic": null, "h3_index": "8939446014fffff" }, "geometry": { "type": "Point", "coordinates": [ 2.1597404, 41.3983856 ] } },
{ "type": "Feature", "properties": { "osm_id": 7040898591, "shop_type": "supermarket", "name": "Unknown", "lat": 41.3910359, "lon": 2.1977119, "brand": null, "organic": null, "h3_index": "89394460853ffff" }, "geometry": { "type": "Point", "coordinates": [ 2.1977119, 41.3910359 ] } },
{ "type": "Feature", "properties": { "osm_id": 7062761052, "shop_type": "convenience", "name": "Les Corts Supermercat", "lat": 41.3862704, "lon": 2.1337971, "brand": null, "organic": null, "h3_index": "893944602afffff" }, "geometry": { "type": "Point", "coordinates": [ 2.1337971, 41.3862704 ] } },
{ "type": "Feature", "properties": { "osm_id": 7074375586, "shop_type": "bakery", "name": "Unknown", "lat": 41.4210869, "lon": 2.1999678, "brand": null, "organic": null, "h3_index": "89394460cb7ffff" }, "geometry": { "type": "Point", "coordinates": [ 2.1999678, 41.4210869 ] } },
{ "type": "Feature", "properties": { "osm_id": 7074410986, "shop_type": "bakery", "name": "Granier", "lat": 41.443491, "lon": 2.1788326, "brand": "Granier", "organic": null, "h3_index": "89394462843ffff" }, "geometry": { "type": "Point", "coordinates": [ 2.1788326, 41.443491 ] } },
{ "type": "Feature", "properties": { "osm_id": 7074445585, "shop_type": "supermarket", "name": "Bon Area", "lat": 41.4604544, "lon": 2.1808512, "brand": "Bon Area", "organic": null, "h3_index": "89394462897ffff" }, "geometry": { "type": "Point", "coordinates": [ 2.1808512, 41.4604544 ] } },
{ "type": "Feature", "properties": { "osm_id": 7074447285, "shop_type": "supermarket", "name": "Bon Area", "lat": 41.4243546, "lon": 2.1565088, "brand": "Bon Area", "organic": null, "h3_index": "89394460523ffff" }, "geometry": { "type": "Point", "coordinates": [ 2.1565088, 41.4243546 ] } },
{ "type": "Feature", "properties": { "osm_id": 7074447385, "shop_type": "supermarket", "name": "Dia", "lat": 41.4244807, "lon": 2.1567329, "brand": "Dia", "organic": null, "h3_index": "89394460523ffff" }, "geometry": { "type": "Point", "coordinates": [ 2.1567329, 41.4244807 ] } },
{ "type": "Feature", "properties": { "osm_id": 7085993694, "shop_type": "supermarket", "name": "Sorli Discau", "lat": 41.3990353, "lon": 2.1669584, "brand": "Sorli Discau", "organic": null, "h3_index": "89394460163ffff" }, "geometry": { "type": "Point", "coordinates": [ 2.1669584, 41.3990353 ] } },
{ "type": "Feature", "properties": { "osm_id": 7091021880, "shop_type": "supermarket", "name": "Alcampo", "lat": 41.3784, "lon": 2.17852, "brand": "Alcampo", "organic": null, "h3_index": "89394461da3ffff" }, "geometry": { "type": "Point", "coordinates": [ 2.17852, 41.3784 ] } },
{ "type": "Feature", "properties": { "osm_id": 7098036986, "shop_type": "supermarket", "name": "Bonpreu", "lat": 41.4287294, "lon": 2.1875262, "brand": "Bonpreu", "organic": null, "h3_index": "89394462a27ffff" }, "geometry": { "type": "Point", "coordinates": [ 2.1875262, 41.4287294 ] } },
{ "type": "Feature", "properties": { "osm_id": 7098224686, "shop_type": "supermarket", "name": "Condis", "lat": 41.3987532, "lon": 2.1603592, "brand": "Condis", "organic": null, "h3_index": "8939446014fffff" }, "geometry": { "type": "Point", "coordinates": [ 2.1603592, 41.3987532 ] } },
{ "type": "Feature", "properties": { "osm_id": 7107839702, "shop_type": "butcher", "name": "Unknown", "lat": 41.4074994, "lon": 2.1879533, "brand": null, "organic": null, "h3_index": "89394460c47ffff" }, "geometry": { "type": "Point", "coordinates": [ 2.1879533, 41.4074994 ] } },
{ "type": "Feature", "properties": { "osm_id": 7107839703, "shop_type": "greengrocer", "name": "Unknown", "lat": 41.4075388, "lon": 2.1879761, "brand": null, "organic": null, "h3_index": "89394460c47ffff" }, "geometry": { "type": "Point", "coordinates": [ 2.1879761, 41.4075388 ] } },
{ "type": "Feature", "properties": { "osm_id": 7107839718, "shop_type": "convenience", "name": "Queviures Los Maños", "lat": 41.4082223, "lon": 2.1875741, "brand": null, "organic": null, "h3_index": "89394460c57ffff" }, "geometry": { "type": "Point", "coordinates": [ 2.1875741, 41.4082223 ] } },
{ "type": "Feature", "properties": { "osm_id": 7107839719, "shop_type": "greengrocer", "name": "Unknown", "lat": 41.4082394, "lon": 2.1875155, "brand": null, "organic": null, "h3_index": "89394460c57ffff" }, "geometry": { "type": "Point", "coordinates": [ 2.1875155, 41.4082394 ] } },
{ "type": "Feature", "properties": { "osm_id": 7107883497, "shop_type": "convenience", "name": "Unknown", "lat": 41.3579844, "lon": 2.1408967, "brand": null, "organic": null, "h3_index": "89394461c7bffff" }, "geometry": { "type": "Point", "coordinates": [ 2.1408967, 41.3579844 ] } },
{ "type": "Feature", "properties": { "osm_id": 7112773949, "shop_type": "supermarket", "name": "Veritas", "lat": 41.4139009, "lon": 2.1615558, "brand": null, "organic": null, "h3_index": "8939446018fffff" }, "geometry": { "type": "Point", "coordinates": [ 2.1615558, 41.4139009 ] } },
{ "type": "Feature", "properties": { "osm_id": 7132160620, "shop_type": "bakery", "name": "Santagloria", "lat": 41.3863926, "lon": 2.1243567, "brand": "Santagloria", "organic": null, "h3_index": "89394460217ffff" }, "geometry": { "type": "Point", "coordinates": [ 2.1243567, 41.3863926 ] } },
{ "type": "Feature", "properties": { "osm_id": 7147217686, "shop_type": "supermarket", "name": "Condis", "lat": 41.3905525, "lon": 2.1624567, "brand": "Condis", "organic": null, "h3_index": "893944603afffff" }, "geometry": { "type": "Point", "coordinates": [ 2.1624567, 41.3905525 ] } },
{ "type": "Feature", "properties": { "osm_id": 7194848109, "shop_type": "butcher", "name": "La Botifarreria", "lat": 41.3835153, "lon": 2.1821882, "brand": null, "organic": null, "h3_index": "89394460e7bffff" }, "geometry": { "type": "Point", "coordinates": [ 2.1821882, 41.3835153 ] } },
{ "type": "Feature", "properties": { "osm_id": 7194898887, "shop_type": "bakery", "name": "Forn de pa l\"Avinguda", "lat": 41.3759793, "lon": 2.1538135, "brand": null, "organic": null, "h3_index": "8939446036bffff" }, "geometry": { "type": "Point", "coordinates": [ 2.1538135, 41.3759793 ] } },
{ "type": "Feature", "properties": { "osm_id": 7194898889, "shop_type": "bakery", "name": "Fleca Iglesias", "lat": 41.3766241, "lon": 2.1558519, "brand": null, "organic": null, "h3_index": "8939446036bffff" }, "geometry": { "type": "Point", "coordinates": [ 2.1558519, 41.3766241 ] } },
{ "type": "Feature", "properties": { "osm_id": 7246206290, "shop_type": "supermarket", "name": "Veritas", "lat": 41.3831348, "lon": 2.1274988, "brand": null, "organic": null, "h3_index": "89394460207ffff" }, "geometry": { "type": "Point", "coordinates": [ 2.1274988, 41.3831348 ] } },
{ "type": "Feature", "properties": { "osm_id": 7272699790, "shop_type": "supermarket", "name": "Alcampo", "lat": 41.4032182, "lon": 2.1816499, "brand": "Alcampo", "organic": null, "h3_index": "89394460c4bffff" }, "geometry": { "type": "Point", "coordinates": [ 2.1816499, 41.4032182 ] } },
{ "type": "Feature", "properties": { "osm_id": 7272699990, "shop_type": "bakery", "name": "Katy", "lat": 41.4120499, "lon": 2.1694114, "brand": null, "organic": null, "h3_index": "893944601abffff" }, "geometry": { "type": "Point", "coordinates": [ 2.1694114, 41.4120499 ] } },
{ "type": "Feature", "properties": { "osm_id": 7272700187, "shop_type": "bakery", "name": "Montserrat", "lat": 41.4116586, "lon": 2.1717361, "brand": null, "organic": null, "h3_index": "893944601afffff" }, "geometry": { "type": "Point", "coordinates": [ 2.1717361, 41.4116586 ] } },
{ "type": "Feature", "properties": { "osm_id": 7281907785, "shop_type": "bakery", "name": "Bou", "lat": 41.4093823, "lon": 2.1747644, "brand": null, "organic": null, "h3_index": "89394460137ffff" }, "geometry": { "type": "Point", "coordinates": [ 2.1747644, 41.4093823 ] } },
{ "type": "Feature", "properties": { "osm_id": 7281908185, "shop_type": "bakery", "name": "Forn de Pa \"artesà\"", "lat": 41.4075654, "lon": 2.1765789, "brand": null, "organic": null, "h3_index": "89394460127ffff" }, "geometry": { "type": "Point", "coordinates": [ 2.1765789, 41.4075654 ] } },
{ "type": "Feature", "properties": { "osm_id": 7285745385, "shop_type": "supermarket", "name": "Bonpreu", "lat": 41.4356474, "lon": 2.1603862, "brand": "Bonpreu", "organic": null, "h3_index": "89394462e6fffff" }, "geometry": { "type": "Point", "coordinates": [ 2.1603862, 41.4356474 ] } },
{ "type": "Feature", "properties": { "osm_id": 7316044145, "shop_type": "greengrocer", "name": "Mercat Fresh", "lat": 41.3592297, "lon": 2.1413248, "brand": null, "organic": null, "h3_index": "89394461c7bffff" }, "geometry": { "type": "Point", "coordinates": [ 2.1413248, 41.3592297 ] } },
{ "type": "Feature", "properties": { "osm_id": 7318977154, "shop_type": "bakery", "name": "Roous", "lat": 41.3705202, "lon": 2.1426538, "brand": null, "organic": null, "h3_index": "89394461c17ffff" }, "geometry": { "type": "Point", "coordinates": [ 2.1426538, 41.3705202 ] } },
{ "type": "Feature", "properties": { "osm_id": 7323621778, "shop_type": "convenience", "name": "Fruites congel", "lat": 41.409062, "lon": 2.1886614, "brand": null, "organic": null, "h3_index": "89394460c0bffff" }, "geometry": { "type": "Point", "coordinates": [ 2.1886614, 41.409062 ] } },
{ "type": "Feature", "properties": { "osm_id": 7366273343, "shop_type": "supermarket", "name": "Condis", "lat": 41.3718773, "lon": 2.1464554, "brand": "Condis", "organic": null, "h3_index": "89394461cbbffff" }, "geometry": { "type": "Point", "coordinates": [ 2.1464554, 41.3718773 ] } },
{ "type": "Feature", "properties": { "osm_id": 7395420918, "shop_type": "butcher", "name": "Gasch", "lat": 41.4210538, "lon": 2.1791242, "brand": null, "organic": null, "h3_index": "89394462a63ffff" }, "geometry": { "type": "Point", "coordinates": [ 2.1791242, 41.4210538 ] } },
{ "type": "Feature", "properties": { "osm_id": 7395420924, "shop_type": "convenience", "name": "Unknown", "lat": 41.4205197, "lon": 2.1794619, "brand": null, "organic": null, "h3_index": "89394462a6fffff" }, "geometry": { "type": "Point", "coordinates": [ 2.1794619, 41.4205197 ] } },
{ "type": "Feature", "properties": { "osm_id": 7395420925, "shop_type": "bakery", "name": "Fruben", "lat": 41.419943, "lon": 2.1802266, "brand": null, "organic": null, "h3_index": "89394462a6fffff" }, "geometry": { "type": "Point", "coordinates": [ 2.1802266, 41.419943 ] } },
{ "type": "Feature", "properties": { "osm_id": 7431790448, "shop_type": "bakery", "name": "Santagloria", "lat": 41.3896086, "lon": 2.1200086, "brand": "Santagloria", "organic": null, "h3_index": "89394460283ffff" }, "geometry": { "type": "Point", "coordinates": [ 2.1200086, 41.3896086 ] } },
{ "type": "Feature", "properties": { "osm_id": 7431790451, "shop_type": "supermarket", "name": "Kachafruit", "lat": 41.3897506, "lon": 2.1205502, "brand": null, "organic": null, "h3_index": "89394460283ffff" }, "geometry": { "type": "Point", "coordinates": [ 2.1205502, 41.3897506 ] } },
{ "type": "Feature", "properties": { "osm_id": 7442304437, "shop_type": "convenience", "name": "Unknown", "lat": 41.4236061, "lon": 2.1801342, "brand": null, "organic": null, "h3_index": "89394462a77ffff" }, "geometry": { "type": "Point", "coordinates": [ 2.1801342, 41.4236061 ] } },
{ "type": "Feature", "properties": { "osm_id": 7442304439, "shop_type": "bakery", "name": "Unknown", "lat": 41.4233789, "lon": 2.1805107, "brand": null, "organic": null, "h3_index": "89394462a67ffff" }, "geometry": { "type": "Point", "coordinates": [ 2.1805107, 41.4233789 ] } },
{ "type": "Feature", "properties": { "osm_id": 7442304440, "shop_type": "butcher", "name": "Virginia", "lat": 41.4235905, "lon": 2.180887, "brand": null, "organic": null, "h3_index": "89394462a67ffff" }, "geometry": { "type": "Point", "coordinates": [ 2.180887, 41.4235905 ] } },
{ "type": "Feature", "properties": { "osm_id": 7442304441, "shop_type": "greengrocer", "name": "Borau Gourmet", "lat": 41.4235341, "lon": 2.181557, "brand": null, "organic": null, "h3_index": "89394462a67ffff" }, "geometry": { "type": "Point", "coordinates": [ 2.181557, 41.4235341 ] } },
{ "type": "Feature", "properties": { "osm_id": 7442304442, "shop_type": "bakery", "name": "Laia", "lat": 41.4234855, "lon": 2.1819334, "brand": null, "organic": null, "h3_index": "89394462a67ffff" }, "geometry": { "type": "Point", "coordinates": [ 2.1819334, 41.4234855 ] } },
{ "type": "Feature", "properties": { "osm_id": 7442304443, "shop_type": "convenience", "name": "Unknown", "lat": 41.4234619, "lon": 2.182155, "brand": null, "organic": null, "h3_index": "89394462a67ffff" }, "geometry": { "type": "Point", "coordinates": [ 2.182155, 41.4234619 ] } },
{ "type": "Feature", "properties": { "osm_id": 7525220285, "shop_type": "supermarket", "name": "Mercadona", "lat": 41.4108343, "lon": 2.1886822, "brand": "Mercadona", "organic": null, "h3_index": "89394460c1bffff" }, "geometry": { "type": "Point", "coordinates": [ 2.1886822, 41.4108343 ] } },
{ "type": "Feature", "properties": { "osm_id": 7525236885, "shop_type": "bakery", "name": "Forn Colón", "lat": 41.4115786, "lon": 2.1859318, "brand": null, "organic": null, "h3_index": "89394460c1bffff" }, "geometry": { "type": "Point", "coordinates": [ 2.1859318, 41.4115786 ] } },
{ "type": "Feature", "properties": { "osm_id": 7525239486, "shop_type": "supermarket", "name": "Chandia Supermercat", "lat": 41.4129925, "lon": 2.1827653, "brand": null, "organic": null, "h3_index": "89394460cc3ffff" }, "geometry": { "type": "Point", "coordinates": [ 2.1827653, 41.4129925 ] } },
{ "type": "Feature", "properties": { "osm_id": 7525316985, "shop_type": "supermarket", "name": "Sorli", "lat": 41.4198454, "lon": 2.1748632, "brand": null, "organic": null, "h3_index": "89394462a7bffff" }, "geometry": { "type": "Point", "coordinates": [ 2.1748632, 41.4198454 ] } },
{ "type": "Feature", "properties": { "osm_id": 7525380585, "shop_type": "supermarket", "name": "Condis", "lat": 41.4204896, "lon": 2.1812647, "brand": "Condis", "organic": null, "h3_index": "89394462a67ffff" }, "geometry": { "type": "Point", "coordinates": [ 2.1812647, 41.4204896 ] } },
{ "type": "Feature", "properties": { "osm_id": 7525395786, "shop_type": "greengrocer", "name": "Natura fruits", "lat": 41.4171025, "lon": 2.18642, "brand": null, "organic": null, "h3_index": "89394460c8bffff" }, "geometry": { "type": "Point", "coordinates": [ 2.18642, 41.4171025 ] } },
{ "type": "Feature", "properties": { "osm_id": 7525447685, "shop_type": "bakery", "name": "Forn del Montseny", "lat": 41.4176703, "lon": 2.1895308, "brand": null, "organic": null, "h3_index": "89394460c8fffff" }, "geometry": { "type": "Point", "coordinates": [ 2.1895308, 41.4176703 ] } },
{ "type": "Feature", "properties": { "osm_id": 7525556885, "shop_type": "bakery", "name": "La Marieta", "lat": 41.4146173, "lon": 2.1909522, "brand": null, "organic": null, "h3_index": "89394460c13ffff" }, "geometry": { "type": "Point", "coordinates": [ 2.1909522, 41.4146173 ] } },
{ "type": "Feature", "properties": { "osm_id": 7526389272, "shop_type": "greengrocer", "name": "Unknown", "lat": 41.4108897, "lon": 2.1924789, "brand": null, "organic": null, "h3_index": "89394460c0fffff" }, "geometry": { "type": "Point", "coordinates": [ 2.1924789, 41.4108897 ] } },
{ "type": "Feature", "properties": { "osm_id": 7528206885, "shop_type": "supermarket", "name": "Sorli Discau", "lat": 41.3977747, "lon": 2.1816488, "brand": "Sorli Discau", "organic": null, "h3_index": "89394460e8fffff" }, "geometry": { "type": "Point", "coordinates": [ 2.1816488, 41.3977747 ] } },
{ "type": "Feature", "properties": { "osm_id": 7528220787, "shop_type": "bakery", "name": "Panamà", "lat": 41.3918497, "lon": 2.1737886, "brand": null, "organic": null, "h3_index": "89394460ec7ffff" }, "geometry": { "type": "Point", "coordinates": [ 2.1737886, 41.3918497 ] } },
{ "type": "Feature", "properties": { "osm_id": 7528231786, "shop_type": "supermarket", "name": "Caprabo", "lat": 41.3907093, "lon": 2.1727325, "brand": "Caprabo", "organic": null, "h3_index": "89394460ecfffff" }, "geometry": { "type": "Point", "coordinates": [ 2.1727325, 41.3907093 ] } },
{ "type": "Feature", "properties": { "osm_id": 7528231885, "shop_type": "bakery", "name": "Venecia", "lat": 41.3907976, "lon": 2.1721302, "brand": null, "organic": null, "h3_index": "89394460ecfffff" }, "geometry": { "type": "Point", "coordinates": [ 2.1721302, 41.3907976 ] } },
{ "type": "Feature", "properties": { "osm_id": 7528231986, "shop_type": "convenience", "name": "Express", "lat": 41.38945, "lon": 2.1716762, "brand": null, "organic": null, "h3_index": "89394460ecfffff" }, "geometry": { "type": "Point", "coordinates": [ 2.1716762, 41.38945 ] } },
{ "type": "Feature", "properties": { "osm_id": 7528235185, "shop_type": "bakery", "name": "365", "lat": 41.3895318, "lon": 2.1715183, "brand": null, "organic": null, "h3_index": "89394460ecfffff" }, "geometry": { "type": "Point", "coordinates": [ 2.1715183, 41.3895318 ] } },
{ "type": "Feature", "properties": { "osm_id": 7528235186, "shop_type": "convenience", "name": "Unknown", "lat": 41.3890737, "lon": 2.1723117, "brand": null, "organic": null, "h3_index": "89394460ecfffff" }, "geometry": { "type": "Point", "coordinates": [ 2.1723117, 41.3890737 ] } },
{ "type": "Feature", "properties": { "osm_id": 7528237386, "shop_type": "butcher", "name": "Ferran", "lat": 41.3915762, "lon": 2.1689393, "brand": null, "organic": null, "h3_index": "89394460ec3ffff" }, "geometry": { "type": "Point", "coordinates": [ 2.1689393, 41.3915762 ] } },
{ "type": "Feature", "properties": { "osm_id": 7528275591, "shop_type": "convenience", "name": "Unknown", "lat": 41.3937028, "lon": 2.1661406, "brand": null, "organic": null, "h3_index": "89394460edbffff" }, "geometry": { "type": "Point", "coordinates": [ 2.1661406, 41.3937028 ] } },
{ "type": "Feature", "properties": { "osm_id": 7528276385, "shop_type": "convenience", "name": "Supermercat Express", "lat": 41.3917285, "lon": 2.168241, "brand": null, "organic": null, "h3_index": "89394460edbffff" }, "geometry": { "type": "Point", "coordinates": [ 2.168241, 41.3917285 ] } },
{ "type": "Feature", "properties": { "osm_id": 7528323186, "shop_type": "butcher", "name": "J Mir", "lat": 41.4027097, "lon": 2.1764054, "brand": null, "organic": null, "h3_index": "89394460e93ffff" }, "geometry": { "type": "Point", "coordinates": [ 2.1764054, 41.4027097 ] } },
{ "type": "Feature", "properties": { "osm_id": 7529253172, "shop_type": "supermarket", "name": "Mercadona", "lat": 41.4173813, "lon": 2.1883954, "brand": "Mercadona", "organic": null, "h3_index": "89394460c8bffff" }, "geometry": { "type": "Point", "coordinates": [ 2.1883954, 41.4173813 ] } },
{ "type": "Feature", "properties": { "osm_id": 7550759085, "shop_type": "bakery", "name": "El meu forn", "lat": 41.4053601, "lon": 2.1690753, "brand": null, "organic": null, "h3_index": "8939446013bffff" }, "geometry": { "type": "Point", "coordinates": [ 2.1690753, 41.4053601 ] } },
{ "type": "Feature", "properties": { "osm_id": 7550814385, "shop_type": "supermarket", "name": "Condis", "lat": 41.4074918, "lon": 2.1586802, "brand": "Condis", "organic": null, "h3_index": "8939446011bffff" }, "geometry": { "type": "Point", "coordinates": [ 2.1586802, 41.4074918 ] } },
{ "type": "Feature", "properties": { "osm_id": 7550912785, "shop_type": "bakery", "name": "Granier", "lat": 41.4027504, "lon": 2.1770463, "brand": null, "organic": null, "h3_index": "89394460e97ffff" }, "geometry": { "type": "Point", "coordinates": [ 2.1770463, 41.4027504 ] } },
{ "type": "Feature", "properties": { "osm_id": 7553173585, "shop_type": "bakery", "name": "Santagloria", "lat": 41.4006382, "lon": 2.169525, "brand": "Santagloria", "organic": null, "h3_index": "89394460167ffff" }, "geometry": { "type": "Point", "coordinates": [ 2.169525, 41.4006382 ] } },
{ "type": "Feature", "properties": { "osm_id": 7556638090, "shop_type": "butcher", "name": "J. Tena", "lat": 41.4021276, "lon": 2.1996818, "brand": null, "organic": null, "h3_index": "8939446089bffff" }, "geometry": { "type": "Point", "coordinates": [ 2.1996818, 41.4021276 ] } },
{ "type": "Feature", "properties": { "osm_id": 7556742489, "shop_type": "supermarket", "name": "Unknown", "lat": 41.4034908, "lon": 2.1959694, "brand": null, "organic": null, "h3_index": "89394460c6fffff" }, "geometry": { "type": "Point", "coordinates": [ 2.1959694, 41.4034908 ] } },
{ "type": "Feature", "properties": { "osm_id": 7556742585, "shop_type": "convenience", "name": "Needle", "lat": 41.4008943, "lon": 2.2013014, "brand": null, "organic": null, "h3_index": "893944608d7ffff" }, "geometry": { "type": "Point", "coordinates": [ 2.2013014, 41.4008943 ] } },
{ "type": "Feature", "properties": { "osm_id": 7556742594, "shop_type": "greengrocer", "name": "Pakaña", "lat": 41.4009157, "lon": 2.1999114, "brand": null, "organic": null, "h3_index": "893944608d7ffff" }, "geometry": { "type": "Point", "coordinates": [ 2.1999114, 41.4009157 ] } },
{ "type": "Feature", "properties": { "osm_id": 7559151838, "shop_type": "convenience", "name": "Unknown", "lat": 41.4073121, "lon": 2.193362, "brand": null, "organic": null, "h3_index": "89394460c73ffff" }, "geometry": { "type": "Point", "coordinates": [ 2.193362, 41.4073121 ] } },
{ "type": "Feature", "properties": { "osm_id": 7563882234, "shop_type": "bakery", "name": "Mon pa", "lat": 41.4025464, "lon": 2.1998488, "brand": null, "organic": null, "h3_index": "8939446089bffff" }, "geometry": { "type": "Point", "coordinates": [ 2.1998488, 41.4025464 ] } },
{ "type": "Feature", "properties": { "osm_id": 7563900752, "shop_type": "bakery", "name": "Forn de pa Santanach", "lat": 41.4022526, "lon": 2.1998855, "brand": null, "organic": null, "h3_index": "8939446089bffff" }, "geometry": { "type": "Point", "coordinates": [ 2.1998855, 41.4022526 ] } },
{ "type": "Feature", "properties": { "osm_id": 7572650399, "shop_type": "convenience", "name": "Unknown", "lat": 41.3974365, "lon": 2.1856579, "brand": null, "organic": null, "h3_index": "89394460ebbffff" }, "geometry": { "type": "Point", "coordinates": [ 2.1856579, 41.3974365 ] } },
{ "type": "Feature", "properties": { "osm_id": 7593198763, "shop_type": "supermarket", "name": "Lidl", "lat": 41.3982086, "lon": 2.1795095, "brand": "Lidl", "organic": null, "h3_index": "89394460e8fffff" }, "geometry": { "type": "Point", "coordinates": [ 2.1795095, 41.3982086 ] } },
{ "type": "Feature", "properties": { "osm_id": 7615987485, "shop_type": "bakery", "name": "365", "lat": 41.3998561, "lon": 2.20256, "brand": null, "organic": null, "h3_index": "8939446088bffff" }, "geometry": { "type": "Point", "coordinates": [ 2.20256, 41.3998561 ] } },
{ "type": "Feature", "properties": { "osm_id": 7615998985, "shop_type": "convenience", "name": "King supermercat", "lat": 41.3995862, "lon": 2.2023234, "brand": null, "organic": null, "h3_index": "893944608c7ffff" }, "geometry": { "type": "Point", "coordinates": [ 2.2023234, 41.3995862 ] } },
{ "type": "Feature", "properties": { "osm_id": 7616111092, "shop_type": "bakery", "name": "Panissim", "lat": 41.4095785, "lon": 2.1838821, "brand": null, "organic": null, "h3_index": "89394460c57ffff" }, "geometry": { "type": "Point", "coordinates": [ 2.1838821, 41.4095785 ] } },
{ "type": "Feature", "properties": { "osm_id": 7645072882, "shop_type": "convenience", "name": "Ancestral Alimentación y Bienestar", "lat": 41.3754822, "lon": 2.1558587, "brand": null, "organic": null, "h3_index": "8939446036bffff" }, "geometry": { "type": "Point", "coordinates": [ 2.1558587, 41.3754822 ] } },
{ "type": "Feature", "properties": { "osm_id": 7684382379, "shop_type": "marketplace", "name": "Mercat de la Terra", "lat": 41.374492, "lon": 2.1721937, "brand": null, "organic": "only", "h3_index": "89394461d17ffff" }, "geometry": { "type": "Point", "coordinates": [ 2.1721937, 41.374492 ] } },
{ "type": "Feature", "properties": { "osm_id": 7704818538, "shop_type": "bakery", "name": "Forn del Mercat", "lat": 41.3750629, "lon": 2.13361, "brand": null, "organic": null, "h3_index": "89394460267ffff" }, "geometry": { "type": "Point", "coordinates": [ 2.13361, 41.3750629 ] } },
{ "type": "Feature", "properties": { "osm_id": 7704818540, "shop_type": "supermarket", "name": "BonÀrea", "lat": 41.3750037, "lon": 2.1333089, "brand": "BonÀrea", "organic": null, "h3_index": "89394460267ffff" }, "geometry": { "type": "Point", "coordinates": [ 2.1333089, 41.3750037 ] } },
{ "type": "Feature", "properties": { "osm_id": 7704818549, "shop_type": "butcher", "name": "Fondevila Artesants", "lat": 41.3747022, "lon": 2.1328532, "brand": null, "organic": null, "h3_index": "89394460267ffff" }, "geometry": { "type": "Point", "coordinates": [ 2.1328532, 41.3747022 ] } },
{ "type": "Feature", "properties": { "osm_id": 7705221854, "shop_type": "bakery", "name": "Turris Sants", "lat": 41.3753682, "lon": 2.1318443, "brand": null, "organic": null, "h3_index": "89394460267ffff" }, "geometry": { "type": "Point", "coordinates": [ 2.1318443, 41.3753682 ] } },
{ "type": "Feature", "properties": { "osm_id": 7705221855, "shop_type": "supermarket", "name": "Ametller Origen", "lat": 41.3753665, "lon": 2.1319359, "brand": "Ametller Origen", "organic": null, "h3_index": "89394460267ffff" }, "geometry": { "type": "Point", "coordinates": [ 2.1319359, 41.3753665 ] } },
{ "type": "Feature", "properties": { "osm_id": 7705311155, "shop_type": "greengrocer", "name": "Lina", "lat": 41.3753817, "lon": 2.1298631, "brand": null, "organic": null, "h3_index": "89394460263ffff" }, "geometry": { "type": "Point", "coordinates": [ 2.1298631, 41.3753817 ] } },
{ "type": "Feature", "properties": { "osm_id": 7705311156, "shop_type": "butcher", "name": "Xarcuteria Gracia Martínez - Sants", "lat": 41.3754007, "lon": 2.1296411, "brand": null, "organic": null, "h3_index": "89394460263ffff" }, "geometry": { "type": "Point", "coordinates": [ 2.1296411, 41.3754007 ] } },
{ "type": "Feature", "properties": { "osm_id": 7705311157, "shop_type": "greengrocer", "name": "Fruites Concepció Lombarte", "lat": 41.3754021, "lon": 2.1294932, "brand": null, "organic": null, "h3_index": "89394460263ffff" }, "geometry": { "type": "Point", "coordinates": [ 2.1294932, 41.3754021 ] } },
{ "type": "Feature", "properties": { "osm_id": 7705311162, "shop_type": "supermarket", "name": "Eurocity", "lat": 41.3756373, "lon": 2.1294406, "brand": null, "organic": null, "h3_index": "89394460263ffff" }, "geometry": { "type": "Point", "coordinates": [ 2.1294406, 41.3756373 ] } },
{ "type": "Feature", "properties": { "osm_id": 7706831571, "shop_type": "supermarket", "name": "Sorli Discau", "lat": 41.371474, "lon": 2.1290217, "brand": "Sorli Discau", "organic": null, "h3_index": "8939446026fffff" }, "geometry": { "type": "Point", "coordinates": [ 2.1290217, 41.371474 ] } },
{ "type": "Feature", "properties": { "osm_id": 7706832786, "shop_type": "butcher", "name": "Visacarns", "lat": 41.3725598, "lon": 2.1281099, "brand": null, "organic": null, "h3_index": "8939446026bffff" }, "geometry": { "type": "Point", "coordinates": [ 2.1281099, 41.3725598 ] } },
{ "type": "Feature", "properties": { "osm_id": 7706832787, "shop_type": "convenience", "name": "Botiga de queviures", "lat": 41.3724919, "lon": 2.1294937, "brand": null, "organic": null, "h3_index": "8939446026fffff" }, "geometry": { "type": "Point", "coordinates": [ 2.1294937, 41.3724919 ] } },
{ "type": "Feature", "properties": { "osm_id": 7706832793, "shop_type": "convenience", "name": "Supermercat Candi", "lat": 41.3721633, "lon": 2.1287473, "brand": null, "organic": null, "h3_index": "8939446026fffff" }, "geometry": { "type": "Point", "coordinates": [ 2.1287473, 41.3721633 ] } },
{ "type": "Feature", "properties": { "osm_id": 7706832796, "shop_type": "bakery", "name": "La Riera Blanca", "lat": 41.3731405, "lon": 2.1278521, "brand": null, "organic": null, "h3_index": "8939446026bffff" }, "geometry": { "type": "Point", "coordinates": [ 2.1278521, 41.3731405 ] } },
{ "type": "Feature", "properties": { "osm_id": 7706832798, "shop_type": "supermarket", "name": "Dia", "lat": 41.3738765, "lon": 2.1290555, "brand": "Dia", "organic": null, "h3_index": "89394460263ffff" }, "geometry": { "type": "Point", "coordinates": [ 2.1290555, 41.3738765 ] } },
{ "type": "Feature", "properties": { "osm_id": 7706832803, "shop_type": "greengrocer", "name": "Fruita dolça alimentació", "lat": 41.3741307, "lon": 2.1296406, "brand": null, "organic": null, "h3_index": "89394460263ffff" }, "geometry": { "type": "Point", "coordinates": [ 2.1296406, 41.3741307 ] } },
{ "type": "Feature", "properties": { "osm_id": 7714282655, "shop_type": "greengrocer", "name": "Naturalesa", "lat": 41.3774745, "lon": 2.1260562, "brand": null, "organic": null, "h3_index": "89394460273ffff" }, "geometry": { "type": "Point", "coordinates": [ 2.1260562, 41.3774745 ] } },
{ "type": "Feature", "properties": { "osm_id": 7714282675, "shop_type": "convenience", "name": "Ali súper Ali", "lat": 41.3770408, "lon": 2.126692, "brand": null, "organic": null, "h3_index": "89394460273ffff" }, "geometry": { "type": "Point", "coordinates": [ 2.126692, 41.3770408 ] } },
{ "type": "Feature", "properties": { "osm_id": 7714319966, "shop_type": "greengrocer", "name": "Benvingut a l'hort", "lat": 41.3769222, "lon": 2.1251261, "brand": null, "organic": null, "h3_index": "89394460273ffff" }, "geometry": { "type": "Point", "coordinates": [ 2.1251261, 41.3769222 ] } },
{ "type": "Feature", "properties": { "osm_id": 7714331759, "shop_type": "bakery", "name": "Rovira Forners", "lat": 41.3756953, "lon": 2.1268188, "brand": null, "organic": null, "h3_index": "89394460263ffff" }, "geometry": { "type": "Point", "coordinates": [ 2.1268188, 41.3756953 ] } },
{ "type": "Feature", "properties": { "osm_id": 7714331760, "shop_type": "supermarket", "name": "Primaprix", "lat": 41.3757032, "lon": 2.1270239, "brand": "Primaprix", "organic": null, "h3_index": "89394460263ffff" }, "geometry": { "type": "Point", "coordinates": [ 2.1270239, 41.3757032 ] } },
{ "type": "Feature", "properties": { "osm_id": 7714331764, "shop_type": "convenience", "name": "Supermercat Jaume Roig", "lat": 41.3760056, "lon": 2.1264252, "brand": null, "organic": null, "h3_index": "89394460273ffff" }, "geometry": { "type": "Point", "coordinates": [ 2.1264252, 41.3760056 ] } },
{ "type": "Feature", "properties": { "osm_id": 7715572642, "shop_type": "supermarket", "name": "Supermercat Oriental", "lat": 41.3747914, "lon": 2.131048, "brand": null, "organic": null, "h3_index": "89394460267ffff" }, "geometry": { "type": "Point", "coordinates": [ 2.131048, 41.3747914 ] } },
{ "type": "Feature", "properties": { "osm_id": 7716896407, "shop_type": "bakery", "name": "Forn d'en Pere", "lat": 41.3757382, "lon": 2.1244107, "brand": null, "organic": null, "h3_index": "8939446027bffff" }, "geometry": { "type": "Point", "coordinates": [ 2.1244107, 41.3757382 ] } },
{ "type": "Feature", "properties": { "osm_id": 7716896413, "shop_type": "convenience", "name": "Super Mercat Fruites i Alimentació", "lat": 41.3757573, "lon": 2.1237985, "brand": null, "organic": null, "h3_index": "8939446027bffff" }, "geometry": { "type": "Point", "coordinates": [ 2.1237985, 41.3757573 ] } },
{ "type": "Feature", "properties": { "osm_id": 7723474009, "shop_type": "supermarket", "name": "bonÁrea", "lat": 41.3736825, "lon": 2.1648161, "brand": null, "organic": null, "h3_index": "89394461dc7ffff" }, "geometry": { "type": "Point", "coordinates": [ 2.1648161, 41.3736825 ] } },
{ "type": "Feature", "properties": { "osm_id": 7730526355, "shop_type": "greengrocer", "name": "Fruites i verdures Prima", "lat": 41.3757391, "lon": 2.1264606, "brand": null, "organic": null, "h3_index": "89394460263ffff" }, "geometry": { "type": "Point", "coordinates": [ 2.1264606, 41.3757391 ] } },
{ "type": "Feature", "properties": { "osm_id": 7730526361, "shop_type": "supermarket", "name": "Caprabo", "lat": 41.3757186, "lon": 2.1256781, "brand": "Caprabo", "organic": null, "h3_index": "89394460273ffff" }, "geometry": { "type": "Point", "coordinates": [ 2.1256781, 41.3757186 ] } },
{ "type": "Feature", "properties": { "osm_id": 7736420799, "shop_type": "greengrocer", "name": "Natur Fruit", "lat": 41.3767182, "lon": 2.1222731, "brand": null, "organic": null, "h3_index": "89394460247ffff" }, "geometry": { "type": "Point", "coordinates": [ 2.1222731, 41.3767182 ] } },
{ "type": "Feature", "properties": { "osm_id": 7736420801, "shop_type": "convenience", "name": "Ali Súpermercat", "lat": 41.3766549, "lon": 2.1221574, "brand": null, "organic": null, "h3_index": "89394460247ffff" }, "geometry": { "type": "Point", "coordinates": [ 2.1221574, 41.3766549 ] } },
{ "type": "Feature", "properties": { "osm_id": 7736420812, "shop_type": "supermarket", "name": "Ametller Origen", "lat": 41.3759771, "lon": 2.121989, "brand": "Ametller Origen", "organic": null, "h3_index": "89394460247ffff" }, "geometry": { "type": "Point", "coordinates": [ 2.121989, 41.3759771 ] } },
{ "type": "Feature", "properties": { "osm_id": 7760747502, "shop_type": "greengrocer", "name": "Fruiteria", "lat": 41.3736418, "lon": 2.1286368, "brand": null, "organic": null, "h3_index": "89394460263ffff" }, "geometry": { "type": "Point", "coordinates": [ 2.1286368, 41.3736418 ] } },
{ "type": "Feature", "properties": { "osm_id": 7760747503, "shop_type": "convenience", "name": "Dos Germans", "lat": 41.3739311, "lon": 2.1285974, "brand": null, "organic": null, "h3_index": "89394460263ffff" }, "geometry": { "type": "Point", "coordinates": [ 2.1285974, 41.3739311 ] } },
{ "type": "Feature", "properties": { "osm_id": 7760747517, "shop_type": "convenience", "name": "Supermercat Harman Dalhiwal Company S.L.", "lat": 41.37474, "lon": 2.127746, "brand": null, "organic": null, "h3_index": "89394460263ffff" }, "geometry": { "type": "Point", "coordinates": [ 2.127746, 41.37474 ] } },
{ "type": "Feature", "properties": { "osm_id": 7760747524, "shop_type": "greengrocer", "name": "Sants Fruites i verdures", "lat": 41.3754781, "lon": 2.1271454, "brand": null, "organic": null, "h3_index": "89394460263ffff" }, "geometry": { "type": "Point", "coordinates": [ 2.1271454, 41.3754781 ] } },
{ "type": "Feature", "properties": { "osm_id": 7760779945, "shop_type": "convenience", "name": "Súpermercat Navneet Dhaliwal", "lat": 41.3749627, "lon": 2.1264462, "brand": null, "organic": null, "h3_index": "89394460263ffff" }, "geometry": { "type": "Point", "coordinates": [ 2.1264462, 41.3749627 ] } },
{ "type": "Feature", "properties": { "osm_id": 7765268047, "shop_type": "convenience", "name": "J K Asian Food S L", "lat": 41.3792789, "lon": 2.1723038, "brand": null, "organic": null, "h3_index": "89394461d87ffff" }, "geometry": { "type": "Point", "coordinates": [ 2.1723038, 41.3792789 ] } },
{ "type": "Feature", "properties": { "osm_id": 7770596000, "shop_type": "greengrocer", "name": "Fruita i verdura", "lat": 41.3737437, "lon": 2.1273498, "brand": null, "organic": null, "h3_index": "89394460263ffff" }, "geometry": { "type": "Point", "coordinates": [ 2.1273498, 41.3737437 ] } },
{ "type": "Feature", "properties": { "osm_id": 7795567573, "shop_type": "convenience", "name": "Unknown", "lat": 41.3602287, "lon": 2.1375485, "brand": null, "organic": null, "h3_index": "89394461c47ffff" }, "geometry": { "type": "Point", "coordinates": [ 2.1375485, 41.3602287 ] } },
{ "type": "Feature", "properties": { "osm_id": 7805831786, "shop_type": "greengrocer", "name": "La Comunal, fruiteria.ecològica", "lat": 41.4036338, "lon": 2.154838, "brand": null, "organic": null, "h3_index": "89394460153ffff" }, "geometry": { "type": "Point", "coordinates": [ 2.154838, 41.4036338 ] } },
{ "type": "Feature", "properties": { "osm_id": 7805831787, "shop_type": "bakery", "name": "Forn Sant Tirs", "lat": 41.4045604, "lon": 2.1561704, "brand": null, "organic": null, "h3_index": "89394460157ffff" }, "geometry": { "type": "Point", "coordinates": [ 2.1561704, 41.4045604 ] } },
{ "type": "Feature", "properties": { "osm_id": 7805847585, "shop_type": "bakery", "name": "La Catarga", "lat": 41.4026164, "lon": 2.1584993, "brand": null, "organic": null, "h3_index": "89394460147ffff" }, "geometry": { "type": "Point", "coordinates": [ 2.1584993, 41.4026164 ] } },
{ "type": "Feature", "properties": { "osm_id": 7860863385, "shop_type": "butcher", "name": "L'Artesà de Vic", "lat": 41.4021313, "lon": 2.1829321, "brand": null, "organic": null, "h3_index": "89394460c4bffff" }, "geometry": { "type": "Point", "coordinates": [ 2.1829321, 41.4021313 ] } },
{ "type": "Feature", "properties": { "osm_id": 7922398285, "shop_type": "supermarket", "name": "Bon Vecino super asiatico", "lat": 41.3892087, "lon": 2.1761255, "brand": null, "organic": null, "h3_index": "89394460e57ffff" }, "geometry": { "type": "Point", "coordinates": [ 2.1761255, 41.3892087 ] } },
{ "type": "Feature", "properties": { "osm_id": 7929854585, "shop_type": "supermarket", "name": "Supermarket 24h", "lat": 41.3813814, "lon": 2.1736146, "brand": null, "organic": null, "h3_index": "89394460e4bffff" }, "geometry": { "type": "Point", "coordinates": [ 2.1736146, 41.3813814 ] } },
{ "type": "Feature", "properties": { "osm_id": 7969216305, "shop_type": "supermarket", "name": "Alcampo", "lat": 41.4096553, "lon": 2.2167758, "brand": "Alcampo", "organic": null, "h3_index": "89394460d47ffff" }, "geometry": { "type": "Point", "coordinates": [ 2.2167758, 41.4096553 ] } },
{ "type": "Feature", "properties": { "osm_id": 7973910185, "shop_type": "greengrocer", "name": "Cal Fruitós", "lat": 41.4020368, "lon": 2.2044271, "brand": null, "organic": null, "h3_index": "8939446088bffff" }, "geometry": { "type": "Point", "coordinates": [ 2.2044271, 41.4020368 ] } },
{ "type": "Feature", "properties": { "osm_id": 7987000890, "shop_type": "supermarket", "name": "Ràpid", "lat": 41.4122177, "lon": 2.1710016, "brand": null, "organic": null, "h3_index": "893944601afffff" }, "geometry": { "type": "Point", "coordinates": [ 2.1710016, 41.4122177 ] } },
{ "type": "Feature", "properties": { "osm_id": 7987058386, "shop_type": "supermarket", "name": "Unknown", "lat": 41.4197662, "lon": 2.1754608, "brand": null, "organic": null, "h3_index": "89394462a6bffff" }, "geometry": { "type": "Point", "coordinates": [ 2.1754608, 41.4197662 ] } },
{ "type": "Feature", "properties": { "osm_id": 7987071185, "shop_type": "supermarket", "name": "Rapid supermercats", "lat": 41.4208229, "lon": 2.1744392, "brand": null, "organic": null, "h3_index": "89394462a7bffff" }, "geometry": { "type": "Point", "coordinates": [ 2.1744392, 41.4208229 ] } },
{ "type": "Feature", "properties": { "osm_id": 7987149785, "shop_type": "bakery", "name": "Forn Padro", "lat": 41.427504, "lon": 2.1750894, "brand": null, "organic": null, "h3_index": "89394462a0fffff" }, "geometry": { "type": "Point", "coordinates": [ 2.1750894, 41.427504 ] } },
{ "type": "Feature", "properties": { "osm_id": 7987264987, "shop_type": "supermarket", "name": "BonÀrea", "lat": 41.430009, "lon": 2.1864932, "brand": "BonÀrea", "organic": null, "h3_index": "89394462a37ffff" }, "geometry": { "type": "Point", "coordinates": [ 2.1864932, 41.430009 ] } },
{ "type": "Feature", "properties": { "osm_id": 7987398485, "shop_type": "bakery", "name": "Forns Camps", "lat": 41.4253833, "lon": 2.1911489, "brand": null, "organic": null, "h3_index": "89394462b5bffff" }, "geometry": { "type": "Point", "coordinates": [ 2.1911489, 41.4253833 ] } },
{ "type": "Feature", "properties": { "osm_id": 7989010585, "shop_type": "supermarket", "name": "Caprabo", "lat": 41.4092612, "lon": 2.1749632, "brand": "Caprabo", "organic": null, "h3_index": "89394460137ffff" }, "geometry": { "type": "Point", "coordinates": [ 2.1749632, 41.4092612 ] } },
{ "type": "Feature", "properties": { "osm_id": 7989010586, "shop_type": "supermarket", "name": "Alfer", "lat": 41.4079883, "lon": 2.1761387, "brand": null, "organic": null, "h3_index": "89394460127ffff" }, "geometry": { "type": "Point", "coordinates": [ 2.1761387, 41.4079883 ] } },
{ "type": "Feature", "properties": { "osm_id": 7989010687, "shop_type": "supermarket", "name": "11 bcn", "lat": 41.4077681, "lon": 2.1785306, "brand": null, "organic": null, "h3_index": "89394460127ffff" }, "geometry": { "type": "Point", "coordinates": [ 2.1785306, 41.4077681 ] } },
{ "type": "Feature", "properties": { "osm_id": 7989010690, "shop_type": "supermarket", "name": "Super mercat", "lat": 41.4094695, "lon": 2.1651175, "brand": null, "organic": null, "h3_index": "89394460117ffff" }, "geometry": { "type": "Point", "coordinates": [ 2.1651175, 41.4094695 ] } },
{ "type": "Feature", "properties": { "osm_id": 7989010789, "shop_type": "supermarket", "name": "Pulgarcito", "lat": 41.4098077, "lon": 2.1758946, "brand": null, "organic": null, "h3_index": "89394460137ffff" }, "geometry": { "type": "Point", "coordinates": [ 2.1758946, 41.4098077 ] } },
{ "type": "Feature", "properties": { "osm_id": 7989010790, "shop_type": "bakery", "name": "Obrador del Croissant", "lat": 41.4109302, "lon": 2.1748912, "brand": null, "organic": null, "h3_index": "89394460137ffff" }, "geometry": { "type": "Point", "coordinates": [ 2.1748912, 41.4109302 ] } },
{ "type": "Feature", "properties": { "osm_id": 7989010792, "shop_type": "supermarket", "name": "Productes del mon senser", "lat": 41.4125103, "lon": 2.1697789, "brand": null, "organic": null, "h3_index": "893944601abffff" }, "geometry": { "type": "Point", "coordinates": [ 2.1697789, 41.4125103 ] } },
{ "type": "Feature", "properties": { "osm_id": 7989011086, "shop_type": "supermarket", "name": "Aracuyá", "lat": 41.4086652, "lon": 2.1773466, "brand": null, "organic": null, "h3_index": "89394460127ffff" }, "geometry": { "type": "Point", "coordinates": [ 2.1773466, 41.4086652 ] } },
{ "type": "Feature", "properties": { "osm_id": 7989011189, "shop_type": "supermarket", "name": "Super Cartagena", "lat": 41.4110401, "lon": 2.1747176, "brand": null, "organic": null, "h3_index": "89394460137ffff" }, "geometry": { "type": "Point", "coordinates": [ 2.1747176, 41.4110401 ] } },
{ "type": "Feature", "properties": { "osm_id": 7989011197, "shop_type": "supermarket", "name": "Mercadona", "lat": 41.4130631, "lon": 2.1707715, "brand": "Mercadona", "organic": null, "h3_index": "893944601a3ffff" }, "geometry": { "type": "Point", "coordinates": [ 2.1707715, 41.4130631 ] } },
{ "type": "Feature", "properties": { "osm_id": 7999236685, "shop_type": "bakery", "name": "Lilo Café", "lat": 41.3997972, "lon": 2.1793828, "brand": null, "organic": null, "h3_index": "89394460e87ffff" }, "geometry": { "type": "Point", "coordinates": [ 2.1793828, 41.3997972 ] } },
{ "type": "Feature", "properties": { "osm_id": 8003876690, "shop_type": "convenience", "name": "Coaliment", "lat": 41.3862019, "lon": 2.1620015, "brand": null, "organic": null, "h3_index": "89394460323ffff" }, "geometry": { "type": "Point", "coordinates": [ 2.1620015, 41.3862019 ] } },
{ "type": "Feature", "properties": { "osm_id": 8004555286, "shop_type": "supermarket", "name": "Euro Cataluña", "lat": 41.409669, "lon": 2.1717188, "brand": null, "organic": null, "h3_index": "89394460133ffff" }, "geometry": { "type": "Point", "coordinates": [ 2.1717188, 41.409669 ] } },
{ "type": "Feature", "properties": { "osm_id": 8004557294, "shop_type": "supermarket", "name": "Superpreus", "lat": 41.4054039, "lon": 2.1752264, "brand": null, "organic": null, "h3_index": "8939446012fffff" }, "geometry": { "type": "Point", "coordinates": [ 2.1752264, 41.4054039 ] } },
{ "type": "Feature", "properties": { "osm_id": 8004557389, "shop_type": "bakery", "name": "Forn de pa - el Pau", "lat": 41.4107981, "lon": 2.1707309, "brand": null, "organic": null, "h3_index": "89394460133ffff" }, "geometry": { "type": "Point", "coordinates": [ 2.1707309, 41.4107981 ] } },
{ "type": "Feature", "properties": { "osm_id": 8004557391, "shop_type": "supermarket", "name": "Lepant - open", "lat": 41.4067355, "lon": 2.1734267, "brand": null, "organic": null, "h3_index": "89394460123ffff" }, "geometry": { "type": "Point", "coordinates": [ 2.1734267, 41.4067355 ] } },
{ "type": "Feature", "properties": { "osm_id": 8004557396, "shop_type": "supermarket", "name": "Mian Ikram", "lat": 41.4041145, "lon": 2.1768951, "brand": null, "organic": null, "h3_index": "8939446012fffff" }, "geometry": { "type": "Point", "coordinates": [ 2.1768951, 41.4041145 ] } },
{ "type": "Feature", "properties": { "osm_id": 8004598686, "shop_type": "convenience", "name": "Sprint", "lat": 41.4052532, "lon": 2.1796834, "brand": null, "organic": null, "h3_index": "89394460c5bffff" }, "geometry": { "type": "Point", "coordinates": [ 2.1796834, 41.4052532 ] } },
{ "type": "Feature", "properties": { "osm_id": 8004598689, "shop_type": "supermarket", "name": "Aloha", "lat": 41.4051723, "lon": 2.1759068, "brand": null, "organic": null, "h3_index": "8939446012fffff" }, "geometry": { "type": "Point", "coordinates": [ 2.1759068, 41.4051723 ] } },
{ "type": "Feature", "properties": { "osm_id": 8004598785, "shop_type": "supermarket", "name": "Uro Nepal", "lat": 41.407292, "lon": 2.1753661, "brand": null, "organic": null, "h3_index": "89394460123ffff" }, "geometry": { "type": "Point", "coordinates": [ 2.1753661, 41.407292 ] } },
{ "type": "Feature", "properties": { "osm_id": 8005860686, "shop_type": "convenience", "name": "Carrefour Express", "lat": 41.4103091, "lon": 2.1670191, "brand": "Carrefour Express", "organic": null, "h3_index": "89394460107ffff" }, "geometry": { "type": "Point", "coordinates": [ 2.1670191, 41.4103091 ] } },
{ "type": "Feature", "properties": { "osm_id": 8005860687, "shop_type": "supermarket", "name": "Everest", "lat": 41.4101548, "lon": 2.1672139, "brand": null, "organic": null, "h3_index": "89394460107ffff" }, "geometry": { "type": "Point", "coordinates": [ 2.1672139, 41.4101548 ] } },
{ "type": "Feature", "properties": { "osm_id": 8005873991, "shop_type": "supermarket", "name": "Coaliment", "lat": 41.4032065, "lon": 2.1759325, "brand": null, "organic": null, "h3_index": "8939446012fffff" }, "geometry": { "type": "Point", "coordinates": [ 2.1759325, 41.4032065 ] } },
{ "type": "Feature", "properties": { "osm_id": 8013208796, "shop_type": "supermarket", "name": "Consum", "lat": 41.4091288, "lon": 2.1485774, "brand": "Consum", "organic": null, "h3_index": "893944601dbffff" }, "geometry": { "type": "Point", "coordinates": [ 2.1485774, 41.4091288 ] } },
{ "type": "Feature", "properties": { "osm_id": 8034975586, "shop_type": "convenience", "name": "Needle", "lat": 41.3971067, "lon": 2.1998865, "brand": null, "organic": null, "h3_index": "893944608c3ffff" }, "geometry": { "type": "Point", "coordinates": [ 2.1998865, 41.3971067 ] } },
{ "type": "Feature", "properties": { "osm_id": 8034975686, "shop_type": "convenience", "name": "Needle", "lat": 41.3963902, "lon": 2.20027, "brand": null, "organic": null, "h3_index": "893944608cfffff" }, "geometry": { "type": "Point", "coordinates": [ 2.20027, 41.3963902 ] } },
{ "type": "Feature", "properties": { "osm_id": 8040411085, "shop_type": "supermarket", "name": "Bonpreu", "lat": 41.4089351, "lon": 2.1816192, "brand": "Bonpreu", "organic": null, "h3_index": "89394460c53ffff" }, "geometry": { "type": "Point", "coordinates": [ 2.1816192, 41.4089351 ] } },
{ "type": "Feature", "properties": { "osm_id": 8040411086, "shop_type": "supermarket", "name": "Independència 321", "lat": 41.4091767, "lon": 2.1812649, "brand": null, "organic": null, "h3_index": "89394460c53ffff" }, "geometry": { "type": "Point", "coordinates": [ 2.1812649, 41.4091767 ] } },
{ "type": "Feature", "properties": { "osm_id": 8040411089, "shop_type": "supermarket", "name": "Sardenya Open", "lat": 41.4053674, "lon": 2.1705274, "brand": null, "organic": null, "h3_index": "8939446013bffff" }, "geometry": { "type": "Point", "coordinates": [ 2.1705274, 41.4053674 ] } },
{ "type": "Feature", "properties": { "osm_id": 8040411286, "shop_type": "supermarket", "name": "Akash", "lat": 41.4074779, "lon": 2.1703137, "brand": null, "organic": null, "h3_index": "8939446013bffff" }, "geometry": { "type": "Point", "coordinates": [ 2.1703137, 41.4074779 ] } },
{ "type": "Feature", "properties": { "osm_id": 8040411387, "shop_type": "supermarket", "name": "Condis", "lat": 41.4064841, "lon": 2.1689919, "brand": "Condis", "organic": null, "h3_index": "8939446013bffff" }, "geometry": { "type": "Point", "coordinates": [ 2.1689919, 41.4064841 ] } },
{ "type": "Feature", "properties": { "osm_id": 8040411390, "shop_type": "bakery", "name": "Sardenya", "lat": 41.4056094, "lon": 2.1701473, "brand": null, "organic": null, "h3_index": "8939446013bffff" }, "geometry": { "type": "Point", "coordinates": [ 2.1701473, 41.4056094 ] } },
{ "type": "Feature", "properties": { "osm_id": 8040411392, "shop_type": "supermarket", "name": "Fabain", "lat": 41.4042369, "lon": 2.1724116, "brand": null, "organic": null, "h3_index": "8939446012bffff" }, "geometry": { "type": "Point", "coordinates": [ 2.1724116, 41.4042369 ] } },
{ "type": "Feature", "properties": { "osm_id": 8049731592, "shop_type": "supermarket", "name": "Covirán", "lat": 41.4010308, "lon": 2.2036251, "brand": "Covirán", "organic": null, "h3_index": "8939446088bffff" }, "geometry": { "type": "Point", "coordinates": [ 2.2036251, 41.4010308 ] } },
{ "type": "Feature", "properties": { "osm_id": 8049731685, "shop_type": "bakery", "name": "El Forn de L'Espiga dolca", "lat": 41.3987564, "lon": 2.2064683, "brand": null, "organic": null, "h3_index": "89394460813ffff" }, "geometry": { "type": "Point", "coordinates": [ 2.2064683, 41.3987564 ] } },
{ "type": "Feature", "properties": { "osm_id": 8049731792, "shop_type": "convenience", "name": "Corbera", "lat": 41.400844, "lon": 2.2039023, "brand": null, "organic": null, "h3_index": "8939446088bffff" }, "geometry": { "type": "Point", "coordinates": [ 2.2039023, 41.400844 ] } },
{ "type": "Feature", "properties": { "osm_id": 8049731794, "shop_type": "butcher", "name": "Carns Pont", "lat": 41.4010623, "lon": 2.2035874, "brand": null, "organic": null, "h3_index": "8939446088bffff" }, "geometry": { "type": "Point", "coordinates": [ 2.2035874, 41.4010623 ] } },
{ "type": "Feature", "properties": { "osm_id": 8049731795, "shop_type": "bakery", "name": "Furnos", "lat": 41.4018263, "lon": 2.202405, "brand": null, "organic": null, "h3_index": "8939446088bffff" }, "geometry": { "type": "Point", "coordinates": [ 2.202405, 41.4018263 ] } },
{ "type": "Feature", "properties": { "osm_id": 8049732293, "shop_type": "greengrocer", "name": "L'hort del Poblenou", "lat": 41.4028707, "lon": 2.2003397, "brand": null, "organic": null, "h3_index": "8939446089bffff" }, "geometry": { "type": "Point", "coordinates": [ 2.2003397, 41.4028707 ] } },
{ "type": "Feature", "properties": { "osm_id": 8061857486, "shop_type": "bakery", "name": "El Fornet", "lat": 41.4061911, "lon": 2.2002432, "brand": null, "organic": null, "h3_index": "89394460c67ffff" }, "geometry": { "type": "Point", "coordinates": [ 2.2002432, 41.4061911 ] } },
{ "type": "Feature", "properties": { "osm_id": 8062015288, "shop_type": "bakery", "name": "El teu pa", "lat": 41.4050341, "lon": 2.2053819, "brand": null, "organic": null, "h3_index": "89394460883ffff" }, "geometry": { "type": "Point", "coordinates": [ 2.2053819, 41.4050341 ] } },
{ "type": "Feature", "properties": { "osm_id": 8062015289, "shop_type": "convenience", "name": "Unknown", "lat": 41.4034478, "lon": 2.203253, "brand": null, "organic": null, "h3_index": "8939446089bffff" }, "geometry": { "type": "Point", "coordinates": [ 2.203253, 41.4034478 ] } },
{ "type": "Feature", "properties": { "osm_id": 8062015292, "shop_type": "convenience", "name": "Unknown", "lat": 41.4022269, "lon": 2.2012078, "brand": null, "organic": null, "h3_index": "8939446089bffff" }, "geometry": { "type": "Point", "coordinates": [ 2.2012078, 41.4022269 ] } },
{ "type": "Feature", "properties": { "osm_id": 8062015293, "shop_type": "bakery", "name": "Macxipa", "lat": 41.4021984, "lon": 2.2011676, "brand": null, "organic": null, "h3_index": "8939446089bffff" }, "geometry": { "type": "Point", "coordinates": [ 2.2011676, 41.4021984 ] } },
{ "type": "Feature", "properties": { "osm_id": 8062015885, "shop_type": "convenience", "name": "Unknown", "lat": 41.4053914, "lon": 2.2057971, "brand": null, "organic": null, "h3_index": "89394460883ffff" }, "geometry": { "type": "Point", "coordinates": [ 2.2057971, 41.4053914 ] } },
{ "type": "Feature", "properties": { "osm_id": 8062016187, "shop_type": "convenience", "name": "Unknown", "lat": 41.4035709, "lon": 2.2029209, "brand": null, "organic": null, "h3_index": "8939446089bffff" }, "geometry": { "type": "Point", "coordinates": [ 2.2029209, 41.4035709 ] } },
{ "type": "Feature", "properties": { "osm_id": 8062017285, "shop_type": "supermarket", "name": "Ametller origen", "lat": 41.4009084, "lon": 2.2017887, "brand": null, "organic": null, "h3_index": "893944608d7ffff" }, "geometry": { "type": "Point", "coordinates": [ 2.2017887, 41.4009084 ] } },
{ "type": "Feature", "properties": { "osm_id": 8077128317, "shop_type": "supermarket", "name": "Veritas", "lat": 41.4006032, "lon": 2.2040922, "brand": null, "organic": "only", "h3_index": "8939446088bffff" }, "geometry": { "type": "Point", "coordinates": [ 2.2040922, 41.4006032 ] } },
{ "type": "Feature", "properties": { "osm_id": 8077128418, "shop_type": "bakery", "name": "Trigo", "lat": 41.4012027, "lon": 2.2031869, "brand": null, "organic": null, "h3_index": "8939446088bffff" }, "geometry": { "type": "Point", "coordinates": [ 2.2031869, 41.4012027 ] } },
{ "type": "Feature", "properties": { "osm_id": 8077128421, "shop_type": "supermarket", "name": "Bonpreu", "lat": 41.401134, "lon": 2.2025453, "brand": "Bonpreu", "organic": null, "h3_index": "8939446088bffff" }, "geometry": { "type": "Point", "coordinates": [ 2.2025453, 41.401134 ] } },
{ "type": "Feature", "properties": { "osm_id": 8087224617, "shop_type": "supermarket", "name": "Condis life", "lat": 41.4084239, "lon": 2.206319, "brand": "Condis", "organic": null, "h3_index": "89394460897ffff" }, "geometry": { "type": "Point", "coordinates": [ 2.206319, 41.4084239 ] } },
{ "type": "Feature", "properties": { "osm_id": 8087243217, "shop_type": "bakery", "name": "el Fornet", "lat": 41.4079946, "lon": 2.2095032, "brand": null, "organic": null, "h3_index": "89394460d4bffff" }, "geometry": { "type": "Point", "coordinates": [ 2.2095032, 41.4079946 ] } },
{ "type": "Feature", "properties": { "osm_id": 8087274919, "shop_type": "supermarket", "name": "BonÀrea", "lat": 41.403051, "lon": 2.2030518, "brand": "BonÀrea", "organic": null, "h3_index": "8939446089bffff" }, "geometry": { "type": "Point", "coordinates": [ 2.2030518, 41.403051 ] } },
{ "type": "Feature", "properties": { "osm_id": 8087316617, "shop_type": "supermarket", "name": "Caprabo", "lat": 41.4044578, "lon": 2.1992632, "brand": "Caprabo", "organic": null, "h3_index": "89394460c67ffff" }, "geometry": { "type": "Point", "coordinates": [ 2.1992632, 41.4044578 ] } },
{ "type": "Feature", "properties": { "osm_id": 8090433517, "shop_type": "supermarket", "name": "Condis", "lat": 41.4058657, "lon": 2.1897073, "brand": "Condis", "organic": null, "h3_index": "89394460c47ffff" }, "geometry": { "type": "Point", "coordinates": [ 2.1897073, 41.4058657 ] } },
{ "type": "Feature", "properties": { "osm_id": 8119059811, "shop_type": "supermarket", "name": "Aldi", "lat": 41.3858607, "lon": 2.1601827, "brand": "Aldi", "organic": null, "h3_index": "8939446033bffff" }, "geometry": { "type": "Point", "coordinates": [ 2.1601827, 41.3858607 ] } },
{ "type": "Feature", "properties": { "osm_id": 8148427317, "shop_type": "greengrocer", "name": "L'hort a Sant Antoni", "lat": 41.378031, "lon": 2.1642862, "brand": null, "organic": null, "h3_index": "89394461d9bffff" }, "geometry": { "type": "Point", "coordinates": [ 2.1642862, 41.378031 ] } },
{ "type": "Feature", "properties": { "osm_id": 8150019703, "shop_type": "supermarket", "name": "Aldi", "lat": 41.3763245, "lon": 2.142686, "brand": "Aldi", "organic": null, "h3_index": "8939446034bffff" }, "geometry": { "type": "Point", "coordinates": [ 2.142686, 41.3763245 ] } },
{ "type": "Feature", "properties": { "osm_id": 8158307434, "shop_type": "greengrocer", "name": "La Hamaca", "lat": 41.387812, "lon": 2.1806859, "brand": null, "organic": null, "h3_index": "89394460e0bffff" }, "geometry": { "type": "Point", "coordinates": [ 2.1806859, 41.387812 ] } },
{ "type": "Feature", "properties": { "osm_id": 8169960617, "shop_type": "bakery", "name": "La Catarga", "lat": 41.3989567, "lon": 2.1650285, "brand": null, "organic": null, "h3_index": "8939446016bffff" }, "geometry": { "type": "Point", "coordinates": [ 2.1650285, 41.3989567 ] } },
{ "type": "Feature", "properties": { "osm_id": 8176131150, "shop_type": "supermarket", "name": "Coaliment", "lat": 41.427598, "lon": 2.1580486, "brand": null, "organic": null, "h3_index": "89394460537ffff" }, "geometry": { "type": "Point", "coordinates": [ 2.1580486, 41.427598 ] } },
{ "type": "Feature", "properties": { "osm_id": 8184617417, "shop_type": "supermarket", "name": "Mercadona", "lat": 41.3902948, "lon": 2.1758174, "brand": "Mercadona", "organic": null, "h3_index": "89394460e1bffff" }, "geometry": { "type": "Point", "coordinates": [ 2.1758174, 41.3902948 ] } },
{ "type": "Feature", "properties": { "osm_id": 8221717318, "shop_type": "greengrocer", "name": "Fruiteria tarongina", "lat": 41.3642739, "lon": 2.1414047, "brand": null, "organic": null, "h3_index": "89394461c0bffff" }, "geometry": { "type": "Point", "coordinates": [ 2.1414047, 41.3642739 ] } },
{ "type": "Feature", "properties": { "osm_id": 8243242645, "shop_type": "supermarket", "name": "Consum", "lat": 41.3986928, "lon": 2.156684, "brand": "Consum", "organic": "no", "h3_index": "8939446014bffff" }, "geometry": { "type": "Point", "coordinates": [ 2.156684, 41.3986928 ] } },
{ "type": "Feature", "properties": { "osm_id": 8251986919, "shop_type": "supermarket", "name": "Mercadona", "lat": 41.4034828, "lon": 2.1722801, "brand": "Mercadona", "organic": null, "h3_index": "8939446012bffff" }, "geometry": { "type": "Point", "coordinates": [ 2.1722801, 41.4034828 ] } },
{ "type": "Feature", "properties": { "osm_id": 8263478822, "shop_type": "supermarket", "name": "La Fuente", "lat": 41.3906663, "lon": 2.1625929, "brand": null, "organic": null, "h3_index": "893944603afffff" }, "geometry": { "type": "Point", "coordinates": [ 2.1625929, 41.3906663 ] } },
{ "type": "Feature", "properties": { "osm_id": 8265453218, "shop_type": "supermarket", "name": "Goshi", "lat": 41.4039551, "lon": 2.1723868, "brand": null, "organic": null, "h3_index": "8939446012bffff" }, "geometry": { "type": "Point", "coordinates": [ 2.1723868, 41.4039551 ] } },
{ "type": "Feature", "properties": { "osm_id": 8265453717, "shop_type": "supermarket", "name": "Condis express", "lat": 41.4053806, "lon": 2.1713319, "brand": "Condis", "organic": null, "h3_index": "8939446012bffff" }, "geometry": { "type": "Point", "coordinates": [ 2.1713319, 41.4053806 ] } },
{ "type": "Feature", "properties": { "osm_id": 8287320385, "shop_type": "supermarket", "name": "Petit Àsia", "lat": 41.4043043, "lon": 2.1559385, "brand": null, "organic": null, "h3_index": "89394460157ffff" }, "geometry": { "type": "Point", "coordinates": [ 2.1559385, 41.4043043 ] } },
{ "type": "Feature", "properties": { "osm_id": 8306146017, "shop_type": "supermarket", "name": "UVE134 Pasiones Argentinas", "lat": 41.3811767, "lon": 2.1555534, "brand": null, "organic": null, "h3_index": "89394460373ffff" }, "geometry": { "type": "Point", "coordinates": [ 2.1555534, 41.3811767 ] } },
{ "type": "Feature", "properties": { "osm_id": 8308840717, "shop_type": "bakery", "name": "Donatella", "lat": 41.3806637, "lon": 2.1791186, "brand": null, "organic": null, "h3_index": "89394461db7ffff" }, "geometry": { "type": "Point", "coordinates": [ 2.1791186, 41.3806637 ] } },
{ "type": "Feature", "properties": { "osm_id": 8319335349, "shop_type": "convenience", "name": "Trady's", "lat": 41.4219397, "lon": 2.1471455, "brand": null, "organic": null, "h3_index": "8939446050fffff" }, "geometry": { "type": "Point", "coordinates": [ 2.1471455, 41.4219397 ] } },
{ "type": "Feature", "properties": { "osm_id": 8319335420, "shop_type": "greengrocer", "name": "Unknown", "lat": 41.4217179, "lon": 2.1469129, "brand": null, "organic": null, "h3_index": "8939446050fffff" }, "geometry": { "type": "Point", "coordinates": [ 2.1469129, 41.4217179 ] } },
{ "type": "Feature", "properties": { "osm_id": 8320711544, "shop_type": "supermarket", "name": "Unknown", "lat": 41.4215763, "lon": 2.1460169, "brand": null, "organic": null, "h3_index": "8939446050bffff" }, "geometry": { "type": "Point", "coordinates": [ 2.1460169, 41.4215763 ] } },
{ "type": "Feature", "properties": { "osm_id": 8342793327, "shop_type": "supermarket", "name": "Unknown", "lat": 41.4219251, "lon": 2.1486557, "brand": null, "organic": null, "h3_index": "8939446050fffff" }, "geometry": { "type": "Point", "coordinates": [ 2.1486557, 41.4219251 ] } },
{ "type": "Feature", "properties": { "osm_id": 8342793328, "shop_type": "greengrocer", "name": "Unknown", "lat": 41.4218439, "lon": 2.148408, "brand": null, "organic": null, "h3_index": "8939446050fffff" }, "geometry": { "type": "Point", "coordinates": [ 2.148408, 41.4218439 ] } },
{ "type": "Feature", "properties": { "osm_id": 8345980068, "shop_type": "greengrocer", "name": "Unknown", "lat": 41.4246144, "lon": 2.1518651, "brand": null, "organic": null, "h3_index": "89394460507ffff" }, "geometry": { "type": "Point", "coordinates": [ 2.1518651, 41.4246144 ] } },
{ "type": "Feature", "properties": { "osm_id": 8345980070, "shop_type": "supermarket", "name": "Unknown", "lat": 41.4246984, "lon": 2.1516593, "brand": null, "organic": null, "h3_index": "89394460507ffff" }, "geometry": { "type": "Point", "coordinates": [ 2.1516593, 41.4246984 ] } },
{ "type": "Feature", "properties": { "osm_id": 8346053436, "shop_type": "convenience", "name": "Unknown", "lat": 41.4233721, "lon": 2.1487946, "brand": null, "organic": null, "h3_index": "8939446050fffff" }, "geometry": { "type": "Point", "coordinates": [ 2.1487946, 41.4233721 ] } },
{ "type": "Feature", "properties": { "osm_id": 8346077084, "shop_type": "bakery", "name": "Unknown", "lat": 41.4235225, "lon": 2.153102, "brand": null, "organic": null, "h3_index": "8939446053bffff" }, "geometry": { "type": "Point", "coordinates": [ 2.153102, 41.4235225 ] } },
{ "type": "Feature", "properties": { "osm_id": 8363548519, "shop_type": "supermarket", "name": "Bonpreu", "lat": 41.4049417, "lon": 2.1692252, "brand": "Bonpreu", "organic": null, "h3_index": "8939446013bffff" }, "geometry": { "type": "Point", "coordinates": [ 2.1692252, 41.4049417 ] } },
{ "type": "Feature", "properties": { "osm_id": 8363567519, "shop_type": "supermarket", "name": "Ametller Origen", "lat": 41.4032323, "lon": 2.1710867, "brand": null, "organic": null, "h3_index": "8939446012bffff" }, "geometry": { "type": "Point", "coordinates": [ 2.1710867, 41.4032323 ] } },
{ "type": "Feature", "properties": { "osm_id": 8363573017, "shop_type": "supermarket", "name": "Veritas", "lat": 41.4079177, "lon": 2.1645102, "brand": null, "organic": null, "h3_index": "89394460103ffff" }, "geometry": { "type": "Point", "coordinates": [ 2.1645102, 41.4079177 ] } },
{ "type": "Feature", "properties": { "osm_id": 8363573820, "shop_type": "supermarket", "name": "Krakoviak", "lat": 41.4030955, "lon": 2.1716662, "brand": null, "organic": null, "h3_index": "8939446012bffff" }, "geometry": { "type": "Point", "coordinates": [ 2.1716662, 41.4030955 ] } },
{ "type": "Feature", "properties": { "osm_id": 8363574117, "shop_type": "bakery", "name": "Forn Europa", "lat": 41.4065924, "lon": 2.1645812, "brand": null, "organic": null, "h3_index": "8939446010fffff" }, "geometry": { "type": "Point", "coordinates": [ 2.1645812, 41.4065924 ] } },
{ "type": "Feature", "properties": { "osm_id": 8372601366, "shop_type": "convenience", "name": "Unknown", "lat": 41.4242103, "lon": 2.1524844, "brand": null, "organic": null, "h3_index": "8939446053bffff" }, "geometry": { "type": "Point", "coordinates": [ 2.1524844, 41.4242103 ] } },
{ "type": "Feature", "properties": { "osm_id": 8375903554, "shop_type": "convenience", "name": "Unknown", "lat": 41.4234518, "lon": 2.1500484, "brand": null, "organic": null, "h3_index": "89394460507ffff" }, "geometry": { "type": "Point", "coordinates": [ 2.1500484, 41.4234518 ] } },
{ "type": "Feature", "properties": { "osm_id": 8376249722, "shop_type": "bakery", "name": "Turris", "lat": 41.3987962, "lon": 2.1569017, "brand": null, "organic": null, "h3_index": "8939446014fffff" }, "geometry": { "type": "Point", "coordinates": [ 2.1569017, 41.3987962 ] } },
{ "type": "Feature", "properties": { "osm_id": 8377840876, "shop_type": "butcher", "name": "Unknown", "lat": 41.4239667, "lon": 2.1425158, "brand": null, "organic": null, "h3_index": "8939446051bffff" }, "geometry": { "type": "Point", "coordinates": [ 2.1425158, 41.4239667 ] } },
{ "type": "Feature", "properties": { "osm_id": 8377840877, "shop_type": "butcher", "name": "Unknown", "lat": 41.4239101, "lon": 2.1424953, "brand": null, "organic": null, "h3_index": "8939446051bffff" }, "geometry": { "type": "Point", "coordinates": [ 2.1424953, 41.4239101 ] } },
{ "type": "Feature", "properties": { "osm_id": 8377878977, "shop_type": "butcher", "name": "Unknown", "lat": 41.42405, "lon": 2.1427331, "brand": null, "organic": null, "h3_index": "8939446051bffff" }, "geometry": { "type": "Point", "coordinates": [ 2.1427331, 41.42405 ] } },
{ "type": "Feature", "properties": { "osm_id": 8377892919, "shop_type": "greengrocer", "name": "Mercats de Barcelona", "lat": 41.4238364, "lon": 2.1425694, "brand": null, "organic": null, "h3_index": "8939446051bffff" }, "geometry": { "type": "Point", "coordinates": [ 2.1425694, 41.4238364 ] } },
{ "type": "Feature", "properties": { "osm_id": 8377892920, "shop_type": "butcher", "name": "De Dios", "lat": 41.4238507, "lon": 2.1424693, "brand": null, "organic": null, "h3_index": "8939446051bffff" }, "geometry": { "type": "Point", "coordinates": [ 2.1424693, 41.4238507 ] } },
{ "type": "Feature", "properties": { "osm_id": 8378015979, "shop_type": "butcher", "name": "Unknown", "lat": 41.423966, "lon": 2.1424225, "brand": null, "organic": null, "h3_index": "8939446051bffff" }, "geometry": { "type": "Point", "coordinates": [ 2.1424225, 41.423966 ] } },
{ "type": "Feature", "properties": { "osm_id": 8380168006, "shop_type": "convenience", "name": "Lloc de Chen", "lat": 41.3921822, "lon": 2.1267475, "brand": null, "organic": null, "h3_index": "89394460287ffff" }, "geometry": { "type": "Point", "coordinates": [ 2.1267475, 41.3921822 ] } },
{ "type": "Feature", "properties": { "osm_id": 8380224120, "shop_type": "butcher", "name": "Margarit", "lat": 41.3919387, "lon": 2.1268561, "brand": null, "organic": null, "h3_index": "89394460287ffff" }, "geometry": { "type": "Point", "coordinates": [ 2.1268561, 41.3919387 ] } },
{ "type": "Feature", "properties": { "osm_id": 8380936443, "shop_type": "convenience", "name": "Unknown", "lat": 41.4212574, "lon": 2.1495538, "brand": null, "organic": null, "h3_index": "8939446050fffff" }, "geometry": { "type": "Point", "coordinates": [ 2.1495538, 41.4212574 ] } },
{ "type": "Feature", "properties": { "osm_id": 8388129591, "shop_type": "supermarket", "name": "Mercadona", "lat": 41.3756118, "lon": 2.1313618, "brand": "Mercadona", "organic": null, "h3_index": "89394460267ffff" }, "geometry": { "type": "Point", "coordinates": [ 2.1313618, 41.3756118 ] } },
{ "type": "Feature", "properties": { "osm_id": 8391059277, "shop_type": "bakery", "name": "Unknown", "lat": 41.4219365, "lon": 2.1486913, "brand": null, "organic": null, "h3_index": "8939446050fffff" }, "geometry": { "type": "Point", "coordinates": [ 2.1486913, 41.4219365 ] } },
{ "type": "Feature", "properties": { "osm_id": 8393112549, "shop_type": "bakery", "name": "Vivari", "lat": 41.3988128, "lon": 2.1507189, "brand": null, "organic": null, "h3_index": "89394460397ffff" }, "geometry": { "type": "Point", "coordinates": [ 2.1507189, 41.3988128 ] } },
{ "type": "Feature", "properties": { "osm_id": 8396138417, "shop_type": "supermarket", "name": "Supermercat", "lat": 41.4037802, "lon": 2.1685381, "brand": null, "organic": null, "h3_index": "89394460177ffff" }, "geometry": { "type": "Point", "coordinates": [ 2.1685381, 41.4037802 ] } },
{ "type": "Feature", "properties": { "osm_id": 8396138418, "shop_type": "supermarket", "name": "Supermarket", "lat": 41.4004374, "lon": 2.1729608, "brand": null, "organic": null, "h3_index": "89394460e9bffff" }, "geometry": { "type": "Point", "coordinates": [ 2.1729608, 41.4004374 ] } },
{ "type": "Feature", "properties": { "osm_id": 8396138519, "shop_type": "supermarket", "name": "València Supermercat", "lat": 41.4010765, "lon": 2.1746658, "brand": null, "organic": null, "h3_index": "89394460e93ffff" }, "geometry": { "type": "Point", "coordinates": [ 2.1746658, 41.4010765 ] } },
{ "type": "Feature", "properties": { "osm_id": 8396138817, "shop_type": "supermarket", "name": "Autoservei", "lat": 41.4007613, "lon": 2.1725298, "brand": null, "organic": null, "h3_index": "89394460167ffff" }, "geometry": { "type": "Point", "coordinates": [ 2.1725298, 41.4007613 ] } },
{ "type": "Feature", "properties": { "osm_id": 8396217617, "shop_type": "convenience", "name": "Bàsic", "lat": 41.4088299, "lon": 2.1616955, "brand": null, "organic": null, "h3_index": "89394460103ffff" }, "geometry": { "type": "Point", "coordinates": [ 2.1616955, 41.4088299 ] } },
{ "type": "Feature", "properties": { "osm_id": 8396217618, "shop_type": "supermarket", "name": "Fresco", "lat": 41.4046594, "lon": 2.1646689, "brand": null, "organic": null, "h3_index": "8939446010fffff" }, "geometry": { "type": "Point", "coordinates": [ 2.1646689, 41.4046594 ] } },
{ "type": "Feature", "properties": { "osm_id": 8396218118, "shop_type": "bakery", "name": "La Valenciana", "lat": 41.4022127, "lon": 2.1684436, "brand": null, "organic": null, "h3_index": "89394460177ffff" }, "geometry": { "type": "Point", "coordinates": [ 2.1684436, 41.4022127 ] } },
{ "type": "Feature", "properties": { "osm_id": 8397383122, "shop_type": "convenience", "name": "Unknown", "lat": 41.4231367, "lon": 2.1470066, "brand": null, "organic": null, "h3_index": "8939446050fffff" }, "geometry": { "type": "Point", "coordinates": [ 2.1470066, 41.4231367 ] } },
{ "type": "Feature", "properties": { "osm_id": 8399141798, "shop_type": "butcher", "name": "Unknown", "lat": 41.4240307, "lon": 2.1425387, "brand": null, "organic": null, "h3_index": "8939446051bffff" }, "geometry": { "type": "Point", "coordinates": [ 2.1425387, 41.4240307 ] } },
{ "type": "Feature", "properties": { "osm_id": 8399155831, "shop_type": "butcher", "name": "Marssol", "lat": 41.4241092, "lon": 2.1424793, "brand": null, "organic": null, "h3_index": "8939446051bffff" }, "geometry": { "type": "Point", "coordinates": [ 2.1424793, 41.4241092 ] } },
{ "type": "Feature", "properties": { "osm_id": 8399155834, "shop_type": "greengrocer", "name": "Unknown", "lat": 41.424067, "lon": 2.1425451, "brand": null, "organic": null, "h3_index": "8939446051bffff" }, "geometry": { "type": "Point", "coordinates": [ 2.1425451, 41.424067 ] } },
{ "type": "Feature", "properties": { "osm_id": 8399155835, "shop_type": "butcher", "name": "Camelia", "lat": 41.4240505, "lon": 2.1424594, "brand": null, "organic": null, "h3_index": "8939446051bffff" }, "geometry": { "type": "Point", "coordinates": [ 2.1424594, 41.4240505 ] } },
{ "type": "Feature", "properties": { "osm_id": 8399162081, "shop_type": "butcher", "name": "Juanjo", "lat": 41.4240268, "lon": 2.1426159, "brand": null, "organic": null, "h3_index": "8939446051bffff" }, "geometry": { "type": "Point", "coordinates": [ 2.1426159, 41.4240268 ] } },
{ "type": "Feature", "properties": { "osm_id": 8399189411, "shop_type": "greengrocer", "name": "Unknown", "lat": 41.4240535, "lon": 2.1426501, "brand": null, "organic": null, "h3_index": "8939446051bffff" }, "geometry": { "type": "Point", "coordinates": [ 2.1426501, 41.4240535 ] } },
{ "type": "Feature", "properties": { "osm_id": 8399189412, "shop_type": "butcher", "name": "Unknown", "lat": 41.4239861, "lon": 2.1427103, "brand": null, "organic": null, "h3_index": "8939446051bffff" }, "geometry": { "type": "Point", "coordinates": [ 2.1427103, 41.4239861 ] } },
{ "type": "Feature", "properties": { "osm_id": 8409139537, "shop_type": "greengrocer", "name": "Jimena", "lat": 41.4249089, "lon": 2.1520345, "brand": null, "organic": null, "h3_index": "89394460533ffff" }, "geometry": { "type": "Point", "coordinates": [ 2.1520345, 41.4249089 ] } },
{ "type": "Feature", "properties": { "osm_id": 8412376728, "shop_type": "convenience", "name": "Unknown", "lat": 41.4233916, "lon": 2.1457641, "brand": null, "organic": null, "h3_index": "89394460503ffff" }, "geometry": { "type": "Point", "coordinates": [ 2.1457641, 41.4233916 ] } },
{ "type": "Feature", "properties": { "osm_id": 8418431918, "shop_type": "supermarket", "name": "Dia", "lat": 41.3997802, "lon": 2.1504647, "brand": "Dia", "organic": null, "h3_index": "8939446015bffff" }, "geometry": { "type": "Point", "coordinates": [ 2.1504647, 41.3997802 ] } },
{ "type": "Feature", "properties": { "osm_id": 8418740900, "shop_type": "convenience", "name": "Discount2 Market", "lat": 41.3897625, "lon": 2.1637324, "brand": null, "organic": null, "h3_index": "89394460337ffff" }, "geometry": { "type": "Point", "coordinates": [ 2.1637324, 41.3897625 ] } },
{ "type": "Feature", "properties": { "osm_id": 8418749911, "shop_type": "convenience", "name": "Trady's", "lat": 41.391742, "lon": 2.1640178, "brand": null, "organic": null, "h3_index": "893944603afffff" }, "geometry": { "type": "Point", "coordinates": [ 2.1640178, 41.391742 ] } },
{ "type": "Feature", "properties": { "osm_id": 8419530229, "shop_type": "supermarket", "name": "Bonpreu", "lat": 41.4308633, "lon": 2.1756027, "brand": "Bonpreu", "organic": null, "h3_index": "89394462a17ffff" }, "geometry": { "type": "Point", "coordinates": [ 2.1756027, 41.4308633 ] } },
{ "type": "Feature", "properties": { "osm_id": 8437117648, "shop_type": "bakery", "name": "Levaduramadre", "lat": 41.3989411, "lon": 2.1509285, "brand": null, "organic": null, "h3_index": "89394460397ffff" }, "geometry": { "type": "Point", "coordinates": [ 2.1509285, 41.3989411 ] } },
{ "type": "Feature", "properties": { "osm_id": 8438333375, "shop_type": "convenience", "name": "El Teu Super", "lat": 41.4239869, "lon": 2.1469253, "brand": null, "organic": null, "h3_index": "89394460503ffff" }, "geometry": { "type": "Point", "coordinates": [ 2.1469253, 41.4239869 ] } },
{ "type": "Feature", "properties": { "osm_id": 8438474108, "shop_type": "convenience", "name": "Alimentació", "lat": 41.4239003, "lon": 2.1486433, "brand": null, "organic": null, "h3_index": "89394460507ffff" }, "geometry": { "type": "Point", "coordinates": [ 2.1486433, 41.4239003 ] } },
{ "type": "Feature", "properties": { "osm_id": 8439019717, "shop_type": "supermarket", "name": "Mishcat", "lat": 41.4114321, "lon": 2.1764704, "brand": null, "organic": null, "h3_index": "89394460137ffff" }, "geometry": { "type": "Point", "coordinates": [ 2.1764704, 41.4114321 ] } },
{ "type": "Feature", "properties": { "osm_id": 8439265417, "shop_type": "supermarket", "name": "Alimentació oriental", "lat": 41.4106408, "lon": 2.1733883, "brand": null, "organic": null, "h3_index": "89394460137ffff" }, "geometry": { "type": "Point", "coordinates": [ 2.1733883, 41.4106408 ] } },
{ "type": "Feature", "properties": { "osm_id": 8449431317, "shop_type": "bakery", "name": "MaxiPa", "lat": 41.3820857, "lon": 2.1351168, "brand": null, "organic": null, "h3_index": "89394460223ffff" }, "geometry": { "type": "Point", "coordinates": [ 2.1351168, 41.3820857 ] } },
{ "type": "Feature", "properties": { "osm_id": 8450226698, "shop_type": "supermarket", "name": "BonÀrea", "lat": 41.401698, "lon": 2.1591236, "brand": "BonÀrea", "organic": null, "h3_index": "89394460147ffff" }, "geometry": { "type": "Point", "coordinates": [ 2.1591236, 41.401698 ] } },
{ "type": "Feature", "properties": { "osm_id": 8450233837, "shop_type": "butcher", "name": "Carnisseria Gasch", "lat": 41.4018344, "lon": 2.1589951, "brand": null, "organic": null, "h3_index": "89394460147ffff" }, "geometry": { "type": "Point", "coordinates": [ 2.1589951, 41.4018344 ] } },
{ "type": "Feature", "properties": { "osm_id": 8454999089, "shop_type": "convenience", "name": "Unknown", "lat": 41.4239839, "lon": 2.1510365, "brand": null, "organic": null, "h3_index": "8939446053bffff" }, "geometry": { "type": "Point", "coordinates": [ 2.1510365, 41.4239839 ] } },
{ "type": "Feature", "properties": { "osm_id": 8455004911, "shop_type": "convenience", "name": "Mateu", "lat": 41.4244526, "lon": 2.1514361, "brand": null, "organic": null, "h3_index": "89394460507ffff" }, "geometry": { "type": "Point", "coordinates": [ 2.1514361, 41.4244526 ] } },
{ "type": "Feature", "properties": { "osm_id": 8455007047, "shop_type": "butcher", "name": "Eli", "lat": 41.4245882, "lon": 2.1515507, "brand": null, "organic": null, "h3_index": "89394460507ffff" }, "geometry": { "type": "Point", "coordinates": [ 2.1515507, 41.4245882 ] } },
{ "type": "Feature", "properties": { "osm_id": 8463558217, "shop_type": "bakery", "name": "Turris", "lat": 41.4064591, "lon": 2.1769583, "brand": null, "organic": null, "h3_index": "89394460127ffff" }, "geometry": { "type": "Point", "coordinates": [ 2.1769583, 41.4064591 ] } },
{ "type": "Feature", "properties": { "osm_id": 8463558317, "shop_type": "supermarket", "name": "Condis", "lat": 41.4051806, "lon": 2.1752435, "brand": "Condis", "organic": null, "h3_index": "8939446012fffff" }, "geometry": { "type": "Point", "coordinates": [ 2.1752435, 41.4051806 ] } },
{ "type": "Feature", "properties": { "osm_id": 8463558417, "shop_type": "supermarket", "name": "Mercadona", "lat": 41.4031708, "lon": 2.1724151, "brand": "Mercadona", "organic": null, "h3_index": "8939446012bffff" }, "geometry": { "type": "Point", "coordinates": [ 2.1724151, 41.4031708 ] } },
{ "type": "Feature", "properties": { "osm_id": 8486640018, "shop_type": "convenience", "name": "Unknown", "lat": 41.4256283, "lon": 2.1537626, "brand": null, "organic": null, "h3_index": "89394460533ffff" }, "geometry": { "type": "Point", "coordinates": [ 2.1537626, 41.4256283 ] } },
{ "type": "Feature", "properties": { "osm_id": 8489253724, "shop_type": "convenience", "name": "Sorpresas", "lat": 41.4244374, "lon": 2.1516394, "brand": null, "organic": null, "h3_index": "89394460507ffff" }, "geometry": { "type": "Point", "coordinates": [ 2.1516394, 41.4244374 ] } },
{ "type": "Feature", "properties": { "osm_id": 8497961030, "shop_type": "supermarket", "name": "Caprabo", "lat": 41.406583, "lon": 2.170697, "brand": "Caprabo", "organic": null, "h3_index": "8939446013bffff" }, "geometry": { "type": "Point", "coordinates": [ 2.170697, 41.406583 ] } },
{ "type": "Feature", "properties": { "osm_id": 8497961032, "shop_type": "convenience", "name": "Sultan Super Gracia", "lat": 41.4021639, "lon": 2.1613721, "brand": null, "organic": null, "h3_index": "89394460147ffff" }, "geometry": { "type": "Point", "coordinates": [ 2.1613721, 41.4021639 ] } },
{ "type": "Feature", "properties": { "osm_id": 8497961034, "shop_type": "bakery", "name": "Granier", "lat": 41.403829, "lon": 2.1619984, "brand": "Granier", "organic": null, "h3_index": "8939446010bffff" }, "geometry": { "type": "Point", "coordinates": [ 2.1619984, 41.403829 ] } },
{ "type": "Feature", "properties": { "osm_id": 8497996122, "shop_type": "supermarket", "name": "Al-Amin", "lat": 41.3980911, "lon": 2.1592954, "brand": null, "organic": null, "h3_index": "8939446014fffff" }, "geometry": { "type": "Point", "coordinates": [ 2.1592954, 41.3980911 ] } },
{ "type": "Feature", "properties": { "osm_id": 8497996123, "shop_type": "bakery", "name": "Forn Sant Honorat", "lat": 41.4007062, "lon": 2.1627103, "brand": null, "organic": null, "h3_index": "8939446017bffff" }, "geometry": { "type": "Point", "coordinates": [ 2.1627103, 41.4007062 ] } },
{ "type": "Feature", "properties": { "osm_id": 8497996718, "shop_type": "supermarket", "name": "Bonpreu", "lat": 41.4039086, "lon": 2.1621366, "brand": "Bonpreu", "organic": null, "h3_index": "8939446010bffff" }, "geometry": { "type": "Point", "coordinates": [ 2.1621366, 41.4039086 ] } },
{ "type": "Feature", "properties": { "osm_id": 8502865917, "shop_type": "supermarket", "name": "Claret", "lat": 41.4038158, "lon": 2.1647653, "brand": null, "organic": null, "h3_index": "89394460173ffff" }, "geometry": { "type": "Point", "coordinates": [ 2.1647653, 41.4038158 ] } },
{ "type": "Feature", "properties": { "osm_id": 8502866217, "shop_type": "supermarket", "name": "Bonpreu", "lat": 41.4075396, "lon": 2.1692693, "brand": "Bonpreu", "organic": null, "h3_index": "8939446013bffff" }, "geometry": { "type": "Point", "coordinates": [ 2.1692693, 41.4075396 ] } },
{ "type": "Feature", "properties": { "osm_id": 8506256244, "shop_type": "supermarket", "name": "Welcome", "lat": 41.4073905, "lon": 2.1735426, "brand": null, "organic": null, "h3_index": "89394460123ffff" }, "geometry": { "type": "Point", "coordinates": [ 2.1735426, 41.4073905 ] } },
{ "type": "Feature", "properties": { "osm_id": 8506259541, "shop_type": "supermarket", "name": "Bon super mercat", "lat": 41.4057677, "lon": 2.1718689, "brand": null, "organic": null, "h3_index": "8939446012bffff" }, "geometry": { "type": "Point", "coordinates": [ 2.1718689, 41.4057677 ] } },
{ "type": "Feature", "properties": { "osm_id": 8511925334, "shop_type": "bakery", "name": "Hofmann La Seca", "lat": 41.3851983, "lon": 2.1823496, "brand": null, "organic": null, "h3_index": "89394460e73ffff" }, "geometry": { "type": "Point", "coordinates": [ 2.1823496, 41.3851983 ] } },
{ "type": "Feature", "properties": { "osm_id": 8512874517, "shop_type": "supermarket", "name": "Coaliment", "lat": 41.4022418, "lon": 2.1689656, "brand": null, "organic": null, "h3_index": "89394460177ffff" }, "geometry": { "type": "Point", "coordinates": [ 2.1689656, 41.4022418 ] } },
{ "type": "Feature", "properties": { "osm_id": 8512874521, "shop_type": "supermarket", "name": "Condis", "lat": 41.4080496, "lon": 2.1782436, "brand": "Condis", "organic": null, "h3_index": "89394460127ffff" }, "geometry": { "type": "Point", "coordinates": [ 2.1782436, 41.4080496 ] } },
{ "type": "Feature", "properties": { "osm_id": 8512874618, "shop_type": "supermarket", "name": "Condis", "lat": 41.4081247, "lon": 2.1772369, "brand": "Condis", "organic": null, "h3_index": "89394460127ffff" }, "geometry": { "type": "Point", "coordinates": [ 2.1772369, 41.4081247 ] } },
{ "type": "Feature", "properties": { "osm_id": 8544879049, "shop_type": "greengrocer", "name": "Blas Virrey", "lat": 41.4388373, "lon": 2.1676369, "brand": null, "organic": null, "h3_index": "89394462a93ffff" }, "geometry": { "type": "Point", "coordinates": [ 2.1676369, 41.4388373 ] } },
{ "type": "Feature", "properties": { "osm_id": 8544879056, "shop_type": "supermarket", "name": "Lucky", "lat": 41.4389556, "lon": 2.1669418, "brand": "Lucky", "organic": null, "h3_index": "89394462a93ffff" }, "geometry": { "type": "Point", "coordinates": [ 2.1669418, 41.4389556 ] } },
{ "type": "Feature", "properties": { "osm_id": 8545069618, "shop_type": "supermarket", "name": "Sagrada Familia", "lat": 41.4063597, "lon": 2.1749281, "brand": null, "organic": null, "h3_index": "89394460123ffff" }, "geometry": { "type": "Point", "coordinates": [ 2.1749281, 41.4063597 ] } },
{ "type": "Feature", "properties": { "osm_id": 8545069619, "shop_type": "supermarket", "name": "Diamant", "lat": 41.4038996, "lon": 2.1561266, "brand": null, "organic": null, "h3_index": "89394460157ffff" }, "geometry": { "type": "Point", "coordinates": [ 2.1561266, 41.4038996 ] } },
{ "type": "Feature", "properties": { "osm_id": 8545107617, "shop_type": "supermarket", "name": "Supermercat", "lat": 41.4051465, "lon": 2.1573676, "brand": null, "organic": null, "h3_index": "89394460157ffff" }, "geometry": { "type": "Point", "coordinates": [ 2.1573676, 41.4051465 ] } },
{ "type": "Feature", "properties": { "osm_id": 8548441150, "shop_type": "convenience", "name": "Supermercat", "lat": 41.3982912, "lon": 2.1527458, "brand": null, "organic": null, "h3_index": "8939446014bffff" }, "geometry": { "type": "Point", "coordinates": [ 2.1527458, 41.3982912 ] } },
{ "type": "Feature", "properties": { "osm_id": 8553081920, "shop_type": "supermarket", "name": "Supermercat", "lat": 41.4068675, "lon": 2.1774594, "brand": null, "organic": null, "h3_index": "89394460127ffff" }, "geometry": { "type": "Point", "coordinates": [ 2.1774594, 41.4068675 ] } },
{ "type": "Feature", "properties": { "osm_id": 8562688352, "shop_type": "supermarket", "name": "Jespac", "lat": 41.3744984, "lon": 2.1601112, "brand": null, "organic": null, "h3_index": "89394461dd7ffff" }, "geometry": { "type": "Point", "coordinates": [ 2.1601112, 41.3744984 ] } },
{ "type": "Feature", "properties": { "osm_id": 8564811120, "shop_type": "supermarket", "name": "Zarah Supermercat", "lat": 41.4041095, "lon": 2.1674105, "brand": null, "organic": null, "h3_index": "89394460177ffff" }, "geometry": { "type": "Point", "coordinates": [ 2.1674105, 41.4041095 ] } },
{ "type": "Feature", "properties": { "osm_id": 8564811121, "shop_type": "greengrocer", "name": "Sergi Fruit", "lat": 41.4099836, "lon": 2.1747985, "brand": null, "organic": null, "h3_index": "89394460137ffff" }, "geometry": { "type": "Point", "coordinates": [ 2.1747985, 41.4099836 ] } },
{ "type": "Feature", "properties": { "osm_id": 8564811124, "shop_type": "bakery", "name": "Sorlinyam", "lat": 41.409236, "lon": 2.1788014, "brand": null, "organic": null, "h3_index": "89394460ccbffff" }, "geometry": { "type": "Point", "coordinates": [ 2.1788014, 41.409236 ] } },
{ "type": "Feature", "properties": { "osm_id": 8564872517, "shop_type": "greengrocer", "name": "Fruita i Terra", "lat": 41.4090306, "lon": 2.1739445, "brand": null, "organic": null, "h3_index": "89394460137ffff" }, "geometry": { "type": "Point", "coordinates": [ 2.1739445, 41.4090306 ] } },
{ "type": "Feature", "properties": { "osm_id": 8564872718, "shop_type": "bakery", "name": "Forn de pa", "lat": 41.4085844, "lon": 2.1797059, "brand": null, "organic": null, "h3_index": "89394460127ffff" }, "geometry": { "type": "Point", "coordinates": [ 2.1797059, 41.4085844 ] } },
{ "type": "Feature", "properties": { "osm_id": 8564872720, "shop_type": "greengrocer", "name": "Grupo Silesfruit", "lat": 41.4095051, "lon": 2.1792298, "brand": null, "organic": null, "h3_index": "89394460ccbffff" }, "geometry": { "type": "Point", "coordinates": [ 2.1792298, 41.4095051 ] } },
{ "type": "Feature", "properties": { "osm_id": 8571222316, "shop_type": "butcher", "name": "La Xarcu de Aragón", "lat": 41.3963961, "lon": 2.1531428, "brand": null, "organic": null, "h3_index": "89394460387ffff" }, "geometry": { "type": "Point", "coordinates": [ 2.1531428, 41.3963961 ] } },
{ "type": "Feature", "properties": { "osm_id": 8578962923, "shop_type": "supermarket", "name": "Plaça de Tetuan", "lat": 41.394124, "lon": 2.1750447, "brand": null, "organic": null, "h3_index": "89394460ec7ffff" }, "geometry": { "type": "Point", "coordinates": [ 2.1750447, 41.394124 ] } },
{ "type": "Feature", "properties": { "osm_id": 8605853764, "shop_type": "supermarket", "name": "Gra de Gràcia", "lat": 41.4015523, "lon": 2.1590846, "brand": null, "organic": "only", "h3_index": "89394460147ffff" }, "geometry": { "type": "Point", "coordinates": [ 2.1590846, 41.4015523 ] } },
{ "type": "Feature", "properties": { "osm_id": 8605908205, "shop_type": "supermarket", "name": "Casa Ruiz Granel", "lat": 41.403631, "lon": 2.1368219, "brand": null, "organic": null, "h3_index": "89394460003ffff" }, "geometry": { "type": "Point", "coordinates": [ 2.1368219, 41.403631 ] } },
{ "type": "Feature", "properties": { "osm_id": 8607781763, "shop_type": "supermarket", "name": "Bon Granel", "lat": 41.3753219, "lon": 2.1332375, "brand": "Bon Granel", "organic": null, "h3_index": "89394460267ffff" }, "geometry": { "type": "Point", "coordinates": [ 2.1332375, 41.3753219 ] } },
{ "type": "Feature", "properties": { "osm_id": 8614386876, "shop_type": "supermarket", "name": "Unknown", "lat": 41.4251828, "lon": 2.1557942, "brand": null, "organic": null, "h3_index": "89394460533ffff" }, "geometry": { "type": "Point", "coordinates": [ 2.1557942, 41.4251828 ] } },
{ "type": "Feature", "properties": { "osm_id": 8614487897, "shop_type": "supermarket", "name": "Gra de Gràcia", "lat": 41.4032168, "lon": 2.1542041, "brand": null, "organic": "only", "h3_index": "89394460153ffff" }, "geometry": { "type": "Point", "coordinates": [ 2.1542041, 41.4032168 ] } },
{ "type": "Feature", "properties": { "osm_id": 8614545843, "shop_type": "supermarket", "name": "100 grams", "lat": 41.4341151, "lon": 2.1726072, "brand": null, "organic": null, "h3_index": "89394462a8fffff" }, "geometry": { "type": "Point", "coordinates": [ 2.1726072, 41.4341151 ] } },
{ "type": "Feature", "properties": { "osm_id": 8614587064, "shop_type": "supermarket", "name": "Handsel & Granel", "lat": 41.402095, "lon": 2.1505135, "brand": null, "organic": null, "h3_index": "89394460027ffff" }, "geometry": { "type": "Point", "coordinates": [ 2.1505135, 41.402095 ] } },
{ "type": "Feature", "properties": { "osm_id": 8614652905, "shop_type": "supermarket", "name": "Gra de Gràcia", "lat": 41.4005992, "lon": 2.1539247, "brand": "Gra de Gràcia", "organic": "only", "h3_index": "8939446015bffff" }, "geometry": { "type": "Point", "coordinates": [ 2.1539247, 41.4005992 ] } },
{ "type": "Feature", "properties": { "osm_id": 8615181790, "shop_type": "supermarket", "name": "Casa Ruiz Granel Selecto Barcelona-Eixample Dret", "lat": 41.3904129, "lon": 2.175008, "brand": null, "organic": null, "h3_index": "89394460e1bffff" }, "geometry": { "type": "Point", "coordinates": [ 2.175008, 41.3904129 ] } },
{ "type": "Feature", "properties": { "osm_id": 8615244064, "shop_type": "supermarket", "name": "Graneria de Sant Andreu", "lat": 41.4285496, "lon": 2.1903896, "brand": null, "organic": null, "h3_index": "89394462a27ffff" }, "geometry": { "type": "Point", "coordinates": [ 2.1903896, 41.4285496 ] } },
{ "type": "Feature", "properties": { "osm_id": 8615258242, "shop_type": "supermarket", "name": "La Montcadenya", "lat": 41.4253234, "lon": 2.1764596, "brand": null, "organic": null, "h3_index": "89394462a0fffff" }, "geometry": { "type": "Point", "coordinates": [ 2.1764596, 41.4253234 ] } },
{ "type": "Feature", "properties": { "osm_id": 8615314035, "shop_type": "supermarket", "name": "Granel Poble Sec Market", "lat": 41.3745563, "lon": 2.1583481, "brand": null, "organic": null, "h3_index": "89394461dd3ffff" }, "geometry": { "type": "Point", "coordinates": [ 2.1583481, 41.3745563 ] } },
{ "type": "Feature", "properties": { "osm_id": 8615341218, "shop_type": "supermarket", "name": "Vida Meva- Queviures Ecològics de proximitat", "lat": 41.4004914, "lon": 2.203517, "brand": null, "organic": null, "h3_index": "8939446088bffff" }, "geometry": { "type": "Point", "coordinates": [ 2.203517, 41.4004914 ] } },
{ "type": "Feature", "properties": { "osm_id": 8615401097, "shop_type": "supermarket", "name": "Colibrí a granel", "lat": 41.4043461, "lon": 2.150225, "brand": null, "organic": null, "h3_index": "89394460027ffff" }, "geometry": { "type": "Point", "coordinates": [ 2.150225, 41.4043461 ] } },
{ "type": "Feature", "properties": { "osm_id": 8615439453, "shop_type": "supermarket", "name": "La Graneria del Poblenou", "lat": 41.4018083, "lon": 2.2010138, "brand": null, "organic": null, "h3_index": "8939446089bffff" }, "geometry": { "type": "Point", "coordinates": [ 2.2010138, 41.4018083 ] } },
{ "type": "Feature", "properties": { "osm_id": 8615460416, "shop_type": "supermarket", "name": "Surinyach Pasta i Gra", "lat": 41.4096787, "lon": 2.162503, "brand": null, "organic": null, "h3_index": "89394460113ffff" }, "geometry": { "type": "Point", "coordinates": [ 2.162503, 41.4096787 ] } },
{ "type": "Feature", "properties": { "osm_id": 8615529623, "shop_type": "supermarket", "name": "Granarium", "lat": 41.3970387, "lon": 2.1825341, "brand": null, "organic": null, "h3_index": "89394460ebbffff" }, "geometry": { "type": "Point", "coordinates": [ 2.1825341, 41.3970387 ] } },
{ "type": "Feature", "properties": { "osm_id": 8615555254, "shop_type": "supermarket", "name": "Del poble... A granel", "lat": 41.4133397, "lon": 2.2010186, "brand": null, "organic": null, "h3_index": "89394460c33ffff" }, "geometry": { "type": "Point", "coordinates": [ 2.2010186, 41.4133397 ] } },
{ "type": "Feature", "properties": { "osm_id": 8616786403, "shop_type": "supermarket", "name": "E&L Tot a Granel", "lat": 41.4302855, "lon": 2.1679573, "brand": null, "organic": null, "h3_index": "89394462ac7ffff" }, "geometry": { "type": "Point", "coordinates": [ 2.1679573, 41.4302855 ] } },
{ "type": "Feature", "properties": { "osm_id": 8616790507, "shop_type": "supermarket", "name": "Real food granel", "lat": 41.3809203, "lon": 2.1335712, "brand": null, "organic": null, "h3_index": "89394460223ffff" }, "geometry": { "type": "Point", "coordinates": [ 2.1335712, 41.3809203 ] } },
{ "type": "Feature", "properties": { "osm_id": 8616821487, "shop_type": "supermarket", "name": "Monmas", "lat": 41.3772234, "lon": 2.1625974, "brand": null, "organic": null, "h3_index": "89394461d9bffff" }, "geometry": { "type": "Point", "coordinates": [ 2.1625974, 41.3772234 ] } },
{ "type": "Feature", "properties": { "osm_id": 8616851424, "shop_type": "supermarket", "name": "Refill & Zero", "lat": 41.3962605, "lon": 2.1227944, "brand": null, "organic": null, "h3_index": "8939446005bffff" }, "geometry": { "type": "Point", "coordinates": [ 2.1227944, 41.3962605 ] } },
{ "type": "Feature", "properties": { "osm_id": 8616873786, "shop_type": "supermarket", "name": "Sardà", "lat": 41.4027904, "lon": 2.1764075, "brand": null, "organic": null, "h3_index": "89394460e93ffff" }, "geometry": { "type": "Point", "coordinates": [ 2.1764075, 41.4027904 ] } },
{ "type": "Feature", "properties": { "osm_id": 8632451107, "shop_type": "butcher", "name": "Tocineria Cansaladeria Samsó", "lat": 41.4316357, "lon": 2.1789446, "brand": null, "organic": null, "h3_index": "89394462aabffff" }, "geometry": { "type": "Point", "coordinates": [ 2.1789446, 41.4316357 ] } },
{ "type": "Feature", "properties": { "osm_id": 8636244675, "shop_type": "supermarket", "name": "Unknown", "lat": 41.3750603, "lon": 2.1728916, "brand": null, "organic": null, "h3_index": "89394461d17ffff" }, "geometry": { "type": "Point", "coordinates": [ 2.1728916, 41.3750603 ] } },
{ "type": "Feature", "properties": { "osm_id": 8651816104, "shop_type": "greengrocer", "name": "Unknown", "lat": 41.4213919, "lon": 2.1416618, "brand": null, "organic": null, "h3_index": "89394460557ffff" }, "geometry": { "type": "Point", "coordinates": [ 2.1416618, 41.4213919 ] } },
{ "type": "Feature", "properties": { "osm_id": 8651816105, "shop_type": "convenience", "name": "Unknown", "lat": 41.4214076, "lon": 2.1417103, "brand": null, "organic": null, "h3_index": "89394460557ffff" }, "geometry": { "type": "Point", "coordinates": [ 2.1417103, 41.4214076 ] } },
{ "type": "Feature", "properties": { "osm_id": 8652122104, "shop_type": "greengrocer", "name": "Unknown", "lat": 41.4244122, "lon": 2.1566149, "brand": null, "organic": null, "h3_index": "89394460523ffff" }, "geometry": { "type": "Point", "coordinates": [ 2.1566149, 41.4244122 ] } },
{ "type": "Feature", "properties": { "osm_id": 8659179791, "shop_type": "greengrocer", "name": "Cal Jesus", "lat": 41.4271008, "lon": 2.1556292, "brand": null, "organic": null, "h3_index": "893944605afffff" }, "geometry": { "type": "Point", "coordinates": [ 2.1556292, 41.4271008 ] } },
{ "type": "Feature", "properties": { "osm_id": 8659203159, "shop_type": "convenience", "name": "Canaan Home", "lat": 41.4265747, "lon": 2.1548349, "brand": null, "organic": null, "h3_index": "89394460533ffff" }, "geometry": { "type": "Point", "coordinates": [ 2.1548349, 41.4265747 ] } },
{ "type": "Feature", "properties": { "osm_id": 8659204806, "shop_type": "greengrocer", "name": "Casa", "lat": 41.4262045, "lon": 2.1544384, "brand": null, "organic": null, "h3_index": "89394460533ffff" }, "geometry": { "type": "Point", "coordinates": [ 2.1544384, 41.4262045 ] } },
{ "type": "Feature", "properties": { "osm_id": 8659204807, "shop_type": "supermarket", "name": "Unknown", "lat": 41.426007, "lon": 2.154229, "brand": null, "organic": null, "h3_index": "89394460533ffff" }, "geometry": { "type": "Point", "coordinates": [ 2.154229, 41.426007 ] } },
{ "type": "Feature", "properties": { "osm_id": 8659204808, "shop_type": "greengrocer", "name": "Unknown", "lat": 41.4258573, "lon": 2.1539016, "brand": null, "organic": null, "h3_index": "89394460533ffff" }, "geometry": { "type": "Point", "coordinates": [ 2.1539016, 41.4258573 ] } },
{ "type": "Feature", "properties": { "osm_id": 8659235621, "shop_type": "greengrocer", "name": "Fruita Dolça", "lat": 41.4274987, "lon": 2.1563669, "brand": null, "organic": null, "h3_index": "89394460537ffff" }, "geometry": { "type": "Point", "coordinates": [ 2.1563669, 41.4274987 ] } },
{ "type": "Feature", "properties": { "osm_id": 8686618295, "shop_type": "convenience", "name": "Carrefour Express", "lat": 41.3956723, "lon": 2.1216516, "brand": "Carrefour Express", "organic": null, "h3_index": "8939446062fffff" }, "geometry": { "type": "Point", "coordinates": [ 2.1216516, 41.3956723 ] } },
{ "type": "Feature", "properties": { "osm_id": 8706639057, "shop_type": "convenience", "name": "Wendy Store", "lat": 41.4239525, "lon": 2.1549576, "brand": null, "organic": null, "h3_index": "89394460523ffff" }, "geometry": { "type": "Point", "coordinates": [ 2.1549576, 41.4239525 ] } },
{ "type": "Feature", "properties": { "osm_id": 8706666845, "shop_type": "greengrocer", "name": "Unknown", "lat": 41.4217688, "lon": 2.1512922, "brand": null, "organic": null, "h3_index": "8939446053bffff" }, "geometry": { "type": "Point", "coordinates": [ 2.1512922, 41.4217688 ] } },
{ "type": "Feature", "properties": { "osm_id": 8706666847, "shop_type": "supermarket", "name": "Condis", "lat": 41.4220727, "lon": 2.1518709, "brand": "Condis", "organic": null, "h3_index": "8939446053bffff" }, "geometry": { "type": "Point", "coordinates": [ 2.1518709, 41.4220727 ] } },
{ "type": "Feature", "properties": { "osm_id": 8706758998, "shop_type": "bakery", "name": "Macxipa", "lat": 41.4240382, "lon": 2.1554193, "brand": null, "organic": null, "h3_index": "89394460523ffff" }, "geometry": { "type": "Point", "coordinates": [ 2.1554193, 41.4240382 ] } },
{ "type": "Feature", "properties": { "osm_id": 8706759003, "shop_type": "supermarket", "name": "Condis", "lat": 41.4241304, "lon": 2.1555737, "brand": "Condis", "organic": null, "h3_index": "89394460523ffff" }, "geometry": { "type": "Point", "coordinates": [ 2.1555737, 41.4241304 ] } },
{ "type": "Feature", "properties": { "osm_id": 8706839173, "shop_type": "bakery", "name": "Macxipa", "lat": 41.4259941, "lon": 2.1544407, "brand": null, "organic": null, "h3_index": "89394460533ffff" }, "geometry": { "type": "Point", "coordinates": [ 2.1544407, 41.4259941 ] } },
{ "type": "Feature", "properties": { "osm_id": 8706844760, "shop_type": "butcher", "name": "Unknown", "lat": 41.4249382, "lon": 2.155123, "brand": null, "organic": null, "h3_index": "89394460533ffff" }, "geometry": { "type": "Point", "coordinates": [ 2.155123, 41.4249382 ] } },
{ "type": "Feature", "properties": { "osm_id": 8706851062, "shop_type": "supermarket", "name": "Unknown", "lat": 41.4255359, "lon": 2.1554212, "brand": null, "organic": null, "h3_index": "89394460533ffff" }, "geometry": { "type": "Point", "coordinates": [ 2.1554212, 41.4255359 ] } },
{ "type": "Feature", "properties": { "osm_id": 8709742448, "shop_type": "butcher", "name": "Unknown", "lat": 41.4248044, "lon": 2.1557758, "brand": null, "organic": null, "h3_index": "89394460523ffff" }, "geometry": { "type": "Point", "coordinates": [ 2.1557758, 41.4248044 ] } },
{ "type": "Feature", "properties": { "osm_id": 8709754529, "shop_type": "supermarket", "name": "Unknown", "lat": 41.4252722, "lon": 2.1545442, "brand": null, "organic": null, "h3_index": "89394460533ffff" }, "geometry": { "type": "Point", "coordinates": [ 2.1545442, 41.4252722 ] } },
{ "type": "Feature", "properties": { "osm_id": 8709834292, "shop_type": "bakery", "name": "Farina & Sons", "lat": 41.4266942, "lon": 2.1551829, "brand": null, "organic": null, "h3_index": "89394460533ffff" }, "geometry": { "type": "Point", "coordinates": [ 2.1551829, 41.4266942 ] } },
{ "type": "Feature", "properties": { "osm_id": 8709834299, "shop_type": "supermarket", "name": "Carrefour", "lat": 41.426654, "lon": 2.1551434, "brand": "Carrefour", "organic": null, "h3_index": "89394460533ffff" }, "geometry": { "type": "Point", "coordinates": [ 2.1551434, 41.426654 ] } },
{ "type": "Feature", "properties": { "osm_id": 8709834309, "shop_type": "butcher", "name": "Unknown", "lat": 41.4262497, "lon": 2.1547368, "brand": null, "organic": null, "h3_index": "89394460533ffff" }, "geometry": { "type": "Point", "coordinates": [ 2.1547368, 41.4262497 ] } },
{ "type": "Feature", "properties": { "osm_id": 8709834314, "shop_type": "supermarket", "name": "Unknown", "lat": 41.4267539, "lon": 2.1552676, "brand": null, "organic": null, "h3_index": "89394460533ffff" }, "geometry": { "type": "Point", "coordinates": [ 2.1552676, 41.4267539 ] } },
{ "type": "Feature", "properties": { "osm_id": 8709863489, "shop_type": "supermarket", "name": "Condis", "lat": 41.4265804, "lon": 2.1572699, "brand": "Condis", "organic": null, "h3_index": "89394460537ffff" }, "geometry": { "type": "Point", "coordinates": [ 2.1572699, 41.4265804 ] } },
{ "type": "Feature", "properties": { "osm_id": 8709863493, "shop_type": "bakery", "name": "Granier", "lat": 41.4271222, "lon": 2.1559426, "brand": null, "organic": null, "h3_index": "89394460537ffff" }, "geometry": { "type": "Point", "coordinates": [ 2.1559426, 41.4271222 ] } },
{ "type": "Feature", "properties": { "osm_id": 8709863508, "shop_type": "greengrocer", "name": "Unknown", "lat": 41.4270606, "lon": 2.157183, "brand": null, "organic": null, "h3_index": "89394460537ffff" }, "geometry": { "type": "Point", "coordinates": [ 2.157183, 41.4270606 ] } },
{ "type": "Feature", "properties": { "osm_id": 8731092116, "shop_type": "supermarket", "name": "Condis", "lat": 41.4207285, "lon": 2.155784, "brand": "Condis", "organic": null, "h3_index": "8939446052bffff" }, "geometry": { "type": "Point", "coordinates": [ 2.155784, 41.4207285 ] } },
{ "type": "Feature", "properties": { "osm_id": 8731121821, "shop_type": "greengrocer", "name": "Unknown", "lat": 41.4216756, "lon": 2.1554576, "brand": null, "organic": null, "h3_index": "8939446052bffff" }, "geometry": { "type": "Point", "coordinates": [ 2.1554576, 41.4216756 ] } },
{ "type": "Feature", "properties": { "osm_id": 8731130004, "shop_type": "convenience", "name": "Unknown", "lat": 41.4208615, "lon": 2.1553608, "brand": null, "organic": null, "h3_index": "8939446052bffff" }, "geometry": { "type": "Point", "coordinates": [ 2.1553608, 41.4208615 ] } },
{ "type": "Feature", "properties": { "osm_id": 8731130009, "shop_type": "greengrocer", "name": "Unknown", "lat": 41.4206092, "lon": 2.1565851, "brand": null, "organic": null, "h3_index": "8939446052bffff" }, "geometry": { "type": "Point", "coordinates": [ 2.1565851, 41.4206092 ] } },
{ "type": "Feature", "properties": { "osm_id": 8731218121, "shop_type": "greengrocer", "name": "Unknown", "lat": 41.4202823, "lon": 2.1547766, "brand": null, "organic": null, "h3_index": "8939446052bffff" }, "geometry": { "type": "Point", "coordinates": [ 2.1547766, 41.4202823 ] } },
{ "type": "Feature", "properties": { "osm_id": 8731226580, "shop_type": "supermarket", "name": "Unknown", "lat": 41.4220761, "lon": 2.1554545, "brand": null, "organic": null, "h3_index": "89394460523ffff" }, "geometry": { "type": "Point", "coordinates": [ 2.1554545, 41.4220761 ] } },
{ "type": "Feature", "properties": { "osm_id": 8731226589, "shop_type": "butcher", "name": "Unknown", "lat": 41.4218055, "lon": 2.1554126, "brand": null, "organic": null, "h3_index": "8939446052bffff" }, "geometry": { "type": "Point", "coordinates": [ 2.1554126, 41.4218055 ] } },
{ "type": "Feature", "properties": { "osm_id": 8731226610, "shop_type": "convenience", "name": "Unknown", "lat": 41.422111, "lon": 2.1547664, "brand": null, "organic": null, "h3_index": "8939446052bffff" }, "geometry": { "type": "Point", "coordinates": [ 2.1547664, 41.422111 ] } },
{ "type": "Feature", "properties": { "osm_id": 8731289412, "shop_type": "greengrocer", "name": "Unknown", "lat": 41.4232272, "lon": 2.1546606, "brand": null, "organic": null, "h3_index": "89394460523ffff" }, "geometry": { "type": "Point", "coordinates": [ 2.1546606, 41.4232272 ] } },
{ "type": "Feature", "properties": { "osm_id": 8731305832, "shop_type": "supermarket", "name": "Unknown", "lat": 41.4233188, "lon": 2.1546068, "brand": null, "organic": null, "h3_index": "89394460523ffff" }, "geometry": { "type": "Point", "coordinates": [ 2.1546068, 41.4233188 ] } },
{ "type": "Feature", "properties": { "osm_id": 8733199336, "shop_type": "bakery", "name": "Unknown", "lat": 41.4230986, "lon": 2.1580446, "brand": null, "organic": null, "h3_index": "89394460523ffff" }, "geometry": { "type": "Point", "coordinates": [ 2.1580446, 41.4230986 ] } },
{ "type": "Feature", "properties": { "osm_id": 8733199341, "shop_type": "convenience", "name": "Unknown", "lat": 41.4241568, "lon": 2.1578365, "brand": null, "organic": null, "h3_index": "89394460523ffff" }, "geometry": { "type": "Point", "coordinates": [ 2.1578365, 41.4241568 ] } },
{ "type": "Feature", "properties": { "osm_id": 8742046653, "shop_type": "convenience", "name": "Super Mercat", "lat": 41.3918668, "lon": 2.1787725, "brand": null, "organic": null, "h3_index": "89394460e03ffff" }, "geometry": { "type": "Point", "coordinates": [ 2.1787725, 41.3918668 ] } },
{ "type": "Feature", "properties": { "osm_id": 8742850600, "shop_type": "supermarket", "name": "Caprabo", "lat": 41.4023957, "lon": 2.1354917, "brand": "Caprabo", "organic": null, "h3_index": "89394460003ffff" }, "geometry": { "type": "Point", "coordinates": [ 2.1354917, 41.4023957 ] } },
{ "type": "Feature", "properties": { "osm_id": 8749204637, "shop_type": "supermarket", "name": "Caprabo", "lat": 41.3752524, "lon": 2.1373768, "brand": "Caprabo", "organic": null, "h3_index": "89394461c93ffff" }, "geometry": { "type": "Point", "coordinates": [ 2.1373768, 41.3752524 ] } },
{ "type": "Feature", "properties": { "osm_id": 8753554317, "shop_type": "bakery", "name": "Santagloria", "lat": 41.4061807, "lon": 2.1629545, "brand": null, "organic": null, "h3_index": "8939446010bffff" }, "geometry": { "type": "Point", "coordinates": [ 2.1629545, 41.4061807 ] } },
{ "type": "Feature", "properties": { "osm_id": 8753554417, "shop_type": "supermarket", "name": "Català & Kamala", "lat": 41.3949556, "lon": 2.1660567, "brand": null, "organic": null, "h3_index": "89394460ed3ffff" }, "geometry": { "type": "Point", "coordinates": [ 2.1660567, 41.3949556 ] } },
{ "type": "Feature", "properties": { "osm_id": 8765324707, "shop_type": "bakery", "name": "Pastelería Bocí", "lat": 41.4013222, "lon": 2.1483751, "brand": null, "organic": null, "h3_index": "8939446002fffff" }, "geometry": { "type": "Point", "coordinates": [ 2.1483751, 41.4013222 ] } },
{ "type": "Feature", "properties": { "osm_id": 8820626628, "shop_type": "bakery", "name": "La Reposada", "lat": 41.398975, "lon": 2.1535772, "brand": null, "organic": null, "h3_index": "8939446014bffff" }, "geometry": { "type": "Point", "coordinates": [ 2.1535772, 41.398975 ] } },
{ "type": "Feature", "properties": { "osm_id": 8823428909, "shop_type": "bakery", "name": "Macxipa", "lat": 41.3991037, "lon": 2.1534304, "brand": null, "organic": null, "h3_index": "8939446014bffff" }, "geometry": { "type": "Point", "coordinates": [ 2.1534304, 41.3991037 ] } },
{ "type": "Feature", "properties": { "osm_id": 8841184246, "shop_type": "bakery", "name": "El Fornet", "lat": 41.3949982, "lon": 2.1544355, "brand": null, "organic": null, "h3_index": "89394460387ffff" }, "geometry": { "type": "Point", "coordinates": [ 2.1544355, 41.3949982 ] } },
{ "type": "Feature", "properties": { "osm_id": 8867317717, "shop_type": "supermarket", "name": "Aliprox", "lat": 41.3737588, "lon": 2.1413574, "brand": null, "organic": null, "h3_index": "89394461c87ffff" }, "geometry": { "type": "Point", "coordinates": [ 2.1413574, 41.3737588 ] } },
{ "type": "Feature", "properties": { "osm_id": 8900205217, "shop_type": "convenience", "name": "Euro Super Mercat", "lat": 41.3949238, "lon": 2.1508827, "brand": null, "organic": null, "h3_index": "89394460383ffff" }, "geometry": { "type": "Point", "coordinates": [ 2.1508827, 41.3949238 ] } },
{ "type": "Feature", "properties": { "osm_id": 8903573459, "shop_type": "bakery", "name": "El Fornet", "lat": 41.3949884, "lon": 2.1507931, "brand": null, "organic": null, "h3_index": "89394460383ffff" }, "geometry": { "type": "Point", "coordinates": [ 2.1507931, 41.3949884 ] } },
{ "type": "Feature", "properties": { "osm_id": 8923161317, "shop_type": "supermarket", "name": "Dia%", "lat": 41.3631128, "lon": 2.1393169, "brand": null, "organic": null, "h3_index": "89394461c0bffff" }, "geometry": { "type": "Point", "coordinates": [ 2.1393169, 41.3631128 ] } },
{ "type": "Feature", "properties": { "osm_id": 8930343019, "shop_type": "convenience", "name": "Mini Supermercat", "lat": 41.3868747, "lon": 2.1621788, "brand": null, "organic": null, "h3_index": "89394460323ffff" }, "geometry": { "type": "Point", "coordinates": [ 2.1621788, 41.3868747 ] } },
{ "type": "Feature", "properties": { "osm_id": 8933868918, "shop_type": "supermarket", "name": "ALDI", "lat": 41.3971217, "lon": 2.1779771, "brand": "ALDI", "organic": null, "h3_index": "89394460e8fffff" }, "geometry": { "type": "Point", "coordinates": [ 2.1779771, 41.3971217 ] } },
{ "type": "Feature", "properties": { "osm_id": 8933869417, "shop_type": "supermarket", "name": "Mi Alcampo", "lat": 41.3821997, "lon": 2.1812818, "brand": null, "organic": null, "h3_index": "89394460e7bffff" }, "geometry": { "type": "Point", "coordinates": [ 2.1812818, 41.3821997 ] } },
{ "type": "Feature", "properties": { "osm_id": 8937707716, "shop_type": "supermarket", "name": "Aldi", "lat": 41.3854393, "lon": 2.160064, "brand": "Aldi", "organic": null, "h3_index": "8939446033bffff" }, "geometry": { "type": "Point", "coordinates": [ 2.160064, 41.3854393 ] } },
{ "type": "Feature", "properties": { "osm_id": 8939342338, "shop_type": "bakery", "name": "Forn La Llibreria", "lat": 41.3867976, "lon": 2.1617126, "brand": null, "organic": null, "h3_index": "89394460323ffff" }, "geometry": { "type": "Point", "coordinates": [ 2.1617126, 41.3867976 ] } },
{ "type": "Feature", "properties": { "osm_id": 8939342339, "shop_type": "convenience", "name": "Basar Amic", "lat": 41.3869676, "lon": 2.1610668, "brand": null, "organic": null, "h3_index": "89394460333ffff" }, "geometry": { "type": "Point", "coordinates": [ 2.1610668, 41.3869676 ] } },
{ "type": "Feature", "properties": { "osm_id": 8957916977, "shop_type": "supermarket", "name": "Coaliment", "lat": 41.3610405, "lon": 2.1402282, "brand": "Coaliment", "organic": null, "h3_index": "89394461c47ffff" }, "geometry": { "type": "Point", "coordinates": [ 2.1402282, 41.3610405 ] } },
{ "type": "Feature", "properties": { "osm_id": 8962202817, "shop_type": "supermarket", "name": "Condis", "lat": 41.4018957, "lon": 2.1598688, "brand": "Condis", "organic": null, "h3_index": "89394460147ffff" }, "geometry": { "type": "Point", "coordinates": [ 2.1598688, 41.4018957 ] } },
{ "type": "Feature", "properties": { "osm_id": 8962202917, "shop_type": "greengrocer", "name": "Per Pebrots", "lat": 41.401632, "lon": 2.1594632, "brand": null, "organic": "yes", "h3_index": "89394460147ffff" }, "geometry": { "type": "Point", "coordinates": [ 2.1594632, 41.401632 ] } },
{ "type": "Feature", "properties": { "osm_id": 8985142417, "shop_type": "supermarket", "name": "Dia", "lat": 41.3847429, "lon": 2.1372331, "brand": "Dia", "organic": null, "h3_index": "89394460237ffff" }, "geometry": { "type": "Point", "coordinates": [ 2.1372331, 41.3847429 ] } },
{ "type": "Feature", "properties": { "osm_id": 9015046527, "shop_type": "butcher", "name": "Al Punt Carnisseria", "lat": 41.4005497, "lon": 2.1531433, "brand": null, "organic": null, "h3_index": "8939446015bffff" }, "geometry": { "type": "Point", "coordinates": [ 2.1531433, 41.4005497 ] } },
{ "type": "Feature", "properties": { "osm_id": 9025544417, "shop_type": "supermarket", "name": "Coaliment", "lat": 41.3895942, "lon": 2.1544728, "brand": null, "organic": null, "h3_index": "89394460317ffff" }, "geometry": { "type": "Point", "coordinates": [ 2.1544728, 41.3895942 ] } },
{ "type": "Feature", "properties": { "osm_id": 9055611773, "shop_type": "butcher", "name": "Carnissería Esteve", "lat": 41.3967266, "lon": 2.148673, "brand": null, "organic": null, "h3_index": "89394460393ffff" }, "geometry": { "type": "Point", "coordinates": [ 2.148673, 41.3967266 ] } },
{ "type": "Feature", "properties": { "osm_id": 9106100000, "shop_type": "convenience", "name": "Cibus Italia (Supermercat Italià)", "lat": 41.3949272, "lon": 2.1666853, "brand": null, "organic": null, "h3_index": "89394460ed3ffff" }, "geometry": { "type": "Point", "coordinates": [ 2.1666853, 41.3949272 ] } },
{ "type": "Feature", "properties": { "osm_id": 9120867117, "shop_type": "bakery", "name": "Farina & sons", "lat": 41.4079109, "lon": 2.1740328, "brand": null, "organic": null, "h3_index": "89394460123ffff" }, "geometry": { "type": "Point", "coordinates": [ 2.1740328, 41.4079109 ] } },
{ "type": "Feature", "properties": { "osm_id": 9138108917, "shop_type": "supermarket", "name": "Bonpreu", "lat": 41.3859747, "lon": 2.1387727, "brand": "Bonpreu", "organic": null, "h3_index": "893944603cbffff" }, "geometry": { "type": "Point", "coordinates": [ 2.1387727, 41.3859747 ] } },
{ "type": "Feature", "properties": { "osm_id": 9138108918, "shop_type": "supermarket", "name": "Aldi", "lat": 41.3858499, "lon": 2.137747, "brand": "Aldi", "organic": null, "h3_index": "89394460237ffff" }, "geometry": { "type": "Point", "coordinates": [ 2.137747, 41.3858499 ] } },
{ "type": "Feature", "properties": { "osm_id": 9138260218, "shop_type": "convenience", "name": "Trady Station", "lat": 41.3797458, "lon": 2.1391217, "brand": null, "organic": null, "h3_index": "8939446022fffff" }, "geometry": { "type": "Point", "coordinates": [ 2.1391217, 41.3797458 ] } },
{ "type": "Feature", "properties": { "osm_id": 9138294720, "shop_type": "supermarket", "name": "BonÀrea", "lat": 41.381139, "lon": 2.1477278, "brand": "BonÀrea", "organic": null, "h3_index": "89394460347ffff" }, "geometry": { "type": "Point", "coordinates": [ 2.1477278, 41.381139 ] } },
{ "type": "Feature", "properties": { "osm_id": 9139940345, "shop_type": "supermarket", "name": "Aldi", "lat": 41.3853519, "lon": 2.1370047, "brand": "Aldi", "organic": null, "h3_index": "89394460237ffff" }, "geometry": { "type": "Point", "coordinates": [ 2.1370047, 41.3853519 ] } },
{ "type": "Feature", "properties": { "osm_id": 9195617778, "shop_type": "supermarket", "name": "Germinal | Herbolari , Complements i Cosmètica Natural", "lat": 41.3996725, "lon": 2.1682498, "brand": "Núria Camps®", "organic": "only", "h3_index": "89394460163ffff" }, "geometry": { "type": "Point", "coordinates": [ 2.1682498, 41.3996725 ] } },
{ "type": "Feature", "properties": { "osm_id": 9195917803, "shop_type": "supermarket", "name": "Lidl", "lat": 41.3887397, "lon": 2.1757495, "brand": "Lidl", "organic": null, "h3_index": "89394460e57ffff" }, "geometry": { "type": "Point", "coordinates": [ 2.1757495, 41.3887397 ] } },
{ "type": "Feature", "properties": { "osm_id": 9209379339, "shop_type": "bakery", "name": "Macxipa", "lat": 41.3951637, "lon": 2.1482986, "brand": null, "organic": null, "h3_index": "89394460383ffff" }, "geometry": { "type": "Point", "coordinates": [ 2.1482986, 41.3951637 ] } },
{ "type": "Feature", "properties": { "osm_id": 9230750654, "shop_type": "bakery", "name": "365 Obrador", "lat": 41.3940745, "lon": 2.1761554, "brand": null, "organic": null, "h3_index": "89394460ec7ffff" }, "geometry": { "type": "Point", "coordinates": [ 2.1761554, 41.3940745 ] } },
{ "type": "Feature", "properties": { "osm_id": 9233229730, "shop_type": "greengrocer", "name": "Sucs", "lat": 41.3828983, "lon": 2.1821706, "brand": null, "organic": null, "h3_index": "89394460e7bffff" }, "geometry": { "type": "Point", "coordinates": [ 2.1821706, 41.3828983 ] } },
{ "type": "Feature", "properties": { "osm_id": 9235016411, "shop_type": "greengrocer", "name": "Camarasa", "lat": 41.3962729, "lon": 2.143055, "brand": null, "organic": null, "h3_index": "89394460067ffff" }, "geometry": { "type": "Point", "coordinates": [ 2.143055, 41.3962729 ] } },
{ "type": "Feature", "properties": { "osm_id": 9235016412, "shop_type": "bakery", "name": "L'Obrador", "lat": 41.3970447, "lon": 2.1441886, "brand": null, "organic": null, "h3_index": "89394460067ffff" }, "geometry": { "type": "Point", "coordinates": [ 2.1441886, 41.3970447 ] } },
{ "type": "Feature", "properties": { "osm_id": 9235057507, "shop_type": "bakery", "name": "Laia", "lat": 41.3953695, "lon": 2.1442419, "brand": null, "organic": null, "h3_index": "8939446039bffff" }, "geometry": { "type": "Point", "coordinates": [ 2.1442419, 41.3953695 ] } },
{ "type": "Feature", "properties": { "osm_id": 9235066006, "shop_type": "supermarket", "name": "Coaliment", "lat": 41.3948658, "lon": 2.1478583, "brand": null, "organic": null, "h3_index": "89394460383ffff" }, "geometry": { "type": "Point", "coordinates": [ 2.1478583, 41.3948658 ] } },
{ "type": "Feature", "properties": { "osm_id": 9236150774, "shop_type": "butcher", "name": "Born Halal", "lat": 41.3873987, "lon": 2.1805757, "brand": null, "organic": null, "h3_index": "89394460e73ffff" }, "geometry": { "type": "Point", "coordinates": [ 2.1805757, 41.3873987 ] } },
{ "type": "Feature", "properties": { "osm_id": 9236150776, "shop_type": "supermarket", "name": "Covirán", "lat": 41.3863718, "lon": 2.1800414, "brand": "Covirán", "organic": null, "h3_index": "89394460e73ffff" }, "geometry": { "type": "Point", "coordinates": [ 2.1800414, 41.3863718 ] } },
{ "type": "Feature", "properties": { "osm_id": 9236150782, "shop_type": "greengrocer", "name": "Tropical", "lat": 41.3873906, "lon": 2.1804539, "brand": null, "organic": null, "h3_index": "89394460e73ffff" }, "geometry": { "type": "Point", "coordinates": [ 2.1804539, 41.3873906 ] } },
{ "type": "Feature", "properties": { "osm_id": 9237843941, "shop_type": "butcher", "name": "Xarcuteria", "lat": 41.3842329, "lon": 2.1641462, "brand": null, "organic": null, "h3_index": "8939446032fffff" }, "geometry": { "type": "Point", "coordinates": [ 2.1641462, 41.3842329 ] } },
{ "type": "Feature", "properties": { "osm_id": 9237843942, "shop_type": "supermarket", "name": "Aldi", "lat": 41.3851898, "lon": 2.165215, "brand": "Aldi", "organic": null, "h3_index": "8939446032fffff" }, "geometry": { "type": "Point", "coordinates": [ 2.165215, 41.3851898 ] } },
{ "type": "Feature", "properties": { "osm_id": 9237881397, "shop_type": "convenience", "name": "Carrefour Express", "lat": 41.3850597, "lon": 2.1619927, "brand": "Carrefour Express", "organic": null, "h3_index": "89394460323ffff" }, "geometry": { "type": "Point", "coordinates": [ 2.1619927, 41.3850597 ] } },
{ "type": "Feature", "properties": { "osm_id": 9238181397, "shop_type": "butcher", "name": "Escofet Oliver", "lat": 41.3889133, "lon": 2.1543354, "brand": null, "organic": null, "h3_index": "89394460317ffff" }, "geometry": { "type": "Point", "coordinates": [ 2.1543354, 41.3889133 ] } },
{ "type": "Feature", "properties": { "osm_id": 9238181399, "shop_type": "bakery", "name": "Macxipa", "lat": 41.3888742, "lon": 2.1543918, "brand": null, "organic": null, "h3_index": "89394460317ffff" }, "geometry": { "type": "Point", "coordinates": [ 2.1543918, 41.3888742 ] } },
{ "type": "Feature", "properties": { "osm_id": 9238181401, "shop_type": "supermarket", "name": "EsNaturalBcn", "lat": 41.3880256, "lon": 2.1555065, "brand": null, "organic": "only", "h3_index": "89394460307ffff" }, "geometry": { "type": "Point", "coordinates": [ 2.1555065, 41.3880256 ] } },
{ "type": "Feature", "properties": { "osm_id": 9238181402, "shop_type": "butcher", "name": "mónibèric", "lat": 41.3882763, "lon": 2.155407, "brand": null, "organic": null, "h3_index": "89394460307ffff" }, "geometry": { "type": "Point", "coordinates": [ 2.155407, 41.3882763 ] } },
{ "type": "Feature", "properties": { "osm_id": 9238446768, "shop_type": "supermarket", "name": "Dia", "lat": 41.3909216, "lon": 2.1771049, "brand": "Dia", "organic": null, "h3_index": "89394460e1bffff" }, "geometry": { "type": "Point", "coordinates": [ 2.1771049, 41.3909216 ] } },
{ "type": "Feature", "properties": { "osm_id": 9240224981, "shop_type": "greengrocer", "name": "Unknown", "lat": 41.3871334, "lon": 2.1777038, "brand": null, "organic": null, "h3_index": "89394460e47ffff" }, "geometry": { "type": "Point", "coordinates": [ 2.1777038, 41.3871334 ] } },
{ "type": "Feature", "properties": { "osm_id": 9241570023, "shop_type": "supermarket", "name": "Condis", "lat": 41.3865857, "lon": 2.1824262, "brand": "Condis", "organic": null, "h3_index": "89394460e73ffff" }, "geometry": { "type": "Point", "coordinates": [ 2.1824262, 41.3865857 ] } },
{ "type": "Feature", "properties": { "osm_id": 9243739468, "shop_type": "convenience", "name": "Coaliment", "lat": 41.3869503, "lon": 2.1424951, "brand": null, "organic": null, "h3_index": "893944603c3ffff" }, "geometry": { "type": "Point", "coordinates": [ 2.1424951, 41.3869503 ] } },
{ "type": "Feature", "properties": { "osm_id": 9282814966, "shop_type": "convenience", "name": "Condis Express", "lat": 41.3831822, "lon": 2.1638999, "brand": "Condis", "organic": null, "h3_index": "8939446032fffff" }, "geometry": { "type": "Point", "coordinates": [ 2.1638999, 41.3831822 ] } },
{ "type": "Feature", "properties": { "osm_id": 9324812868, "shop_type": "bakery", "name": "Fresco Sweets & Bakers", "lat": 41.3796253, "lon": 2.1673886, "brand": null, "organic": null, "h3_index": "89394461d83ffff" }, "geometry": { "type": "Point", "coordinates": [ 2.1673886, 41.3796253 ] } },
{ "type": "Feature", "properties": { "osm_id": 9336205817, "shop_type": "supermarket", "name": "Súper Mercado Toro", "lat": 41.3818026, "lon": 2.1786682, "brand": null, "organic": null, "h3_index": "89394461db7ffff" }, "geometry": { "type": "Point", "coordinates": [ 2.1786682, 41.3818026 ] } },
{ "type": "Feature", "properties": { "osm_id": 9351229145, "shop_type": "convenience", "name": "Supermercat Luna", "lat": 41.3901081, "lon": 2.160105, "brand": null, "organic": null, "h3_index": "893944603abffff" }, "geometry": { "type": "Point", "coordinates": [ 2.160105, 41.3901081 ] } },
{ "type": "Feature", "properties": { "osm_id": 9351261435, "shop_type": "convenience", "name": "Unknown", "lat": 41.3817981, "lon": 2.1491285, "brand": null, "organic": null, "h3_index": "89394460347ffff" }, "geometry": { "type": "Point", "coordinates": [ 2.1491285, 41.3817981 ] } },
{ "type": "Feature", "properties": { "osm_id": 9351261436, "shop_type": "bakery", "name": "Pannia", "lat": 41.3808341, "lon": 2.1472241, "brand": null, "organic": null, "h3_index": "89394460343ffff" }, "geometry": { "type": "Point", "coordinates": [ 2.1472241, 41.3808341 ] } },
{ "type": "Feature", "properties": { "osm_id": 9351266004, "shop_type": "greengrocer", "name": "Bona Fruita", "lat": 41.3875762, "lon": 2.1562845, "brand": null, "organic": null, "h3_index": "89394460307ffff" }, "geometry": { "type": "Point", "coordinates": [ 2.1562845, 41.3875762 ] } },
{ "type": "Feature", "properties": { "osm_id": 9351266005, "shop_type": "supermarket", "name": "Unknown", "lat": 41.3858301, "lon": 2.1544324, "brand": null, "organic": null, "h3_index": "8939446030fffff" }, "geometry": { "type": "Point", "coordinates": [ 2.1544324, 41.3858301 ] } },
{ "type": "Feature", "properties": { "osm_id": 9351282556, "shop_type": "bakery", "name": "Delicious", "lat": 41.3823395, "lon": 2.1498171, "brand": null, "organic": null, "h3_index": "89394460347ffff" }, "geometry": { "type": "Point", "coordinates": [ 2.1498171, 41.3823395 ] } },
{ "type": "Feature", "properties": { "osm_id": 9351295186, "shop_type": "convenience", "name": "Everest Supermercat", "lat": 41.383622, "lon": 2.1515523, "brand": null, "organic": null, "h3_index": "8939446030bffff" }, "geometry": { "type": "Point", "coordinates": [ 2.1515523, 41.383622 ] } },
{ "type": "Feature", "properties": { "osm_id": 9351296761, "shop_type": "convenience", "name": "Unknown", "lat": 41.3812291, "lon": 2.1487622, "brand": null, "organic": null, "h3_index": "89394460347ffff" }, "geometry": { "type": "Point", "coordinates": [ 2.1487622, 41.3812291 ] } },
{ "type": "Feature", "properties": { "osm_id": 9351298468, "shop_type": "convenience", "name": "Supermercat 24h", "lat": 41.3905125, "lon": 2.1608418, "brand": null, "organic": null, "h3_index": "893944603afffff" }, "geometry": { "type": "Point", "coordinates": [ 2.1608418, 41.3905125 ] } },
{ "type": "Feature", "properties": { "osm_id": 9351298471, "shop_type": "greengrocer", "name": "Unknown", "lat": 41.3819953, "lon": 2.1493768, "brand": null, "organic": null, "h3_index": "89394460347ffff" }, "geometry": { "type": "Point", "coordinates": [ 2.1493768, 41.3819953 ] } },
{ "type": "Feature", "properties": { "osm_id": 9351303074, "shop_type": "convenience", "name": "GP Morgon", "lat": 41.388274, "lon": 2.1576673, "brand": null, "organic": null, "h3_index": "89394460307ffff" }, "geometry": { "type": "Point", "coordinates": [ 2.1576673, 41.388274 ] } },
{ "type": "Feature", "properties": { "osm_id": 9351330667, "shop_type": "bakery", "name": "Jhanos", "lat": 41.3707319, "lon": 2.1439503, "brand": null, "organic": null, "h3_index": "89394461c17ffff" }, "geometry": { "type": "Point", "coordinates": [ 2.1439503, 41.3707319 ] } },
{ "type": "Feature", "properties": { "osm_id": 9388820892, "shop_type": "supermarket", "name": "Coaliment", "lat": 41.3778863, "lon": 2.1165364, "brand": "Coaliment", "organic": null, "h3_index": "89394460253ffff" }, "geometry": { "type": "Point", "coordinates": [ 2.1165364, 41.3778863 ] } },
{ "type": "Feature", "properties": { "osm_id": 9417321118, "shop_type": "bakery", "name": "Macxipa", "lat": 41.3958053, "lon": 2.1523376, "brand": null, "organic": null, "h3_index": "89394460387ffff" }, "geometry": { "type": "Point", "coordinates": [ 2.1523376, 41.3958053 ] } },
{ "type": "Feature", "properties": { "osm_id": 9421597217, "shop_type": "convenience", "name": "Proxim", "lat": 41.3790929, "lon": 2.1720008, "brand": null, "organic": null, "h3_index": "89394461d87ffff" }, "geometry": { "type": "Point", "coordinates": [ 2.1720008, 41.3790929 ] } },
{ "type": "Feature", "properties": { "osm_id": 9466735254, "shop_type": "butcher", "name": "Los Peces Hermanos", "lat": 41.359006, "lon": 2.1426798, "brand": null, "organic": null, "h3_index": "89394461c7bffff" }, "geometry": { "type": "Point", "coordinates": [ 2.1426798, 41.359006 ] } },
{ "type": "Feature", "properties": { "osm_id": 9466816162, "shop_type": "convenience", "name": "Coaliment", "lat": 41.3803705, "lon": 2.1535042, "brand": null, "organic": null, "h3_index": "89394460373ffff" }, "geometry": { "type": "Point", "coordinates": [ 2.1535042, 41.3803705 ] } },
{ "type": "Feature", "properties": { "osm_id": 9466854647, "shop_type": "greengrocer", "name": "La botiga del Bayo", "lat": 41.3785938, "lon": 2.1515795, "brand": null, "organic": null, "h3_index": "8939446037bffff" }, "geometry": { "type": "Point", "coordinates": [ 2.1515795, 41.3785938 ] } },
{ "type": "Feature", "properties": { "osm_id": 9466872812, "shop_type": "greengrocer", "name": "Unknown", "lat": 41.3789254, "lon": 2.1519956, "brand": null, "organic": null, "h3_index": "8939446037bffff" }, "geometry": { "type": "Point", "coordinates": [ 2.1519956, 41.3789254 ] } },
{ "type": "Feature", "properties": { "osm_id": 9467049252, "shop_type": "supermarket", "name": "Primaprix", "lat": 41.4032097, "lon": 2.1982348, "brand": "Primaprix", "organic": null, "h3_index": "89394460c6fffff" }, "geometry": { "type": "Point", "coordinates": [ 2.1982348, 41.4032097 ] } },
{ "type": "Feature", "properties": { "osm_id": 9467960663, "shop_type": "convenience", "name": "Euro City", "lat": 41.3953924, "lon": 2.1482436, "brand": null, "organic": null, "h3_index": "89394460383ffff" }, "geometry": { "type": "Point", "coordinates": [ 2.1482436, 41.3953924 ] } },
{ "type": "Feature", "properties": { "osm_id": 9490597622, "shop_type": "butcher", "name": "Charcutería Santy", "lat": 41.3591313, "lon": 2.1415458, "brand": null, "organic": null, "h3_index": "89394461c7bffff" }, "geometry": { "type": "Point", "coordinates": [ 2.1415458, 41.3591313 ] } },
{ "type": "Feature", "properties": { "osm_id": 9522158392, "shop_type": "supermarket", "name": "Condis Express", "lat": 41.420166, "lon": 2.1892741, "brand": "Condis", "organic": null, "h3_index": "89394460c83ffff" }, "geometry": { "type": "Point", "coordinates": [ 2.1892741, 41.420166 ] } },
{ "type": "Feature", "properties": { "osm_id": 9525072047, "shop_type": "greengrocer", "name": "Rocío Discount", "lat": 41.3969308, "lon": 2.1277642, "brand": null, "organic": null, "h3_index": "89394460043ffff" }, "geometry": { "type": "Point", "coordinates": [ 2.1277642, 41.3969308 ] } },
{ "type": "Feature", "properties": { "osm_id": 9533005179, "shop_type": "greengrocer", "name": "Unknown", "lat": 41.3592033, "lon": 2.1424305, "brand": null, "organic": null, "h3_index": "89394461c7bffff" }, "geometry": { "type": "Point", "coordinates": [ 2.1424305, 41.3592033 ] } },
{ "type": "Feature", "properties": { "osm_id": 9538682370, "shop_type": "greengrocer", "name": "L'Economat Social SCCL", "lat": 41.369503, "lon": 2.1348064, "brand": null, "organic": "only", "h3_index": "89394461cd7ffff" }, "geometry": { "type": "Point", "coordinates": [ 2.1348064, 41.369503 ] } },
{ "type": "Feature", "properties": { "osm_id": 9569023270, "shop_type": "bakery", "name": "Racó de Pedralbes", "lat": 41.3893858, "lon": 2.1229078, "brand": null, "organic": null, "h3_index": "8939446028fffff" }, "geometry": { "type": "Point", "coordinates": [ 2.1229078, 41.3893858 ] } },
{ "type": "Feature", "properties": { "osm_id": 9574771756, "shop_type": "supermarket", "name": "Coaliment Supermercats", "lat": 41.4044669, "lon": 2.1441289, "brand": null, "organic": null, "h3_index": "89394460033ffff" }, "geometry": { "type": "Point", "coordinates": [ 2.1441289, 41.4044669 ] } },
{ "type": "Feature", "properties": { "osm_id": 9584819868, "shop_type": "supermarket", "name": "Bonpreu", "lat": 41.3835857, "lon": 2.1274314, "brand": "Bonpreu", "organic": null, "h3_index": "89394460207ffff" }, "geometry": { "type": "Point", "coordinates": [ 2.1274314, 41.3835857 ] } },
{ "type": "Feature", "properties": { "osm_id": 9605156318, "shop_type": "greengrocer", "name": "Bona Fruita", "lat": 41.3820041, "lon": 2.1272921, "brand": null, "organic": null, "h3_index": "8939446020fffff" }, "geometry": { "type": "Point", "coordinates": [ 2.1272921, 41.3820041 ] } },
{ "type": "Feature", "properties": { "osm_id": 9630521215, "shop_type": "bakery", "name": "Forn Santanach", "lat": 41.3802489, "lon": 2.1514895, "brand": null, "organic": null, "h3_index": "8939446037bffff" }, "geometry": { "type": "Point", "coordinates": [ 2.1514895, 41.3802489 ] } },
{ "type": "Feature", "properties": { "osm_id": 9662751957, "shop_type": "convenience", "name": "Baba Supermercat", "lat": 41.3962489, "lon": 2.1551264, "brand": null, "organic": null, "h3_index": "89394460387ffff" }, "geometry": { "type": "Point", "coordinates": [ 2.1551264, 41.3962489 ] } },
{ "type": "Feature", "properties": { "osm_id": 9676396939, "shop_type": "bakery", "name": "Rovira Forners Patissers", "lat": 41.3708608, "lon": 2.1459847, "brand": null, "organic": null, "h3_index": "89394461cbbffff" }, "geometry": { "type": "Point", "coordinates": [ 2.1459847, 41.3708608 ] } },
{ "type": "Feature", "properties": { "osm_id": 9704184920, "shop_type": "butcher", "name": "El Celler del Pernil", "lat": 41.4097826, "lon": 2.1639852, "brand": null, "organic": null, "h3_index": "89394460117ffff" }, "geometry": { "type": "Point", "coordinates": [ 2.1639852, 41.4097826 ] } },
{ "type": "Feature", "properties": { "osm_id": 9722642217, "shop_type": "greengrocer", "name": "Ecoalimentaria", "lat": 41.4370962, "lon": 2.1577399, "brand": null, "organic": null, "h3_index": "89394462e7bffff" }, "geometry": { "type": "Point", "coordinates": [ 2.1577399, 41.4370962 ] } },
{ "type": "Feature", "properties": { "osm_id": 9734521917, "shop_type": "convenience", "name": "Licencias de apertura Barcelona", "lat": 41.3773323, "lon": 2.1526184, "brand": null, "organic": null, "h3_index": "8939446037bffff" }, "geometry": { "type": "Point", "coordinates": [ 2.1526184, 41.3773323 ] } },
{ "type": "Feature", "properties": { "osm_id": 9738293166, "shop_type": "convenience", "name": "Catalunya Supermercat 2016", "lat": 41.3730869, "lon": 2.1471105, "brand": null, "organic": null, "h3_index": "89394461ca3ffff" }, "geometry": { "type": "Point", "coordinates": [ 2.1471105, 41.3730869 ] } },
{ "type": "Feature", "properties": { "osm_id": 9748092520, "shop_type": "supermarket", "name": "Super Tandy", "lat": 41.4098158, "lon": 2.2099456, "brand": null, "organic": null, "h3_index": "89394460d5bffff" }, "geometry": { "type": "Point", "coordinates": [ 2.2099456, 41.4098158 ] } },
{ "type": "Feature", "properties": { "osm_id": 9748092521, "shop_type": "bakery", "name": "Can Girona", "lat": 41.4096423, "lon": 2.2097123, "brand": null, "organic": null, "h3_index": "89394460d5bffff" }, "geometry": { "type": "Point", "coordinates": [ 2.2097123, 41.4096423 ] } },
{ "type": "Feature", "properties": { "osm_id": 9759334870, "shop_type": "supermarket", "name": "Condis", "lat": 41.3883224, "lon": 2.1441256, "brand": "Condis", "organic": null, "h3_index": "893944603c3ffff" }, "geometry": { "type": "Point", "coordinates": [ 2.1441256, 41.3883224 ] } },
{ "type": "Feature", "properties": { "osm_id": 9759339663, "shop_type": "convenience", "name": "Carrefour Market", "lat": 41.386773, "lon": 2.1752298, "brand": "Carrefour Market", "organic": null, "h3_index": "89394460e57ffff" }, "geometry": { "type": "Point", "coordinates": [ 2.1752298, 41.386773 ] } },
{ "type": "Feature", "properties": { "osm_id": 9766412017, "shop_type": "convenience", "name": "Licencia actividad Barcelona", "lat": 41.3905804, "lon": 2.1614151, "brand": null, "organic": null, "h3_index": "893944603afffff" }, "geometry": { "type": "Point", "coordinates": [ 2.1614151, 41.3905804 ] } },
{ "type": "Feature", "properties": { "osm_id": 9768811517, "shop_type": "bakery", "name": "Risueñ", "lat": 41.4206804, "lon": 2.2049041, "brand": null, "organic": null, "h3_index": "89394460dd3ffff" }, "geometry": { "type": "Point", "coordinates": [ 2.2049041, 41.4206804 ] } },
{ "type": "Feature", "properties": { "osm_id": 9768940518, "shop_type": "bakery", "name": "Bakery Melera", "lat": 41.4222373, "lon": 2.2007563, "brand": null, "organic": null, "h3_index": "89394460cb7ffff" }, "geometry": { "type": "Point", "coordinates": [ 2.2007563, 41.4222373 ] } },
{ "type": "Feature", "properties": { "osm_id": 9768951820, "shop_type": "butcher", "name": "El Rebost de Sant Martí", "lat": 41.4213265, "lon": 2.1988921, "brand": null, "organic": null, "h3_index": "89394460cb7ffff" }, "geometry": { "type": "Point", "coordinates": [ 2.1988921, 41.4213265 ] } },
{ "type": "Feature", "properties": { "osm_id": 9777641120, "shop_type": "supermarket", "name": "Ecolectia", "lat": 41.4043319, "lon": 2.159983, "brand": null, "organic": "only", "h3_index": "8939446010bffff" }, "geometry": { "type": "Point", "coordinates": [ 2.159983, 41.4043319 ] } },
{ "type": "Feature", "properties": { "osm_id": 9777669318, "shop_type": "greengrocer", "name": "Eco d'aquí", "lat": 41.403768, "lon": 2.1558773, "brand": null, "organic": "only", "h3_index": "89394460157ffff" }, "geometry": { "type": "Point", "coordinates": [ 2.1558773, 41.403768 ] } },
{ "type": "Feature", "properties": { "osm_id": 9778245728, "shop_type": "bakery", "name": "El Molí", "lat": 41.3587019, "lon": 2.1429585, "brand": null, "organic": null, "h3_index": "89394461c7bffff" }, "geometry": { "type": "Point", "coordinates": [ 2.1429585, 41.3587019 ] } },
{ "type": "Feature", "properties": { "osm_id": 9782414820, "shop_type": "convenience", "name": "Desatascos Joannet", "lat": 41.4147595, "lon": 2.1878315, "brand": null, "organic": null, "h3_index": "89394460c13ffff" }, "geometry": { "type": "Point", "coordinates": [ 2.1878315, 41.4147595 ] } },
{ "type": "Feature", "properties": { "osm_id": 9782461917, "shop_type": "convenience", "name": "bombas de agua Barcelona", "lat": 41.4160387, "lon": 2.1905541, "brand": null, "organic": null, "h3_index": "89394460c13ffff" }, "geometry": { "type": "Point", "coordinates": [ 2.1905541, 41.4160387 ] } },
{ "type": "Feature", "properties": { "osm_id": 9796858352, "shop_type": "convenience", "name": "Carrefour Express", "lat": 41.3746799, "lon": 2.1545068, "brand": "Carrefour Express", "organic": null, "h3_index": "89394461ca7ffff" }, "geometry": { "type": "Point", "coordinates": [ 2.1545068, 41.3746799 ] } },
{ "type": "Feature", "properties": { "osm_id": 9799002717, "shop_type": "supermarket", "name": "Lidl", "lat": 41.4299646, "lon": 2.1879343, "brand": "Lidl", "organic": null, "h3_index": "89394462a27ffff" }, "geometry": { "type": "Point", "coordinates": [ 2.1879343, 41.4299646 ] } },
{ "type": "Feature", "properties": { "osm_id": 9799248117, "shop_type": "bakery", "name": "SandwiChez", "lat": 41.3900011, "lon": 2.1439157, "brand": null, "organic": null, "h3_index": "893944603d7ffff" }, "geometry": { "type": "Point", "coordinates": [ 2.1439157, 41.3900011 ] } },
{ "type": "Feature", "properties": { "osm_id": 9799264022, "shop_type": "bakery", "name": "Sun Coffee & Bakery", "lat": 41.3876905, "lon": 2.143295, "brand": null, "organic": null, "h3_index": "893944603c3ffff" }, "geometry": { "type": "Point", "coordinates": [ 2.143295, 41.3876905 ] } },
{ "type": "Feature", "properties": { "osm_id": 9800778817, "shop_type": "bakery", "name": "El fornet de'n Rossend", "lat": 41.3835967, "lon": 2.1468922, "brand": null, "organic": null, "h3_index": "89394460357ffff" }, "geometry": { "type": "Point", "coordinates": [ 2.1468922, 41.3835967 ] } },
{ "type": "Feature", "properties": { "osm_id": 9801064517, "shop_type": "convenience", "name": "Unknown", "lat": 41.3879381, "lon": 2.1505062, "brand": null, "organic": null, "h3_index": "89394460313ffff" }, "geometry": { "type": "Point", "coordinates": [ 2.1505062, 41.3879381 ] } },
{ "type": "Feature", "properties": { "osm_id": 9801064519, "shop_type": "convenience", "name": "La Botiga Universal", "lat": 41.3873173, "lon": 2.149787, "brand": null, "organic": null, "h3_index": "8939446031bffff" }, "geometry": { "type": "Point", "coordinates": [ 2.149787, 41.3873173 ] } },
{ "type": "Feature", "properties": { "osm_id": 9801064619, "shop_type": "bakery", "name": "Unknown", "lat": 41.3862693, "lon": 2.1482988, "brand": null, "organic": null, "h3_index": "8939446031bffff" }, "geometry": { "type": "Point", "coordinates": [ 2.1482988, 41.3862693 ] } },
{ "type": "Feature", "properties": { "osm_id": 9801078718, "shop_type": "convenience", "name": "Unknown", "lat": 41.3833415, "lon": 2.1409762, "brand": null, "organic": null, "h3_index": "89394460227ffff" }, "geometry": { "type": "Point", "coordinates": [ 2.1409762, 41.3833415 ] } },
{ "type": "Feature", "properties": { "osm_id": 9801078720, "shop_type": "bakery", "name": "Vivari", "lat": 41.3828911, "lon": 2.1421581, "brand": null, "organic": null, "h3_index": "89394460353ffff" }, "geometry": { "type": "Point", "coordinates": [ 2.1421581, 41.3828911 ] } },
{ "type": "Feature", "properties": { "osm_id": 9801081917, "shop_type": "bakery", "name": "Trigoolas", "lat": 41.3837859, "lon": 2.140402, "brand": null, "organic": null, "h3_index": "893944603cbffff" }, "geometry": { "type": "Point", "coordinates": [ 2.140402, 41.3837859 ] } },
{ "type": "Feature", "properties": { "osm_id": 9801974919, "shop_type": "bakery", "name": "Granier", "lat": 41.3898071, "lon": 2.1486544, "brand": "Granier", "organic": null, "h3_index": "89394460313ffff" }, "geometry": { "type": "Point", "coordinates": [ 2.1486544, 41.3898071 ] } },
{ "type": "Feature", "properties": { "osm_id": 9804605331, "shop_type": "supermarket", "name": "Supermercat", "lat": 41.4059341, "lon": 2.1515968, "brand": null, "organic": null, "h3_index": "893944601cbffff" }, "geometry": { "type": "Point", "coordinates": [ 2.1515968, 41.4059341 ] } },
{ "type": "Feature", "properties": { "osm_id": 9806224918, "shop_type": "convenience", "name": "Unknown", "lat": 41.3841984, "lon": 2.1432361, "brand": null, "organic": null, "h3_index": "89394460353ffff" }, "geometry": { "type": "Point", "coordinates": [ 2.1432361, 41.3841984 ] } },
{ "type": "Feature", "properties": { "osm_id": 9806237617, "shop_type": "bakery", "name": "Unknown", "lat": 41.3839491, "lon": 2.1429431, "brand": null, "organic": null, "h3_index": "89394460353ffff" }, "geometry": { "type": "Point", "coordinates": [ 2.1429431, 41.3839491 ] } },
{ "type": "Feature", "properties": { "osm_id": 9806292817, "shop_type": "greengrocer", "name": "Fruites i verdures", "lat": 41.3906556, "lon": 2.1490762, "brand": null, "organic": null, "h3_index": "89394460313ffff" }, "geometry": { "type": "Point", "coordinates": [ 2.1490762, 41.3906556 ] } },
{ "type": "Feature", "properties": { "osm_id": 9806603919, "shop_type": "supermarket", "name": "Anha", "lat": 41.3850621, "lon": 2.1423002, "brand": null, "organic": null, "h3_index": "893944603cbffff" }, "geometry": { "type": "Point", "coordinates": [ 2.1423002, 41.3850621 ] } },
{ "type": "Feature", "properties": { "osm_id": 9806608718, "shop_type": "supermarket", "name": "Ametller Origen", "lat": 41.3897873, "lon": 2.1431567, "brand": null, "organic": "yes", "h3_index": "893944603d7ffff" }, "geometry": { "type": "Point", "coordinates": [ 2.1431567, 41.3897873 ] } },
{ "type": "Feature", "properties": { "osm_id": 9806609019, "shop_type": "supermarket", "name": "Bonpreu", "lat": 41.3837382, "lon": 2.1422047, "brand": null, "organic": null, "h3_index": "89394460353ffff" }, "geometry": { "type": "Point", "coordinates": [ 2.1422047, 41.3837382 ] } },
{ "type": "Feature", "properties": { "osm_id": 9806808418, "shop_type": "supermarket", "name": "Unknown", "lat": 41.3750152, "lon": 2.1471563, "brand": null, "organic": null, "h3_index": "89394461cb3ffff" }, "geometry": { "type": "Point", "coordinates": [ 2.1471563, 41.3750152 ] } },
{ "type": "Feature", "properties": { "osm_id": 9806808817, "shop_type": "bakery", "name": "Santagloria", "lat": 41.3788715, "lon": 2.1441762, "brand": "Santagloria", "organic": null, "h3_index": "8939446034bffff" }, "geometry": { "type": "Point", "coordinates": [ 2.1441762, 41.3788715 ] } },
{ "type": "Feature", "properties": { "osm_id": 9806972218, "shop_type": "supermarket", "name": "Unknown", "lat": 41.3657131, "lon": 2.136303, "brand": null, "organic": null, "h3_index": "89394461c1bffff" }, "geometry": { "type": "Point", "coordinates": [ 2.136303, 41.3657131 ] } },
{ "type": "Feature", "properties": { "osm_id": 9807002318, "shop_type": "supermarket", "name": "Unknown", "lat": 41.369109, "lon": 2.1392882, "brand": null, "organic": null, "h3_index": "89394461c13ffff" }, "geometry": { "type": "Point", "coordinates": [ 2.1392882, 41.369109 ] } },
{ "type": "Feature", "properties": { "osm_id": 9807002319, "shop_type": "supermarket", "name": "Unknown", "lat": 41.3722853, "lon": 2.1413597, "brand": null, "organic": null, "h3_index": "89394461c8fffff" }, "geometry": { "type": "Point", "coordinates": [ 2.1413597, 41.3722853 ] } },
{ "type": "Feature", "properties": { "osm_id": 9807039818, "shop_type": "bakery", "name": "Panet", "lat": 41.3751149, "lon": 2.1444032, "brand": null, "organic": null, "h3_index": "89394461c87ffff" }, "geometry": { "type": "Point", "coordinates": [ 2.1444032, 41.3751149 ] } },
{ "type": "Feature", "properties": { "osm_id": 9807039918, "shop_type": "supermarket", "name": "Unknown", "lat": 41.377447, "lon": 2.1459188, "brand": null, "organic": null, "h3_index": "8939446034bffff" }, "geometry": { "type": "Point", "coordinates": [ 2.1459188, 41.377447 ] } },
{ "type": "Feature", "properties": { "osm_id": 9807040017, "shop_type": "supermarket", "name": "Condis", "lat": 41.3761484, "lon": 2.1453536, "brand": "Condis", "organic": null, "h3_index": "89394461cb3ffff" }, "geometry": { "type": "Point", "coordinates": [ 2.1453536, 41.3761484 ] } },
{ "type": "Feature", "properties": { "osm_id": 9807136118, "shop_type": "bakery", "name": "Vivari", "lat": 41.3793772, "lon": 2.1445526, "brand": null, "organic": null, "h3_index": "89394460343ffff" }, "geometry": { "type": "Point", "coordinates": [ 2.1445526, 41.3793772 ] } },
{ "type": "Feature", "properties": { "osm_id": 9808545118, "shop_type": "supermarket", "name": "Unknown", "lat": 41.390624, "lon": 2.1475215, "brand": null, "organic": null, "h3_index": "8939446038bffff" }, "geometry": { "type": "Point", "coordinates": [ 2.1475215, 41.390624 ] } },
{ "type": "Feature", "properties": { "osm_id": 9812028128, "shop_type": "bakery", "name": "Cøliaki", "lat": 41.3986681, "lon": 2.1508393, "brand": null, "organic": null, "h3_index": "89394460397ffff" }, "geometry": { "type": "Point", "coordinates": [ 2.1508393, 41.3986681 ] } },
{ "type": "Feature", "properties": { "osm_id": 9812455817, "shop_type": "supermarket", "name": "Unknown", "lat": 41.3996622, "lon": 2.1978459, "brand": null, "organic": null, "h3_index": "893944608d3ffff" }, "geometry": { "type": "Point", "coordinates": [ 2.1978459, 41.3996622 ] } },
{ "type": "Feature", "properties": { "osm_id": 9812455818, "shop_type": "convenience", "name": "Supermercat", "lat": 41.4001622, "lon": 2.1984615, "brand": null, "organic": null, "h3_index": "893944608d7ffff" }, "geometry": { "type": "Point", "coordinates": [ 2.1984615, 41.4001622 ] } },
{ "type": "Feature", "properties": { "osm_id": 9814790118, "shop_type": "greengrocer", "name": "Colmado Queviures", "lat": 41.3843773, "lon": 2.1435729, "brand": null, "organic": null, "h3_index": "89394460353ffff" }, "geometry": { "type": "Point", "coordinates": [ 2.1435729, 41.3843773 ] } },
{ "type": "Feature", "properties": { "osm_id": 9814908617, "shop_type": "supermarket", "name": "Unknown", "lat": 41.3939155, "lon": 2.1463037, "brand": null, "organic": null, "h3_index": "8939446039bffff" }, "geometry": { "type": "Point", "coordinates": [ 2.1463037, 41.3939155 ] } },
{ "type": "Feature", "properties": { "osm_id": 9823273617, "shop_type": "bakery", "name": "Pannus", "lat": 41.3887992, "lon": 2.1518575, "brand": null, "organic": null, "h3_index": "89394460313ffff" }, "geometry": { "type": "Point", "coordinates": [ 2.1518575, 41.3887992 ] } },
{ "type": "Feature", "properties": { "osm_id": 9823542817, "shop_type": "bakery", "name": "Panadería Colombiana", "lat": 41.4048941, "lon": 2.1729441, "brand": null, "organic": null, "h3_index": "8939446012bffff" }, "geometry": { "type": "Point", "coordinates": [ 2.1729441, 41.4048941 ] } },
{ "type": "Feature", "properties": { "osm_id": 9823563617, "shop_type": "convenience", "name": "Unknown", "lat": 41.402132, "lon": 2.1693211, "brand": null, "organic": null, "h3_index": "89394460177ffff" }, "geometry": { "type": "Point", "coordinates": [ 2.1693211, 41.402132 ] } },
{ "type": "Feature", "properties": { "osm_id": 9823564017, "shop_type": "bakery", "name": "L'aroma del pa", "lat": 41.3992496, "lon": 2.1655548, "brand": null, "organic": null, "h3_index": "89394460163ffff" }, "geometry": { "type": "Point", "coordinates": [ 2.1655548, 41.3992496 ] } },
{ "type": "Feature", "properties": { "osm_id": 9823584919, "shop_type": "supermarket", "name": "Unknown", "lat": 41.391366, "lon": 2.1545744, "brand": null, "organic": null, "h3_index": "89394460317ffff" }, "geometry": { "type": "Point", "coordinates": [ 2.1545744, 41.391366 ] } },
{ "type": "Feature", "properties": { "osm_id": 9823634018, "shop_type": "greengrocer", "name": "Unknown", "lat": 41.3845702, "lon": 2.1483313, "brand": null, "organic": null, "h3_index": "89394460357ffff" }, "geometry": { "type": "Point", "coordinates": [ 2.1483313, 41.3845702 ] } },
{ "type": "Feature", "properties": { "osm_id": 9825319818, "shop_type": "bakery", "name": "Valls & Co", "lat": 41.3835328, "lon": 2.1390243, "brand": null, "organic": null, "h3_index": "89394460227ffff" }, "geometry": { "type": "Point", "coordinates": [ 2.1390243, 41.3835328 ] } },
{ "type": "Feature", "properties": { "osm_id": 9825433418, "shop_type": "supermarket", "name": "PROP", "lat": 41.3937644, "lon": 2.1461251, "brand": null, "organic": null, "h3_index": "8939446039bffff" }, "geometry": { "type": "Point", "coordinates": [ 2.1461251, 41.3937644 ] } },
{ "type": "Feature", "properties": { "osm_id": 9831465976, "shop_type": "supermarket", "name": "Aldi", "lat": 41.3618892, "lon": 2.1374479, "brand": "Aldi", "organic": null, "h3_index": "89394461c57ffff" }, "geometry": { "type": "Point", "coordinates": [ 2.1374479, 41.3618892 ] } },
{ "type": "Feature", "properties": { "osm_id": 9831549417, "shop_type": "supermarket", "name": "Caprabo", "lat": 41.4190756, "lon": 2.1816355, "brand": "Caprabo", "organic": null, "h3_index": "89394462a6fffff" }, "geometry": { "type": "Point", "coordinates": [ 2.1816355, 41.4190756 ] } },
{ "type": "Feature", "properties": { "osm_id": 9846873721, "shop_type": "supermarket", "name": "Unknown", "lat": 41.3959984, "lon": 2.1467646, "brand": null, "organic": null, "h3_index": "89394460393ffff" }, "geometry": { "type": "Point", "coordinates": [ 2.1467646, 41.3959984 ] } },
{ "type": "Feature", "properties": { "osm_id": 9846873819, "shop_type": "supermarket", "name": "El graner de Sant Gervasi", "lat": 41.3939451, "lon": 2.1463433, "brand": null, "organic": null, "h3_index": "8939446039bffff" }, "geometry": { "type": "Point", "coordinates": [ 2.1463433, 41.3939451 ] } },
{ "type": "Feature", "properties": { "osm_id": 9846873821, "shop_type": "bakery", "name": "Unknown", "lat": 41.3998176, "lon": 2.1421736, "brand": null, "organic": null, "h3_index": "8939446002bffff" }, "geometry": { "type": "Point", "coordinates": [ 2.1421736, 41.3998176 ] } },
{ "type": "Feature", "properties": { "osm_id": 9846873919, "shop_type": "bakery", "name": "Unknown", "lat": 41.3973301, "lon": 2.145037, "brand": null, "organic": null, "h3_index": "89394460393ffff" }, "geometry": { "type": "Point", "coordinates": [ 2.145037, 41.3973301 ] } },
{ "type": "Feature", "properties": { "osm_id": 9846884617, "shop_type": "supermarket", "name": "Condis", "lat": 41.4008729, "lon": 2.140303, "brand": "Condis", "organic": null, "h3_index": "8939446003bffff" }, "geometry": { "type": "Point", "coordinates": [ 2.140303, 41.4008729 ] } },
{ "type": "Feature", "properties": { "osm_id": 9846888417, "shop_type": "bakery", "name": "Santagloria", "lat": 41.4014145, "lon": 2.1395759, "brand": "Santagloria", "organic": null, "h3_index": "8939446000fffff" }, "geometry": { "type": "Point", "coordinates": [ 2.1395759, 41.4014145 ] } },
{ "type": "Feature", "properties": { "osm_id": 9846888518, "shop_type": "bakery", "name": "Pastelería bombonería Muntaner", "lat": 41.4032247, "lon": 2.1376481, "brand": null, "organic": null, "h3_index": "89394460007ffff" }, "geometry": { "type": "Point", "coordinates": [ 2.1376481, 41.4032247 ] } },
{ "type": "Feature", "properties": { "osm_id": 9846888618, "shop_type": "bakery", "name": "Unknown", "lat": 41.4028499, "lon": 2.1376577, "brand": null, "organic": null, "h3_index": "8939446000fffff" }, "geometry": { "type": "Point", "coordinates": [ 2.1376577, 41.4028499 ] } },
{ "type": "Feature", "properties": { "osm_id": 9848436519, "shop_type": "bakery", "name": "Pa i pastisseria", "lat": 41.3685662, "lon": 2.1314575, "brand": null, "organic": null, "h3_index": "89394461cc3ffff" }, "geometry": { "type": "Point", "coordinates": [ 2.1314575, 41.3685662 ] } },
{ "type": "Feature", "properties": { "osm_id": 9848472325, "shop_type": "supermarket", "name": "Unknown", "lat": 41.3790295, "lon": 2.1374753, "brand": null, "organic": null, "h3_index": "8939446022fffff" }, "geometry": { "type": "Point", "coordinates": [ 2.1374753, 41.3790295 ] } },
{ "type": "Feature", "properties": { "osm_id": 9848472326, "shop_type": "greengrocer", "name": "Fruites i verdures Naima", "lat": 41.3797181, "lon": 2.1370177, "brand": null, "organic": null, "h3_index": "8939446022fffff" }, "geometry": { "type": "Point", "coordinates": [ 2.1370177, 41.3797181 ] } },
{ "type": "Feature", "properties": { "osm_id": 9848472426, "shop_type": "supermarket", "name": "Galaxy", "lat": 41.3776503, "lon": 2.1373666, "brand": null, "organic": null, "h3_index": "89394461c93ffff" }, "geometry": { "type": "Point", "coordinates": [ 2.1373666, 41.3776503 ] } },
{ "type": "Feature", "properties": { "osm_id": 9848472427, "shop_type": "supermarket", "name": "Shapla", "lat": 41.3785669, "lon": 2.1377936, "brand": null, "organic": null, "h3_index": "8939446022fffff" }, "geometry": { "type": "Point", "coordinates": [ 2.1377936, 41.3785669 ] } },
{ "type": "Feature", "properties": { "osm_id": 9850978017, "shop_type": "bakery", "name": "Unknown", "lat": 41.3922483, "lon": 2.1472703, "brand": null, "organic": null, "h3_index": "8939446038bffff" }, "geometry": { "type": "Point", "coordinates": [ 2.1472703, 41.3922483 ] } },
{ "type": "Feature", "properties": { "osm_id": 9851052017, "shop_type": "supermarket", "name": "Lidl", "lat": 41.3823294, "lon": 2.1413032, "brand": "Lidl", "organic": null, "h3_index": "89394460353ffff" }, "geometry": { "type": "Point", "coordinates": [ 2.1413032, 41.3823294 ] } },
{ "type": "Feature", "properties": { "osm_id": 9853715417, "shop_type": "greengrocer", "name": "Unknown", "lat": 41.3841264, "lon": 2.1409637, "brand": null, "organic": null, "h3_index": "893944603cbffff" }, "geometry": { "type": "Point", "coordinates": [ 2.1409637, 41.3841264 ] } },
{ "type": "Feature", "properties": { "osm_id": 9855223918, "shop_type": "greengrocer", "name": "Supermercat fruites i verdures", "lat": 41.3965802, "lon": 2.171267, "brand": null, "organic": null, "h3_index": "89394460ed7ffff" }, "geometry": { "type": "Point", "coordinates": [ 2.171267, 41.3965802 ] } },
{ "type": "Feature", "properties": { "osm_id": 9864507198, "shop_type": "greengrocer", "name": "Fruita i Verduras Trillo", "lat": 41.3825285, "lon": 2.1659005, "brand": null, "organic": null, "h3_index": "8939446032fffff" }, "geometry": { "type": "Point", "coordinates": [ 2.1659005, 41.3825285 ] } },
{ "type": "Feature", "properties": { "osm_id": 9864565815, "shop_type": "supermarket", "name": "Awami", "lat": 41.3828342, "lon": 2.1655923, "brand": null, "organic": null, "h3_index": "8939446032fffff" }, "geometry": { "type": "Point", "coordinates": [ 2.1655923, 41.3828342 ] } },
{ "type": "Feature", "properties": { "osm_id": 9865582372, "shop_type": "greengrocer", "name": "Terra F&V", "lat": 41.3829296, "lon": 2.162396, "brand": null, "organic": null, "h3_index": "8939446032bffff" }, "geometry": { "type": "Point", "coordinates": [ 2.162396, 41.3829296 ] } },
{ "type": "Feature", "properties": { "osm_id": 9866006617, "shop_type": "supermarket", "name": "Supermercat", "lat": 41.3823415, "lon": 2.1467552, "brand": null, "organic": null, "h3_index": "89394460357ffff" }, "geometry": { "type": "Point", "coordinates": [ 2.1467552, 41.3823415 ] } },
{ "type": "Feature", "properties": { "osm_id": 9866224406, "shop_type": "greengrocer", "name": "L'hort", "lat": 41.376415, "lon": 2.1564712, "brand": null, "organic": null, "h3_index": "8939446036bffff" }, "geometry": { "type": "Point", "coordinates": [ 2.1564712, 41.376415 ] } },
{ "type": "Feature", "properties": { "osm_id": 9866526321, "shop_type": "supermarket", "name": "Proxim supermercats", "lat": 41.4018597, "lon": 2.1734737, "brand": null, "organic": null, "h3_index": "89394460e93ffff" }, "geometry": { "type": "Point", "coordinates": [ 2.1734737, 41.4018597 ] } },
{ "type": "Feature", "properties": { "osm_id": 9868535621, "shop_type": "bakery", "name": "enrich", "lat": 41.3894682, "lon": 2.143743, "brand": null, "organic": null, "h3_index": "893944603c3ffff" }, "geometry": { "type": "Point", "coordinates": [ 2.143743, 41.3894682 ] } },
{ "type": "Feature", "properties": { "osm_id": 9868535717, "shop_type": "bakery", "name": "Unknown", "lat": 41.3903028, "lon": 2.1442301, "brand": null, "organic": null, "h3_index": "893944603d7ffff" }, "geometry": { "type": "Point", "coordinates": [ 2.1442301, 41.3903028 ] } },
{ "type": "Feature", "properties": { "osm_id": 9869660235, "shop_type": "bakery", "name": "El Taller", "lat": 41.4142999, "lon": 2.1872759, "brand": null, "organic": null, "h3_index": "89394460c13ffff" }, "geometry": { "type": "Point", "coordinates": [ 2.1872759, 41.4142999 ] } },
{ "type": "Feature", "properties": { "osm_id": 9869698218, "shop_type": "supermarket", "name": "BonÀrea", "lat": 41.4239255, "lon": 2.1842583, "brand": "BonÀrea", "organic": null, "h3_index": "89394462a2bffff" }, "geometry": { "type": "Point", "coordinates": [ 2.1842583, 41.4239255 ] } },
{ "type": "Feature", "properties": { "osm_id": 9869795017, "shop_type": "bakery", "name": "Fleca Irlanda", "lat": 41.4310126, "lon": 2.1857893, "brand": null, "organic": null, "h3_index": "89394462a37ffff" }, "geometry": { "type": "Point", "coordinates": [ 2.1857893, 41.4310126 ] } },
{ "type": "Feature", "properties": { "osm_id": 9874079961, "shop_type": "convenience", "name": "Carrefour Market", "lat": 41.3839523, "lon": 2.1708307, "brand": "Carrefour Market", "organic": null, "h3_index": "89394460e5bffff" }, "geometry": { "type": "Point", "coordinates": [ 2.1708307, 41.3839523 ] } },
{ "type": "Feature", "properties": { "osm_id": 9893366699, "shop_type": "supermarket", "name": "Dia", "lat": 41.379594, "lon": 2.1675682, "brand": "Dia", "organic": null, "h3_index": "89394461d83ffff" }, "geometry": { "type": "Point", "coordinates": [ 2.1675682, 41.379594 ] } },
{ "type": "Feature", "properties": { "osm_id": 9913906217, "shop_type": "supermarket", "name": "MiAlcampo", "lat": 41.3898164, "lon": 2.1648341, "brand": null, "organic": null, "h3_index": "89394460337ffff" }, "geometry": { "type": "Point", "coordinates": [ 2.1648341, 41.3898164 ] } },
{ "type": "Feature", "properties": { "osm_id": 9916438118, "shop_type": "supermarket", "name": "Caprabo", "lat": 41.4225396, "lon": 2.1987269, "brand": "Caprabo", "organic": null, "h3_index": "89394460cb7ffff" }, "geometry": { "type": "Point", "coordinates": [ 2.1987269, 41.4225396 ] } },
{ "type": "Feature", "properties": { "osm_id": 9925354517, "shop_type": "supermarket", "name": "Hortet Seleccions - Botiga Vegana", "lat": 41.4304518, "lon": 2.1589489, "brand": null, "organic": null, "h3_index": "89394462adbffff" }, "geometry": { "type": "Point", "coordinates": [ 2.1589489, 41.4304518 ] } },
{ "type": "Feature", "properties": { "osm_id": 9935116620, "shop_type": "supermarket", "name": "Mercadona", "lat": 41.3746133, "lon": 2.1336988, "brand": "Mercadona", "organic": null, "h3_index": "89394461c9bffff" }, "geometry": { "type": "Point", "coordinates": [ 2.1336988, 41.3746133 ] } },
{ "type": "Feature", "properties": { "osm_id": 9955418649, "shop_type": "convenience", "name": "Condis", "lat": 41.4059995, "lon": 2.1572618, "brand": "Condis", "organic": null, "h3_index": "89394460157ffff" }, "geometry": { "type": "Point", "coordinates": [ 2.1572618, 41.4059995 ] } },
{ "type": "Feature", "properties": { "osm_id": 9955561190, "shop_type": "supermarket", "name": "Condis Express", "lat": 41.4085594, "lon": 2.1561695, "brand": "Condis", "organic": null, "h3_index": "893944601c7ffff" }, "geometry": { "type": "Point", "coordinates": [ 2.1561695, 41.4085594 ] } },
{ "type": "Feature", "properties": { "osm_id": 9957455536, "shop_type": "convenience", "name": "Fruites Verdures", "lat": 41.4002744, "lon": 2.1562697, "brand": null, "organic": null, "h3_index": "89394460143ffff" }, "geometry": { "type": "Point", "coordinates": [ 2.1562697, 41.4002744 ] } },
{ "type": "Feature", "properties": { "osm_id": 9959872822, "shop_type": "convenience", "name": "Carrefour Express", "lat": 41.4049716, "lon": 2.1578753, "brand": "Carrefour Express", "organic": null, "h3_index": "89394460157ffff" }, "geometry": { "type": "Point", "coordinates": [ 2.1578753, 41.4049716 ] } },
{ "type": "Feature", "properties": { "osm_id": 9961057266, "shop_type": "convenience", "name": "Ali Super Euro", "lat": 41.4087052, "lon": 2.1564777, "brand": null, "organic": null, "h3_index": "893944601c7ffff" }, "geometry": { "type": "Point", "coordinates": [ 2.1564777, 41.4087052 ] } },
{ "type": "Feature", "properties": { "osm_id": 9962174426, "shop_type": "bakery", "name": "Areca Bakery", "lat": 41.400986, "lon": 2.1588292, "brand": null, "organic": null, "h3_index": "89394460147ffff" }, "geometry": { "type": "Point", "coordinates": [ 2.1588292, 41.400986 ] } },
{ "type": "Feature", "properties": { "osm_id": 9980273319, "shop_type": "supermarket", "name": "Ametller Origen", "lat": 41.4151978, "lon": 2.1951791, "brand": null, "organic": null, "h3_index": "89394460cabffff" }, "geometry": { "type": "Point", "coordinates": [ 2.1951791, 41.4151978 ] } },
{ "type": "Feature", "properties": { "osm_id": 10004052756, "shop_type": "supermarket", "name": "Ametller Origen", "lat": 41.3851122, "lon": 2.1511771, "brand": null, "organic": null, "h3_index": "8939446030bffff" }, "geometry": { "type": "Point", "coordinates": [ 2.1511771, 41.3851122 ] } },
{ "type": "Feature", "properties": { "osm_id": 10004542428, "shop_type": "supermarket", "name": "Unknown", "lat": 41.3852532, "lon": 2.152396, "brand": null, "organic": null, "h3_index": "8939446030bffff" }, "geometry": { "type": "Point", "coordinates": [ 2.152396, 41.3852532 ] } },
{ "type": "Feature", "properties": { "osm_id": 10006575275, "shop_type": "supermarket", "name": "Condis", "lat": 41.3870433, "lon": 2.1537501, "brand": "Condis", "organic": null, "h3_index": "89394460303ffff" }, "geometry": { "type": "Point", "coordinates": [ 2.1537501, 41.3870433 ] } },
{ "type": "Feature", "properties": { "osm_id": 10006575278, "shop_type": "greengrocer", "name": "Unknown", "lat": 41.3866671, "lon": 2.1545636, "brand": null, "organic": null, "h3_index": "89394460303ffff" }, "geometry": { "type": "Point", "coordinates": [ 2.1545636, 41.3866671 ] } },
{ "type": "Feature", "properties": { "osm_id": 10009243208, "shop_type": "bakery", "name": "Sant Honorat", "lat": 41.4149591, "lon": 2.1656676, "brand": null, "organic": null, "h3_index": "893944601bbffff" }, "geometry": { "type": "Point", "coordinates": [ 2.1656676, 41.4149591 ] } },
{ "type": "Feature", "properties": { "osm_id": 10013041228, "shop_type": "bakery", "name": "Oliver", "lat": 41.3736984, "lon": 2.1442496, "brand": null, "organic": null, "h3_index": "89394461c87ffff" }, "geometry": { "type": "Point", "coordinates": [ 2.1442496, 41.3736984 ] } },
{ "type": "Feature", "properties": { "osm_id": 10018008969, "shop_type": "supermarket", "name": "Condis", "lat": 41.4135583, "lon": 2.1449091, "brand": "Condis", "organic": null, "h3_index": "893944600b7ffff" }, "geometry": { "type": "Point", "coordinates": [ 2.1449091, 41.4135583 ] } },
{ "type": "Feature", "properties": { "osm_id": 10039857017, "shop_type": "supermarket", "name": "Mercadona", "lat": 41.4283624, "lon": 2.1946917, "brand": null, "organic": null, "h3_index": "89394462b43ffff" }, "geometry": { "type": "Point", "coordinates": [ 2.1946917, 41.4283624 ] } },
{ "type": "Feature", "properties": { "osm_id": 10039893617, "shop_type": "supermarket", "name": "Consum", "lat": 41.4227856, "lon": 2.1919988, "brand": "Consum", "organic": "yes", "h3_index": "89394462b4bffff" }, "geometry": { "type": "Point", "coordinates": [ 2.1919988, 41.4227856 ] } },
{ "type": "Feature", "properties": { "osm_id": 10060491355, "shop_type": "supermarket", "name": "El Molino", "lat": 41.3812788, "lon": 2.1312254, "brand": null, "organic": "yes", "h3_index": "8939446023bffff" }, "geometry": { "type": "Point", "coordinates": [ 2.1312254, 41.3812788 ] } },
{ "type": "Feature", "properties": { "osm_id": 10060597567, "shop_type": "supermarket", "name": "Condis", "lat": 41.4003662, "lon": 2.1987792, "brand": "Condis", "organic": null, "h3_index": "893944608d7ffff" }, "geometry": { "type": "Point", "coordinates": [ 2.1987792, 41.4003662 ] } },
{ "type": "Feature", "properties": { "osm_id": 10134925728, "shop_type": "supermarket", "name": "Kosher Babait", "lat": 41.3966927, "lon": 2.14819, "brand": null, "organic": null, "h3_index": "89394460393ffff" }, "geometry": { "type": "Point", "coordinates": [ 2.14819, 41.3966927 ] } },
{ "type": "Feature", "properties": { "osm_id": 10154834453, "shop_type": "bakery", "name": "Santagloria", "lat": 41.401475, "lon": 2.1211317, "brand": "Santagloria", "organic": null, "h3_index": "893944600cbffff" }, "geometry": { "type": "Point", "coordinates": [ 2.1211317, 41.401475 ] } },
{ "type": "Feature", "properties": { "osm_id": 10155038262, "shop_type": "supermarket", "name": "BonÀrea", "lat": 41.3756298, "lon": 2.1295994, "brand": "BonÀrea", "organic": null, "h3_index": "89394460263ffff" }, "geometry": { "type": "Point", "coordinates": [ 2.1295994, 41.3756298 ] } },
{ "type": "Feature", "properties": { "osm_id": 10156578217, "shop_type": "bakery", "name": "Unknown", "lat": 41.4088679, "lon": 2.2041862, "brand": null, "organic": null, "h3_index": "89394460c2fffff" }, "geometry": { "type": "Point", "coordinates": [ 2.2041862, 41.4088679 ] } },
{ "type": "Feature", "properties": { "osm_id": 10159029499, "shop_type": "bakery", "name": "Unknown", "lat": 41.3975139, "lon": 2.1478784, "brand": "El Fornet", "organic": null, "h3_index": "89394460393ffff" }, "geometry": { "type": "Point", "coordinates": [ 2.1478784, 41.3975139 ] } },
{ "type": "Feature", "properties": { "osm_id": 10171097572, "shop_type": "supermarket", "name": "Alcampo", "lat": 41.3854996, "lon": 2.1829056, "brand": "Alcampo", "organic": null, "h3_index": "89394460e73ffff" }, "geometry": { "type": "Point", "coordinates": [ 2.1829056, 41.3854996 ] } },
{ "type": "Feature", "properties": { "osm_id": 10171220426, "shop_type": "convenience", "name": "King‘s Supermercat", "lat": 41.3785931, "lon": 2.190223, "brand": null, "organic": null, "h3_index": "89394460ad7ffff" }, "geometry": { "type": "Point", "coordinates": [ 2.190223, 41.3785931 ] } },
{ "type": "Feature", "properties": { "osm_id": 10171220428, "shop_type": "bakery", "name": "Forns Escolà", "lat": 41.3788124, "lon": 2.1912214, "brand": null, "organic": null, "h3_index": "89394460ad7ffff" }, "geometry": { "type": "Point", "coordinates": [ 2.1912214, 41.3788124 ] } },
{ "type": "Feature", "properties": { "osm_id": 10171220429, "shop_type": "convenience", "name": "Premmia Mercat", "lat": 41.3783379, "lon": 2.1900662, "brand": null, "organic": null, "h3_index": "89394460ad7ffff" }, "geometry": { "type": "Point", "coordinates": [ 2.1900662, 41.3783379 ] } },
{ "type": "Feature", "properties": { "osm_id": 10171990115, "shop_type": "greengrocer", "name": "Vuitcamps", "lat": 41.3870621, "lon": 2.1773608, "brand": null, "organic": null, "h3_index": "89394460e47ffff" }, "geometry": { "type": "Point", "coordinates": [ 2.1773608, 41.3870621 ] } },
{ "type": "Feature", "properties": { "osm_id": 10171990116, "shop_type": "supermarket", "name": "BonÀrea", "lat": 41.387029, "lon": 2.1773247, "brand": "BonÀrea", "organic": null, "h3_index": "89394460e47ffff" }, "geometry": { "type": "Point", "coordinates": [ 2.1773247, 41.387029 ] } },
{ "type": "Feature", "properties": { "osm_id": 10172005118, "shop_type": "convenience", "name": "Carrefour Market", "lat": 41.3864152, "lon": 2.1759498, "brand": "Carrefour Market", "organic": null, "h3_index": "89394460e47ffff" }, "geometry": { "type": "Point", "coordinates": [ 2.1759498, 41.3864152 ] } },
{ "type": "Feature", "properties": { "osm_id": 10173277887, "shop_type": "convenience", "name": "Supermercat", "lat": 41.3896906, "lon": 2.1808244, "brand": null, "organic": null, "h3_index": "89394460e0bffff" }, "geometry": { "type": "Point", "coordinates": [ 2.1808244, 41.3896906 ] } },
{ "type": "Feature", "properties": { "osm_id": 10173462664, "shop_type": "bakery", "name": "Croissanterie del Pi", "lat": 41.3835437, "lon": 2.1740232, "brand": null, "organic": null, "h3_index": "89394460e43ffff" }, "geometry": { "type": "Point", "coordinates": [ 2.1740232, 41.3835437 ] } },
{ "type": "Feature", "properties": { "osm_id": 10174521145, "shop_type": "supermarket", "name": "Covirán", "lat": 41.3883957, "lon": 2.1787676, "brand": "Covirán", "organic": null, "h3_index": "89394460e0bffff" }, "geometry": { "type": "Point", "coordinates": [ 2.1787676, 41.3883957 ] } },
{ "type": "Feature", "properties": { "osm_id": 10175489945, "shop_type": "greengrocer", "name": "Lettuce", "lat": 41.4026746, "lon": 2.1532532, "brand": null, "organic": null, "h3_index": "89394460153ffff" }, "geometry": { "type": "Point", "coordinates": [ 2.1532532, 41.4026746 ] } },
{ "type": "Feature", "properties": { "osm_id": 10175494191, "shop_type": "convenience", "name": "BocaBio", "lat": 41.403691, "lon": 2.1549726, "brand": null, "organic": "only", "h3_index": "89394460153ffff" }, "geometry": { "type": "Point", "coordinates": [ 2.1549726, 41.403691 ] } },
{ "type": "Feature", "properties": { "osm_id": 10175542436, "shop_type": "supermarket", "name": "Condis", "lat": 41.4046227, "lon": 2.1565544, "brand": "Condis", "organic": null, "h3_index": "89394460157ffff" }, "geometry": { "type": "Point", "coordinates": [ 2.1565544, 41.4046227 ] } },
{ "type": "Feature", "properties": { "osm_id": 10175588063, "shop_type": "bakery", "name": "La Sitja", "lat": 41.4068064, "lon": 2.1552091, "brand": null, "organic": null, "h3_index": "893944601cfffff" }, "geometry": { "type": "Point", "coordinates": [ 2.1552091, 41.4068064 ] } },
{ "type": "Feature", "properties": { "osm_id": 10175588065, "shop_type": "butcher", "name": "Sarroca", "lat": 41.4046284, "lon": 2.1559162, "brand": null, "organic": null, "h3_index": "89394460157ffff" }, "geometry": { "type": "Point", "coordinates": [ 2.1559162, 41.4046284 ] } },
{ "type": "Feature", "properties": { "osm_id": 10175709288, "shop_type": "butcher", "name": "Carn Ecològica de la Vall Fosca", "lat": 41.4014403, "lon": 2.1588522, "brand": null, "organic": "only", "h3_index": "89394460147ffff" }, "geometry": { "type": "Point", "coordinates": [ 2.1588522, 41.4014403 ] } },
{ "type": "Feature", "properties": { "osm_id": 10175768184, "shop_type": "supermarket", "name": "Charter", "lat": 41.3992103, "lon": 2.1603921, "brand": "Charter", "organic": null, "h3_index": "8939446014fffff" }, "geometry": { "type": "Point", "coordinates": [ 2.1603921, 41.3992103 ] } },
{ "type": "Feature", "properties": { "osm_id": 10175799670, "shop_type": "supermarket", "name": "Carrefour express", "lat": 41.3995641, "lon": 2.1635929, "brand": null, "organic": null, "h3_index": "8939446017bffff" }, "geometry": { "type": "Point", "coordinates": [ 2.1635929, 41.3995641 ] } },
{ "type": "Feature", "properties": { "osm_id": 10180523333, "shop_type": "bakery", "name": "Vivari", "lat": 41.39627, "lon": 2.1555031, "brand": null, "organic": null, "h3_index": "893944603b3ffff" }, "geometry": { "type": "Point", "coordinates": [ 2.1555031, 41.39627 ] } },
{ "type": "Feature", "properties": { "osm_id": 10181211971, "shop_type": "supermarket", "name": "Supermercat Asiatic Day Day Go", "lat": 41.391376, "lon": 2.1786833, "brand": null, "organic": null, "h3_index": "89394460e1bffff" }, "geometry": { "type": "Point", "coordinates": [ 2.1786833, 41.391376 ] } },
{ "type": "Feature", "properties": { "osm_id": 10181211973, "shop_type": "supermarket", "name": "Condis", "lat": 41.38963, "lon": 2.1777307, "brand": "Condis", "organic": null, "h3_index": "89394460e0bffff" }, "geometry": { "type": "Point", "coordinates": [ 2.1777307, 41.38963 ] } },
{ "type": "Feature", "properties": { "osm_id": 10184156157, "shop_type": "supermarket", "name": "cosmo shop", "lat": 41.3839322, "lon": 2.1644035, "brand": null, "organic": null, "h3_index": "8939446032fffff" }, "geometry": { "type": "Point", "coordinates": [ 2.1644035, 41.3839322 ] } },
{ "type": "Feature", "properties": { "osm_id": 10202301217, "shop_type": "supermarket", "name": "Global cash & carry", "lat": 41.3830151, "lon": 2.1653671, "brand": null, "organic": null, "h3_index": "8939446032fffff" }, "geometry": { "type": "Point", "coordinates": [ 2.1653671, 41.3830151 ] } },
{ "type": "Feature", "properties": { "osm_id": 10202503288, "shop_type": "supermarket", "name": "Covirán", "lat": 41.4183665, "lon": 2.1841379, "brand": "Covirán", "organic": null, "h3_index": "89394460c9bffff" }, "geometry": { "type": "Point", "coordinates": [ 2.1841379, 41.4183665 ] } },
{ "type": "Feature", "properties": { "osm_id": 10211509419, "shop_type": "supermarket", "name": "Mercadona", "lat": 41.4245433, "lon": 2.2075838, "brand": "Mercadona", "organic": null, "h3_index": "89394462b6fffff" }, "geometry": { "type": "Point", "coordinates": [ 2.2075838, 41.4245433 ] } },
{ "type": "Feature", "properties": { "osm_id": 10230514110, "shop_type": "supermarket", "name": "Ametller Origen", "lat": 41.3830524, "lon": 2.1383023, "brand": "Ametller Origen", "organic": null, "h3_index": "89394460227ffff" }, "geometry": { "type": "Point", "coordinates": [ 2.1383023, 41.3830524 ] } },
{ "type": "Feature", "properties": { "osm_id": 10238253510, "shop_type": "supermarket", "name": "Supermercat del Mar", "lat": 41.3800632, "lon": 2.19223, "brand": null, "organic": null, "h3_index": "89394460a8bffff" }, "geometry": { "type": "Point", "coordinates": [ 2.19223, 41.3800632 ] } },
{ "type": "Feature", "properties": { "osm_id": 10243347110, "shop_type": "convenience", "name": "NonStop 24h", "lat": 41.3807805, "lon": 2.17465, "brand": null, "organic": null, "h3_index": "89394461db3ffff" }, "geometry": { "type": "Point", "coordinates": [ 2.17465, 41.3807805 ] } },
{ "type": "Feature", "properties": { "osm_id": 10243372509, "shop_type": "supermarket", "name": "Mi Al Campo", "lat": 41.3794436, "lon": 2.1734411, "brand": "Auchan", "organic": null, "h3_index": "89394461db3ffff" }, "geometry": { "type": "Point", "coordinates": [ 2.1734411, 41.3794436 ] } },
{ "type": "Feature", "properties": { "osm_id": 10243372609, "shop_type": "convenience", "name": "Supermercat", "lat": 41.3790518, "lon": 2.1727973, "brand": null, "organic": null, "h3_index": "89394461d87ffff" }, "geometry": { "type": "Point", "coordinates": [ 2.1727973, 41.3790518 ] } },
{ "type": "Feature", "properties": { "osm_id": 10245543810, "shop_type": "convenience", "name": "Kashmir Supermercat", "lat": 41.3778886, "lon": 2.1697688, "brand": null, "organic": null, "h3_index": "89394461d87ffff" }, "geometry": { "type": "Point", "coordinates": [ 2.1697688, 41.3778886 ] } },
{ "type": "Feature", "properties": { "osm_id": 10245543812, "shop_type": "convenience", "name": "Imran & Bilal", "lat": 41.377779, "lon": 2.1699105, "brand": null, "organic": null, "h3_index": "89394461d87ffff" }, "geometry": { "type": "Point", "coordinates": [ 2.1699105, 41.377779 ] } },
{ "type": "Feature", "properties": { "osm_id": 10245550110, "shop_type": "greengrocer", "name": "Tawhid", "lat": 41.3782268, "lon": 2.1693915, "brand": null, "organic": null, "h3_index": "89394461d87ffff" }, "geometry": { "type": "Point", "coordinates": [ 2.1693915, 41.3782268 ] } },
{ "type": "Feature", "properties": { "osm_id": 10245550310, "shop_type": "convenience", "name": "Supermercat Raval", "lat": 41.37816, "lon": 2.1694704, "brand": null, "organic": null, "h3_index": "89394461d87ffff" }, "geometry": { "type": "Point", "coordinates": [ 2.1694704, 41.37816 ] } },
{ "type": "Feature", "properties": { "osm_id": 10245571309, "shop_type": "convenience", "name": "Sonar Bangla", "lat": 41.3775334, "lon": 2.1702411, "brand": null, "organic": null, "h3_index": "89394461d8fffff" }, "geometry": { "type": "Point", "coordinates": [ 2.1702411, 41.3775334 ] } },
{ "type": "Feature", "properties": { "osm_id": 10264882427, "shop_type": "supermarket", "name": "Organic Market", "lat": 41.3977748, "lon": 2.122234, "brand": null, "organic": null, "h3_index": "89394460627ffff" }, "geometry": { "type": "Point", "coordinates": [ 2.122234, 41.3977748 ] } },
{ "type": "Feature", "properties": { "osm_id": 10284763933, "shop_type": "supermarket", "name": "ALDI", "lat": 41.4256055, "lon": 2.1770892, "brand": "ALDI", "organic": null, "h3_index": "89394462a0fffff" }, "geometry": { "type": "Point", "coordinates": [ 2.1770892, 41.4256055 ] } },
{ "type": "Feature", "properties": { "osm_id": 10284763942, "shop_type": "supermarket", "name": "Dia Market", "lat": 41.4306147, "lon": 2.1699992, "brand": "Dia Market", "organic": null, "h3_index": "89394462a13ffff" }, "geometry": { "type": "Point", "coordinates": [ 2.1699992, 41.4306147 ] } },
{ "type": "Feature", "properties": { "osm_id": 10284763943, "shop_type": "supermarket", "name": "Covirán", "lat": 41.430511, "lon": 2.1702022, "brand": "Covirán", "organic": null, "h3_index": "89394462a13ffff" }, "geometry": { "type": "Point", "coordinates": [ 2.1702022, 41.430511 ] } },
{ "type": "Feature", "properties": { "osm_id": 10284763972, "shop_type": "supermarket", "name": "Condis", "lat": 41.4219416, "lon": 2.172749, "brand": "Condis", "organic": null, "h3_index": "89394462a7bffff" }, "geometry": { "type": "Point", "coordinates": [ 2.172749, 41.4219416 ] } },
{ "type": "Feature", "properties": { "osm_id": 10284763974, "shop_type": "supermarket", "name": "Covirán", "lat": 41.4236612, "lon": 2.1725425, "brand": "Covirán", "organic": null, "h3_index": "89394462a47ffff" }, "geometry": { "type": "Point", "coordinates": [ 2.1725425, 41.4236612 ] } },
{ "type": "Feature", "properties": { "osm_id": 10284763975, "shop_type": "supermarket", "name": "Sorli Discau", "lat": 41.4248323, "lon": 2.1762514, "brand": "Sorli Discau", "organic": null, "h3_index": "89394462a73ffff" }, "geometry": { "type": "Point", "coordinates": [ 2.1762514, 41.4248323 ] } },
{ "type": "Feature", "properties": { "osm_id": 10284763976, "shop_type": "supermarket", "name": "Condis", "lat": 41.4247319, "lon": 2.176165, "brand": "Condis", "organic": null, "h3_index": "89394462a73ffff" }, "geometry": { "type": "Point", "coordinates": [ 2.176165, 41.4247319 ] } },
{ "type": "Feature", "properties": { "osm_id": 10287647296, "shop_type": "convenience", "name": "Enrique Tomas", "lat": 41.385503, "lon": 2.1716647, "brand": null, "organic": null, "h3_index": "89394460e43ffff" }, "geometry": { "type": "Point", "coordinates": [ 2.1716647, 41.385503 ] } },
{ "type": "Feature", "properties": { "osm_id": 10287654875, "shop_type": "bakery", "name": "El mos", "lat": 41.3852997, "lon": 2.1714323, "brand": null, "organic": null, "h3_index": "89394460e5bffff" }, "geometry": { "type": "Point", "coordinates": [ 2.1714323, 41.3852997 ] } },
{ "type": "Feature", "properties": { "osm_id": 10289667885, "shop_type": "convenience", "name": "Musab supermarket", "lat": 41.4141535, "lon": 2.162702, "brand": null, "organic": null, "h3_index": "8939446018fffff" }, "geometry": { "type": "Point", "coordinates": [ 2.162702, 41.4141535 ] } },
{ "type": "Feature", "properties": { "osm_id": 10293237543, "shop_type": "greengrocer", "name": "la bioteca", "lat": 41.4003827, "lon": 2.1525132, "brand": null, "organic": "only", "h3_index": "8939446015bffff" }, "geometry": { "type": "Point", "coordinates": [ 2.1525132, 41.4003827 ] } },
{ "type": "Feature", "properties": { "osm_id": 10302447809, "shop_type": "supermarket", "name": "MODU supermarket", "lat": 41.3997747, "lon": 2.1573465, "brand": null, "organic": null, "h3_index": "8939446014fffff" }, "geometry": { "type": "Point", "coordinates": [ 2.1573465, 41.3997747 ] } },
{ "type": "Feature", "properties": { "osm_id": 10303258709, "shop_type": "bakery", "name": "Le pain d'Éric et Benjamin", "lat": 41.3935854, "lon": 2.1692218, "brand": null, "organic": null, "h3_index": "89394460ec3ffff" }, "geometry": { "type": "Point", "coordinates": [ 2.1692218, 41.3935854 ] } },
{ "type": "Feature", "properties": { "osm_id": 10310734017, "shop_type": "supermarket", "name": "Dia", "lat": 41.3771623, "lon": 2.1559535, "brand": "Dia", "organic": null, "h3_index": "8939446036bffff" }, "geometry": { "type": "Point", "coordinates": [ 2.1559535, 41.3771623 ] } },
{ "type": "Feature", "properties": { "osm_id": 10536813281, "shop_type": "supermarket", "name": "Supeco", "lat": 41.3716451, "lon": 2.1433757, "brand": "Supeco", "organic": null, "h3_index": "89394461cbbffff" }, "geometry": { "type": "Point", "coordinates": [ 2.1433757, 41.3716451 ] } },
{ "type": "Feature", "properties": { "osm_id": 10565981709, "shop_type": "convenience", "name": "Supermercat Llibertat", "lat": 41.3998142, "lon": 2.1614658, "brand": null, "organic": null, "h3_index": "8939446017bffff" }, "geometry": { "type": "Point", "coordinates": [ 2.1614658, 41.3998142 ] } },
{ "type": "Feature", "properties": { "osm_id": 10572779411, "shop_type": "butcher", "name": "Unknown", "lat": 41.3964919, "lon": 2.1426829, "brand": null, "organic": null, "h3_index": "89394460067ffff" }, "geometry": { "type": "Point", "coordinates": [ 2.1426829, 41.3964919 ] } },
{ "type": "Feature", "properties": { "osm_id": 10572779413, "shop_type": "supermarket", "name": "La Dispensa - Supermercado italiano", "lat": 41.4073684, "lon": 2.1739275, "brand": null, "organic": null, "h3_index": "89394460123ffff" }, "geometry": { "type": "Point", "coordinates": [ 2.1739275, 41.4073684 ] } },
{ "type": "Feature", "properties": { "osm_id": 10577151941, "shop_type": "bakery", "name": "Unknown", "lat": 41.3797124, "lon": 2.146279, "brand": null, "organic": null, "h3_index": "89394460343ffff" }, "geometry": { "type": "Point", "coordinates": [ 2.146279, 41.3797124 ] } },
{ "type": "Feature", "properties": { "osm_id": 10579667430, "shop_type": "supermarket", "name": "BonÀrea", "lat": 41.4095878, "lon": 2.1623492, "brand": "BonÀrea", "organic": null, "h3_index": "89394460113ffff" }, "geometry": { "type": "Point", "coordinates": [ 2.1623492, 41.4095878 ] } },
{ "type": "Feature", "properties": { "osm_id": 10584994638, "shop_type": "supermarket", "name": "Supermercat Asiátic Day Day go", "lat": 41.389192, "lon": 2.1715614, "brand": null, "organic": null, "h3_index": "89394460ecfffff" }, "geometry": { "type": "Point", "coordinates": [ 2.1715614, 41.389192 ] } },
{ "type": "Feature", "properties": { "osm_id": 10592007605, "shop_type": "supermarket", "name": "Organic Market", "lat": 41.3938432, "lon": 2.1773934, "brand": null, "organic": null, "h3_index": "89394460e13ffff" }, "geometry": { "type": "Point", "coordinates": [ 2.1773934, 41.3938432 ] } },
{ "type": "Feature", "properties": { "osm_id": 10616351105, "shop_type": "convenience", "name": "Supermercat", "lat": 41.3981292, "lon": 2.1592533, "brand": null, "organic": null, "h3_index": "8939446014fffff" }, "geometry": { "type": "Point", "coordinates": [ 2.1592533, 41.3981292 ] } },
{ "type": "Feature", "properties": { "osm_id": 10652025304, "shop_type": "supermarket", "name": "Mercadona", "lat": 41.3523033, "lon": 2.1443556, "brand": "Mercadona", "organic": null, "h3_index": "89394461ea7ffff" }, "geometry": { "type": "Point", "coordinates": [ 2.1443556, 41.3523033 ] } },
{ "type": "Feature", "properties": { "osm_id": 10652587554, "shop_type": "supermarket", "name": "BonÀrea", "lat": 41.3685371, "lon": 2.1409791, "brand": "BonÀrea", "organic": null, "h3_index": "89394461c13ffff" }, "geometry": { "type": "Point", "coordinates": [ 2.1409791, 41.3685371 ] } },
{ "type": "Feature", "properties": { "osm_id": 10652601795, "shop_type": "supermarket", "name": "Dia", "lat": 41.3721062, "lon": 2.1458131, "brand": "Dia", "organic": null, "h3_index": "89394461cbbffff" }, "geometry": { "type": "Point", "coordinates": [ 2.1458131, 41.3721062 ] } },
{ "type": "Feature", "properties": { "osm_id": 10654535214, "shop_type": "greengrocer", "name": "Fruits CMR", "lat": 41.3301228, "lon": 2.1155137, "brand": null, "organic": null, "h3_index": "8939446ad8bffff" }, "geometry": { "type": "Point", "coordinates": [ 2.1155137, 41.3301228 ] } },
{ "type": "Feature", "properties": { "osm_id": 10657385295, "shop_type": "bakery", "name": "Puiggròs", "lat": 41.4070775, "lon": 2.1742216, "brand": null, "organic": null, "h3_index": "89394460123ffff" }, "geometry": { "type": "Point", "coordinates": [ 2.1742216, 41.4070775 ] } },
{ "type": "Feature", "properties": { "osm_id": 10670047906, "shop_type": "bakery", "name": "Turris", "lat": 41.40389, "lon": 2.1978581, "brand": null, "organic": null, "h3_index": "89394460c6fffff" }, "geometry": { "type": "Point", "coordinates": [ 2.1978581, 41.40389 ] } },
{ "type": "Feature", "properties": { "osm_id": 10670047907, "shop_type": "convenience", "name": "Ametller Origen", "lat": 41.4039029, "lon": 2.1978428, "brand": null, "organic": null, "h3_index": "89394460c6fffff" }, "geometry": { "type": "Point", "coordinates": [ 2.1978428, 41.4039029 ] } },
{ "type": "Feature", "properties": { "osm_id": 10678289146, "shop_type": "supermarket", "name": "ALDI", "lat": 41.4007569, "lon": 2.1629275, "brand": "ALDI", "organic": null, "h3_index": "8939446017bffff" }, "geometry": { "type": "Point", "coordinates": [ 2.1629275, 41.4007569 ] } },
{ "type": "Feature", "properties": { "osm_id": 10691369669, "shop_type": "greengrocer", "name": "La fruteria Toni", "lat": 41.4137544, "lon": 2.1690993, "brand": null, "organic": null, "h3_index": "893944601a3ffff" }, "geometry": { "type": "Point", "coordinates": [ 2.1690993, 41.4137544 ] } },
{ "type": "Feature", "properties": { "osm_id": 10692576905, "shop_type": "supermarket", "name": "Dia", "lat": 41.4150217, "lon": 2.1784188, "brand": null, "organic": null, "h3_index": "89394460cd3ffff" }, "geometry": { "type": "Point", "coordinates": [ 2.1784188, 41.4150217 ] } },
{ "type": "Feature", "properties": { "osm_id": 10695734809, "shop_type": "butcher", "name": "Cansaladeria Artesana Jordi", "lat": 41.4142306, "lon": 2.1699049, "brand": null, "organic": null, "h3_index": "893944601a3ffff" }, "geometry": { "type": "Point", "coordinates": [ 2.1699049, 41.4142306 ] } },
{ "type": "Feature", "properties": { "osm_id": 10697883022, "shop_type": "supermarket", "name": "La botiga del Venezian", "lat": 41.4146157, "lon": 2.1636308, "brand": null, "organic": null, "h3_index": "8939446018fffff" }, "geometry": { "type": "Point", "coordinates": [ 2.1636308, 41.4146157 ] } },
{ "type": "Feature", "properties": { "osm_id": 10719499473, "shop_type": "supermarket", "name": "Súper", "lat": 41.4296624, "lon": 2.1924372, "brand": null, "organic": null, "h3_index": "89394462b53ffff" }, "geometry": { "type": "Point", "coordinates": [ 2.1924372, 41.4296624 ] } },
{ "type": "Feature", "properties": { "osm_id": 10726460915, "shop_type": "bakery", "name": "Celiadictos", "lat": 41.3802512, "lon": 2.1294867, "brand": null, "organic": null, "h3_index": "8939446023bffff" }, "geometry": { "type": "Point", "coordinates": [ 2.1294867, 41.3802512 ] } },
{ "type": "Feature", "properties": { "osm_id": 10732230784, "shop_type": "butcher", "name": "Delicatessen Argentina", "lat": 41.3895337, "lon": 2.1603625, "brand": null, "organic": null, "h3_index": "89394460333ffff" }, "geometry": { "type": "Point", "coordinates": [ 2.1603625, 41.3895337 ] } },
{ "type": "Feature", "properties": { "osm_id": 10739996482, "shop_type": "butcher", "name": "Carnisseria Sant Roc", "lat": 41.3999327, "lon": 2.1614352, "brand": null, "organic": null, "h3_index": "8939446017bffff" }, "geometry": { "type": "Point", "coordinates": [ 2.1614352, 41.3999327 ] } },
{ "type": "Feature", "properties": { "osm_id": 10758295617, "shop_type": "supermarket", "name": "BonÀrea", "lat": 41.40765, "lon": 2.1761755, "brand": "BonÀrea", "organic": null, "h3_index": "89394460127ffff" }, "geometry": { "type": "Point", "coordinates": [ 2.1761755, 41.40765 ] } },
{ "type": "Feature", "properties": { "osm_id": 10763326154, "shop_type": "greengrocer", "name": "Fruites i verdures", "lat": 41.4008627, "lon": 2.1579943, "brand": null, "organic": null, "h3_index": "89394460143ffff" }, "geometry": { "type": "Point", "coordinates": [ 2.1579943, 41.4008627 ] } },
{ "type": "Feature", "properties": { "osm_id": 10763857941, "shop_type": "greengrocer", "name": "Fruits S12 S.L.", "lat": 41.4017946, "lon": 2.1590304, "brand": null, "organic": null, "h3_index": "89394460147ffff" }, "geometry": { "type": "Point", "coordinates": [ 2.1590304, 41.4017946 ] } },
{ "type": "Feature", "properties": { "osm_id": 10763871431, "shop_type": "supermarket", "name": "Coaliment", "lat": 41.4023547, "lon": 2.1583971, "brand": null, "organic": null, "h3_index": "89394460147ffff" }, "geometry": { "type": "Point", "coordinates": [ 2.1583971, 41.4023547 ] } },
{ "type": "Feature", "properties": { "osm_id": 10766493873, "shop_type": "bakery", "name": "Fortino", "lat": 41.4001461, "lon": 2.1560379, "brand": null, "organic": null, "h3_index": "89394460143ffff" }, "geometry": { "type": "Point", "coordinates": [ 2.1560379, 41.4001461 ] } },
{ "type": "Feature", "properties": { "osm_id": 10766523792, "shop_type": "greengrocer", "name": "la Huerta", "lat": 41.4003992, "lon": 2.1564556, "brand": null, "organic": null, "h3_index": "89394460143ffff" }, "geometry": { "type": "Point", "coordinates": [ 2.1564556, 41.4003992 ] } },
{ "type": "Feature", "properties": { "osm_id": 10766556425, "shop_type": "bakery", "name": "Forn Rovira", "lat": 41.3755827, "lon": 2.1327973, "brand": null, "organic": null, "h3_index": "89394460267ffff" }, "geometry": { "type": "Point", "coordinates": [ 2.1327973, 41.3755827 ] } },
{ "type": "Feature", "properties": { "osm_id": 10772883829, "shop_type": "convenience", "name": "Gràcia Super Bodega 211", "lat": 41.403236, "lon": 2.1607267, "brand": null, "organic": null, "h3_index": "89394460147ffff" }, "geometry": { "type": "Point", "coordinates": [ 2.1607267, 41.403236 ] } },
{ "type": "Feature", "properties": { "osm_id": 10772905581, "shop_type": "butcher", "name": "Lazo", "lat": 41.4024153, "lon": 2.1599486, "brand": null, "organic": null, "h3_index": "89394460147ffff" }, "geometry": { "type": "Point", "coordinates": [ 2.1599486, 41.4024153 ] } },
{ "type": "Feature", "properties": { "osm_id": 10776448973, "shop_type": "butcher", "name": "Pollería Huevería Guasch", "lat": 41.3723044, "lon": 2.1673987, "brand": null, "organic": null, "h3_index": "89394461d13ffff" }, "geometry": { "type": "Point", "coordinates": [ 2.1673987, 41.3723044 ] } },
{ "type": "Feature", "properties": { "osm_id": 10776457367, "shop_type": "convenience", "name": "Super Alimentació", "lat": 41.3732968, "lon": 2.1684124, "brand": null, "organic": null, "h3_index": "89394461d13ffff" }, "geometry": { "type": "Point", "coordinates": [ 2.1684124, 41.3732968 ] } },
{ "type": "Feature", "properties": { "osm_id": 10776466917, "shop_type": "convenience", "name": "Negocios Alimentació", "lat": 41.3730236, "lon": 2.167878, "brand": null, "organic": null, "h3_index": "89394461d13ffff" }, "geometry": { "type": "Point", "coordinates": [ 2.167878, 41.3730236 ] } },
{ "type": "Feature", "properties": { "osm_id": 10778516249, "shop_type": "convenience", "name": "Supermercat", "lat": 41.3744636, "lon": 2.1740717, "brand": null, "organic": null, "h3_index": "89394461dabffff" }, "geometry": { "type": "Point", "coordinates": [ 2.1740717, 41.3744636 ] } },
{ "type": "Feature", "properties": { "osm_id": 10778577916, "shop_type": "convenience", "name": "Supermercat Vila Vila", "lat": 41.372946, "lon": 2.1727559, "brand": null, "organic": null, "h3_index": "89394461d17ffff" }, "geometry": { "type": "Point", "coordinates": [ 2.1727559, 41.372946 ] } },
{ "type": "Feature", "properties": { "osm_id": 10778584172, "shop_type": "greengrocer", "name": "Frutería", "lat": 41.3735288, "lon": 2.1686694, "brand": null, "organic": null, "h3_index": "89394461d13ffff" }, "geometry": { "type": "Point", "coordinates": [ 2.1686694, 41.3735288 ] } },
{ "type": "Feature", "properties": { "osm_id": 10779593705, "shop_type": "convenience", "name": "Super Fresc", "lat": 41.3742383, "lon": 2.1682584, "brand": null, "organic": null, "h3_index": "89394461d13ffff" }, "geometry": { "type": "Point", "coordinates": [ 2.1682584, 41.3742383 ] } },
{ "type": "Feature", "properties": { "osm_id": 10780137645, "shop_type": "convenience", "name": "Shebi Supermercat", "lat": 41.3742587, "lon": 2.1690649, "brand": null, "organic": null, "h3_index": "89394461d13ffff" }, "geometry": { "type": "Point", "coordinates": [ 2.1690649, 41.3742587 ] } },
{ "type": "Feature", "properties": { "osm_id": 10780370635, "shop_type": "convenience", "name": "Charter", "lat": 41.3745309, "lon": 2.1665389, "brand": null, "organic": null, "h3_index": "89394461d8bffff" }, "geometry": { "type": "Point", "coordinates": [ 2.1665389, 41.3745309 ] } },
{ "type": "Feature", "properties": { "osm_id": 10782503755, "shop_type": "bakery", "name": "Forn Francesc Miró", "lat": 41.3737089, "lon": 2.1685462, "brand": null, "organic": null, "h3_index": "89394461d13ffff" }, "geometry": { "type": "Point", "coordinates": [ 2.1685462, 41.3737089 ] } },
{ "type": "Feature", "properties": { "osm_id": 10782518462, "shop_type": "supermarket", "name": "Dia", "lat": 41.3767034, "lon": 2.1660028, "brand": null, "organic": null, "h3_index": "89394461d8bffff" }, "geometry": { "type": "Point", "coordinates": [ 2.1660028, 41.3767034 ] } },
{ "type": "Feature", "properties": { "osm_id": 10782563942, "shop_type": "convenience", "name": "Supermercat", "lat": 41.3801228, "lon": 2.1634934, "brand": null, "organic": null, "h3_index": "89394461d93ffff" }, "geometry": { "type": "Point", "coordinates": [ 2.1634934, 41.3801228 ] } },
{ "type": "Feature", "properties": { "osm_id": 10782574060, "shop_type": "bakery", "name": "Roger", "lat": 41.3774939, "lon": 2.1643405, "brand": null, "organic": null, "h3_index": "89394461d9bffff" }, "geometry": { "type": "Point", "coordinates": [ 2.1643405, 41.3774939 ] } },
{ "type": "Feature", "properties": { "osm_id": 10782716272, "shop_type": "supermarket", "name": "Supermercat uma", "lat": 41.396163, "lon": 2.1808115, "brand": null, "organic": null, "h3_index": "89394460e8fffff" }, "geometry": { "type": "Point", "coordinates": [ 2.1808115, 41.396163 ] } },
{ "type": "Feature", "properties": { "osm_id": 10784164494, "shop_type": "bakery", "name": "Turris", "lat": 41.395874, "lon": 2.1795705, "brand": null, "organic": null, "h3_index": "89394460e8fffff" }, "geometry": { "type": "Point", "coordinates": [ 2.1795705, 41.395874 ] } },
{ "type": "Feature", "properties": { "osm_id": 10784202113, "shop_type": "supermarket", "name": "Sorli", "lat": 41.3961071, "lon": 2.179892, "brand": null, "organic": null, "h3_index": "89394460e8fffff" }, "geometry": { "type": "Point", "coordinates": [ 2.179892, 41.3961071 ] } },
{ "type": "Feature", "properties": { "osm_id": 10784223205, "shop_type": "bakery", "name": "365 Obrador", "lat": 41.3956271, "lon": 2.1793694, "brand": null, "organic": null, "h3_index": "89394460e8fffff" }, "geometry": { "type": "Point", "coordinates": [ 2.1793694, 41.3956271 ] } },
{ "type": "Feature", "properties": { "osm_id": 10785181137, "shop_type": "bakery", "name": "LAFLECA Sicilia&Ausiàs", "lat": 41.3956111, "lon": 2.1810233, "brand": null, "organic": null, "h3_index": "89394460e17ffff" }, "geometry": { "type": "Point", "coordinates": [ 2.1810233, 41.3956111 ] } },
{ "type": "Feature", "properties": { "osm_id": 10785245317, "shop_type": "supermarket", "name": "Sorli", "lat": 41.3934787, "lon": 2.1794167, "brand": null, "organic": null, "h3_index": "89394460e13ffff" }, "geometry": { "type": "Point", "coordinates": [ 2.1794167, 41.3934787 ] } },
{ "type": "Feature", "properties": { "osm_id": 10790819600, "shop_type": "bakery", "name": "Tartisse", "lat": 41.3828931, "lon": 2.1691549, "brand": null, "organic": null, "h3_index": "89394461d97ffff" }, "geometry": { "type": "Point", "coordinates": [ 2.1691549, 41.3828931 ] } },
{ "type": "Feature", "properties": { "osm_id": 10792778502, "shop_type": "greengrocer", "name": "Joanic Supermercat", "lat": 41.4017459, "lon": 2.1596201, "brand": null, "organic": "yes", "h3_index": "89394460147ffff" }, "geometry": { "type": "Point", "coordinates": [ 2.1596201, 41.4017459 ] } },
{ "type": "Feature", "properties": { "osm_id": 10792778503, "shop_type": "greengrocer", "name": "Fruits S12", "lat": 41.4017121, "lon": 2.1595831, "brand": null, "organic": null, "h3_index": "89394460147ffff" }, "geometry": { "type": "Point", "coordinates": [ 2.1595831, 41.4017121 ] } },
{ "type": "Feature", "properties": { "osm_id": 10793473605, "shop_type": "supermarket", "name": "Mercat de pagès de Sants", "lat": 41.37953, "lon": 2.1291135, "brand": null, "organic": null, "h3_index": "89394460277ffff" }, "geometry": { "type": "Point", "coordinates": [ 2.1291135, 41.37953 ] } },
{ "type": "Feature", "properties": { "osm_id": 10795186605, "shop_type": "convenience", "name": "Supercor", "lat": 41.3931122, "lon": 2.2043118, "brand": null, "organic": null, "h3_index": "89394460857ffff" }, "geometry": { "type": "Point", "coordinates": [ 2.2043118, 41.3931122 ] } },
{ "type": "Feature", "properties": { "osm_id": 10795503868, "shop_type": "supermarket", "name": "UK Supermercat", "lat": 41.3924922, "lon": 2.1656814, "brand": null, "organic": null, "h3_index": "89394460edbffff" }, "geometry": { "type": "Point", "coordinates": [ 2.1656814, 41.3924922 ] } },
{ "type": "Feature", "properties": { "osm_id": 10802719432, "shop_type": "bakery", "name": "Forn del passeig", "lat": 41.4277473, "lon": 2.1667356, "brand": null, "organic": null, "h3_index": "89394462acfffff" }, "geometry": { "type": "Point", "coordinates": [ 2.1667356, 41.4277473 ] } },
{ "type": "Feature", "properties": { "osm_id": 10802719433, "shop_type": "butcher", "name": "Grau Xarcuters", "lat": 41.42774, "lon": 2.1668233, "brand": null, "organic": null, "h3_index": "89394462acfffff" }, "geometry": { "type": "Point", "coordinates": [ 2.1668233, 41.42774 ] } },
{ "type": "Feature", "properties": { "osm_id": 10802719434, "shop_type": "greengrocer", "name": "Frutas Diaz", "lat": 41.4277646, "lon": 2.166575, "brand": null, "organic": null, "h3_index": "89394462acfffff" }, "geometry": { "type": "Point", "coordinates": [ 2.166575, 41.4277646 ] } },
{ "type": "Feature", "properties": { "osm_id": 10806709305, "shop_type": "bakery", "name": "Granier", "lat": 41.4275602, "lon": 2.1681839, "brand": null, "organic": null, "h3_index": "89394462a1bffff" }, "geometry": { "type": "Point", "coordinates": [ 2.1681839, 41.4275602 ] } },
{ "type": "Feature", "properties": { "osm_id": 10839181571, "shop_type": "supermarket", "name": "Shaofan", "lat": 41.4071173, "lon": 2.1636532, "brand": null, "organic": null, "h3_index": "89394460103ffff" }, "geometry": { "type": "Point", "coordinates": [ 2.1636532, 41.4071173 ] } },
{ "type": "Feature", "properties": { "osm_id": 10839633326, "shop_type": "supermarket", "name": "Unknown", "lat": 41.4088013, "lon": 2.1489709, "brand": null, "organic": null, "h3_index": "893944601dbffff" }, "geometry": { "type": "Point", "coordinates": [ 2.1489709, 41.4088013 ] } },
{ "type": "Feature", "properties": { "osm_id": 10839633327, "shop_type": "convenience", "name": "Trady's", "lat": 41.4105353, "lon": 2.1397277, "brand": null, "organic": null, "h3_index": "893944600bbffff" }, "geometry": { "type": "Point", "coordinates": [ 2.1397277, 41.4105353 ] } },
{ "type": "Feature", "properties": { "osm_id": 10839633328, "shop_type": "supermarket", "name": "Veritas", "lat": 41.4115631, "lon": 2.1381362, "brand": null, "organic": null, "h3_index": "893944600b3ffff" }, "geometry": { "type": "Point", "coordinates": [ 2.1381362, 41.4115631 ] } },
{ "type": "Feature", "properties": { "osm_id": 10844678971, "shop_type": "convenience", "name": "Guinardo Supermercat", "lat": 41.4179275, "lon": 2.168616, "brand": null, "organic": null, "h3_index": "893944601b3ffff" }, "geometry": { "type": "Point", "coordinates": [ 2.168616, 41.4179275 ] } },
{ "type": "Feature", "properties": { "osm_id": 10844739457, "shop_type": "convenience", "name": "Trady's Supermercat", "lat": 41.4175679, "lon": 2.1695994, "brand": null, "organic": null, "h3_index": "893944601b3ffff" }, "geometry": { "type": "Point", "coordinates": [ 2.1695994, 41.4175679 ] } },
{ "type": "Feature", "properties": { "osm_id": 10858988549, "shop_type": "supermarket", "name": "Dia", "lat": 41.3956586, "lon": 2.1476435, "brand": "Dia", "organic": null, "h3_index": "89394460383ffff" }, "geometry": { "type": "Point", "coordinates": [ 2.1476435, 41.3956586 ] } },
{ "type": "Feature", "properties": { "osm_id": 10869289889, "shop_type": "bakery", "name": "Turris Claret", "lat": 41.4068104, "lon": 2.168299, "brand": null, "organic": null, "h3_index": "8939446013bffff" }, "geometry": { "type": "Point", "coordinates": [ 2.168299, 41.4068104 ] } },
{ "type": "Feature", "properties": { "osm_id": 10873379334, "shop_type": "greengrocer", "name": "Perla", "lat": 41.4197173, "lon": 2.1995876, "brand": null, "organic": null, "h3_index": "89394460ca3ffff" }, "geometry": { "type": "Point", "coordinates": [ 2.1995876, 41.4197173 ] } },
{ "type": "Feature", "properties": { "osm_id": 10873565401, "shop_type": "convenience", "name": "Alimentació Taulat", "lat": 41.399463, "lon": 2.2058367, "brand": null, "organic": null, "h3_index": "89394460813ffff" }, "geometry": { "type": "Point", "coordinates": [ 2.2058367, 41.399463 ] } },
{ "type": "Feature", "properties": { "osm_id": 10880376905, "shop_type": "supermarket", "name": "Condis", "lat": 41.4020007, "lon": 2.2086274, "brand": null, "organic": null, "h3_index": "8939446088fffff" }, "geometry": { "type": "Point", "coordinates": [ 2.2086274, 41.4020007 ] } },
{ "type": "Feature", "properties": { "osm_id": 10882891605, "shop_type": "bakery", "name": "Forn Colón", "lat": 41.4110721, "lon": 2.1833712, "brand": null, "organic": null, "h3_index": "89394460ccfffff" }, "geometry": { "type": "Point", "coordinates": [ 2.1833712, 41.4110721 ] } },
{ "type": "Feature", "properties": { "osm_id": 10911725506, "shop_type": "bakery", "name": "milpa", "lat": 41.3997251, "lon": 2.1644112, "brand": null, "organic": null, "h3_index": "8939446017bffff" }, "geometry": { "type": "Point", "coordinates": [ 2.1644112, 41.3997251 ] } },
{ "type": "Feature", "properties": { "osm_id": 10914300205, "shop_type": "convenience", "name": "Cumpleparty", "lat": 41.3862835, "lon": 2.1793358, "brand": null, "organic": null, "h3_index": "89394460e47ffff" }, "geometry": { "type": "Point", "coordinates": [ 2.1793358, 41.3862835 ] } },
{ "type": "Feature", "properties": { "osm_id": 10923703481, "shop_type": "bakery", "name": "Granier", "lat": 41.3996169, "lon": 2.1681538, "brand": "Granier", "organic": null, "h3_index": "89394460163ffff" }, "geometry": { "type": "Point", "coordinates": [ 2.1681538, 41.3996169 ] } },
{ "type": "Feature", "properties": { "osm_id": 10926005042, "shop_type": "supermarket", "name": "BonÀrea", "lat": 41.4213592, "lon": 2.2041966, "brand": "BonÀrea", "organic": null, "h3_index": "89394462b6bffff" }, "geometry": { "type": "Point", "coordinates": [ 2.2041966, 41.4213592 ] } },
{ "type": "Feature", "properties": { "osm_id": 10926005043, "shop_type": "supermarket", "name": "Cal Fruitós", "lat": 41.420856, "lon": 2.2046063, "brand": null, "organic": null, "h3_index": "89394460dd3ffff" }, "geometry": { "type": "Point", "coordinates": [ 2.2046063, 41.420856 ] } },
{ "type": "Feature", "properties": { "osm_id": 10926005045, "shop_type": "supermarket", "name": "Alcampo", "lat": 41.4187499, "lon": 2.2052539, "brand": "Alcampo", "organic": null, "h3_index": "89394460ddbffff" }, "geometry": { "type": "Point", "coordinates": [ 2.2052539, 41.4187499 ] } },
{ "type": "Feature", "properties": { "osm_id": 10928586959, "shop_type": "supermarket", "name": "Cosum", "lat": 41.4087254, "lon": 2.1534211, "brand": "consum", "organic": null, "h3_index": "893944601c3ffff" }, "geometry": { "type": "Point", "coordinates": [ 2.1534211, 41.4087254 ] } },
{ "type": "Feature", "properties": { "osm_id": 10935289626, "shop_type": "supermarket", "name": "Supercor", "lat": 41.427874, "lon": 2.1651652, "brand": "Supercor", "organic": null, "h3_index": "89394462acfffff" }, "geometry": { "type": "Point", "coordinates": [ 2.1651652, 41.427874 ] } },
{ "type": "Feature", "properties": { "osm_id": 10958928152, "shop_type": "bakery", "name": "turris", "lat": 41.4084748, "lon": 2.1635591, "brand": null, "organic": null, "h3_index": "89394460103ffff" }, "geometry": { "type": "Point", "coordinates": [ 2.1635591, 41.4084748 ] } },
{ "type": "Feature", "properties": { "osm_id": 10967484706, "shop_type": "supermarket", "name": "Bonpreu", "lat": 41.3805833, "lon": 2.1603872, "brand": null, "organic": null, "h3_index": "89394460367ffff" }, "geometry": { "type": "Point", "coordinates": [ 2.1603872, 41.3805833 ] } },
{ "type": "Feature", "properties": { "osm_id": 10967492405, "shop_type": "supermarket", "name": "Alfi", "lat": 41.3807348, "lon": 2.158981, "brand": null, "organic": null, "h3_index": "89394460367ffff" }, "geometry": { "type": "Point", "coordinates": [ 2.158981, 41.3807348 ] } },
{ "type": "Feature", "properties": { "osm_id": 10982123805, "shop_type": "supermarket", "name": "Caprabo", "lat": 41.3811972, "lon": 2.1358101, "brand": null, "organic": null, "h3_index": "89394460223ffff" }, "geometry": { "type": "Point", "coordinates": [ 2.1358101, 41.3811972 ] } },
{ "type": "Feature", "properties": { "osm_id": 11028063351, "shop_type": "convenience", "name": "Alimentació Herrera", "lat": 41.4160536, "lon": 2.1617485, "brand": null, "organic": null, "h3_index": "89394460183ffff" }, "geometry": { "type": "Point", "coordinates": [ 2.1617485, 41.4160536 ] } },
{ "type": "Feature", "properties": { "osm_id": 11028575845, "shop_type": "supermarket", "name": "Condis", "lat": 41.3818648, "lon": 2.157651, "brand": null, "organic": null, "h3_index": "89394460377ffff" }, "geometry": { "type": "Point", "coordinates": [ 2.157651, 41.3818648 ] } },
{ "type": "Feature", "properties": { "osm_id": 11028575853, "shop_type": "bakery", "name": "Cafe.365", "lat": 41.3723876, "lon": 2.1460944, "brand": null, "organic": null, "h3_index": "89394461cbbffff" }, "geometry": { "type": "Point", "coordinates": [ 2.1460944, 41.3723876 ] } },
{ "type": "Feature", "properties": { "osm_id": 11028765684, "shop_type": "convenience", "name": "Alimentació", "lat": 41.4149878, "lon": 2.2032161, "brand": null, "organic": null, "h3_index": "89394460c37ffff" }, "geometry": { "type": "Point", "coordinates": [ 2.2032161, 41.4149878 ] } },
{ "type": "Feature", "properties": { "osm_id": 11032312990, "shop_type": "convenience", "name": "Laisa", "lat": 41.3751697, "lon": 2.1661852, "brand": null, "organic": null, "h3_index": "89394461d8bffff" }, "geometry": { "type": "Point", "coordinates": [ 2.1661852, 41.3751697 ] } },
{ "type": "Feature", "properties": { "osm_id": 11032317021, "shop_type": "bakery", "name": "365 Cafeteria Forn de Pa", "lat": 41.3750958, "lon": 2.1710672, "brand": null, "organic": null, "h3_index": "89394461d17ffff" }, "geometry": { "type": "Point", "coordinates": [ 2.1710672, 41.3750958 ] } },
{ "type": "Feature", "properties": { "osm_id": 11034130529, "shop_type": "convenience", "name": "Alimentació Carniseria Fruites i Verdures", "lat": 41.4613261, "lon": 2.176795, "brand": null, "organic": null, "h3_index": "89394462c2bffff" }, "geometry": { "type": "Point", "coordinates": [ 2.176795, 41.4613261 ] } },
{ "type": "Feature", "properties": { "osm_id": 11034130536, "shop_type": "convenience", "name": "Alimentació Badulake", "lat": 41.4599361, "lon": 2.1731123, "brand": null, "organic": null, "h3_index": "89394462c67ffff" }, "geometry": { "type": "Point", "coordinates": [ 2.1731123, 41.4599361 ] } },
{ "type": "Feature", "properties": { "osm_id": 11034590106, "shop_type": "greengrocer", "name": "El Cau Cooperativa", "lat": 41.4002872, "lon": 2.1593769, "brand": null, "organic": "only", "h3_index": "8939446014fffff" }, "geometry": { "type": "Point", "coordinates": [ 2.1593769, 41.4002872 ] } },
{ "type": "Feature", "properties": { "osm_id": 11042863586, "shop_type": "bakery", "name": "Vivari", "lat": 41.3987359, "lon": 2.1711167, "brand": null, "organic": null, "h3_index": "8939446016fffff" }, "geometry": { "type": "Point", "coordinates": [ 2.1711167, 41.3987359 ] } },
{ "type": "Feature", "properties": { "osm_id": 11047924512, "shop_type": "convenience", "name": "Unknown", "lat": 41.382985, "lon": 2.146415, "brand": null, "organic": null, "h3_index": "89394460357ffff" }, "geometry": { "type": "Point", "coordinates": [ 2.146415, 41.382985 ] } },
{ "type": "Feature", "properties": { "osm_id": 11048691107, "shop_type": "bakery", "name": "365 Cafeteria Forn de Pa", "lat": 41.3861811, "lon": 2.155715, "brand": null, "organic": null, "h3_index": "8939446030fffff" }, "geometry": { "type": "Point", "coordinates": [ 2.155715, 41.3861811 ] } },
{ "type": "Feature", "properties": { "osm_id": 11048691120, "shop_type": "convenience", "name": "Alimentació Nou Barris", "lat": 41.4322129, "lon": 2.180471, "brand": null, "organic": null, "h3_index": "89394462aabffff" }, "geometry": { "type": "Point", "coordinates": [ 2.180471, 41.4322129 ] } },
{ "type": "Feature", "properties": { "osm_id": 11052503004, "shop_type": "bakery", "name": "Che Chipa", "lat": 41.4025033, "lon": 2.1606309, "brand": null, "organic": null, "h3_index": "89394460147ffff" }, "geometry": { "type": "Point", "coordinates": [ 2.1606309, 41.4025033 ] } },
{ "type": "Feature", "properties": { "osm_id": 11061170305, "shop_type": "bakery", "name": "Vivari coffee and bakery", "lat": 41.4202893, "lon": 2.202017, "brand": null, "organic": null, "h3_index": "89394460ca7ffff" }, "geometry": { "type": "Point", "coordinates": [ 2.202017, 41.4202893 ] } },
{ "type": "Feature", "properties": { "osm_id": 11061218505, "shop_type": "supermarket", "name": "Lidl", "lat": 41.3988815, "lon": 2.1492897, "brand": "Lidl", "organic": null, "h3_index": "89394460397ffff" }, "geometry": { "type": "Point", "coordinates": [ 2.1492897, 41.3988815 ] } },
{ "type": "Feature", "properties": { "osm_id": 11064394107, "shop_type": "supermarket", "name": "Supermercat Cristina", "lat": 41.4344544, "lon": 2.2053079, "brand": null, "organic": null, "h3_index": "89394462b07ffff" }, "geometry": { "type": "Point", "coordinates": [ 2.2053079, 41.4344544 ] } },
{ "type": "Feature", "properties": { "osm_id": 11068383505, "shop_type": "supermarket", "name": "Keisy", "lat": 41.3955557, "lon": 2.1713685, "brand": null, "organic": null, "h3_index": "89394460ed7ffff" }, "geometry": { "type": "Point", "coordinates": [ 2.1713685, 41.3955557 ] } },
{ "type": "Feature", "properties": { "osm_id": 11099801147, "shop_type": "bakery", "name": "Cafè del Nord", "lat": 41.3941697, "lon": 2.1827349, "brand": null, "organic": null, "h3_index": "89394460e17ffff" }, "geometry": { "type": "Point", "coordinates": [ 2.1827349, 41.3941697 ] } },
{ "type": "Feature", "properties": { "osm_id": 11104923908, "shop_type": "bakery", "name": "Unknown", "lat": 41.3987151, "lon": 2.143288, "brand": null, "organic": null, "h3_index": "8939446002bffff" }, "geometry": { "type": "Point", "coordinates": [ 2.143288, 41.3987151 ] } },
{ "type": "Feature", "properties": { "osm_id": 11118282305, "shop_type": "bakery", "name": "Sun", "lat": 41.4098076, "lon": 2.1835464, "brand": null, "organic": null, "h3_index": "89394460ccfffff" }, "geometry": { "type": "Point", "coordinates": [ 2.1835464, 41.4098076 ] } },
{ "type": "Feature", "properties": { "osm_id": 11118286105, "shop_type": "bakery", "name": "52 moments", "lat": 41.4114277, "lon": 2.1818142, "brand": null, "organic": null, "h3_index": "89394460ccfffff" }, "geometry": { "type": "Point", "coordinates": [ 2.1818142, 41.4114277 ] } },
{ "type": "Feature", "properties": { "osm_id": 11128371477, "shop_type": "convenience", "name": "Gracia Supermercat", "lat": 41.4004238, "lon": 2.1585948, "brand": null, "organic": null, "h3_index": "8939446014fffff" }, "geometry": { "type": "Point", "coordinates": [ 2.1585948, 41.4004238 ] } },
{ "type": "Feature", "properties": { "osm_id": 11132571475, "shop_type": "supermarket", "name": "Supermercat express", "lat": 41.4067088, "lon": 2.1509987, "brand": null, "organic": null, "h3_index": "893944601cbffff" }, "geometry": { "type": "Point", "coordinates": [ 2.1509987, 41.4067088 ] } },
{ "type": "Feature", "properties": { "osm_id": 11139240257, "shop_type": "supermarket", "name": "Alcampo", "lat": 41.4054162, "lon": 2.1347741, "brand": "Alcampo", "organic": null, "h3_index": "89394460013ffff" }, "geometry": { "type": "Point", "coordinates": [ 2.1347741, 41.4054162 ] } },
{ "type": "Feature", "properties": { "osm_id": 11150224632, "shop_type": "supermarket", "name": "Ametller Origen", "lat": 41.3982682, "lon": 2.1570522, "brand": null, "organic": null, "h3_index": "8939446014fffff" }, "geometry": { "type": "Point", "coordinates": [ 2.1570522, 41.3982682 ] } },
{ "type": "Feature", "properties": { "osm_id": 11150236119, "shop_type": "bakery", "name": "Forn de pa Cal Moline", "lat": 41.3992885, "lon": 2.1559576, "brand": null, "organic": null, "h3_index": "8939446014bffff" }, "geometry": { "type": "Point", "coordinates": [ 2.1559576, 41.3992885 ] } },
{ "type": "Feature", "properties": { "osm_id": 11158532412, "shop_type": "supermarket", "name": "Condis", "lat": 41.3989346, "lon": 2.1743269, "brand": "Condis", "organic": null, "h3_index": "89394460e9bffff" }, "geometry": { "type": "Point", "coordinates": [ 2.1743269, 41.3989346 ] } },
{ "type": "Feature", "properties": { "osm_id": 11161600959, "shop_type": "bakery", "name": "Granier", "lat": 41.400604, "lon": 2.1565872, "brand": null, "organic": null, "h3_index": "89394460143ffff" }, "geometry": { "type": "Point", "coordinates": [ 2.1565872, 41.400604 ] } },
{ "type": "Feature", "properties": { "osm_id": 11161663439, "shop_type": "supermarket", "name": "Suma", "lat": 41.3986582, "lon": 2.1658382, "brand": "Suma", "organic": null, "h3_index": "8939446016bffff" }, "geometry": { "type": "Point", "coordinates": [ 2.1658382, 41.3986582 ] } },
{ "type": "Feature", "properties": { "osm_id": 11171582237, "shop_type": "supermarket", "name": "V-TRUST", "lat": 41.4000644, "lon": 2.2057015, "brand": null, "organic": null, "h3_index": "8939446088bffff" }, "geometry": { "type": "Point", "coordinates": [ 2.2057015, 41.4000644 ] } },
{ "type": "Feature", "properties": { "osm_id": 11171588240, "shop_type": "bakery", "name": "The cake man bakery", "lat": 41.3999962, "lon": 2.205612, "brand": null, "organic": null, "h3_index": "8939446088bffff" }, "geometry": { "type": "Point", "coordinates": [ 2.205612, 41.3999962 ] } },
{ "type": "Feature", "properties": { "osm_id": 11171605537, "shop_type": "butcher", "name": "Carnisseries Trinxant", "lat": 41.4001308, "lon": 2.2057752, "brand": null, "organic": null, "h3_index": "8939446088bffff" }, "geometry": { "type": "Point", "coordinates": [ 2.2057752, 41.4001308 ] } },
{ "type": "Feature", "properties": { "osm_id": 11204222546, "shop_type": "supermarket", "name": "Dia", "lat": 41.435391, "lon": 2.1725182, "brand": null, "organic": null, "h3_index": "89394462a8fffff" }, "geometry": { "type": "Point", "coordinates": [ 2.1725182, 41.435391 ] } },
{ "type": "Feature", "properties": { "osm_id": 11204515837, "shop_type": "supermarket", "name": "Condis", "lat": 41.4510661, "lon": 2.1863049, "brand": null, "organic": null, "h3_index": "89394462803ffff" }, "geometry": { "type": "Point", "coordinates": [ 2.1863049, 41.4510661 ] } },
{ "type": "Feature", "properties": { "osm_id": 11241766376, "shop_type": "butcher", "name": "Carnisseria Camadi", "lat": 41.4025303, "lon": 2.1596627, "brand": null, "organic": null, "h3_index": "89394460147ffff" }, "geometry": { "type": "Point", "coordinates": [ 2.1596627, 41.4025303 ] } },
{ "type": "Feature", "properties": { "osm_id": 11241810772, "shop_type": "butcher", "name": "Carnisseria Martí", "lat": 41.4022863, "lon": 2.1604826, "brand": null, "organic": null, "h3_index": "89394460147ffff" }, "geometry": { "type": "Point", "coordinates": [ 2.1604826, 41.4022863 ] } },
{ "type": "Feature", "properties": { "osm_id": 11241810775, "shop_type": "butcher", "name": "Xarcuteria Els Artesans de 1930", "lat": 41.4023122, "lon": 2.1605362, "brand": null, "organic": null, "h3_index": "89394460147ffff" }, "geometry": { "type": "Point", "coordinates": [ 2.1605362, 41.4023122 ] } },
{ "type": "Feature", "properties": { "osm_id": 11241832590, "shop_type": "supermarket", "name": "Condis", "lat": 41.4027507, "lon": 2.1607083, "brand": null, "organic": null, "h3_index": "89394460147ffff" }, "geometry": { "type": "Point", "coordinates": [ 2.1607083, 41.4027507 ] } },
{ "type": "Feature", "properties": { "osm_id": 11251939807, "shop_type": "bakery", "name": "Vivari", "lat": 41.3986567, "lon": 2.1664443, "brand": null, "organic": null, "h3_index": "8939446016bffff" }, "geometry": { "type": "Point", "coordinates": [ 2.1664443, 41.3986567 ] } },
{ "type": "Feature", "properties": { "osm_id": 11255853076, "shop_type": "convenience", "name": "Mi Alcampo", "lat": 41.3962054, "lon": 2.1571138, "brand": "Alcampo", "organic": null, "h3_index": "893944603b3ffff" }, "geometry": { "type": "Point", "coordinates": [ 2.1571138, 41.3962054 ] } },
{ "type": "Feature", "properties": { "osm_id": 11255946462, "shop_type": "bakery", "name": "Forn de pa artesà Goya", "lat": 41.3995783, "lon": 2.1573236, "brand": null, "organic": null, "h3_index": "8939446014fffff" }, "geometry": { "type": "Point", "coordinates": [ 2.1573236, 41.3995783 ] } },
{ "type": "Feature", "properties": { "osm_id": 11267632440, "shop_type": "bakery", "name": "Flor de Gràcia", "lat": 41.4042143, "lon": 2.1598154, "brand": null, "organic": null, "h3_index": "89394460157ffff" }, "geometry": { "type": "Point", "coordinates": [ 2.1598154, 41.4042143 ] } },
{ "type": "Feature", "properties": { "osm_id": 11281609157, "shop_type": "supermarket", "name": "Hi mart", "lat": 41.4010617, "lon": 2.2020638, "brand": null, "organic": null, "h3_index": "8939446088bffff" }, "geometry": { "type": "Point", "coordinates": [ 2.2020638, 41.4010617 ] } },
{ "type": "Feature", "properties": { "osm_id": 11283560569, "shop_type": "bakery", "name": "Pastisseria Hofmann", "lat": 41.3931454, "lon": 2.1431542, "brand": null, "organic": null, "h3_index": "8939446006fffff" }, "geometry": { "type": "Point", "coordinates": [ 2.1431542, 41.3931454 ] } },
{ "type": "Feature", "properties": { "osm_id": 11286665329, "shop_type": "supermarket", "name": "Condis Express", "lat": 41.4176156, "lon": 2.1712123, "brand": "Condis", "organic": null, "h3_index": "893944601b7ffff" }, "geometry": { "type": "Point", "coordinates": [ 2.1712123, 41.4176156 ] } },
{ "type": "Feature", "properties": { "osm_id": 11290681163, "shop_type": "convenience", "name": "Articles Platja", "lat": 41.3786252, "lon": 2.1796879, "brand": null, "organic": null, "h3_index": "89394461da7ffff" }, "geometry": { "type": "Point", "coordinates": [ 2.1796879, 41.3786252 ] } },
{ "type": "Feature", "properties": { "osm_id": 11294408636, "shop_type": "convenience", "name": "Còrsega Super Mercat", "lat": 41.4012852, "lon": 2.1588735, "brand": null, "organic": null, "h3_index": "89394460147ffff" }, "geometry": { "type": "Point", "coordinates": [ 2.1588735, 41.4012852 ] } },
{ "type": "Feature", "properties": { "osm_id": 11294967669, "shop_type": "supermarket", "name": "Condis", "lat": 41.4116301, "lon": 2.1791874, "brand": null, "organic": null, "h3_index": "89394460ccbffff" }, "geometry": { "type": "Point", "coordinates": [ 2.1791874, 41.4116301 ] } },
{ "type": "Feature", "properties": { "osm_id": 11295545163, "shop_type": "convenience", "name": "Unknown", "lat": 41.389844, "lon": 2.183204, "brand": null, "organic": null, "h3_index": "89394460e0fffff" }, "geometry": { "type": "Point", "coordinates": [ 2.183204, 41.389844 ] } },
{ "type": "Feature", "properties": { "osm_id": 11296002859, "shop_type": "convenience", "name": "Baba Supermercat", "lat": 41.3904044, "lon": 2.1691, "brand": null, "organic": null, "h3_index": "89394460ecbffff" }, "geometry": { "type": "Point", "coordinates": [ 2.1691, 41.3904044 ] } },
{ "type": "Feature", "properties": { "osm_id": 11300226635, "shop_type": "bakery", "name": "365", "lat": 41.4046581, "lon": 2.1765881, "brand": null, "organic": null, "h3_index": "8939446012fffff" }, "geometry": { "type": "Point", "coordinates": [ 2.1765881, 41.4046581 ] } },
{ "type": "Feature", "properties": { "osm_id": 11302718669, "shop_type": "supermarket", "name": "Alcampo", "lat": 41.4406293, "lon": 2.1666292, "brand": null, "organic": null, "h3_index": "89394462e2bffff" }, "geometry": { "type": "Point", "coordinates": [ 2.1666292, 41.4406293 ] } },
{ "type": "Feature", "properties": { "osm_id": 11302745570, "shop_type": "supermarket", "name": "Mercadona", "lat": 41.4380629, "lon": 2.1702162, "brand": null, "organic": null, "h3_index": "89394462a83ffff" }, "geometry": { "type": "Point", "coordinates": [ 2.1702162, 41.4380629 ] } },
{ "type": "Feature", "properties": { "osm_id": 11302829569, "shop_type": "supermarket", "name": "Lidl", "lat": 41.4312442, "lon": 2.1734268, "brand": "Lidl", "organic": null, "h3_index": "89394462a13ffff" }, "geometry": { "type": "Point", "coordinates": [ 2.1734268, 41.4312442 ] } },
{ "type": "Feature", "properties": { "osm_id": 11302888869, "shop_type": "supermarket", "name": "BonÀrea", "lat": 41.4232483, "lon": 2.178337, "brand": "BonÀrea", "organic": null, "h3_index": "89394462a77ffff" }, "geometry": { "type": "Point", "coordinates": [ 2.178337, 41.4232483 ] } },
{ "type": "Feature", "properties": { "osm_id": 11302893069, "shop_type": "supermarket", "name": "Dia", "lat": 41.422214, "lon": 2.1793648, "brand": null, "organic": null, "h3_index": "89394462a67ffff" }, "geometry": { "type": "Point", "coordinates": [ 2.1793648, 41.422214 ] } },
{ "type": "Feature", "properties": { "osm_id": 11303084097, "shop_type": "supermarket", "name": "Aldi", "lat": 41.3803914, "lon": 2.166213, "brand": "Aldi", "organic": null, "h3_index": "89394461d93ffff" }, "geometry": { "type": "Point", "coordinates": [ 2.166213, 41.3803914 ] } },
{ "type": "Feature", "properties": { "osm_id": 11308075287, "shop_type": "supermarket", "name": "Suma", "lat": 41.3987369, "lon": 2.1624493, "brand": null, "organic": null, "h3_index": "8939446017bffff" }, "geometry": { "type": "Point", "coordinates": [ 2.1624493, 41.3987369 ] } },
{ "type": "Feature", "properties": { "osm_id": 11308075290, "shop_type": "convenience", "name": "Luna", "lat": 41.3989212, "lon": 2.1627142, "brand": null, "organic": null, "h3_index": "8939446017bffff" }, "geometry": { "type": "Point", "coordinates": [ 2.1627142, 41.3989212 ] } },
{ "type": "Feature", "properties": { "osm_id": 11308412320, "shop_type": "greengrocer", "name": "Fruit Xtra", "lat": 41.4005146, "lon": 2.1656101, "brand": null, "organic": null, "h3_index": "89394460163ffff" }, "geometry": { "type": "Point", "coordinates": [ 2.1656101, 41.4005146 ] } },
{ "type": "Feature", "properties": { "osm_id": 11308448564, "shop_type": "bakery", "name": "La Boulangerie", "lat": 41.4007355, "lon": 2.1652941, "brand": null, "organic": null, "h3_index": "89394460163ffff" }, "geometry": { "type": "Point", "coordinates": [ 2.1652941, 41.4007355 ] } },
{ "type": "Feature", "properties": { "osm_id": 11309294469, "shop_type": "supermarket", "name": "Market & Store", "lat": 41.3919376, "lon": 2.1666222, "brand": null, "organic": null, "h3_index": "89394460edbffff" }, "geometry": { "type": "Point", "coordinates": [ 2.1666222, 41.3919376 ] } },
{ "type": "Feature", "properties": { "osm_id": 11310780621, "shop_type": "convenience", "name": "Supermercat", "lat": 41.3936052, "lon": 2.1931595, "brand": null, "organic": null, "h3_index": "89394460e37ffff" }, "geometry": { "type": "Point", "coordinates": [ 2.1931595, 41.3936052 ] } },
{ "type": "Feature", "properties": { "osm_id": 11324276971, "shop_type": "bakery", "name": "Baluard", "lat": 41.4029747, "lon": 2.156342, "brand": null, "organic": null, "h3_index": "89394460143ffff" }, "geometry": { "type": "Point", "coordinates": [ 2.156342, 41.4029747 ] } },
{ "type": "Feature", "properties": { "osm_id": 11327617342, "shop_type": "convenience", "name": "Supermercat", "lat": 41.3874475, "lon": 2.1720999, "brand": null, "organic": null, "h3_index": "89394460e53ffff" }, "geometry": { "type": "Point", "coordinates": [ 2.1720999, 41.3874475 ] } },
{ "type": "Feature", "properties": { "osm_id": 11327794123, "shop_type": "supermarket", "name": "Prima prix", "lat": 41.3870415, "lon": 2.1450308, "brand": null, "organic": null, "h3_index": "893944603cfffff" }, "geometry": { "type": "Point", "coordinates": [ 2.1450308, 41.3870415 ] } },
{ "type": "Feature", "properties": { "osm_id": 11327823588, "shop_type": "supermarket", "name": "BonÀrea", "lat": 41.3845975, "lon": 2.1432709, "brand": "BonÀrea", "organic": null, "h3_index": "89394460353ffff" }, "geometry": { "type": "Point", "coordinates": [ 2.1432709, 41.3845975 ] } },
{ "type": "Feature", "properties": { "osm_id": 11327894058, "shop_type": "supermarket", "name": "Toko", "lat": 41.3842363, "lon": 2.1466024, "brand": null, "organic": null, "h3_index": "89394460357ffff" }, "geometry": { "type": "Point", "coordinates": [ 2.1466024, 41.3842363 ] } },
{ "type": "Feature", "properties": { "osm_id": 11329386469, "shop_type": "supermarket", "name": "Coaliment", "lat": 41.3795411, "lon": 2.1509485, "brand": "Coaliment", "organic": null, "h3_index": "8939446037bffff" }, "geometry": { "type": "Point", "coordinates": [ 2.1509485, 41.3795411 ] } },
{ "type": "Feature", "properties": { "osm_id": 11329386569, "shop_type": "supermarket", "name": "Condis", "lat": 41.3793211, "lon": 2.1507677, "brand": "Condis", "organic": null, "h3_index": "8939446037bffff" }, "geometry": { "type": "Point", "coordinates": [ 2.1507677, 41.3793211 ] } },
{ "type": "Feature", "properties": { "osm_id": 11329557269, "shop_type": "supermarket", "name": "Alcampo", "lat": 41.3937344, "lon": 2.1420149, "brand": null, "organic": null, "h3_index": "8939446006fffff" }, "geometry": { "type": "Point", "coordinates": [ 2.1420149, 41.3937344 ] } },
{ "type": "Feature", "properties": { "osm_id": 11339601031, "shop_type": "convenience", "name": "Welcome Supermercat", "lat": 41.4070231, "lon": 2.1510082, "brand": null, "organic": null, "h3_index": "893944601cbffff" }, "geometry": { "type": "Point", "coordinates": [ 2.1510082, 41.4070231 ] } },
{ "type": "Feature", "properties": { "osm_id": 11339606102, "shop_type": "supermarket", "name": "Ametller Origen", "lat": 41.4055597, "lon": 2.1532308, "brand": null, "organic": null, "h3_index": "893944601cbffff" }, "geometry": { "type": "Point", "coordinates": [ 2.1532308, 41.4055597 ] } },
{ "type": "Feature", "properties": { "osm_id": 11343845075, "shop_type": "greengrocer", "name": "Frutes i Verdures", "lat": 41.4035142, "lon": 2.15863, "brand": null, "organic": null, "h3_index": "89394460157ffff" }, "geometry": { "type": "Point", "coordinates": [ 2.15863, 41.4035142 ] } },
{ "type": "Feature", "properties": { "osm_id": 11349063347, "shop_type": "convenience", "name": "Supermercat Sant Fructuós", "lat": 41.3724764, "lon": 2.1479327, "brand": null, "organic": null, "h3_index": "89394461ca3ffff" }, "geometry": { "type": "Point", "coordinates": [ 2.1479327, 41.3724764 ] } },
{ "type": "Feature", "properties": { "osm_id": 11354465708, "shop_type": "butcher", "name": "Escolet Oliver", "lat": 41.3984478, "lon": 2.1569533, "brand": null, "organic": null, "h3_index": "8939446014fffff" }, "geometry": { "type": "Point", "coordinates": [ 2.1569533, 41.3984478 ] } },
{ "type": "Feature", "properties": { "osm_id": 11355267525, "shop_type": "bakery", "name": "Cal Moliné", "lat": 41.4002396, "lon": 2.1535475, "brand": null, "organic": null, "h3_index": "8939446015bffff" }, "geometry": { "type": "Point", "coordinates": [ 2.1535475, 41.4002396 ] } },
{ "type": "Feature", "properties": { "osm_id": 11355461364, "shop_type": "supermarket", "name": "Dia", "lat": 41.4010382, "lon": 2.1538246, "brand": null, "organic": null, "h3_index": "8939446015bffff" }, "geometry": { "type": "Point", "coordinates": [ 2.1538246, 41.4010382 ] } },
{ "type": "Feature", "properties": { "osm_id": 11355686170, "shop_type": "bakery", "name": "Tonka", "lat": 41.4036539, "lon": 2.1571514, "brand": null, "organic": null, "h3_index": "89394460157ffff" }, "geometry": { "type": "Point", "coordinates": [ 2.1571514, 41.4036539 ] } },
{ "type": "Feature", "properties": { "osm_id": 11358107569, "shop_type": "convenience", "name": "Condal", "lat": 41.3880022, "lon": 2.1742905, "brand": null, "organic": null, "h3_index": "89394460e57ffff" }, "geometry": { "type": "Point", "coordinates": [ 2.1742905, 41.3880022 ] } },
{ "type": "Feature", "properties": { "osm_id": 11358256894, "shop_type": "bakery", "name": "turris", "lat": 41.3961209, "lon": 2.1676307, "brand": null, "organic": null, "h3_index": "89394460ed3ffff" }, "geometry": { "type": "Point", "coordinates": [ 2.1676307, 41.3961209 ] } },
{ "type": "Feature", "properties": { "osm_id": 11358371346, "shop_type": "greengrocer", "name": "Fruit Xtra", "lat": 41.394683, "lon": 2.1706897, "brand": null, "organic": null, "h3_index": "89394460ed7ffff" }, "geometry": { "type": "Point", "coordinates": [ 2.1706897, 41.394683 ] } },
{ "type": "Feature", "properties": { "osm_id": 11358620618, "shop_type": "greengrocer", "name": "Sabor & Tradició", "lat": 41.3777925, "lon": 2.1594796, "brand": null, "organic": null, "h3_index": "8939446036fffff" }, "geometry": { "type": "Point", "coordinates": [ 2.1594796, 41.3777925 ] } },
{ "type": "Feature", "properties": { "osm_id": 11359049485, "shop_type": "convenience", "name": "Supermercat", "lat": 41.3792038, "lon": 2.1879588, "brand": null, "organic": null, "h3_index": "89394460ad7ffff" }, "geometry": { "type": "Point", "coordinates": [ 2.1879588, 41.3792038 ] } },
{ "type": "Feature", "properties": { "osm_id": 11359753070, "shop_type": "supermarket", "name": "Spar", "lat": 41.4073495, "lon": 2.1885941, "brand": null, "organic": null, "h3_index": "89394460c47ffff" }, "geometry": { "type": "Point", "coordinates": [ 2.1885941, 41.4073495 ] } },
{ "type": "Feature", "properties": { "osm_id": 11360332929, "shop_type": "supermarket", "name": "Mi Alcampo", "lat": 41.3850787, "lon": 2.1800343, "brand": null, "organic": null, "h3_index": "89394460e7bffff" }, "geometry": { "type": "Point", "coordinates": [ 2.1800343, 41.3850787 ] } },
{ "type": "Feature", "properties": { "osm_id": 11365726624, "shop_type": "butcher", "name": "Carnisseria Putxet Gourmet", "lat": 41.4099828, "lon": 2.1401732, "brand": null, "organic": null, "h3_index": "893944600bbffff" }, "geometry": { "type": "Point", "coordinates": [ 2.1401732, 41.4099828 ] } },
{ "type": "Feature", "properties": { "osm_id": 11367177078, "shop_type": "convenience", "name": "Unknown", "lat": 41.3854476, "lon": 2.144471, "brand": null, "organic": null, "h3_index": "893944603cfffff" }, "geometry": { "type": "Point", "coordinates": [ 2.144471, 41.3854476 ] } },
{ "type": "Feature", "properties": { "osm_id": 11374981069, "shop_type": "supermarket", "name": "Bonpreu", "lat": 41.4058461, "lon": 2.1765305, "brand": null, "organic": null, "h3_index": "8939446012fffff" }, "geometry": { "type": "Point", "coordinates": [ 2.1765305, 41.4058461 ] } },
{ "type": "Feature", "properties": { "osm_id": 11396240869, "shop_type": "supermarket", "name": "Caprabo", "lat": 41.4090956, "lon": 2.1519429, "brand": null, "organic": null, "h3_index": "893944601c3ffff" }, "geometry": { "type": "Point", "coordinates": [ 2.1519429, 41.4090956 ] } },
{ "type": "Feature", "properties": { "osm_id": 11409172569, "shop_type": "supermarket", "name": "Condis", "lat": 41.3980983, "lon": 2.2053929, "brand": null, "organic": null, "h3_index": "89394460813ffff" }, "geometry": { "type": "Point", "coordinates": [ 2.2053929, 41.3980983 ] } },
{ "type": "Feature", "properties": { "osm_id": 11422395871, "shop_type": "supermarket", "name": "Supercor", "lat": 41.374973, "lon": 2.1436128, "brand": "Supercor", "organic": null, "h3_index": "89394461c87ffff" }, "geometry": { "type": "Point", "coordinates": [ 2.1436128, 41.374973 ] } },
{ "type": "Feature", "properties": { "osm_id": 11422541609, "shop_type": "bakery", "name": "Forn del Sol", "lat": 41.3696581, "lon": 2.1346309, "brand": null, "organic": null, "h3_index": "89394461cd7ffff" }, "geometry": { "type": "Point", "coordinates": [ 2.1346309, 41.3696581 ] } },
{ "type": "Feature", "properties": { "osm_id": 11432014982, "shop_type": "marketplace", "name": "La Galeria. Mercat de Sant Andreu", "lat": 41.4344232, "lon": 2.1884172, "brand": null, "organic": null, "h3_index": "89394462bdbffff" }, "geometry": { "type": "Point", "coordinates": [ 2.1884172, 41.4344232 ] } },
{ "type": "Feature", "properties": { "osm_id": 11434638369, "shop_type": "bakery", "name": "Fotns del Pi", "lat": 41.4221187, "lon": 2.1789431, "brand": null, "organic": null, "h3_index": "89394462a63ffff" }, "geometry": { "type": "Point", "coordinates": [ 2.1789431, 41.4221187 ] } },
{ "type": "Feature", "properties": { "osm_id": 11445375773, "shop_type": "butcher", "name": "Enrique Tomás", "lat": 41.3760458, "lon": 2.1494979, "brand": null, "organic": null, "h3_index": "89394461cb7ffff" }, "geometry": { "type": "Point", "coordinates": [ 2.1494979, 41.3760458 ] } },
{ "type": "Feature", "properties": { "osm_id": 11445935669, "shop_type": "supermarket", "name": "Aldi", "lat": 41.394403, "lon": 2.127381, "brand": "Aldi", "organic": null, "h3_index": "8939446004bffff" }, "geometry": { "type": "Point", "coordinates": [ 2.127381, 41.394403 ] } },
{ "type": "Feature", "properties": { "osm_id": 11449116369, "shop_type": "supermarket", "name": "Consum", "lat": 41.4484259, "lon": 2.1841333, "brand": null, "organic": null, "h3_index": "89394462803ffff" }, "geometry": { "type": "Point", "coordinates": [ 2.1841333, 41.4484259 ] } },
{ "type": "Feature", "properties": { "osm_id": 11461801369, "shop_type": "bakery", "name": "Unknown", "lat": 41.4163053, "lon": 2.1835752, "brand": null, "organic": null, "h3_index": "89394460cd7ffff" }, "geometry": { "type": "Point", "coordinates": [ 2.1835752, 41.4163053 ] } },
{ "type": "Feature", "properties": { "osm_id": 11462269370, "shop_type": "bakery", "name": "Forn de Sant Salvador", "lat": 41.4098161, "lon": 2.1366547, "brand": null, "organic": null, "h3_index": "893944600bbffff" }, "geometry": { "type": "Point", "coordinates": [ 2.1366547, 41.4098161 ] } },
{ "type": "Feature", "properties": { "osm_id": 11467353483, "shop_type": "greengrocer", "name": "Unknown", "lat": 41.4095865, "lon": 2.1707622, "brand": null, "organic": null, "h3_index": "89394460133ffff" }, "geometry": { "type": "Point", "coordinates": [ 2.1707622, 41.4095865 ] } },
{ "type": "Feature", "properties": { "osm_id": 11492296268, "shop_type": "greengrocer", "name": "Bolet", "lat": 41.4175048, "lon": 2.1711463, "brand": null, "organic": null, "h3_index": "893944601b7ffff" }, "geometry": { "type": "Point", "coordinates": [ 2.1711463, 41.4175048 ] } },
{ "type": "Feature", "properties": { "osm_id": 11503209814, "shop_type": "greengrocer", "name": "Morgan", "lat": 41.4009941, "lon": 2.158217, "brand": null, "organic": null, "h3_index": "89394460143ffff" }, "geometry": { "type": "Point", "coordinates": [ 2.158217, 41.4009941 ] } },
{ "type": "Feature", "properties": { "osm_id": 11511628491, "shop_type": "supermarket", "name": "Condis", "lat": 41.3987364, "lon": 2.1887829, "brand": "Condis", "organic": null, "h3_index": "89394460ea3ffff" }, "geometry": { "type": "Point", "coordinates": [ 2.1887829, 41.3987364 ] } },
{ "type": "Feature", "properties": { "osm_id": 11518739623, "shop_type": "convenience", "name": "Tara Supermercat", "lat": 41.3771558, "lon": 2.121896, "brand": null, "organic": null, "h3_index": "89394460247ffff" }, "geometry": { "type": "Point", "coordinates": [ 2.121896, 41.3771558 ] } },
{ "type": "Feature", "properties": { "osm_id": 11522705800, "shop_type": "greengrocer", "name": "Gust d'hort", "lat": 41.399923, "lon": 2.1575025, "brand": null, "organic": null, "h3_index": "8939446014fffff" }, "geometry": { "type": "Point", "coordinates": [ 2.1575025, 41.399923 ] } },
{ "type": "Feature", "properties": { "osm_id": 11522737179, "shop_type": "butcher", "name": "Xarcuteria l'Aglà", "lat": 41.4000348, "lon": 2.1579778, "brand": null, "organic": null, "h3_index": "8939446014fffff" }, "geometry": { "type": "Point", "coordinates": [ 2.1579778, 41.4000348 ] } },
{ "type": "Feature", "properties": { "osm_id": 11522740225, "shop_type": "bakery", "name": "Tartaria", "lat": 41.4004934, "lon": 2.1537499, "brand": null, "organic": null, "h3_index": "8939446015bffff" }, "geometry": { "type": "Point", "coordinates": [ 2.1537499, 41.4004934 ] } },
{ "type": "Feature", "properties": { "osm_id": 11522742384, "shop_type": "convenience", "name": "Fruites Verdures", "lat": 41.375309, "lon": 2.1612414, "brand": null, "organic": null, "h3_index": "89394461dd7ffff" }, "geometry": { "type": "Point", "coordinates": [ 2.1612414, 41.375309 ] } },
{ "type": "Feature", "properties": { "osm_id": 11522752515, "shop_type": "bakery", "name": "Sant Tirs", "lat": 41.3997835, "lon": 2.1557045, "brand": null, "organic": null, "h3_index": "8939446014bffff" }, "geometry": { "type": "Point", "coordinates": [ 2.1557045, 41.3997835 ] } },
{ "type": "Feature", "properties": { "osm_id": 11522759260, "shop_type": "convenience", "name": "Rocio Discount", "lat": 41.3996295, "lon": 2.1530947, "brand": null, "organic": null, "h3_index": "8939446015bffff" }, "geometry": { "type": "Point", "coordinates": [ 2.1530947, 41.3996295 ] } },
{ "type": "Feature", "properties": { "osm_id": 11522759261, "shop_type": "convenience", "name": "SUPERSHOP", "lat": 41.3990388, "lon": 2.1539309, "brand": null, "organic": null, "h3_index": "8939446014bffff" }, "geometry": { "type": "Point", "coordinates": [ 2.1539309, 41.3990388 ] } },
{ "type": "Feature", "properties": { "osm_id": 11522771869, "shop_type": "convenience", "name": "Hello Supermercat", "lat": 41.3951173, "lon": 2.1703506, "brand": null, "organic": null, "h3_index": "89394460ed7ffff" }, "geometry": { "type": "Point", "coordinates": [ 2.1703506, 41.3951173 ] } },
{ "type": "Feature", "properties": { "osm_id": 11525246869, "shop_type": "convenience", "name": "Unknown", "lat": 41.3767971, "lon": 2.1905694, "brand": null, "organic": null, "h3_index": "89394460ac7ffff" }, "geometry": { "type": "Point", "coordinates": [ 2.1905694, 41.3767971 ] } },
{ "type": "Feature", "properties": { "osm_id": 11528301364, "shop_type": "convenience", "name": "Supermercat 24h", "lat": 41.4046173, "lon": 2.1831722, "brand": null, "organic": null, "h3_index": "89394460c43ffff" }, "geometry": { "type": "Point", "coordinates": [ 2.1831722, 41.4046173 ] } },
{ "type": "Feature", "properties": { "osm_id": 11528930070, "shop_type": "convenience", "name": "Super Mercat", "lat": 41.4002509, "lon": 2.1793079, "brand": null, "organic": null, "h3_index": "89394460e87ffff" }, "geometry": { "type": "Point", "coordinates": [ 2.1793079, 41.4002509 ] } },
{ "type": "Feature", "properties": { "osm_id": 11534617102, "shop_type": "supermarket", "name": "Sorli", "lat": 41.3810422, "lon": 2.1566768, "brand": null, "organic": null, "h3_index": "89394460363ffff" }, "geometry": { "type": "Point", "coordinates": [ 2.1566768, 41.3810422 ] } },
{ "type": "Feature", "properties": { "osm_id": 11534857325, "shop_type": "bakery", "name": "Vivari", "lat": 41.4316383, "lon": 2.1835547, "brand": null, "organic": null, "h3_index": "89394462aafffff" }, "geometry": { "type": "Point", "coordinates": [ 2.1835547, 41.4316383 ] } },
{ "type": "Feature", "properties": { "osm_id": 11536279590, "shop_type": "butcher", "name": "Germans Gràcia", "lat": 41.4032026, "lon": 2.1610099, "brand": null, "organic": null, "h3_index": "89394460147ffff" }, "geometry": { "type": "Point", "coordinates": [ 2.1610099, 41.4032026 ] } },
{ "type": "Feature", "properties": { "osm_id": 11576050334, "shop_type": "bakery", "name": "Origo", "lat": 41.4004592, "lon": 2.1632511, "brand": null, "organic": null, "h3_index": "8939446017bffff" }, "geometry": { "type": "Point", "coordinates": [ 2.1632511, 41.4004592 ] } },
{ "type": "Feature", "properties": { "osm_id": 11581562469, "shop_type": "supermarket", "name": "Plusfrésc", "lat": 41.3859929, "lon": 2.1433604, "brand": null, "organic": null, "h3_index": "893944603cfffff" }, "geometry": { "type": "Point", "coordinates": [ 2.1433604, 41.3859929 ] } },
{ "type": "Feature", "properties": { "osm_id": 11582663302, "shop_type": "supermarket", "name": "BonÀrea", "lat": 41.408975, "lon": 2.1829651, "brand": "BonÀrea", "organic": null, "h3_index": "89394460c53ffff" }, "geometry": { "type": "Point", "coordinates": [ 2.1829651, 41.408975 ] } },
{ "type": "Feature", "properties": { "osm_id": 11585008221, "shop_type": "bakery", "name": "Lliso Lis", "lat": 41.4138719, "lon": 2.1692673, "brand": null, "organic": null, "h3_index": "893944601a3ffff" }, "geometry": { "type": "Point", "coordinates": [ 2.1692673, 41.4138719 ] } },
{ "type": "Feature", "properties": { "osm_id": 11603200911, "shop_type": "supermarket", "name": "Suma", "lat": 41.4034012, "lon": 2.1598316, "brand": null, "organic": null, "h3_index": "89394460147ffff" }, "geometry": { "type": "Point", "coordinates": [ 2.1598316, 41.4034012 ] } },
{ "type": "Feature", "properties": { "osm_id": 11603232313, "shop_type": "convenience", "name": "Supermercat de Gracia", "lat": 41.4030919, "lon": 2.1595165, "brand": null, "organic": null, "h3_index": "89394460147ffff" }, "geometry": { "type": "Point", "coordinates": [ 2.1595165, 41.4030919 ] } },
{ "type": "Feature", "properties": { "osm_id": 11609742097, "shop_type": "bakery", "name": "Vivari", "lat": 41.4041933, "lon": 2.1765989, "brand": null, "organic": null, "h3_index": "8939446012fffff" }, "geometry": { "type": "Point", "coordinates": [ 2.1765989, 41.4041933 ] } },
{ "type": "Feature", "properties": { "osm_id": 11612833729, "shop_type": "bakery", "name": "Coush Armo", "lat": 41.3990609, "lon": 2.1724841, "brand": null, "organic": null, "h3_index": "89394460e9bffff" }, "geometry": { "type": "Point", "coordinates": [ 2.1724841, 41.3990609 ] } },
{ "type": "Feature", "properties": { "osm_id": 11613662986, "shop_type": "convenience", "name": "Speed Express", "lat": 41.39063, "lon": 2.1543626, "brand": null, "organic": null, "h3_index": "89394460317ffff" }, "geometry": { "type": "Point", "coordinates": [ 2.1543626, 41.39063 ] } },
{ "type": "Feature", "properties": { "osm_id": 11619596754, "shop_type": "supermarket", "name": "Condis", "lat": 41.3729678, "lon": 2.1662431, "brand": "Condis", "organic": null, "h3_index": "89394461d13ffff" }, "geometry": { "type": "Point", "coordinates": [ 2.1662431, 41.3729678 ] } },
{ "type": "Feature", "properties": { "osm_id": 11630704344, "shop_type": "supermarket", "name": "Condis", "lat": 41.4060329, "lon": 2.1633165, "brand": "Condis", "organic": null, "h3_index": "8939446010bffff" }, "geometry": { "type": "Point", "coordinates": [ 2.1633165, 41.4060329 ] } },
{ "type": "Feature", "properties": { "osm_id": 11630714197, "shop_type": "butcher", "name": "CANSALADERIA EL GARRÍ", "lat": 41.4057685, "lon": 2.1700061, "brand": null, "organic": null, "h3_index": "8939446013bffff" }, "geometry": { "type": "Point", "coordinates": [ 2.1700061, 41.4057685 ] } },
{ "type": "Feature", "properties": { "osm_id": 11653478147, "shop_type": "bakery", "name": "Mayer", "lat": 41.4006172, "lon": 2.1586856, "brand": null, "organic": null, "h3_index": "8939446014fffff" }, "geometry": { "type": "Point", "coordinates": [ 2.1586856, 41.4006172 ] } },
{ "type": "Feature", "properties": { "osm_id": 11653861739, "shop_type": "bakery", "name": "Brotzeit", "lat": 41.4013832, "lon": 2.15782, "brand": null, "organic": null, "h3_index": "89394460143ffff" }, "geometry": { "type": "Point", "coordinates": [ 2.15782, 41.4013832 ] } },
{ "type": "Feature", "properties": { "osm_id": 11659648086, "shop_type": "supermarket", "name": "Charter Consum", "lat": 41.367796, "lon": 2.1318517, "brand": null, "organic": null, "h3_index": "89394461cc3ffff" }, "geometry": { "type": "Point", "coordinates": [ 2.1318517, 41.367796 ] } },
{ "type": "Feature", "properties": { "osm_id": 11670176324, "shop_type": "supermarket", "name": "Condis", "lat": 41.4094308, "lon": 2.148175, "brand": "Condis", "organic": null, "h3_index": "893944601dbffff" }, "geometry": { "type": "Point", "coordinates": [ 2.148175, 41.4094308 ] } },
{ "type": "Feature", "properties": { "osm_id": 11674185581, "shop_type": "bakery", "name": "Forn Jaume Montserrat", "lat": 41.4011731, "lon": 2.1517168, "brand": null, "organic": null, "h3_index": "8939446015bffff" }, "geometry": { "type": "Point", "coordinates": [ 2.1517168, 41.4011731 ] } },
{ "type": "Feature", "properties": { "osm_id": 11684536962, "shop_type": "supermarket", "name": "Ametller Origen", "lat": 41.3780989, "lon": 2.1614361, "brand": "Ametller Origen", "organic": null, "h3_index": "89394461d9bffff" }, "geometry": { "type": "Point", "coordinates": [ 2.1614361, 41.3780989 ] } },
{ "type": "Feature", "properties": { "osm_id": 11684564477, "shop_type": "convenience", "name": "Supermercat", "lat": 41.3859086, "lon": 2.1661817, "brand": null, "organic": null, "h3_index": "89394460327ffff" }, "geometry": { "type": "Point", "coordinates": [ 2.1661817, 41.3859086 ] } },
{ "type": "Feature", "properties": { "osm_id": 11684809659, "shop_type": "convenience", "name": "Tohpa", "lat": 41.3968635, "lon": 2.1847168, "brand": null, "organic": null, "h3_index": "89394460ebbffff" }, "geometry": { "type": "Point", "coordinates": [ 2.1847168, 41.3968635 ] } },
{ "type": "Feature", "properties": { "osm_id": 11685323870, "shop_type": "bakery", "name": "Forns del Pi", "lat": 41.3808318, "lon": 2.1714244, "brand": null, "organic": null, "h3_index": "89394460e4bffff" }, "geometry": { "type": "Point", "coordinates": [ 2.1714244, 41.3808318 ] } },
{ "type": "Feature", "properties": { "osm_id": 11685893243, "shop_type": "marketplace", "name": "Col.lectiu d'Artesans de l'Alimentació de la Plaça del Pi", "lat": 41.3818107, "lon": 2.1743315, "brand": null, "organic": null, "h3_index": "89394460e4bffff" }, "geometry": { "type": "Point", "coordinates": [ 2.1743315, 41.3818107 ] } },
{ "type": "Feature", "properties": { "osm_id": 11687294765, "shop_type": "greengrocer", "name": "L'Economat Social SCCL", "lat": 41.4474927, "lon": 2.1788897, "brand": null, "organic": "only", "h3_index": "89394462857ffff" }, "geometry": { "type": "Point", "coordinates": [ 2.1788897, 41.4474927 ] } },
{ "type": "Feature", "properties": { "osm_id": 11687548457, "shop_type": "supermarket", "name": "Dia", "lat": 41.4260974, "lon": 2.1733912, "brand": null, "organic": null, "h3_index": "89394462a0bffff" }, "geometry": { "type": "Point", "coordinates": [ 2.1733912, 41.4260974 ] } },
{ "type": "Feature", "properties": { "osm_id": 11687613888, "shop_type": "bakery", "name": "365", "lat": 41.3864878, "lon": 2.1733578, "brand": null, "organic": null, "h3_index": "89394460e43ffff" }, "geometry": { "type": "Point", "coordinates": [ 2.1733578, 41.3864878 ] } },
{ "type": "Feature", "properties": { "osm_id": 11687633612, "shop_type": "supermarket", "name": "Lidl", "lat": 41.4257481, "lon": 2.1746318, "brand": "Lidl", "organic": null, "h3_index": "89394462a0fffff" }, "geometry": { "type": "Point", "coordinates": [ 2.1746318, 41.4257481 ] } },
{ "type": "Feature", "properties": { "osm_id": 11694256532, "shop_type": "convenience", "name": "Mozart", "lat": 41.3994509, "lon": 2.1582135, "brand": null, "organic": null, "h3_index": "8939446014fffff" }, "geometry": { "type": "Point", "coordinates": [ 2.1582135, 41.3994509 ] } },
{ "type": "Feature", "properties": { "osm_id": 11694287989, "shop_type": "convenience", "name": "Supermercat", "lat": 41.4004806, "lon": 2.1576854, "brand": null, "organic": null, "h3_index": "89394460143ffff" }, "geometry": { "type": "Point", "coordinates": [ 2.1576854, 41.4004806 ] } },
{ "type": "Feature", "properties": { "osm_id": 11694294246, "shop_type": "convenience", "name": "Super Clot 2 S.L.", "lat": 41.4007883, "lon": 2.1580767, "brand": null, "organic": null, "h3_index": "89394460143ffff" }, "geometry": { "type": "Point", "coordinates": [ 2.1580767, 41.4007883 ] } },
{ "type": "Feature", "properties": { "osm_id": 11697325703, "shop_type": "convenience", "name": "Supermercat Sanchez", "lat": 41.3908535, "lon": 2.1720696, "brand": null, "organic": null, "h3_index": "89394460ecfffff" }, "geometry": { "type": "Point", "coordinates": [ 2.1720696, 41.3908535 ] } },
{ "type": "Feature", "properties": { "osm_id": 11697332173, "shop_type": "convenience", "name": "Condal Super Store", "lat": 41.3922498, "lon": 2.1702171, "brand": null, "organic": null, "h3_index": "89394460ec3ffff" }, "geometry": { "type": "Point", "coordinates": [ 2.1702171, 41.3922498 ] } },
{ "type": "Feature", "properties": { "osm_id": 11697339044, "shop_type": "convenience", "name": "Supermercat Express", "lat": 41.3896043, "lon": 2.1708187, "brand": null, "organic": null, "h3_index": "89394460ecbffff" }, "geometry": { "type": "Point", "coordinates": [ 2.1708187, 41.3896043 ] } },
{ "type": "Feature", "properties": { "osm_id": 11704261992, "shop_type": "bakery", "name": "MacxiPa", "lat": 41.418042, "lon": 2.1714856, "brand": null, "organic": null, "h3_index": "893944601b7ffff" }, "geometry": { "type": "Point", "coordinates": [ 2.1714856, 41.418042 ] } },
{ "type": "Feature", "properties": { "osm_id": 11709490414, "shop_type": "bakery", "name": "Areca Bakery", "lat": 41.3898198, "lon": 2.1570032, "brand": null, "organic": null, "h3_index": "893944603abffff" }, "geometry": { "type": "Point", "coordinates": [ 2.1570032, 41.3898198 ] } },
{ "type": "Feature", "properties": { "osm_id": 11709561945, "shop_type": "convenience", "name": "Super Mercat", "lat": 41.3850409, "lon": 2.1506015, "brand": null, "organic": null, "h3_index": "8939446030bffff" }, "geometry": { "type": "Point", "coordinates": [ 2.1506015, 41.3850409 ] } },
{ "type": "Feature", "properties": { "osm_id": 11709561952, "shop_type": "bakery", "name": "Pistatxo", "lat": 41.3858528, "lon": 2.1517842, "brand": null, "organic": null, "h3_index": "89394460303ffff" }, "geometry": { "type": "Point", "coordinates": [ 2.1517842, 41.3858528 ] } },
{ "type": "Feature", "properties": { "osm_id": 11709561953, "shop_type": "bakery", "name": "L'art del Pa", "lat": 41.3859423, "lon": 2.1518638, "brand": null, "organic": null, "h3_index": "89394460303ffff" }, "geometry": { "type": "Point", "coordinates": [ 2.1518638, 41.3859423 ] } },
{ "type": "Feature", "properties": { "osm_id": 11711202669, "shop_type": "bakery", "name": "Pastisseria Artesana", "lat": 41.3868421, "lon": 2.1803016, "brand": null, "organic": null, "h3_index": "89394460e73ffff" }, "geometry": { "type": "Point", "coordinates": [ 2.1803016, 41.3868421 ] } },
{ "type": "Feature", "properties": { "osm_id": 11728020169, "shop_type": "bakery", "name": "Unknown", "lat": 41.38632, "lon": 2.1813394, "brand": null, "organic": null, "h3_index": "89394460e73ffff" }, "geometry": { "type": "Point", "coordinates": [ 2.1813394, 41.38632 ] } },
{ "type": "Feature", "properties": { "osm_id": 11768452801, "shop_type": "bakery", "name": "MaxciPa", "lat": 41.4092536, "lon": 2.1637935, "brand": null, "organic": null, "h3_index": "89394460103ffff" }, "geometry": { "type": "Point", "coordinates": [ 2.1637935, 41.4092536 ] } },
{ "type": "Feature", "properties": { "osm_id": 11768474737, "shop_type": "supermarket", "name": "Condis", "lat": 41.4094094, "lon": 2.1638489, "brand": null, "organic": null, "h3_index": "89394460103ffff" }, "geometry": { "type": "Point", "coordinates": [ 2.1638489, 41.4094094 ] } },
{ "type": "Feature", "properties": { "osm_id": 11783894759, "shop_type": "supermarket", "name": "Caprabo", "lat": 41.397241, "lon": 2.1668275, "brand": "Caprabo", "organic": null, "h3_index": "8939446016bffff" }, "geometry": { "type": "Point", "coordinates": [ 2.1668275, 41.397241 ] } },
{ "type": "Feature", "properties": { "osm_id": 11810032130, "shop_type": "convenience", "name": "Còrsega Supermercat", "lat": 41.3997978, "lon": 2.1634754, "brand": null, "organic": null, "h3_index": "8939446017bffff" }, "geometry": { "type": "Point", "coordinates": [ 2.1634754, 41.3997978 ] } },
{ "type": "Feature", "properties": { "osm_id": 11811155570, "shop_type": "supermarket", "name": "Dia", "lat": 41.4437563, "lon": 2.1690745, "brand": null, "organic": null, "h3_index": "89394462e2fffff" }, "geometry": { "type": "Point", "coordinates": [ 2.1690745, 41.4437563 ] } },
{ "type": "Feature", "properties": { "osm_id": 11811194379, "shop_type": "supermarket", "name": "Caprabo", "lat": 41.4418846, "lon": 2.1643535, "brand": null, "organic": null, "h3_index": "89394462e2bffff" }, "geometry": { "type": "Point", "coordinates": [ 2.1643535, 41.4418846 ] } },
{ "type": "Feature", "properties": { "osm_id": 11819958223, "shop_type": "convenience", "name": "Unknown", "lat": 41.4073576, "lon": 2.1556257, "brand": null, "organic": null, "h3_index": "893944601cfffff" }, "geometry": { "type": "Point", "coordinates": [ 2.1556257, 41.4073576 ] } },
{ "type": "Feature", "properties": { "osm_id": 11825357669, "shop_type": "bakery", "name": "Petit pastís", "lat": 41.404469, "lon": 2.1701089, "brand": null, "organic": null, "h3_index": "89394460177ffff" }, "geometry": { "type": "Point", "coordinates": [ 2.1701089, 41.404469 ] } },
{ "type": "Feature", "properties": { "osm_id": 11829792369, "shop_type": "bakery", "name": "Santagloria", "lat": 41.4131467, "lon": 2.1948833, "brand": "Santagloria", "organic": null, "h3_index": "89394460c07ffff" }, "geometry": { "type": "Point", "coordinates": [ 2.1948833, 41.4131467 ] } },
{ "type": "Feature", "properties": { "osm_id": 11833071174, "shop_type": "bakery", "name": "Macchina", "lat": 41.3996341, "lon": 2.1538447, "brand": null, "organic": null, "h3_index": "8939446014bffff" }, "geometry": { "type": "Point", "coordinates": [ 2.1538447, 41.3996341 ] } },
{ "type": "Feature", "properties": { "osm_id": 11834703791, "shop_type": "bakery", "name": "365", "lat": 41.4297715, "lon": 2.1593684, "brand": null, "organic": null, "h3_index": "89394462adbffff" }, "geometry": { "type": "Point", "coordinates": [ 2.1593684, 41.4297715 ] } },
{ "type": "Feature", "properties": { "osm_id": 11834705225, "shop_type": "butcher", "name": "Charcuteria J.Vidal", "lat": 41.429576, "lon": 2.1601642, "brand": null, "organic": null, "h3_index": "89394462adbffff" }, "geometry": { "type": "Point", "coordinates": [ 2.1601642, 41.429576 ] } },
{ "type": "Feature", "properties": { "osm_id": 11834709542, "shop_type": "greengrocer", "name": "Tajo 55", "lat": 41.4294953, "lon": 2.1610257, "brand": null, "organic": null, "h3_index": "89394462adbffff" }, "geometry": { "type": "Point", "coordinates": [ 2.1610257, 41.4294953 ] } },
{ "type": "Feature", "properties": { "osm_id": 11834717397, "shop_type": "greengrocer", "name": "Don Verdures", "lat": 41.4285793, "lon": 2.1628986, "brand": null, "organic": null, "h3_index": "89394462ac3ffff" }, "geometry": { "type": "Point", "coordinates": [ 2.1628986, 41.4285793 ] } },
{ "type": "Feature", "properties": { "osm_id": 11834726298, "shop_type": "supermarket", "name": "Veritas", "lat": 41.4301228, "lon": 2.1606047, "brand": null, "organic": "only", "h3_index": "89394462adbffff" }, "geometry": { "type": "Point", "coordinates": [ 2.1606047, 41.4301228 ] } },
{ "type": "Feature", "properties": { "osm_id": 11834730614, "shop_type": "bakery", "name": "MacxiPa", "lat": 41.42949, "lon": 2.1611261, "brand": null, "organic": null, "h3_index": "89394462adbffff" }, "geometry": { "type": "Point", "coordinates": [ 2.1611261, 41.42949 ] } },
{ "type": "Feature", "properties": { "osm_id": 11834731611, "shop_type": "supermarket", "name": "Ametller Origen", "lat": 41.4297058, "lon": 2.1609543, "brand": null, "organic": "only", "h3_index": "89394462adbffff" }, "geometry": { "type": "Point", "coordinates": [ 2.1609543, 41.4297058 ] } },
{ "type": "Feature", "properties": { "osm_id": 11834736212, "shop_type": "bakery", "name": "365", "lat": 41.428336, "lon": 2.1631382, "brand": null, "organic": null, "h3_index": "89394462acbffff" }, "geometry": { "type": "Point", "coordinates": [ 2.1631382, 41.428336 ] } },
{ "type": "Feature", "properties": { "osm_id": 11875855469, "shop_type": "supermarket", "name": "Charter", "lat": 41.4149465, "lon": 2.1692097, "brand": "Charter", "organic": null, "h3_index": "893944601a3ffff" }, "geometry": { "type": "Point", "coordinates": [ 2.1692097, 41.4149465 ] } },
{ "type": "Feature", "properties": { "osm_id": 11876564669, "shop_type": "supermarket", "name": "Unknown", "lat": 41.404502, "lon": 2.1964851, "brand": null, "organic": null, "h3_index": "89394460c63ffff" }, "geometry": { "type": "Point", "coordinates": [ 2.1964851, 41.404502 ] } },
{ "type": "Feature", "properties": { "osm_id": 11876565077, "shop_type": "convenience", "name": "UH supermercat", "lat": 41.4003244, "lon": 2.2020461, "brand": null, "organic": null, "h3_index": "8939446088bffff" }, "geometry": { "type": "Point", "coordinates": [ 2.2020461, 41.4003244 ] } },
{ "type": "Feature", "properties": { "osm_id": 11881205502, "shop_type": "bakery", "name": "vaveik", "lat": 41.4055959, "lon": 2.1550666, "brand": null, "organic": null, "h3_index": "893944601cfffff" }, "geometry": { "type": "Point", "coordinates": [ 2.1550666, 41.4055959 ] } },
{ "type": "Feature", "properties": { "osm_id": 11883065871, "shop_type": "supermarket", "name": "Condis", "lat": 41.4120537, "lon": 2.1585916, "brand": null, "organic": null, "h3_index": "8939446018bffff" }, "geometry": { "type": "Point", "coordinates": [ 2.1585916, 41.4120537 ] } },
{ "type": "Feature", "properties": { "osm_id": 11887000169, "shop_type": "supermarket", "name": "Condis", "lat": 41.4171228, "lon": 2.2125101, "brand": null, "organic": null, "h3_index": "89394460dcfffff" }, "geometry": { "type": "Point", "coordinates": [ 2.2125101, 41.4171228 ] } },
{ "type": "Feature", "properties": { "osm_id": 11896601088, "shop_type": "convenience", "name": "Basar Oriental", "lat": 41.4273372, "lon": 2.1696544, "brand": null, "organic": null, "h3_index": "89394462a1bffff" }, "geometry": { "type": "Point", "coordinates": [ 2.1696544, 41.4273372 ] } },
{ "type": "Feature", "properties": { "osm_id": 11903354969, "shop_type": "supermarket", "name": "Spar", "lat": 41.3841907, "lon": 2.129676, "brand": "Spar", "organic": null, "h3_index": "89394460207ffff" }, "geometry": { "type": "Point", "coordinates": [ 2.129676, 41.3841907 ] } },
{ "type": "Feature", "properties": { "osm_id": 11915607151, "shop_type": "butcher", "name": "Bona carn", "lat": 41.3755772, "lon": 2.1329893, "brand": null, "organic": null, "h3_index": "89394460267ffff" }, "geometry": { "type": "Point", "coordinates": [ 2.1329893, 41.3755772 ] } },
{ "type": "Feature", "properties": { "osm_id": 11930099635, "shop_type": "convenience", "name": "UK Supermercat", "lat": 41.3880602, "lon": 2.1722489, "brand": null, "organic": null, "h3_index": "89394460e53ffff" }, "geometry": { "type": "Point", "coordinates": [ 2.1722489, 41.3880602 ] } },
{ "type": "Feature", "properties": { "osm_id": 11945503263, "shop_type": "convenience", "name": "Supermercat 24", "lat": 41.3908362, "lon": 2.1627721, "brand": null, "organic": null, "h3_index": "893944603afffff" }, "geometry": { "type": "Point", "coordinates": [ 2.1627721, 41.3908362 ] } },
{ "type": "Feature", "properties": { "osm_id": 11950870689, "shop_type": "convenience", "name": "Bodega Cash i Carry", "lat": 41.4024399, "lon": 2.1631386, "brand": null, "organic": null, "h3_index": "89394460173ffff" }, "geometry": { "type": "Point", "coordinates": [ 2.1631386, 41.4024399 ] } },
{ "type": "Feature", "properties": { "osm_id": 11954620822, "shop_type": "greengrocer", "name": "Coral de la Huerta", "lat": 41.4068459, "lon": 2.1664193, "brand": null, "organic": "yes", "h3_index": "8939446010fffff" }, "geometry": { "type": "Point", "coordinates": [ 2.1664193, 41.4068459 ] } },
{ "type": "Feature", "properties": { "osm_id": 11964642745, "shop_type": "supermarket", "name": "consum", "lat": 41.4300133, "lon": 2.1857615, "brand": null, "organic": null, "h3_index": "89394462a37ffff" }, "geometry": { "type": "Point", "coordinates": [ 2.1857615, 41.4300133 ] } },
{ "type": "Feature", "properties": { "osm_id": 11964651999, "shop_type": "bakery", "name": "MacxiPa", "lat": 41.430043, "lon": 2.1849692, "brand": null, "organic": null, "h3_index": "89394462a37ffff" }, "geometry": { "type": "Point", "coordinates": [ 2.1849692, 41.430043 ] } },
{ "type": "Feature", "properties": { "osm_id": 11967084039, "shop_type": "greengrocer", "name": "Rosa de Foc", "lat": 41.4046412, "lon": 2.1551111, "brand": null, "organic": null, "h3_index": "89394460153ffff" }, "geometry": { "type": "Point", "coordinates": [ 2.1551111, 41.4046412 ] } },
{ "type": "Feature", "properties": { "osm_id": 11974775310, "shop_type": "supermarket", "name": "Mercadona", "lat": 41.447245, "lon": 2.1793667, "brand": "Mercadona", "organic": null, "h3_index": "89394462857ffff" }, "geometry": { "type": "Point", "coordinates": [ 2.1793667, 41.447245 ] } },
{ "type": "Feature", "properties": { "osm_id": 11974918600, "shop_type": "bakery", "name": "Granier", "lat": 41.4059141, "lon": 2.1632813, "brand": "Granier", "organic": null, "h3_index": "8939446010bffff" }, "geometry": { "type": "Point", "coordinates": [ 2.1632813, 41.4059141 ] } },
{ "type": "Feature", "properties": { "osm_id": 11978107269, "shop_type": "supermarket", "name": "Aldi", "lat": 41.3899573, "lon": 2.16946, "brand": "Aldi", "organic": null, "h3_index": "89394460ecbffff" }, "geometry": { "type": "Point", "coordinates": [ 2.16946, 41.3899573 ] } },
{ "type": "Feature", "properties": { "osm_id": 11978457510, "shop_type": "convenience", "name": "Alcaley", "lat": 41.3876333, "lon": 2.1609131, "brand": null, "organic": null, "h3_index": "89394460333ffff" }, "geometry": { "type": "Point", "coordinates": [ 2.1609131, 41.3876333 ] } },
{ "type": "Feature", "properties": { "osm_id": 11981575721, "shop_type": "convenience", "name": "Unknown", "lat": 41.3890785, "lon": 2.1743107, "brand": null, "organic": null, "h3_index": "89394460e57ffff" }, "geometry": { "type": "Point", "coordinates": [ 2.1743107, 41.3890785 ] } },
{ "type": "Feature", "properties": { "osm_id": 11989573920, "shop_type": "convenience", "name": "COTO", "lat": 41.3828634, "lon": 2.1789074, "brand": null, "organic": null, "h3_index": "89394460e7bffff" }, "geometry": { "type": "Point", "coordinates": [ 2.1789074, 41.3828634 ] } },
{ "type": "Feature", "properties": { "osm_id": 11990449688, "shop_type": "supermarket", "name": "Supermercado Consum", "lat": 41.3802494, "lon": 2.1311723, "brand": null, "organic": null, "h3_index": "8939446023bffff" }, "geometry": { "type": "Point", "coordinates": [ 2.1311723, 41.3802494 ] } },
{ "type": "Feature", "properties": { "osm_id": 11991713138, "shop_type": "greengrocer", "name": "La República Bananera", "lat": 41.4009435, "lon": 2.1739602, "brand": null, "organic": null, "h3_index": "89394460e93ffff" }, "geometry": { "type": "Point", "coordinates": [ 2.1739602, 41.4009435 ] } },
{ "type": "Feature", "properties": { "osm_id": 11991755101, "shop_type": "bakery", "name": "Coliaki Gluten Free", "lat": 41.4072327, "lon": 2.1806493, "brand": null, "organic": null, "h3_index": "89394460c53ffff" }, "geometry": { "type": "Point", "coordinates": [ 2.1806493, 41.4072327 ] } },
{ "type": "Feature", "properties": { "osm_id": 11993549234, "shop_type": "butcher", "name": "Carns Miquel", "lat": 41.4065034, "lon": 2.1646601, "brand": null, "organic": null, "h3_index": "8939446010fffff" }, "geometry": { "type": "Point", "coordinates": [ 2.1646601, 41.4065034 ] } },
{ "type": "Feature", "properties": { "osm_id": 12002716132, "shop_type": "convenience", "name": "CO", "lat": 41.3839442, "lon": 2.1339501, "brand": null, "organic": null, "h3_index": "89394460233ffff" }, "geometry": { "type": "Point", "coordinates": [ 2.1339501, 41.3839442 ] } },
{ "type": "Feature", "properties": { "osm_id": 12002716137, "shop_type": "supermarket", "name": "Condis", "lat": 41.383421, "lon": 2.1342996, "brand": "Condis", "organic": null, "h3_index": "89394460233ffff" }, "geometry": { "type": "Point", "coordinates": [ 2.1342996, 41.383421 ] } },
{ "type": "Feature", "properties": { "osm_id": 12002735423, "shop_type": "butcher", "name": "La Roca", "lat": 41.3835652, "lon": 2.1344076, "brand": null, "organic": null, "h3_index": "89394460233ffff" }, "geometry": { "type": "Point", "coordinates": [ 2.1344076, 41.3835652 ] } },
{ "type": "Feature", "properties": { "osm_id": 12016512369, "shop_type": "supermarket", "name": "Condis", "lat": 41.4183087, "lon": 2.1962947, "brand": null, "organic": null, "h3_index": "89394460cbbffff" }, "geometry": { "type": "Point", "coordinates": [ 2.1962947, 41.4183087 ] } },
{ "type": "Feature", "properties": { "osm_id": 12022828590, "shop_type": "greengrocer", "name": "EsNaturalBcn", "lat": 41.3965146, "lon": 2.1690698, "brand": null, "organic": null, "h3_index": "8939446016fffff" }, "geometry": { "type": "Point", "coordinates": [ 2.1690698, 41.3965146 ] } },
{ "type": "Feature", "properties": { "osm_id": 12031390247, "shop_type": "butcher", "name": "Unknown", "lat": 41.3879649, "lon": 2.152894, "brand": null, "organic": null, "h3_index": "89394460303ffff" }, "geometry": { "type": "Point", "coordinates": [ 2.152894, 41.3879649 ] } },
{ "type": "Feature", "properties": { "osm_id": 12031405041, "shop_type": "convenience", "name": "Noel Supermercat", "lat": 41.3853768, "lon": 2.1563805, "brand": null, "organic": null, "h3_index": "8939446030fffff" }, "geometry": { "type": "Point", "coordinates": [ 2.1563805, 41.3853768 ] } },
{ "type": "Feature", "properties": { "osm_id": 12038117765, "shop_type": "bakery", "name": "Oz", "lat": 41.4004991, "lon": 2.1574526, "brand": null, "organic": null, "h3_index": "89394460143ffff" }, "geometry": { "type": "Point", "coordinates": [ 2.1574526, 41.4004991 ] } },
{ "type": "Feature", "properties": { "osm_id": 12038118026, "shop_type": "convenience", "name": "Unknown", "lat": 41.3995218, "lon": 2.1529771, "brand": null, "organic": null, "h3_index": "8939446015bffff" }, "geometry": { "type": "Point", "coordinates": [ 2.1529771, 41.3995218 ] } },
{ "type": "Feature", "properties": { "osm_id": 12042164639, "shop_type": "convenience", "name": "Makanai", "lat": 41.400345, "lon": 2.1661733, "brand": null, "organic": null, "h3_index": "89394460163ffff" }, "geometry": { "type": "Point", "coordinates": [ 2.1661733, 41.400345 ] } },
{ "type": "Feature", "properties": { "osm_id": 12045934510, "shop_type": "supermarket", "name": "Sorli Nyam", "lat": 41.3974563, "lon": 2.1769157, "brand": null, "organic": null, "h3_index": "89394460e8bffff" }, "geometry": { "type": "Point", "coordinates": [ 2.1769157, 41.3974563 ] } },
{ "type": "Feature", "properties": { "osm_id": 12072162969, "shop_type": "greengrocer", "name": "SHAFOAN", "lat": 41.4046902, "lon": 2.165521, "brand": null, "organic": null, "h3_index": "8939446010fffff" }, "geometry": { "type": "Point", "coordinates": [ 2.165521, 41.4046902 ] } },
{ "type": "Feature", "properties": { "osm_id": 12078856727, "shop_type": "convenience", "name": "Supermercat", "lat": 41.3854366, "lon": 2.1623916, "brand": null, "organic": null, "h3_index": "89394460323ffff" }, "geometry": { "type": "Point", "coordinates": [ 2.1623916, 41.3854366 ] } },
{ "type": "Feature", "properties": { "osm_id": 12083687669, "shop_type": "greengrocer", "name": "Unknown", "lat": 41.4066699, "lon": 2.1687929, "brand": null, "organic": null, "h3_index": "8939446013bffff" }, "geometry": { "type": "Point", "coordinates": [ 2.1687929, 41.4066699 ] } },
{ "type": "Feature", "properties": { "osm_id": 12084040376, "shop_type": "bakery", "name": "FAME", "lat": 41.4073614, "lon": 2.1631465, "brand": null, "organic": null, "h3_index": "89394460103ffff" }, "geometry": { "type": "Point", "coordinates": [ 2.1631465, 41.4073614 ] } },
{ "type": "Feature", "properties": { "osm_id": 12084051940, "shop_type": "bakery", "name": "Forn Suñol", "lat": 41.3992341, "lon": 2.1416356, "brand": null, "organic": null, "h3_index": "89394460077ffff" }, "geometry": { "type": "Point", "coordinates": [ 2.1416356, 41.3992341 ] } },
{ "type": "Feature", "properties": { "osm_id": 12086314328, "shop_type": "greengrocer", "name": "KACHA FRUIT", "lat": 41.3924406, "lon": 2.1253365, "brand": null, "organic": "yes", "h3_index": "89394460287ffff" }, "geometry": { "type": "Point", "coordinates": [ 2.1253365, 41.3924406 ] } },
{ "type": "Feature", "properties": { "osm_id": 12096707003, "shop_type": "bakery", "name": "Forn Esplugues", "lat": 41.375483, "lon": 2.1402762, "brand": null, "organic": null, "h3_index": "89394461c97ffff" }, "geometry": { "type": "Point", "coordinates": [ 2.1402762, 41.375483 ] } },
{ "type": "Feature", "properties": { "osm_id": 12109766001, "shop_type": "supermarket", "name": "Suma", "lat": 41.4103755, "lon": 2.1619037, "brand": null, "organic": null, "h3_index": "89394460113ffff" }, "geometry": { "type": "Point", "coordinates": [ 2.1619037, 41.4103755 ] } },
{ "type": "Feature", "properties": { "osm_id": 12128554871, "shop_type": "greengrocer", "name": "Casa Ametller", "lat": 41.3754123, "lon": 2.1431017, "brand": null, "organic": null, "h3_index": "89394461c87ffff" }, "geometry": { "type": "Point", "coordinates": [ 2.1431017, 41.3754123 ] } },
{ "type": "Feature", "properties": { "osm_id": 12147370202, "shop_type": "supermarket", "name": "Charter", "lat": 41.4170433, "lon": 2.1806448, "brand": null, "organic": null, "h3_index": "89394460cd7ffff" }, "geometry": { "type": "Point", "coordinates": [ 2.1806448, 41.4170433 ] } },
{ "type": "Feature", "properties": { "osm_id": 12148545261, "shop_type": "supermarket", "name": "FOODCOOP BCN", "lat": 41.3855697, "lon": 2.1573377, "brand": null, "organic": "only", "h3_index": "8939446033bffff" }, "geometry": { "type": "Point", "coordinates": [ 2.1573377, 41.3855697 ] } },
{ "type": "Feature", "properties": { "osm_id": 12154393997, "shop_type": "bakery", "name": "Pa amb Lola", "lat": 41.3910074, "lon": 2.1601814, "brand": null, "organic": null, "h3_index": "893944603abffff" }, "geometry": { "type": "Point", "coordinates": [ 2.1601814, 41.3910074 ] } },
{ "type": "Feature", "properties": { "osm_id": 12162216629, "shop_type": "supermarket", "name": "Caprabo", "lat": 41.4218424, "lon": 2.1874338, "brand": null, "organic": null, "h3_index": "89394460c83ffff" }, "geometry": { "type": "Point", "coordinates": [ 2.1874338, 41.4218424 ] } },
{ "type": "Feature", "properties": { "osm_id": 12169558001, "shop_type": "bakery", "name": "Bou", "lat": 41.387715, "lon": 2.1352866, "brand": null, "organic": null, "h3_index": "893944602afffff" }, "geometry": { "type": "Point", "coordinates": [ 2.1352866, 41.387715 ] } },
{ "type": "Feature", "properties": { "osm_id": 12177312421, "shop_type": "bakery", "name": "Ecco", "lat": 41.4304234, "lon": 2.1608452, "brand": null, "organic": null, "h3_index": "89394462adbffff" }, "geometry": { "type": "Point", "coordinates": [ 2.1608452, 41.4304234 ] } },
{ "type": "Feature", "properties": { "osm_id": 12181497901, "shop_type": "supermarket", "name": "Coaliment", "lat": 41.4124831, "lon": 2.1999014, "brand": "Coaliment", "organic": null, "h3_index": "89394460c33ffff" }, "geometry": { "type": "Point", "coordinates": [ 2.1999014, 41.4124831 ] } },
{ "type": "Feature", "properties": { "osm_id": 12186769201, "shop_type": "butcher", "name": "Unknown", "lat": 41.4046216, "lon": 2.167439, "brand": null, "organic": null, "h3_index": "89394460177ffff" }, "geometry": { "type": "Point", "coordinates": [ 2.167439, 41.4046216 ] } },
{ "type": "Feature", "properties": { "osm_id": 12189779302, "shop_type": "butcher", "name": "Unknown", "lat": 41.4110512, "lon": 2.1699324, "brand": null, "organic": null, "h3_index": "893944601abffff" }, "geometry": { "type": "Point", "coordinates": [ 2.1699324, 41.4110512 ] } },
{ "type": "Feature", "properties": { "osm_id": 12201241202, "shop_type": "bakery", "name": "Ca la Toñi", "lat": 41.3705556, "lon": 2.1376468, "brand": null, "organic": null, "h3_index": "89394461c8bffff" }, "geometry": { "type": "Point", "coordinates": [ 2.1376468, 41.3705556 ] } },
{ "type": "Feature", "properties": { "osm_id": 12203624801, "shop_type": "bakery", "name": "Baluard Barceloneta", "lat": 41.3913238, "lon": 2.1511884, "brand": null, "organic": null, "h3_index": "8939446038fffff" }, "geometry": { "type": "Point", "coordinates": [ 2.1511884, 41.3913238 ] } },
{ "type": "Feature", "properties": { "osm_id": 12203628001, "shop_type": "bakery", "name": "Baluard Barceloneta", "lat": 41.3964705, "lon": 2.1624193, "brand": null, "organic": null, "h3_index": "893944603b7ffff" }, "geometry": { "type": "Point", "coordinates": [ 2.1624193, 41.3964705 ] } },
{ "type": "Feature", "properties": { "osm_id": 12204894004, "shop_type": "greengrocer", "name": "Unknown", "lat": 41.4146603, "lon": 2.1787518, "brand": null, "organic": null, "h3_index": "89394460cd3ffff" }, "geometry": { "type": "Point", "coordinates": [ 2.1787518, 41.4146603 ] } },
{ "type": "Feature", "properties": { "osm_id": 12204894101, "shop_type": "butcher", "name": "Xarcuteria Claret", "lat": 41.4150135, "lon": 2.1792322, "brand": null, "organic": null, "h3_index": "89394460cd3ffff" }, "geometry": { "type": "Point", "coordinates": [ 2.1792322, 41.4150135 ] } },
{ "type": "Feature", "properties": { "osm_id": 12204914701, "shop_type": "greengrocer", "name": "JL Fruitós", "lat": 41.4084641, "lon": 2.1710945, "brand": null, "organic": null, "h3_index": "89394460133ffff" }, "geometry": { "type": "Point", "coordinates": [ 2.1710945, 41.4084641 ] } },
{ "type": "Feature", "properties": { "osm_id": 12204914702, "shop_type": "supermarket", "name": "Ametller Origen", "lat": 41.4075827, "lon": 2.1697342, "brand": null, "organic": null, "h3_index": "8939446013bffff" }, "geometry": { "type": "Point", "coordinates": [ 2.1697342, 41.4075827 ] } },
{ "type": "Feature", "properties": { "osm_id": 12209328802, "shop_type": "butcher", "name": "Albert", "lat": 41.4055598, "lon": 2.1706679, "brand": null, "organic": null, "h3_index": "8939446013bffff" }, "geometry": { "type": "Point", "coordinates": [ 2.1706679, 41.4055598 ] } },
{ "type": "Feature", "properties": { "osm_id": 12222475325, "shop_type": "supermarket", "name": "Marusya", "lat": 41.4027133, "lon": 2.204638, "brand": null, "organic": null, "h3_index": "89394460883ffff" }, "geometry": { "type": "Point", "coordinates": [ 2.204638, 41.4027133 ] } },
{ "type": "Feature", "properties": { "osm_id": 12229626650, "shop_type": "greengrocer", "name": "Hort de Sant Joan", "lat": 41.4022804, "lon": 2.1650285, "brand": null, "organic": null, "h3_index": "89394460173ffff" }, "geometry": { "type": "Point", "coordinates": [ 2.1650285, 41.4022804 ] } },
{ "type": "Feature", "properties": { "osm_id": 12236101701, "shop_type": "supermarket", "name": "charter", "lat": 41.4431779, "lon": 2.176353, "brand": null, "organic": null, "h3_index": "89394462843ffff" }, "geometry": { "type": "Point", "coordinates": [ 2.176353, 41.4431779 ] } },
{ "type": "Feature", "properties": { "osm_id": 12239457001, "shop_type": "supermarket", "name": "Mercadona", "lat": 41.4381691, "lon": 2.1807348, "brand": null, "organic": null, "h3_index": "89394462ab7ffff" }, "geometry": { "type": "Point", "coordinates": [ 2.1807348, 41.4381691 ] } },
{ "type": "Feature", "properties": { "osm_id": 12241562601, "shop_type": "supermarket", "name": "charter", "lat": 41.442735, "lon": 2.1853427, "brand": null, "organic": null, "h3_index": "8939446287bffff" }, "geometry": { "type": "Point", "coordinates": [ 2.1853427, 41.442735 ] } },
{ "type": "Feature", "properties": { "osm_id": 12248645416, "shop_type": "supermarket", "name": "Condis", "lat": 41.3958701, "lon": 2.1244879, "brand": "Condis", "organic": null, "h3_index": "8939446005bffff" }, "geometry": { "type": "Point", "coordinates": [ 2.1244879, 41.3958701 ] } },
{ "type": "Feature", "properties": { "osm_id": 12252827901, "shop_type": "supermarket", "name": "EURO SOL", "lat": 41.4068293, "lon": 2.171072, "brand": null, "organic": null, "h3_index": "8939446013bffff" }, "geometry": { "type": "Point", "coordinates": [ 2.171072, 41.4068293 ] } },
{ "type": "Feature", "properties": { "osm_id": 12254576801, "shop_type": "supermarket", "name": "Condis", "lat": 41.3900836, "lon": 2.1961013, "brand": "Condis", "organic": null, "h3_index": "89394460e27ffff" }, "geometry": { "type": "Point", "coordinates": [ 2.1961013, 41.3900836 ] } },
{ "type": "Feature", "properties": { "osm_id": 12264380027, "shop_type": "bakery", "name": "El Obrador De Goya", "lat": 41.3998231, "lon": 2.1451535, "brand": null, "organic": null, "h3_index": "8939446002bffff" }, "geometry": { "type": "Point", "coordinates": [ 2.1451535, 41.3998231 ] } },
{ "type": "Feature", "properties": { "osm_id": 12269118234, "shop_type": "bakery", "name": "Granier", "lat": 41.375358, "lon": 2.1329452, "brand": "Granier", "organic": null, "h3_index": "89394460267ffff" }, "geometry": { "type": "Point", "coordinates": [ 2.1329452, 41.375358 ] } },
{ "type": "Feature", "properties": { "osm_id": 12278066901, "shop_type": "bakery", "name": "Dulzura Mia", "lat": 41.4012395, "lon": 2.1794199, "brand": null, "organic": null, "h3_index": "89394460e97ffff" }, "geometry": { "type": "Point", "coordinates": [ 2.1794199, 41.4012395 ] } },
{ "type": "Feature", "properties": { "osm_id": 12278089400, "shop_type": "bakery", "name": "Wawas", "lat": 41.3988043, "lon": 2.1750917, "brand": null, "organic": null, "h3_index": "89394460e9bffff" }, "geometry": { "type": "Point", "coordinates": [ 2.1750917, 41.3988043 ] } },
{ "type": "Feature", "properties": { "osm_id": 12278163288, "shop_type": "supermarket", "name": "BonÀrea", "lat": 41.3987971, "lon": 2.1756594, "brand": "BonÀrea", "organic": null, "h3_index": "89394460e83ffff" }, "geometry": { "type": "Point", "coordinates": [ 2.1756594, 41.3987971 ] } },
{ "type": "Feature", "properties": { "osm_id": 12278487401, "shop_type": "supermarket", "name": "Ametller", "lat": 41.3959768, "lon": 2.1797687, "brand": null, "organic": null, "h3_index": "89394460e8fffff" }, "geometry": { "type": "Point", "coordinates": [ 2.1797687, 41.3959768 ] } },
{ "type": "Feature", "properties": { "osm_id": 12279112003, "shop_type": "bakery", "name": "Goofretti", "lat": 41.3932947, "lon": 2.1446715, "brand": null, "organic": null, "h3_index": "8939446039bffff" }, "geometry": { "type": "Point", "coordinates": [ 2.1446715, 41.3932947 ] } },
{ "type": "Feature", "properties": { "osm_id": 12290042302, "shop_type": "supermarket", "name": "bonArea", "lat": 41.4445537, "lon": 2.1769431, "brand": null, "organic": null, "h3_index": "89394462843ffff" }, "geometry": { "type": "Point", "coordinates": [ 2.1769431, 41.4445537 ] } },
{ "type": "Feature", "properties": { "osm_id": 12291614301, "shop_type": "supermarket", "name": "Dia", "lat": 41.4481231, "lon": 2.175192, "brand": null, "organic": null, "h3_index": "893944628cfffff" }, "geometry": { "type": "Point", "coordinates": [ 2.175192, 41.4481231 ] } },
{ "type": "Feature", "properties": { "osm_id": 12291614401, "shop_type": "supermarket", "name": "charter", "lat": 41.4479014, "lon": 2.1748957, "brand": null, "organic": null, "h3_index": "893944628cfffff" }, "geometry": { "type": "Point", "coordinates": [ 2.1748957, 41.4479014 ] } },
{ "type": "Feature", "properties": { "osm_id": 12299016201, "shop_type": "supermarket", "name": "Alcampo", "lat": 41.3998216, "lon": 2.1647072, "brand": null, "organic": null, "h3_index": "8939446017bffff" }, "geometry": { "type": "Point", "coordinates": [ 2.1647072, 41.3998216 ] } },
{ "type": "Feature", "properties": { "osm_id": 12326961696, "shop_type": "convenience", "name": "Catalunya Supermercat", "lat": 41.4063193, "lon": 2.148467, "brand": null, "organic": null, "h3_index": "89394460037ffff" }, "geometry": { "type": "Point", "coordinates": [ 2.148467, 41.4063193 ] } },
{ "type": "Feature", "properties": { "osm_id": 12348311253, "shop_type": "marketplace", "name": "La Vila Market", "lat": 41.4047295, "lon": 2.1576033, "brand": null, "organic": null, "h3_index": "89394460157ffff" }, "geometry": { "type": "Point", "coordinates": [ 2.1576033, 41.4047295 ] } },
{ "type": "Feature", "properties": { "osm_id": 12364474201, "shop_type": "supermarket", "name": "Caprabo", "lat": 41.3730597, "lon": 2.1573387, "brand": null, "organic": null, "h3_index": "89394461dd3ffff" }, "geometry": { "type": "Point", "coordinates": [ 2.1573387, 41.3730597 ] } },
{ "type": "Feature", "properties": { "osm_id": 12365185941, "shop_type": "convenience", "name": "Coaliment", "lat": 41.386722, "lon": 2.1672457, "brand": null, "organic": null, "h3_index": "89394460327ffff" }, "geometry": { "type": "Point", "coordinates": [ 2.1672457, 41.386722 ] } },
{ "type": "Feature", "properties": { "osm_id": 12365193462, "shop_type": "convenience", "name": "Super Mercat Express", "lat": 41.3867273, "lon": 2.165173, "brand": null, "organic": null, "h3_index": "89394460323ffff" }, "geometry": { "type": "Point", "coordinates": [ 2.165173, 41.3867273 ] } },
{ "type": "Feature", "properties": { "osm_id": 12367885501, "shop_type": "supermarket", "name": "A Taste of Home", "lat": 41.3935216, "lon": 2.1681408, "brand": null, "organic": null, "h3_index": "89394460ed3ffff" }, "geometry": { "type": "Point", "coordinates": [ 2.1681408, 41.3935216 ] } },
{ "type": "Feature", "properties": { "osm_id": 12369365501, "shop_type": "bakery", "name": "Lavaduramadre", "lat": 41.3751383, "lon": 2.1413915, "brand": null, "organic": null, "h3_index": "89394461c87ffff" }, "geometry": { "type": "Point", "coordinates": [ 2.1413915, 41.3751383 ] } },
{ "type": "Feature", "properties": { "osm_id": 12373340501, "shop_type": "supermarket", "name": "Condis", "lat": 41.4011125, "lon": 2.195251, "brand": null, "organic": null, "h3_index": "893944608d3ffff" }, "geometry": { "type": "Point", "coordinates": [ 2.195251, 41.4011125 ] } },
{ "type": "Feature", "properties": { "osm_id": 12374738517, "shop_type": "supermarket", "name": "Primaprix", "lat": 41.3887824, "lon": 2.1624583, "brand": "Primaprix", "organic": null, "h3_index": "89394460333ffff" }, "geometry": { "type": "Point", "coordinates": [ 2.1624583, 41.3887824 ] } },
{ "type": "Feature", "properties": { "osm_id": 12384353036, "shop_type": "supermarket", "name": "Condis", "lat": 41.4012222, "lon": 2.1828153, "brand": "Condis", "organic": null, "h3_index": "89394460e87ffff" }, "geometry": { "type": "Point", "coordinates": [ 2.1828153, 41.4012222 ] } },
{ "type": "Feature", "properties": { "osm_id": 12384375501, "shop_type": "convenience", "name": "Unknown", "lat": 41.4015208, "lon": 2.1821268, "brand": null, "organic": null, "h3_index": "89394460c4bffff" }, "geometry": { "type": "Point", "coordinates": [ 2.1821268, 41.4015208 ] } },
{ "type": "Feature", "properties": { "osm_id": 12400402824, "shop_type": "supermarket", "name": "Basar", "lat": 41.3954729, "lon": 2.1712594, "brand": null, "organic": null, "h3_index": "89394460ed7ffff" }, "geometry": { "type": "Point", "coordinates": [ 2.1712594, 41.3954729 ] } },
{ "type": "Feature", "properties": { "osm_id": 12400402828, "shop_type": "supermarket", "name": "Supermercat", "lat": 41.3952191, "lon": 2.1714385, "brand": null, "organic": null, "h3_index": "89394460ed7ffff" }, "geometry": { "type": "Point", "coordinates": [ 2.1714385, 41.3952191 ] } },
{ "type": "Feature", "properties": { "osm_id": 12463360063, "shop_type": "bakery", "name": "Pa de Llet", "lat": 41.3838374, "lon": 2.1535542, "brand": null, "organic": null, "h3_index": "8939446030fffff" }, "geometry": { "type": "Point", "coordinates": [ 2.1535542, 41.3838374 ] } },
{ "type": "Feature", "properties": { "osm_id": 12496161858, "shop_type": "supermarket", "name": "Areeb Supermercat", "lat": 41.3850846, "lon": 2.1552965, "brand": null, "organic": null, "h3_index": "8939446030fffff" }, "geometry": { "type": "Point", "coordinates": [ 2.1552965, 41.3850846 ] } },
{ "type": "Feature", "properties": { "osm_id": 12496161862, "shop_type": "convenience", "name": "Sinthia Super Alientació", "lat": 41.3863459, "lon": 2.153273, "brand": null, "organic": null, "h3_index": "89394460303ffff" }, "geometry": { "type": "Point", "coordinates": [ 2.153273, 41.3863459 ] } },
{ "type": "Feature", "properties": { "osm_id": 12496218367, "shop_type": "bakery", "name": "Brava", "lat": 41.3868199, "lon": 2.153102, "brand": null, "organic": null, "h3_index": "89394460303ffff" }, "geometry": { "type": "Point", "coordinates": [ 2.153102, 41.3868199 ] } },
{ "type": "Feature", "properties": { "osm_id": 12504625851, "shop_type": "butcher", "name": "Carnisseria Ca L'Antoni", "lat": 41.4137823, "lon": 2.1684807, "brand": null, "organic": null, "h3_index": "893944601a3ffff" }, "geometry": { "type": "Point", "coordinates": [ 2.1684807, 41.4137823 ] } },
{ "type": "Feature", "properties": { "osm_id": 12527826465, "shop_type": "supermarket", "name": "Aldi", "lat": 41.3763184, "lon": 2.1219039, "brand": "Aldi", "organic": "yes", "h3_index": "89394460247ffff" }, "geometry": { "type": "Point", "coordinates": [ 2.1219039, 41.3763184 ] } },
{ "type": "Feature", "properties": { "osm_id": 12532341117, "shop_type": "bakery", "name": "Oriol", "lat": 41.3918856, "lon": 2.179056, "brand": null, "organic": null, "h3_index": "89394460e03ffff" }, "geometry": { "type": "Point", "coordinates": [ 2.179056, 41.3918856 ] } },
{ "type": "Feature", "properties": { "osm_id": 12541083901, "shop_type": "supermarket", "name": "Condis", "lat": 41.4226799, "lon": 2.2087601, "brand": null, "organic": null, "h3_index": "89394462b6fffff" }, "geometry": { "type": "Point", "coordinates": [ 2.2087601, 41.4226799 ] } },
{ "type": "Feature", "properties": { "osm_id": 12541160401, "shop_type": "greengrocer", "name": "Cal Fruitós", "lat": 41.4163921, "lon": 2.2033189, "brand": null, "organic": null, "h3_index": "89394460ddbffff" }, "geometry": { "type": "Point", "coordinates": [ 2.2033189, 41.4163921 ] } },
{ "type": "Feature", "properties": { "osm_id": 12542238201, "shop_type": "supermarket", "name": "Unknown", "lat": 41.4092021, "lon": 2.1737581, "brand": null, "organic": null, "h3_index": "89394460137ffff" }, "geometry": { "type": "Point", "coordinates": [ 2.1737581, 41.4092021 ] } },
{ "type": "Feature", "properties": { "osm_id": 12551042101, "shop_type": "greengrocer", "name": "SEIA", "lat": 41.4076002, "lon": 2.1726731, "brand": null, "organic": null, "h3_index": "89394460123ffff" }, "geometry": { "type": "Point", "coordinates": [ 2.1726731, 41.4076002 ] } },
{ "type": "Feature", "properties": { "osm_id": 12567696702, "shop_type": "bakery", "name": "Magma Bakery Lab", "lat": 41.4053281, "lon": 2.1999522, "brand": null, "organic": null, "h3_index": "89394460c67ffff" }, "geometry": { "type": "Point", "coordinates": [ 2.1999522, 41.4053281 ] } },
{ "type": "Feature", "properties": { "osm_id": 12589705446, "shop_type": "bakery", "name": "365", "lat": 41.4107091, "lon": 2.1564999, "brand": null, "organic": null, "h3_index": "893944601c7ffff" }, "geometry": { "type": "Point", "coordinates": [ 2.1564999, 41.4107091 ] } },
{ "type": "Feature", "properties": { "osm_id": 12600797035, "shop_type": "supermarket", "name": "Wuakal", "lat": 41.3854297, "lon": 2.1566505, "brand": null, "organic": null, "h3_index": "8939446030fffff" }, "geometry": { "type": "Point", "coordinates": [ 2.1566505, 41.3854297 ] } },
{ "type": "Feature", "properties": { "osm_id": 12625944208, "shop_type": "bakery", "name": "Gelatiamo", "lat": 41.3847422, "lon": 2.1720265, "brand": null, "organic": null, "h3_index": "89394460e43ffff" }, "geometry": { "type": "Point", "coordinates": [ 2.1720265, 41.3847422 ] } },
{ "type": "Feature", "properties": { "osm_id": 12628090501, "shop_type": "supermarket", "name": "Carrefour Market", "lat": 41.3978876, "lon": 2.1740388, "brand": null, "organic": null, "h3_index": "89394460e9bffff" }, "geometry": { "type": "Point", "coordinates": [ 2.1740388, 41.3978876 ] } },
{ "type": "Feature", "properties": { "osm_id": 12662514582, "shop_type": "butcher", "name": "Carnisseria LACK", "lat": 41.4031722, "lon": 2.1666127, "brand": null, "organic": null, "h3_index": "89394460177ffff" }, "geometry": { "type": "Point", "coordinates": [ 2.1666127, 41.4031722 ] } },
{ "type": "Feature", "properties": { "osm_id": 12662514584, "shop_type": "greengrocer", "name": "Cal Frutós", "lat": 41.4031674, "lon": 2.1661971, "brand": null, "organic": null, "h3_index": "89394460173ffff" }, "geometry": { "type": "Point", "coordinates": [ 2.1661971, 41.4031674 ] } },
{ "type": "Feature", "properties": { "osm_id": 12662514585, "shop_type": "convenience", "name": "Al Amin", "lat": 41.4028356, "lon": 2.165769, "brand": null, "organic": null, "h3_index": "89394460173ffff" }, "geometry": { "type": "Point", "coordinates": [ 2.165769, 41.4028356 ] } },
{ "type": "Feature", "properties": { "osm_id": 12683823549, "shop_type": "marketplace", "name": "Mercadillo de Zona Franca", "lat": 41.3558137, "lon": 2.1462309, "brand": null, "organic": null, "h3_index": "89394461c6fffff" }, "geometry": { "type": "Point", "coordinates": [ 2.1462309, 41.3558137 ] } },
{ "type": "Feature", "properties": { "osm_id": 12690507765, "shop_type": "convenience", "name": "Supermercat", "lat": 41.3901998, "lon": 2.1619906, "brand": null, "organic": null, "h3_index": "893944603afffff" }, "geometry": { "type": "Point", "coordinates": [ 2.1619906, 41.3901998 ] } },
{ "type": "Feature", "properties": { "osm_id": 12690530468, "shop_type": "convenience", "name": "Supermercat", "lat": 41.3917076, "lon": 2.1617927, "brand": null, "organic": null, "h3_index": "893944603afffff" }, "geometry": { "type": "Point", "coordinates": [ 2.1617927, 41.3917076 ] } },
{ "type": "Feature", "properties": { "osm_id": 12694792062, "shop_type": "supermarket", "name": "Supercor", "lat": 41.4071231, "lon": 2.1386697, "brand": "Supercor", "organic": null, "h3_index": "89394460017ffff" }, "geometry": { "type": "Point", "coordinates": [ 2.1386697, 41.4071231 ] } },
{ "type": "Feature", "properties": { "osm_id": 12697394354, "shop_type": "bakery", "name": "Croccanti Forn amb Degustació", "lat": 41.4117239, "lon": 2.1904337, "brand": null, "organic": null, "h3_index": "89394460c03ffff" }, "geometry": { "type": "Point", "coordinates": [ 2.1904337, 41.4117239 ] } },
{ "type": "Feature", "properties": { "osm_id": 12708357588, "shop_type": "bakery", "name": "Gluten Tag", "lat": 41.4017843, "lon": 2.1583207, "brand": null, "organic": null, "h3_index": "89394460147ffff" }, "geometry": { "type": "Point", "coordinates": [ 2.1583207, 41.4017843 ] } },
{ "type": "Feature", "properties": { "osm_id": 12710710407, "shop_type": "bakery", "name": "Santagloria", "lat": 41.3743272, "lon": 2.1239334, "brand": "Santagloria", "organic": null, "h3_index": "8939446027bffff" }, "geometry": { "type": "Point", "coordinates": [ 2.1239334, 41.3743272 ] } },
{ "type": "Feature", "properties": { "osm_id": 12717722423, "shop_type": "marketplace", "name": "Narket Casa Italia Margall", "lat": 41.4219976, "lon": 2.1790392, "brand": null, "organic": null, "h3_index": "89394462a63ffff" }, "geometry": { "type": "Point", "coordinates": [ 2.1790392, 41.4219976 ] } },
{ "type": "Feature", "properties": { "osm_id": 12725391584, "shop_type": "marketplace", "name": "Mercat de Sants", "lat": 41.3746747, "lon": 2.1333905, "brand": null, "organic": null, "h3_index": "89394460267ffff" }, "geometry": { "type": "Point", "coordinates": [ 2.1333905, 41.3746747 ] } },
{ "type": "Feature", "properties": { "osm_id": 12729537947, "shop_type": "supermarket", "name": "Bonpreu", "lat": 41.3972049, "lon": 2.1841108, "brand": "Bonpreu", "organic": null, "h3_index": "89394460ebbffff" }, "geometry": { "type": "Point", "coordinates": [ 2.1841108, 41.3972049 ] } },
{ "type": "Feature", "properties": { "osm_id": 12749023303, "shop_type": "supermarket", "name": "Nova Nur", "lat": 41.3772262, "lon": 2.1629895, "brand": null, "organic": null, "h3_index": "89394461d9bffff" }, "geometry": { "type": "Point", "coordinates": [ 2.1629895, 41.3772262 ] } },
{ "type": "Feature", "properties": { "osm_id": 12804947101, "shop_type": "supermarket", "name": "Charter", "lat": 41.373476, "lon": 2.1285471, "brand": "Charter", "organic": null, "h3_index": "89394460263ffff" }, "geometry": { "type": "Point", "coordinates": [ 2.1285471, 41.373476 ] } },
{ "type": "Feature", "properties": { "osm_id": 12811251701, "shop_type": "supermarket", "name": "PrimaPrix", "lat": 41.4275091, "lon": 2.184547, "brand": null, "organic": null, "h3_index": "89394462a23ffff" }, "geometry": { "type": "Point", "coordinates": [ 2.184547, 41.4275091 ] } },
{ "type": "Feature", "properties": { "osm_id": 12824112001, "shop_type": "butcher", "name": "Quimet", "lat": 41.4115393, "lon": 2.1417446, "brand": null, "organic": null, "h3_index": "893944600a3ffff" }, "geometry": { "type": "Point", "coordinates": [ 2.1417446, 41.4115393 ] } },
{ "type": "Feature", "properties": { "osm_id": 12824114501, "shop_type": "greengrocer", "name": "Lola", "lat": 41.4115409, "lon": 2.1418302, "brand": null, "organic": null, "h3_index": "893944600a3ffff" }, "geometry": { "type": "Point", "coordinates": [ 2.1418302, 41.4115409 ] } },
{ "type": "Feature", "properties": { "osm_id": 12824120901, "shop_type": "greengrocer", "name": "SuperVerd", "lat": 41.4113988, "lon": 2.1428936, "brand": null, "organic": null, "h3_index": "893944600a3ffff" }, "geometry": { "type": "Point", "coordinates": [ 2.1428936, 41.4113988 ] } },
{ "type": "Feature", "properties": { "osm_id": 12836448095, "shop_type": "supermarket", "name": "Unknown", "lat": 41.3796021, "lon": 2.1676749, "brand": null, "organic": null, "h3_index": "89394461d83ffff" }, "geometry": { "type": "Point", "coordinates": [ 2.1676749, 41.3796021 ] } },
{ "type": "Feature", "properties": { "osm_id": 12847527289, "shop_type": "supermarket", "name": "King’s Supermercat", "lat": 41.3840128, "lon": 2.168871, "brand": null, "organic": null, "h3_index": "89394460e5bffff" }, "geometry": { "type": "Point", "coordinates": [ 2.168871, 41.3840128 ] } },
{ "type": "Feature", "properties": { "osm_id": 12847736001, "shop_type": "convenience", "name": "Condis Express", "lat": 41.4016994, "lon": 2.151138, "brand": null, "organic": null, "h3_index": "8939446015bffff" }, "geometry": { "type": "Point", "coordinates": [ 2.151138, 41.4016994 ] } },
{ "type": "Feature", "properties": { "osm_id": 12847739001, "shop_type": "convenience", "name": "Condis", "lat": 41.4029353, "lon": 2.1501909, "brand": null, "organic": null, "h3_index": "89394460027ffff" }, "geometry": { "type": "Point", "coordinates": [ 2.1501909, 41.4029353 ] } },
{ "type": "Feature", "properties": { "osm_id": 12848411576, "shop_type": "supermarket", "name": "ALDI", "lat": 41.4059009, "lon": 2.1534372, "brand": null, "organic": null, "h3_index": "893944601cfffff" }, "geometry": { "type": "Point", "coordinates": [ 2.1534372, 41.4059009 ] } },
{ "type": "Feature", "properties": { "osm_id": 12856944301, "shop_type": "supermarket", "name": "Condis", "lat": 41.4093134, "lon": 2.1630068, "brand": null, "organic": null, "h3_index": "89394460103ffff" }, "geometry": { "type": "Point", "coordinates": [ 2.1630068, 41.4093134 ] } },
{ "type": "Feature", "properties": { "osm_id": 12857199501, "shop_type": "greengrocer", "name": "Fruteria El Barbastro", "lat": 41.3758768, "lon": 2.1389493, "brand": null, "organic": null, "h3_index": "89394461c97ffff" }, "geometry": { "type": "Point", "coordinates": [ 2.1389493, 41.3758768 ] } },
{ "type": "Feature", "properties": { "osm_id": 12861311583, "shop_type": "supermarket", "name": "Ametller", "lat": 41.4187556, "lon": 2.1803683, "brand": null, "organic": null, "h3_index": "89394462a6fffff" }, "geometry": { "type": "Point", "coordinates": [ 2.1803683, 41.4187556 ] } },
{ "type": "Feature", "properties": { "osm_id": 12864475701, "shop_type": "bakery", "name": "Santagloria", "lat": 41.3789856, "lon": 2.1288687, "brand": "Santagloria", "organic": null, "h3_index": "89394460277ffff" }, "geometry": { "type": "Point", "coordinates": [ 2.1288687, 41.3789856 ] } },
{ "type": "Feature", "properties": { "osm_id": 12871801426, "shop_type": "bakery", "name": "Enrich", "lat": 41.3791241, "lon": 2.1295647, "brand": null, "organic": null, "h3_index": "89394460277ffff" }, "geometry": { "type": "Point", "coordinates": [ 2.1295647, 41.3791241 ] } },
{ "type": "Feature", "properties": { "osm_id": 12871846970, "shop_type": "supermarket", "name": "Ametller Origen", "lat": 41.3790093, "lon": 2.1296178, "brand": "Ametller Origen", "organic": null, "h3_index": "89394460277ffff" }, "geometry": { "type": "Point", "coordinates": [ 2.1296178, 41.3790093 ] } },
{ "type": "Feature", "properties": { "osm_id": 12875225607, "shop_type": "supermarket", "name": "Farjana", "lat": 41.3826974, "lon": 2.1580937, "brand": null, "organic": null, "h3_index": "89394460377ffff" }, "geometry": { "type": "Point", "coordinates": [ 2.1580937, 41.3826974 ] } },
{ "type": "Feature", "properties": { "osm_id": 12878647530, "shop_type": "supermarket", "name": "Condis", "lat": 41.3996265, "lon": 2.2034119, "brand": null, "organic": null, "h3_index": "8939446088bffff" }, "geometry": { "type": "Point", "coordinates": [ 2.2034119, 41.3996265 ] } },
{ "type": "Feature", "properties": { "osm_id": 12878647540, "shop_type": "bakery", "name": "Little Fern", "lat": 41.4002448, "lon": 2.2048037, "brand": null, "organic": null, "h3_index": "8939446088bffff" }, "geometry": { "type": "Point", "coordinates": [ 2.2048037, 41.4002448 ] } },
{ "type": "Feature", "properties": { "osm_id": 12880389701, "shop_type": "bakery", "name": "Forn Pastisseria Tarragó", "lat": 41.3799316, "lon": 2.1602282, "brand": null, "organic": null, "h3_index": "89394460367ffff" }, "geometry": { "type": "Point", "coordinates": [ 2.1602282, 41.3799316 ] } },
{ "type": "Feature", "properties": { "osm_id": 12886363280, "shop_type": "supermarket", "name": "Condis Express", "lat": 41.4091955, "lon": 2.2036541, "brand": null, "organic": null, "h3_index": "89394460c2fffff" }, "geometry": { "type": "Point", "coordinates": [ 2.2036541, 41.4091955 ] } },
{ "type": "Feature", "properties": { "osm_id": 12886363282, "shop_type": "supermarket", "name": "Vende de Pa", "lat": 41.4093417, "lon": 2.203642, "brand": null, "organic": null, "h3_index": "89394460c2fffff" }, "geometry": { "type": "Point", "coordinates": [ 2.203642, 41.4093417 ] } },
{ "type": "Feature", "properties": { "osm_id": 12886363291, "shop_type": "supermarket", "name": "Casa Gode", "lat": 41.4082483, "lon": 2.2033473, "brand": null, "organic": null, "h3_index": "89394460c2fffff" }, "geometry": { "type": "Point", "coordinates": [ 2.2033473, 41.4082483 ] } },
{ "type": "Feature", "properties": { "osm_id": 12895097614, "shop_type": "supermarket", "name": "Mercadona", "lat": 41.3789522, "lon": 2.1426053, "brand": "Mercadona", "organic": null, "h3_index": "8939446035bffff" }, "geometry": { "type": "Point", "coordinates": [ 2.1426053, 41.3789522 ] } },
{ "type": "Feature", "properties": { "osm_id": 12912876801, "shop_type": "supermarket", "name": "Aldi", "lat": 41.4059281, "lon": 2.1534405, "brand": null, "organic": null, "h3_index": "893944601cfffff" }, "geometry": { "type": "Point", "coordinates": [ 2.1534405, 41.4059281 ] } },
{ "type": "Feature", "properties": { "osm_id": 12914401517, "shop_type": "butcher", "name": "Anna", "lat": 41.4034834, "lon": 2.1353181, "brand": null, "organic": null, "h3_index": "89394460003ffff" }, "geometry": { "type": "Point", "coordinates": [ 2.1353181, 41.4034834 ] } },
{ "type": "Feature", "properties": { "osm_id": 12914426759, "shop_type": "greengrocer", "name": "Boutique Fruites d'Origen", "lat": 41.4012582, "lon": 2.1375344, "brand": null, "organic": null, "h3_index": "8939446000fffff" }, "geometry": { "type": "Point", "coordinates": [ 2.1375344, 41.4012582 ] } },
{ "type": "Feature", "properties": { "osm_id": 12927259302, "shop_type": "bakery", "name": "Massana", "lat": 41.4088246, "lon": 2.1536588, "brand": null, "organic": null, "h3_index": "893944601c3ffff" }, "geometry": { "type": "Point", "coordinates": [ 2.1536588, 41.4088246 ] } },
{ "type": "Feature", "properties": { "osm_id": 12927259401, "shop_type": "supermarket", "name": "BonÀrea", "lat": 41.4088868, "lon": 2.1538217, "brand": "BonÀrea", "organic": null, "h3_index": "893944601c3ffff" }, "geometry": { "type": "Point", "coordinates": [ 2.1538217, 41.4088868 ] } },
{ "type": "Feature", "properties": { "osm_id": 12955043001, "shop_type": "supermarket", "name": "Ametller Origen", "lat": 41.4011748, "lon": 2.123375, "brand": null, "organic": null, "h3_index": "893944600cbffff" }, "geometry": { "type": "Point", "coordinates": [ 2.123375, 41.4011748 ] } },
{ "type": "Feature", "properties": { "osm_id": 12956883921, "shop_type": "supermarket", "name": "Bon Àrea", "lat": 41.4036136, "lon": 2.1423603, "brand": null, "organic": null, "h3_index": "89394460033ffff" }, "geometry": { "type": "Point", "coordinates": [ 2.1423603, 41.4036136 ] } },
{ "type": "Feature", "properties": { "osm_id": 12956929535, "shop_type": "supermarket", "name": "Condis", "lat": 41.4051359, "lon": 2.139999, "brand": null, "organic": null, "h3_index": "89394460007ffff" }, "geometry": { "type": "Point", "coordinates": [ 2.139999, 41.4051359 ] } },
{ "type": "Feature", "properties": { "osm_id": 12976347201, "shop_type": "supermarket", "name": "Sorli", "lat": 41.4236876, "lon": 2.1854745, "brand": null, "organic": null, "h3_index": "89394460c93ffff" }, "geometry": { "type": "Point", "coordinates": [ 2.1854745, 41.4236876 ] } },
{ "type": "Feature", "properties": { "osm_id": 12985660201, "shop_type": "butcher", "name": "Aiger", "lat": 41.4044216, "lon": 2.1617276, "brand": null, "organic": null, "h3_index": "8939446010bffff" }, "geometry": { "type": "Point", "coordinates": [ 2.1617276, 41.4044216 ] } },
{ "type": "Feature", "properties": { "osm_id": 12991121401, "shop_type": "bakery", "name": "Unknown", "lat": 41.419957, "lon": 2.2062319, "brand": null, "organic": null, "h3_index": "89394460dd3ffff" }, "geometry": { "type": "Point", "coordinates": [ 2.2062319, 41.419957 ] } },
{ "type": "Feature", "properties": { "osm_id": 12991260001, "shop_type": "supermarket", "name": "Condis", "lat": 41.434619, "lon": 2.2019679, "brand": null, "organic": null, "h3_index": "89394462b03ffff" }, "geometry": { "type": "Point", "coordinates": [ 2.2019679, 41.434619 ] } },
{ "type": "Feature", "properties": { "osm_id": 12991911701, "shop_type": "supermarket", "name": "Lidl", "lat": 41.4210535, "lon": 2.1913859, "brand": "Lidl", "organic": null, "h3_index": "89394460c87ffff" }, "geometry": { "type": "Point", "coordinates": [ 2.1913859, 41.4210535 ] } },
{ "type": "Feature", "properties": { "osm_id": 12991938402, "shop_type": "supermarket", "name": "Condis", "lat": 41.4097446, "lon": 2.192745, "brand": null, "organic": null, "h3_index": "89394460c0fffff" }, "geometry": { "type": "Point", "coordinates": [ 2.192745, 41.4097446 ] } },
{ "type": "Feature", "properties": { "osm_id": 12997362621, "shop_type": "supermarket", "name": "Rossmann", "lat": 41.3835459, "lon": 2.155903, "brand": null, "organic": null, "h3_index": "8939446030fffff" }, "geometry": { "type": "Point", "coordinates": [ 2.155903, 41.3835459 ] } },
{ "type": "Feature", "properties": { "osm_id": 13001928501, "shop_type": "supermarket", "name": "Unknown", "lat": 41.4120147, "lon": 2.1693356, "brand": null, "organic": null, "h3_index": "893944601abffff" }, "geometry": { "type": "Point", "coordinates": [ 2.1693356, 41.4120147 ] } },
{ "type": "Feature", "properties": { "osm_id": 13009519914, "shop_type": "supermarket", "name": "Consum", "lat": 41.4337042, "lon": 2.1484315, "brand": "Consum", "organic": null, "h3_index": "893944605b3ffff" }, "geometry": { "type": "Point", "coordinates": [ 2.1484315, 41.4337042 ] } },
{ "type": "Feature", "properties": { "osm_id": 13011279701, "shop_type": "bakery", "name": "Baluard Barceloneta", "lat": 41.3987198, "lon": 2.1432869, "brand": null, "organic": null, "h3_index": "8939446002bffff" }, "geometry": { "type": "Point", "coordinates": [ 2.1432869, 41.3987198 ] } },
{ "type": "Feature", "properties": { "osm_id": 13037340761, "shop_type": "bakery", "name": "Le Petit Four", "lat": 41.3900518, "lon": 2.123408, "brand": null, "organic": null, "h3_index": "89394460287ffff" }, "geometry": { "type": "Point", "coordinates": [ 2.123408, 41.3900518 ] } },
{ "type": "Feature", "properties": { "osm_id": 13041786433, "shop_type": "supermarket", "name": "Aldi", "lat": 41.3998329, "lon": 2.144396, "brand": null, "organic": null, "h3_index": "8939446002bffff" }, "geometry": { "type": "Point", "coordinates": [ 2.144396, 41.3998329 ] } },
{ "type": "Feature", "properties": { "osm_id": 13043572621, "shop_type": "convenience", "name": "Alimentacio Forn de Pa", "lat": 41.413585, "lon": 2.1688071, "brand": null, "organic": null, "h3_index": "893944601a3ffff" }, "geometry": { "type": "Point", "coordinates": [ 2.1688071, 41.413585 ] } },
{ "type": "Feature", "properties": { "osm_id": 13059352706, "shop_type": "supermarket", "name": "Bailèn Supermercat", "lat": 41.3982397, "lon": 2.1690799, "brand": null, "organic": null, "h3_index": "8939446016fffff" }, "geometry": { "type": "Point", "coordinates": [ 2.1690799, 41.3982397 ] } },
{ "type": "Feature", "properties": { "osm_id": 13059367004, "shop_type": "supermarket", "name": "ma ka nai", "lat": 41.4004417, "lon": 2.1661699, "brand": null, "organic": null, "h3_index": "89394460163ffff" }, "geometry": { "type": "Point", "coordinates": [ 2.1661699, 41.4004417 ] } },
{ "type": "Feature", "properties": { "osm_id": 13059373402, "shop_type": "supermarket", "name": "Caprabo", "lat": 41.4032938, "lon": 2.1623896, "brand": "Caprabo", "organic": null, "h3_index": "89394460173ffff" }, "geometry": { "type": "Point", "coordinates": [ 2.1623896, 41.4032938 ] } },
{ "type": "Feature", "properties": { "osm_id": 13059373602, "shop_type": "supermarket", "name": "Condis", "lat": 41.396857, "lon": 2.1704726, "brand": null, "organic": null, "h3_index": "89394460ed7ffff" }, "geometry": { "type": "Point", "coordinates": [ 2.1704726, 41.396857 ] } },
{ "type": "Feature", "properties": { "osm_id": 13059373802, "shop_type": "bakery", "name": "Turris", "lat": 41.4000313, "lon": 2.1660223, "brand": null, "organic": null, "h3_index": "89394460163ffff" }, "geometry": { "type": "Point", "coordinates": [ 2.1660223, 41.4000313 ] } },
{ "type": "Feature", "properties": { "osm_id": 13059374101, "shop_type": "supermarket", "name": "Condis", "lat": 41.3955727, "lon": 2.1719634, "brand": null, "organic": null, "h3_index": "89394460ed7ffff" }, "geometry": { "type": "Point", "coordinates": [ 2.1719634, 41.3955727 ] } },
{ "type": "Feature", "properties": { "osm_id": 13059374102, "shop_type": "supermarket", "name": "La Conservera BCN", "lat": 41.3946765, "lon": 2.1737799, "brand": null, "organic": null, "h3_index": "89394460ec7ffff" }, "geometry": { "type": "Point", "coordinates": [ 2.1737799, 41.3946765 ] } },
{ "type": "Feature", "properties": { "osm_id": 13059374202, "shop_type": "greengrocer", "name": "El Rebost", "lat": 41.4030968, "lon": 2.1626345, "brand": null, "organic": null, "h3_index": "89394460173ffff" }, "geometry": { "type": "Point", "coordinates": [ 2.1626345, 41.4030968 ] } },
{ "type": "Feature", "properties": { "osm_id": 13059374301, "shop_type": "supermarket", "name": "Funky", "lat": 41.3949296, "lon": 2.1728133, "brand": null, "organic": null, "h3_index": "89394460ed7ffff" }, "geometry": { "type": "Point", "coordinates": [ 2.1728133, 41.3949296 ] } },
{ "type": "Feature", "properties": { "osm_id": 13059374601, "shop_type": "greengrocer", "name": "Primavera", "lat": 41.3972965, "lon": 2.1696379, "brand": null, "organic": null, "h3_index": "8939446016fffff" }, "geometry": { "type": "Point", "coordinates": [ 2.1696379, 41.3972965 ] } },
{ "type": "Feature", "properties": { "osm_id": 13059374701, "shop_type": "bakery", "name": "Origo", "lat": 41.4004514, "lon": 2.1632406, "brand": null, "organic": null, "h3_index": "8939446017bffff" }, "geometry": { "type": "Point", "coordinates": [ 2.1632406, 41.4004514 ] } },
{ "type": "Feature", "properties": { "osm_id": 13063788309, "shop_type": "supermarket", "name": "Aldi", "lat": 41.4116962, "lon": 2.1640544, "brand": "Aldi", "organic": null, "h3_index": "89394460117ffff" }, "geometry": { "type": "Point", "coordinates": [ 2.1640544, 41.4116962 ] } },
{ "type": "Feature", "properties": { "osm_id": 13063799135, "shop_type": "greengrocer", "name": "Mari fruits", "lat": 41.4109617, "lon": 2.1642657, "brand": null, "organic": null, "h3_index": "89394460117ffff" }, "geometry": { "type": "Point", "coordinates": [ 2.1642657, 41.4109617 ] } },
{ "type": "Feature", "properties": { "osm_id": 13063799139, "shop_type": "greengrocer", "name": "Nabiha fruites i verdures", "lat": 41.4102181, "lon": 2.1640515, "brand": null, "organic": null, "h3_index": "89394460117ffff" }, "geometry": { "type": "Point", "coordinates": [ 2.1640515, 41.4102181 ] } },
{ "type": "Feature", "properties": { "osm_id": 13074191611, "shop_type": "supermarket", "name": "Ametller Origen", "lat": 41.3908731, "lon": 2.1761596, "brand": "Ametller Origen", "organic": null, "h3_index": "89394460e1bffff" }, "geometry": { "type": "Point", "coordinates": [ 2.1761596, 41.3908731 ] } },
{ "type": "Feature", "properties": { "osm_id": 13082126207, "shop_type": "supermarket", "name": "Clarel", "lat": 41.3805832, "lon": 2.1339572, "brand": null, "organic": null, "h3_index": "89394460223ffff" }, "geometry": { "type": "Point", "coordinates": [ 2.1339572, 41.3805832 ] } },
{ "type": "Feature", "properties": { "osm_id": 13099844501, "shop_type": "supermarket", "name": "Condis", "lat": 41.416517, "lon": 2.2053018, "brand": null, "organic": null, "h3_index": "89394460ddbffff" }, "geometry": { "type": "Point", "coordinates": [ 2.2053018, 41.416517 ] } },
{ "type": "Feature", "properties": { "osm_id": 13099844601, "shop_type": "bakery", "name": "Vila Forn de pa", "lat": 41.4182463, "lon": 2.2075692, "brand": null, "organic": null, "h3_index": "89394460dc3ffff" }, "geometry": { "type": "Point", "coordinates": [ 2.2075692, 41.4182463 ] } },
{ "type": "Feature", "properties": { "osm_id": 13099854101, "shop_type": "supermarket", "name": "Condis", "lat": 41.4195553, "lon": 2.2093612, "brand": null, "organic": null, "h3_index": "89394460dc3ffff" }, "geometry": { "type": "Point", "coordinates": [ 2.2093612, 41.4195553 ] } },
{ "type": "Feature", "properties": { "osm_id": 13099854301, "shop_type": "bakery", "name": "Vila Forn de pa", "lat": 41.420224, "lon": 2.2102543, "brand": null, "organic": null, "h3_index": "89394460dd7ffff" }, "geometry": { "type": "Point", "coordinates": [ 2.2102543, 41.420224 ] } },
{ "type": "Feature", "properties": { "osm_id": 13099854401, "shop_type": "greengrocer", "name": "Fruitadona", "lat": 41.4201843, "lon": 2.2102099, "brand": null, "organic": null, "h3_index": "89394460dd7ffff" }, "geometry": { "type": "Point", "coordinates": [ 2.2102099, 41.4201843 ] } },
{ "type": "Feature", "properties": { "osm_id": 13099854501, "shop_type": "supermarket", "name": "Coaliment", "lat": 41.4205602, "lon": 2.2106871, "brand": null, "organic": null, "h3_index": "89394460dd7ffff" }, "geometry": { "type": "Point", "coordinates": [ 2.2106871, 41.4205602 ] } },
{ "type": "Feature", "properties": { "osm_id": 13114998932, "shop_type": "butcher", "name": "La Granja", "lat": 41.3862452, "lon": 2.1596274, "brand": null, "organic": null, "h3_index": "8939446033bffff" }, "geometry": { "type": "Point", "coordinates": [ 2.1596274, 41.3862452 ] } },
{ "type": "Feature", "properties": { "osm_id": 13134488601, "shop_type": "bakery", "name": "Baluard Barceloneta", "lat": 41.3856546, "lon": 2.1386198, "brand": null, "organic": null, "h3_index": "893944603cbffff" }, "geometry": { "type": "Point", "coordinates": [ 2.1386198, 41.3856546 ] } },
{ "type": "Feature", "properties": { "osm_id": 13149938726, "shop_type": "supermarket", "name": "Botiga de queviures", "lat": 41.4335663, "lon": 2.1425809, "brand": null, "organic": null, "h3_index": "89394460583ffff" }, "geometry": { "type": "Point", "coordinates": [ 2.1425809, 41.4335663 ] } },
{ "type": "Feature", "properties": { "osm_id": 13157897101, "shop_type": "supermarket", "name": "NatutaSì Ecovita", "lat": 41.3795533, "lon": 2.1298394, "brand": null, "organic": null, "h3_index": "89394460277ffff" }, "geometry": { "type": "Point", "coordinates": [ 2.1298394, 41.3795533 ] } },
{ "type": "Feature", "properties": { "osm_id": 13165618977, "shop_type": "bakery", "name": "Café con Qué?", "lat": 41.3599402, "lon": 2.1335229, "brand": null, "organic": null, "h3_index": "89394461c43ffff" }, "geometry": { "type": "Point", "coordinates": [ 2.1335229, 41.3599402 ] } },
{ "type": "Feature", "properties": { "osm_id": 13167152801, "shop_type": "bakery", "name": "a27 bakehouse", "lat": 41.3812164, "lon": 2.1684492, "brand": null, "organic": null, "h3_index": "89394461d97ffff" }, "geometry": { "type": "Point", "coordinates": [ 2.1684492, 41.3812164 ] } },
{ "type": "Feature", "properties": { "osm_id": 13174088074, "shop_type": "convenience", "name": "Supermercat", "lat": 41.399973, "lon": 2.2071788, "brand": "Supercor", "organic": null, "h3_index": "89394460813ffff" }, "geometry": { "type": "Point", "coordinates": [ 2.2071788, 41.399973 ] } },
{ "type": "Feature", "properties": { "osm_id": 13174228075, "shop_type": "supermarket", "name": "Unknown", "lat": 41.3949422, "lon": 2.2009198, "brand": null, "organic": null, "h3_index": "893944608cfffff" }, "geometry": { "type": "Point", "coordinates": [ 2.2009198, 41.3949422 ] } },
{ "type": "Feature", "properties": { "osm_id": 13174978307, "shop_type": "greengrocer", "name": "Bona Fruita", "lat": 41.4048511, "lon": 2.2032042, "brand": null, "organic": null, "h3_index": "89394460893ffff" }, "geometry": { "type": "Point", "coordinates": [ 2.2032042, 41.4048511 ] } },
{ "type": "Feature", "properties": { "osm_id": 13175008997, "shop_type": "convenience", "name": "Tut D'avui", "lat": 41.4054904, "lon": 2.2041884, "brand": null, "organic": null, "h3_index": "89394460893ffff" }, "geometry": { "type": "Point", "coordinates": [ 2.2041884, 41.4054904 ] } },
{ "type": "Feature", "properties": { "osm_id": 13175008998, "shop_type": "convenience", "name": "Caprabo", "lat": 41.4053795, "lon": 2.2043579, "brand": null, "organic": null, "h3_index": "89394460893ffff" }, "geometry": { "type": "Point", "coordinates": [ 2.2043579, 41.4053795 ] } },
{ "type": "Feature", "properties": { "osm_id": 13175009102, "shop_type": "greengrocer", "name": "Verde Campo", "lat": 41.4049262, "lon": 2.2047596, "brand": null, "organic": null, "h3_index": "89394460883ffff" }, "geometry": { "type": "Point", "coordinates": [ 2.2047596, 41.4049262 ] } },
{ "type": "Feature", "properties": { "osm_id": 13175009103, "shop_type": "convenience", "name": "Needle", "lat": 41.4048737, "lon": 2.2054156, "brand": null, "organic": null, "h3_index": "89394460883ffff" }, "geometry": { "type": "Point", "coordinates": [ 2.2054156, 41.4048737 ] } },
{ "type": "Feature", "properties": { "osm_id": 13175361225, "shop_type": "supermarket", "name": "Bonpreu Esclat", "lat": 41.4129791, "lon": 2.1402358, "brand": null, "organic": null, "h3_index": "893944600b3ffff" }, "geometry": { "type": "Point", "coordinates": [ 2.1402358, 41.4129791 ] } },
{ "type": "Feature", "properties": { "osm_id": 13175368644, "shop_type": "supermarket", "name": "Ametller Origen", "lat": 41.408853, "lon": 2.1527158, "brand": "Ametller Origen", "organic": null, "h3_index": "893944601c3ffff" }, "geometry": { "type": "Point", "coordinates": [ 2.1527158, 41.408853 ] } },
{ "type": "Feature", "properties": { "osm_id": 13175716180, "shop_type": "supermarket", "name": "NaturaSi Cooperativa", "lat": 41.4007692, "lon": 2.164725, "brand": null, "organic": null, "h3_index": "89394460163ffff" }, "geometry": { "type": "Point", "coordinates": [ 2.164725, 41.4007692 ] } },
{ "type": "Feature", "properties": { "osm_id": 13179481992, "shop_type": "bakery", "name": "Turris", "lat": 41.3835708, "lon": 2.1384654, "brand": null, "organic": null, "h3_index": "89394460227ffff" }, "geometry": { "type": "Point", "coordinates": [ 2.1384654, 41.3835708 ] } },
{ "type": "Feature", "properties": { "osm_id": 13181122605, "shop_type": "convenience", "name": "Super Bodega", "lat": 41.4050457, "lon": 2.2136925, "brand": null, "organic": null, "h3_index": "893944608b3ffff" }, "geometry": { "type": "Point", "coordinates": [ 2.2136925, 41.4050457 ] } },
{ "type": "Feature", "properties": { "osm_id": 13182210908, "shop_type": "supermarket", "name": "BonÀrea", "lat": 41.3837946, "lon": 2.1382801, "brand": "BonÀrea", "organic": null, "h3_index": "89394460237ffff" }, "geometry": { "type": "Point", "coordinates": [ 2.1382801, 41.3837946 ] } },
{ "type": "Feature", "properties": { "osm_id": 13191235901, "shop_type": "supermarket", "name": "Supermercat", "lat": 41.3851579, "lon": 2.1832605, "brand": null, "organic": null, "h3_index": "89394460e63ffff" }, "geometry": { "type": "Point", "coordinates": [ 2.1832605, 41.3851579 ] } },
{ "type": "Feature", "properties": { "osm_id": 13197474734, "shop_type": "bakery", "name": "Enrich", "lat": 41.3846221, "lon": 2.1359455, "brand": null, "organic": null, "h3_index": "89394460237ffff" }, "geometry": { "type": "Point", "coordinates": [ 2.1359455, 41.3846221 ] } },
{ "type": "Feature", "properties": { "osm_id": 13197474744, "shop_type": "bakery", "name": "Antticca", "lat": 41.3861161, "lon": 2.1374837, "brand": null, "organic": null, "h3_index": "89394460237ffff" }, "geometry": { "type": "Point", "coordinates": [ 2.1374837, 41.3861161 ] } },
{ "type": "Feature", "properties": { "osm_id": 13201234101, "shop_type": "greengrocer", "name": "Fruites e Verdures Punjab", "lat": 41.3803653, "lon": 2.1652739, "brand": null, "organic": null, "h3_index": "89394461d93ffff" }, "geometry": { "type": "Point", "coordinates": [ 2.1652739, 41.3803653 ] } },
{ "type": "Feature", "properties": { "osm_id": 13202103702, "shop_type": "supermarket", "name": "Coaliment", "lat": 41.4165758, "lon": 2.2008359, "brand": null, "organic": null, "h3_index": "89394460cafffff" }, "geometry": { "type": "Point", "coordinates": [ 2.2008359, 41.4165758 ] } },
{ "type": "Feature", "properties": { "osm_id": 13202694416, "shop_type": "convenience", "name": "Supermercat 24h", "lat": 41.3904267, "lon": 2.1501311, "brand": null, "organic": null, "h3_index": "89394460313ffff" }, "geometry": { "type": "Point", "coordinates": [ 2.1501311, 41.3904267 ] } },
{ "type": "Feature", "properties": { "osm_id": 13203090824, "shop_type": "bakery", "name": "Bo & Mie Boulangerie Creative", "lat": 41.4040816, "lon": 2.1737554, "brand": null, "organic": null, "h3_index": "8939446012bffff" }, "geometry": { "type": "Point", "coordinates": [ 2.1737554, 41.4040816 ] } },
{ "type": "Feature", "properties": { "osm_id": 13211546501, "shop_type": "bakery", "name": "Baluard Barceloneta", "lat": 41.407138, "lon": 2.1382586, "brand": null, "organic": null, "h3_index": "89394460017ffff" }, "geometry": { "type": "Point", "coordinates": [ 2.1382586, 41.407138 ] } },
{ "type": "Feature", "properties": { "osm_id": 13233516135, "shop_type": "supermarket", "name": "Condis", "lat": 41.4148812, "lon": 2.1650886, "brand": "Condis", "organic": null, "h3_index": "893944601bbffff" }, "geometry": { "type": "Point", "coordinates": [ 2.1650886, 41.4148812 ] } },
{ "type": "Feature", "properties": { "osm_id": 13236317385, "shop_type": "supermarket", "name": "Condis", "lat": 41.3911102, "lon": 2.1739983, "brand": "Condis", "organic": null, "h3_index": "89394460ecfffff" }, "geometry": { "type": "Point", "coordinates": [ 2.1739983, 41.3911102 ] } },
{ "type": "Feature", "properties": { "osm_id": 13238484401, "shop_type": "supermarket", "name": "Condis", "lat": 41.3918898, "lon": 2.2006337, "brand": null, "organic": null, "h3_index": "89394460853ffff" }, "geometry": { "type": "Point", "coordinates": [ 2.2006337, 41.3918898 ] } },
{ "type": "Feature", "properties": { "osm_id": 13240500901, "shop_type": "supermarket", "name": "100 grams", "lat": 41.4313513, "lon": 2.17416, "brand": null, "organic": null, "h3_index": "89394462a17ffff" }, "geometry": { "type": "Point", "coordinates": [ 2.17416, 41.4313513 ] } },
{ "type": "Feature", "properties": { "osm_id": 13250794380, "shop_type": "supermarket", "name": "Unknown", "lat": 41.3744525, "lon": 2.1626232, "brand": null, "organic": null, "h3_index": "89394461dd7ffff" }, "geometry": { "type": "Point", "coordinates": [ 2.1626232, 41.3744525 ] } },
{ "type": "Feature", "properties": { "osm_id": 13250794381, "shop_type": "greengrocer", "name": "VerdiFruit", "lat": 41.3745379, "lon": 2.1621003, "brand": null, "organic": null, "h3_index": "89394461dd7ffff" }, "geometry": { "type": "Point", "coordinates": [ 2.1621003, 41.3745379 ] } },
{ "type": "Feature", "properties": { "osm_id": 13250806655, "shop_type": "supermarket", "name": "Catalunya Supermercat", "lat": 41.3741427, "lon": 2.1665078, "brand": null, "organic": null, "h3_index": "89394461d13ffff" }, "geometry": { "type": "Point", "coordinates": [ 2.1665078, 41.3741427 ] } },
{ "type": "Feature", "properties": { "osm_id": 13250807141, "shop_type": "greengrocer", "name": "Habib", "lat": 41.3744802, "lon": 2.1625594, "brand": null, "organic": null, "h3_index": "89394461dd7ffff" }, "geometry": { "type": "Point", "coordinates": [ 2.1625594, 41.3744802 ] } },
{ "type": "Feature", "properties": { "osm_id": 13250809006, "shop_type": "supermarket", "name": "SuperMarket", "lat": 41.3729261, "lon": 2.1641119, "brand": null, "organic": null, "h3_index": "89394461dc7ffff" }, "geometry": { "type": "Point", "coordinates": [ 2.1641119, 41.3729261 ] } },
{ "type": "Feature", "properties": { "osm_id": 13250811819, "shop_type": "supermarket", "name": "ElKano", "lat": 41.3733134, "lon": 2.1628216, "brand": null, "organic": null, "h3_index": "89394461dc7ffff" }, "geometry": { "type": "Point", "coordinates": [ 2.1628216, 41.3733134 ] } },
{ "type": "Feature", "properties": { "osm_id": 13250824128, "shop_type": "supermarket", "name": "Super-B", "lat": 41.3855434, "lon": 2.1261586, "brand": null, "organic": null, "h3_index": "89394460217ffff" }, "geometry": { "type": "Point", "coordinates": [ 2.1261586, 41.3855434 ] } },
{ "type": "Feature", "properties": { "osm_id": 13250824201, "shop_type": "bakery", "name": "Horno de Santa Madrona", "lat": 41.3743941, "lon": 2.1624762, "brand": null, "organic": null, "h3_index": "89394461dd7ffff" }, "geometry": { "type": "Point", "coordinates": [ 2.1624762, 41.3743941 ] } },
{ "type": "Feature", "properties": { "osm_id": 13257375702, "shop_type": "convenience", "name": "Coaliment", "lat": 41.4188732, "lon": 2.1578178, "brand": null, "organic": null, "h3_index": "89394460193ffff" }, "geometry": { "type": "Point", "coordinates": [ 2.1578178, 41.4188732 ] } },
{ "type": "Feature", "properties": { "osm_id": 13257382201, "shop_type": "butcher", "name": "Cansaladeria Grupo Moyano", "lat": 41.418828, "lon": 2.1577306, "brand": null, "organic": null, "h3_index": "89394460193ffff" }, "geometry": { "type": "Point", "coordinates": [ 2.1577306, 41.418828 ] } },
{ "type": "Feature", "properties": { "osm_id": 13277450796, "shop_type": "convenience", "name": "Gujar Alimentacion", "lat": 41.3732131, "lon": 2.1683313, "brand": null, "organic": null, "h3_index": "89394461d13ffff" }, "geometry": { "type": "Point", "coordinates": [ 2.1683313, 41.3732131 ] } },
{ "type": "Feature", "properties": { "osm_id": 13277478108, "shop_type": "convenience", "name": "Cosmo Shop", "lat": 41.3739981, "lon": 2.1673303, "brand": null, "organic": null, "h3_index": "89394461d13ffff" }, "geometry": { "type": "Point", "coordinates": [ 2.1673303, 41.3739981 ] } },
{ "type": "Feature", "properties": { "osm_id": 13277478109, "shop_type": "butcher", "name": "Zain & Azan Carnisseria", "lat": 41.3730754, "lon": 2.1665575, "brand": null, "organic": null, "h3_index": "89394461d13ffff" }, "geometry": { "type": "Point", "coordinates": [ 2.1665575, 41.3730754 ] } },
{ "type": "Feature", "properties": { "osm_id": 13277479914, "shop_type": "supermarket", "name": "Caprabo", "lat": 41.3722786, "lon": 2.1673632, "brand": "Caprabo", "organic": null, "h3_index": "89394461d13ffff" }, "geometry": { "type": "Point", "coordinates": [ 2.1673632, 41.3722786 ] } },
{ "type": "Feature", "properties": { "osm_id": 13278161093, "shop_type": "convenience", "name": "Cosmo Shop", "lat": 41.3740449, "lon": 2.1671725, "brand": null, "organic": null, "h3_index": "89394461d13ffff" }, "geometry": { "type": "Point", "coordinates": [ 2.1671725, 41.3740449 ] } },
{ "type": "Feature", "properties": { "osm_id": 13278170359, "shop_type": "convenience", "name": "Carrefour Express", "lat": 41.3735539, "lon": 2.1650281, "brand": "Carrefour Express", "organic": null, "h3_index": "89394461dc7ffff" }, "geometry": { "type": "Point", "coordinates": [ 2.1650281, 41.3735539 ] } },
{ "type": "Feature", "properties": { "osm_id": 13278668477, "shop_type": "bakery", "name": "Levadura Madre", "lat": 41.373913, "lon": 2.1687953, "brand": null, "organic": null, "h3_index": "89394461d13ffff" }, "geometry": { "type": "Point", "coordinates": [ 2.1687953, 41.373913 ] } },
{ "type": "Feature", "properties": { "osm_id": 13282173003, "shop_type": "convenience", "name": "EuroCity", "lat": 41.3801819, "lon": 2.1434376, "brand": null, "organic": null, "h3_index": "8939446035bffff" }, "geometry": { "type": "Point", "coordinates": [ 2.1434376, 41.3801819 ] } },
{ "type": "Feature", "properties": { "osm_id": 13283277083, "shop_type": "greengrocer", "name": "La Magrana", "lat": 41.3737574, "lon": 2.1699768, "brand": null, "organic": null, "h3_index": "89394461d17ffff" }, "geometry": { "type": "Point", "coordinates": [ 2.1699768, 41.3737574 ] } },
{ "type": "Feature", "properties": { "osm_id": 13283301132, "shop_type": "convenience", "name": "Alimentació Rocafort", "lat": 41.3757494, "lon": 2.1582166, "brand": null, "organic": null, "h3_index": "8939446036fffff" }, "geometry": { "type": "Point", "coordinates": [ 2.1582166, 41.3757494 ] } },
{ "type": "Feature", "properties": { "osm_id": 13283310129, "shop_type": "greengrocer", "name": "Unknown", "lat": 41.3752414, "lon": 2.1383721, "brand": null, "organic": null, "h3_index": "89394461c83ffff" }, "geometry": { "type": "Point", "coordinates": [ 2.1383721, 41.3752414 ] } },
{ "type": "Feature", "properties": { "osm_id": 13283310687, "shop_type": "convenience", "name": "Carrefour Express", "lat": 41.3764083, "lon": 2.1569208, "brand": "Carrefour Express", "organic": null, "h3_index": "8939446036fffff" }, "geometry": { "type": "Point", "coordinates": [ 2.1569208, 41.3764083 ] } },
{ "type": "Feature", "properties": { "osm_id": 13283332267, "shop_type": "convenience", "name": "Puspa Super Marcat", "lat": 41.3754614, "lon": 2.1376506, "brand": null, "organic": null, "h3_index": "89394461c93ffff" }, "geometry": { "type": "Point", "coordinates": [ 2.1376506, 41.3754614 ] } },
{ "type": "Feature", "properties": { "osm_id": 13283334104, "shop_type": "convenience", "name": "Super Alimentació", "lat": 41.3748103, "lon": 2.1571451, "brand": null, "organic": null, "h3_index": "89394461dd3ffff" }, "geometry": { "type": "Point", "coordinates": [ 2.1571451, 41.3748103 ] } },
{ "type": "Feature", "properties": { "osm_id": 13283336355, "shop_type": "supermarket", "name": "Caprabo", "lat": 41.375757, "lon": 2.1577802, "brand": "Caprabo", "organic": null, "h3_index": "8939446036fffff" }, "geometry": { "type": "Point", "coordinates": [ 2.1577802, 41.375757 ] } },
{ "type": "Feature", "properties": { "osm_id": 13283342694, "shop_type": "supermarket", "name": "Jiajiahui Asiàtic", "lat": 41.3763688, "lon": 2.1562439, "brand": null, "organic": null, "h3_index": "8939446036bffff" }, "geometry": { "type": "Point", "coordinates": [ 2.1562439, 41.3763688 ] } },
{ "type": "Feature", "properties": { "osm_id": 13283342695, "shop_type": "convenience", "name": "Carrefour Express", "lat": 41.3754791, "lon": 2.1370704, "brand": "Carrefour Express", "organic": null, "h3_index": "89394461c93ffff" }, "geometry": { "type": "Point", "coordinates": [ 2.1370704, 41.3754791 ] } },
{ "type": "Feature", "properties": { "osm_id": 13283343914, "shop_type": "greengrocer", "name": "L'hort a Mistral", "lat": 41.3765045, "lon": 2.1566688, "brand": null, "organic": null, "h3_index": "8939446036bffff" }, "geometry": { "type": "Point", "coordinates": [ 2.1566688, 41.3765045 ] } },
{ "type": "Feature", "properties": { "osm_id": 13283344602, "shop_type": "convenience", "name": "Supermercat 24h.", "lat": 41.37519, "lon": 2.1576161, "brand": null, "organic": null, "h3_index": "89394461dd3ffff" }, "geometry": { "type": "Point", "coordinates": [ 2.1576161, 41.37519 ] } },
{ "type": "Feature", "properties": { "osm_id": 13288814100, "shop_type": "bakery", "name": "Levaduramadre", "lat": 41.3874992, "lon": 2.1580501, "brand": "Levaduramadre", "organic": null, "h3_index": "89394460307ffff" }, "geometry": { "type": "Point", "coordinates": [ 2.1580501, 41.3874992 ] } },
{ "type": "Feature", "properties": { "osm_id": 13296575548, "shop_type": "supermarket", "name": "Alcampo", "lat": 41.397097, "lon": 2.1774099, "brand": "Alcampo", "organic": null, "h3_index": "89394460e8bffff" }, "geometry": { "type": "Point", "coordinates": [ 2.1774099, 41.397097 ] } },
{ "type": "Feature", "properties": { "osm_id": 13300220301, "shop_type": "bakery", "name": "Forn la Panacée", "lat": 41.381572, "lon": 2.1601303, "brand": null, "organic": null, "h3_index": "89394460367ffff" }, "geometry": { "type": "Point", "coordinates": [ 2.1601303, 41.381572 ] } },
{ "type": "Feature", "properties": { "osm_id": 13305388902, "shop_type": "bakery", "name": "Suca'l", "lat": 41.3884098, "lon": 2.15106, "brand": null, "organic": null, "h3_index": "89394460313ffff" }, "geometry": { "type": "Point", "coordinates": [ 2.15106, 41.3884098 ] } },
{ "type": "Feature", "properties": { "osm_id": 13345965201, "shop_type": "supermarket", "name": "Dia", "lat": 41.3724824, "lon": 2.1368649, "brand": null, "organic": null, "h3_index": "89394461c8bffff" }, "geometry": { "type": "Point", "coordinates": [ 2.1368649, 41.3724824 ] } },
{ "type": "Feature", "properties": { "osm_id": 13346762901, "shop_type": "supermarket", "name": "Frutería Naima", "lat": 41.3736247, "lon": 2.1395932, "brand": null, "organic": null, "h3_index": "89394461c83ffff" }, "geometry": { "type": "Point", "coordinates": [ 2.1395932, 41.3736247 ] } },
{ "type": "Feature", "properties": { "osm_id": 13348011334, "shop_type": "supermarket", "name": "Ametller Origen", "lat": 41.4098972, "lon": 2.1841805, "brand": "Ametller Origen", "organic": null, "h3_index": "89394460ccfffff" }, "geometry": { "type": "Point", "coordinates": [ 2.1841805, 41.4098972 ] } },
{ "type": "Feature", "properties": { "osm_id": 13406262201, "shop_type": "greengrocer", "name": "Super Express", "lat": 41.4367072, "lon": 2.1585404, "brand": null, "organic": null, "h3_index": "89394462e63ffff" }, "geometry": { "type": "Point", "coordinates": [ 2.1585404, 41.4367072 ] } },
{ "type": "Feature", "properties": { "osm_id": 13406366401, "shop_type": "supermarket", "name": "Trady's", "lat": 41.4365458, "lon": 2.1579995, "brand": null, "organic": null, "h3_index": "89394462e6bffff" }, "geometry": { "type": "Point", "coordinates": [ 2.1579995, 41.4365458 ] } },
{ "type": "Feature", "properties": { "osm_id": 13406398302, "shop_type": "butcher", "name": "Cansaladeria Queviures", "lat": 41.4359334, "lon": 2.1629662, "brand": null, "organic": null, "h3_index": "89394462e6fffff" }, "geometry": { "type": "Point", "coordinates": [ 2.1629662, 41.4359334 ] } },
{ "type": "Feature", "properties": { "osm_id": 13406405101, "shop_type": "supermarket", "name": "Colmado", "lat": 41.4372701, "lon": 2.1616967, "brand": null, "organic": null, "h3_index": "89394462e63ffff" }, "geometry": { "type": "Point", "coordinates": [ 2.1616967, 41.4372701 ] } },
{ "type": "Feature", "properties": { "osm_id": 13406424601, "shop_type": "supermarket", "name": "Carrefour Express", "lat": 41.4367326, "lon": 2.1615875, "brand": null, "organic": null, "h3_index": "89394462e6fffff" }, "geometry": { "type": "Point", "coordinates": [ 2.1615875, 41.4367326 ] } },
{ "type": "Feature", "properties": { "osm_id": 13410539201, "shop_type": "bakery", "name": "Madeleine by Ferrieres", "lat": 41.3992948, "lon": 2.1996982, "brand": null, "organic": null, "h3_index": "893944608d7ffff" }, "geometry": { "type": "Point", "coordinates": [ 2.1996982, 41.3992948 ] } },
{ "type": "Feature", "properties": { "osm_id": 13410545401, "shop_type": "bakery", "name": "Barbara Bakery", "lat": 41.4013921, "lon": 2.206856, "brand": null, "organic": null, "h3_index": "8939446088fffff" }, "geometry": { "type": "Point", "coordinates": [ 2.206856, 41.4013921 ] } },
{ "type": "Feature", "properties": { "osm_id": 13438411601, "shop_type": "bakery", "name": "Kakigori Barcelona", "lat": 41.4000646, "lon": 2.1579976, "brand": null, "organic": null, "h3_index": "8939446014fffff" }, "geometry": { "type": "Point", "coordinates": [ 2.1579976, 41.4000646 ] } },
{ "type": "Feature", "properties": { "osm_id": 13444480440, "shop_type": "convenience", "name": "Unknown", "lat": 41.4295176, "lon": 2.1839579, "brand": null, "organic": null, "h3_index": "89394462a23ffff" }, "geometry": { "type": "Point", "coordinates": [ 2.1839579, 41.4295176 ] } },
{ "type": "Feature", "properties": { "osm_id": 13444480441, "shop_type": "bakery", "name": "Granier", "lat": 41.4296566, "lon": 2.18389, "brand": "Granier", "organic": null, "h3_index": "89394462a33ffff" }, "geometry": { "type": "Point", "coordinates": [ 2.18389, 41.4296566 ] } },
{ "type": "Feature", "properties": { "osm_id": 13444480445, "shop_type": "bakery", "name": "Turris", "lat": 41.4302664, "lon": 2.1870545, "brand": null, "organic": null, "h3_index": "89394462a37ffff" }, "geometry": { "type": "Point", "coordinates": [ 2.1870545, 41.4302664 ] } },
{ "type": "Feature", "properties": { "osm_id": 13444480448, "shop_type": "butcher", "name": "Mario Gonzalo", "lat": 41.4321306, "lon": 2.1891648, "brand": null, "organic": null, "h3_index": "89394462bcbffff" }, "geometry": { "type": "Point", "coordinates": [ 2.1891648, 41.4321306 ] } },
{ "type": "Feature", "properties": { "osm_id": 13444480451, "shop_type": "greengrocer", "name": "Alam Fruites i Verdures", "lat": 41.4340183, "lon": 2.1898351, "brand": null, "organic": null, "h3_index": "89394462bc3ffff" }, "geometry": { "type": "Point", "coordinates": [ 2.1898351, 41.4340183 ] } },
{ "type": "Feature", "properties": { "osm_id": 13444480460, "shop_type": "bakery", "name": "Pá Artesá Del Vallés", "lat": 41.4377932, "lon": 2.1899534, "brand": null, "organic": null, "h3_index": "89394462bd3ffff" }, "geometry": { "type": "Point", "coordinates": [ 2.1899534, 41.4377932 ] } },
{ "type": "Feature", "properties": { "osm_id": 13444480463, "shop_type": "butcher", "name": "Carn + carn", "lat": 41.4374039, "lon": 2.1894635, "brand": null, "organic": null, "h3_index": "89394462bd3ffff" }, "geometry": { "type": "Point", "coordinates": [ 2.1894635, 41.4374039 ] } },
{ "type": "Feature", "properties": { "osm_id": 13460671701, "shop_type": "greengrocer", "name": "Frutería y Verdulería", "lat": 41.3716501, "lon": 2.1383344, "brand": null, "organic": null, "h3_index": "89394461c8bffff" }, "geometry": { "type": "Point", "coordinates": [ 2.1383344, 41.3716501 ] } },
{ "type": "Feature", "properties": { "osm_id": 13478907080, "shop_type": "supermarket", "name": "Kibom", "lat": 41.3990252, "lon": 2.14612, "brand": null, "organic": null, "h3_index": "8939446002bffff" }, "geometry": { "type": "Point", "coordinates": [ 2.14612, 41.3990252 ] } },
{ "type": "Feature", "properties": { "osm_id": 13482271401, "shop_type": "bakery", "name": "Pastisseria Hanai Vegana", "lat": 41.4013142, "lon": 2.1589101, "brand": null, "organic": null, "h3_index": "89394460147ffff" }, "geometry": { "type": "Point", "coordinates": [ 2.1589101, 41.4013142 ] } },
{ "type": "Feature", "properties": { "osm_id": 13500752302, "shop_type": "supermarket", "name": "PrimaPrix", "lat": 41.4177641, "lon": 2.1855654, "brand": null, "organic": null, "h3_index": "89394460c8bffff" }, "geometry": { "type": "Point", "coordinates": [ 2.1855654, 41.4177641 ] } },
{ "type": "Feature", "properties": { "osm_id": 13500761601, "shop_type": "bakery", "name": "Forn del Barri", "lat": 41.4164543, "lon": 2.1851299, "brand": null, "organic": null, "h3_index": "89394460c8bffff" }, "geometry": { "type": "Point", "coordinates": [ 2.1851299, 41.4164543 ] } },
{ "type": "Feature", "properties": { "osm_id": 13502473017, "shop_type": "supermarket", "name": "Condis", "lat": 41.4176642, "lon": 2.175224, "brand": "Condis", "organic": null, "h3_index": "89394462a6bffff" }, "geometry": { "type": "Point", "coordinates": [ 2.175224, 41.4176642 ] } },
{ "type": "Feature", "properties": { "osm_id": 13505971291, "shop_type": "convenience", "name": "Supermercat Sants", "lat": 41.3753245, "lon": 2.1297018, "brand": null, "organic": null, "h3_index": "89394460263ffff" }, "geometry": { "type": "Point", "coordinates": [ 2.1297018, 41.3753245 ] } },
{ "type": "Feature", "properties": { "osm_id": 13527119201, "shop_type": "bakery", "name": "Macxipa", "lat": 41.4296561, "lon": 2.15828, "brand": null, "organic": null, "h3_index": "89394462adbffff" }, "geometry": { "type": "Point", "coordinates": [ 2.15828, 41.4296561 ] } },
{ "type": "Feature", "properties": { "osm_id": 13527119301, "shop_type": "butcher", "name": "Catnisseria Horta", "lat": 41.4296846, "lon": 2.1583683, "brand": null, "organic": null, "h3_index": "89394462adbffff" }, "geometry": { "type": "Point", "coordinates": [ 2.1583683, 41.4296846 ] } },
{ "type": "Feature", "properties": { "osm_id": 13527119302, "shop_type": "convenience", "name": "Coaliment", "lat": 41.4298017, "lon": 2.1587361, "brand": null, "organic": null, "h3_index": "89394462adbffff" }, "geometry": { "type": "Point", "coordinates": [ 2.1587361, 41.4298017 ] } },
{ "type": "Feature", "properties": { "osm_id": 13527119403, "shop_type": "greengrocer", "name": "Fruites i Verdures Horta", "lat": 41.4297927, "lon": 2.1586877, "brand": null, "organic": null, "h3_index": "89394462adbffff" }, "geometry": { "type": "Point", "coordinates": [ 2.1586877, 41.4297927 ] } },
{ "type": "Feature", "properties": { "osm_id": 13527179602, "shop_type": "convenience", "name": "Euro Basar", "lat": 41.4298387, "lon": 2.1588211, "brand": null, "organic": null, "h3_index": "89394462adbffff" }, "geometry": { "type": "Point", "coordinates": [ 2.1588211, 41.4298387 ] } },
{ "type": "Feature", "properties": { "osm_id": 13532532110, "shop_type": "convenience", "name": "Supermarket sants", "lat": 41.375545, "lon": 2.1342388, "brand": null, "organic": null, "h3_index": "89394461c93ffff" }, "geometry": { "type": "Point", "coordinates": [ 2.1342388, 41.375545 ] } },
{ "type": "Feature", "properties": { "osm_id": 13532668794, "shop_type": "convenience", "name": "Unknown", "lat": 41.3742383, "lon": 2.1476398, "brand": null, "organic": null, "h3_index": "89394461cb3ffff" }, "geometry": { "type": "Point", "coordinates": [ 2.1476398, 41.3742383 ] } },
{ "type": "Feature", "properties": { "osm_id": 13532672266, "shop_type": "supermarket", "name": "Lidl", "lat": 41.3668355, "lon": 2.137108, "brand": "Lidl", "organic": null, "h3_index": "89394461c1bffff" }, "geometry": { "type": "Point", "coordinates": [ 2.137108, 41.3668355 ] } },
{ "type": "Feature", "properties": { "osm_id": 13564654077, "shop_type": "supermarket", "name": "Aldi", "lat": 41.4468944, "lon": 2.1797413, "brand": "Aldi", "organic": null, "h3_index": "89394462857ffff" }, "geometry": { "type": "Point", "coordinates": [ 2.1797413, 41.4468944 ] } },
{ "type": "Feature", "properties": { "osm_id": 13586590506, "shop_type": "bakery", "name": "MacxiPa", "lat": 41.4373137, "lon": 2.1909722, "brand": null, "organic": null, "h3_index": "89394462bd3ffff" }, "geometry": { "type": "Point", "coordinates": [ 2.1909722, 41.4373137 ] } },
{ "type": "Feature", "properties": { "osm_id": 13593776901, "shop_type": "supermarket", "name": "BonÀrea", "lat": 41.409582, "lon": 2.1630042, "brand": "BonÀrea", "organic": null, "h3_index": "89394460103ffff" }, "geometry": { "type": "Point", "coordinates": [ 2.1630042, 41.409582 ] } },
{ "type": "Feature", "properties": { "osm_id": 13603501601, "shop_type": "supermarket", "name": "Dia", "lat": 41.4295823, "lon": 2.1580997, "brand": null, "organic": null, "h3_index": "89394462adbffff" }, "geometry": { "type": "Point", "coordinates": [ 2.1580997, 41.4295823 ] } },
{ "type": "Feature", "properties": { "osm_id": 13603526001, "shop_type": "bakery", "name": "Santantoni Pastisseria", "lat": 41.4297818, "lon": 2.1599303, "brand": null, "organic": null, "h3_index": "89394462adbffff" }, "geometry": { "type": "Point", "coordinates": [ 2.1599303, 41.4297818 ] } },
{ "type": "Feature", "properties": { "osm_id": 13619621601, "shop_type": "convenience", "name": "Condis Shop", "lat": 41.4585863, "lon": 2.1870542, "brand": null, "organic": null, "h3_index": "893944628b3ffff" }, "geometry": { "type": "Point", "coordinates": [ 2.1870542, 41.4585863 ] } }
]
}
