{
"type": "FeatureCollection",
"name": "barcelona_hex_scored",
"crs": { "type": "name", "properties": { "name": "urn:ogc:def:crs:OGC:1.3:CRS84" } },
"features": [
{ "type": "Feature", "properties": { "h3_index": "893944600c7ffff", "catchment_store_count": 28, "catchment_type_diversity": 5, "is_food_desert": false, "store_count": 0, "type_diversity": 0, "barri_name": "les Tres Torres", "income_index": 43194.0, "c1_density": 0.0945945945945946, "c2_diversity": 0.83333333333333337, "c3_pressure": 0.0, "c4_deprivation": 1.0, "food_access_score": 40.450450450450454 }, "geometry": { "type": "Polygon", "coordinates": [ [ [ 2.126501043586933, 41.405909381896535 ], [ 2.126830518028507, 41.404131822097042 ], [ 2.129002315380656, 41.403563990736323 ], [ 2.130844733887254, 41.404773727779805 ], [ 2.130515329538748, 41.406551321526202 ], [ 2.128343436587739, 41.407119144282795 ], [ 2.126501043586933, 41.405909381896535 ] ] ] } },
{ "type": "Feature", "properties": { "h3_index": "8939446352bffff", "catchment_store_count": 1, "catchment_type_diversity": 1, "is_food_desert": false, "store_count": 0, "type_diversity": 0, "barri_name": "Vallvidrera, el Tibidabo i les Planes", "income_index": 32833.0, "c1_density": 0.0033783783783783786, "c2_diversity": 0.16666666666666666, "c3_pressure": 0.33050496028581455, "c4_deprivation": 0.66949503971418545, "food_access_score": 23.468468468468469 }, "geometry": { "type": "Polygon", "coordinates": [ [ [ 2.078913013817621, 41.428481499338623 ], [ 2.079243436526863, 41.426704770437844 ], [ 2.081415216003095, 41.426138262465834 ], [ 2.083256668460266, 41.427348492081883 ], [ 2.082926315766321, 41.429125254967914 ], [ 2.080754440597029, 41.429691754253241 ], [ 2.078913013817621, 41.428481499338623 ] ] ] } },
{ "type": "Feature", "properties": { "h3_index": "89394460e67ffff", "catchment_store_count": 61, "catchment_type_diversity": 5, "is_food_desert": false, "store_count": 0, "type_diversity": 0, "barri_name": "la Barceloneta", "income_index": 17877.0, "c1_density": 0.20608108108108109, "c2_diversity": 0.83333333333333337, "c3_pressure": 0.80758556891766886, "c4_deprivation": 0.19241443108233117, "food_access_score": 44.909909909909913 }, "geometry": { "type": "Polygon", "coordinates": [ [ [ 2.18613013048717, 41.385224499956394 ], [ 2.186458445873666, 41.383446008570765 ], [ 2.188630457486574, 41.382876623340366 ], [ 2.190474249207669, 41.38408573799579 ], [ 2.190146004023932, 41.385864263274016 ], [ 2.187973896913473, 41.386433640004796 ], [ 2.18613013048717, 41.385224499956394 ] ] ] } },
{ "type": "Feature", "properties": { "h3_index": "8939446017bffff", "catchment_store_count": 241, "catchment_type_diversity": 6, "is_food_desert": false, "store_count": 15, "type_diversity": 4, "barri_name": "la Dreta de l'Eixample", "income_index": 29588.0, "c1_density": 0.81418918918918914, "c2_diversity": 1.0, "c3_pressure": 0.43401703403617342, "c4_deprivation": 0.56598296596382658, "food_access_score": 72.567567567567579 }, "geometry": { "type": "Polygon", "coordinates": [ [ [ 2.160594317462874, 41.400374129016349 ], [ 2.160923153713222, 41.39859612545856 ], [ 2.163095235398957, 41.398027491603948 ], [ 2.164938576386648, 41.399236869851329 ], [ 2.164609810302593, 41.401014907320132 ], [ 2.16243763306166, 41.401583532631136 ], [ 2.160594317462874, 41.400374129016349 ] ] ] } },
{ "type": "Feature", "properties": { "h3_index": "89394461c07ffff", "catchment_store_count": 33, "catchment_type_diversity": 5, "is_food_desert": false, "store_count": 0, "type_diversity": 0, "barri_name": "el Poble-sec", "income_index": 18196.5, "c1_density": 0.11148648648648649, "c2_diversity": 0.83333333333333337, "c3_pressure": 0.79739385626335768, "c4_deprivation": 0.20260614373664232, "food_access_score": 41.126126126126131 }, "geometry": { "type": "Polygon", "coordinates": [ [ [ 2.143943259898399, 41.367510059157269 ], [ 2.144272269662368, 41.36573176892724 ], [ 2.146443300594258, 41.365163040889804 ], [ 2.148285417255629, 41.366372611660417 ], [ 2.147956477563313, 41.3681509358466 ], [ 2.145785351135107, 41.368719655306606 ], [ 2.143943259898399, 41.367510059157269 ] ] ] } },
{ "type": "Feature", "properties": { "h3_index": "89394460013ffff", "catchment_store_count": 39, "catchment_type_diversity": 5, "is_food_desert": false, "store_count": 5, "type_diversity": 2, "barri_name": "Sant Gervasi - la Bonanova", "income_index": 36213.5, "c1_density": 0.13175675675675674, "c2_diversity": 0.83333333333333337, "c3_pressure": 0.22267057960381509, "c4_deprivation": 0.77732942039618491, "food_access_score": 41.936936936936945 }, "geometry": { "type": "Polygon", "coordinates": [ [ [ 2.130515329538748, 41.406551321526202 ], [ 2.130844733887254, 41.404773727779805 ], [ 2.133016597976177, 41.404205819622227 ], [ 2.1348591533104, 41.405415513808485 ], [ 2.134529819065753, 41.407193141496556 ], [ 2.132357859380158, 41.407761041057285 ], [ 2.130515329538748, 41.406551321526202 ] ] ] } },
{ "type": "Feature", "properties": { "h3_index": "8939446022fffff", "catchment_store_count": 152, "catchment_type_diversity": 6, "is_food_desert": false, "store_count": 6, "type_diversity": 3, "barri_name": "Sants", "income_index": 22462.0, "c1_density": 0.51351351351351349, "c2_diversity": 1.0, "c3_pressure": 0.66132891001307859, "c4_deprivation": 0.33867108998692141, "food_access_score": 60.540540540540547 }, "geometry": { "type": "Polygon", "coordinates": [ [ [ 2.135455043285561, 41.37988440085423 ], [ 2.135784254594703, 41.378106376584611 ], [ 2.137955496546399, 41.377537998546089 ], [ 2.139797622718008, 41.378747653368947 ], [ 2.139468481480484, 41.380525711595133 ], [ 2.137297143996858, 41.381094081042463 ], [ 2.135455043285561, 41.37988440085423 ] ] ] } },
{ "type": "Feature", "properties": { "h3_index": "89394461cbbffff", "catchment_store_count": 66, "catchment_type_diversity": 5, "is_food_desert": false, "store_count": 7, "type_diversity": 3, "barri_name": "la Font de la Guatlla", "income_index": 21527.0, "c1_density": 0.22297297297297297, "c2_diversity": 0.83333333333333337, "c3_pressure": 0.69115442278860573, "c4_deprivation": 0.30884557721139433, "food_access_score": 45.585585585585591 }, "geometry": { "type": "Polygon", "coordinates": [ [ [ 2.142956153470879, 41.372844757870425 ], [ 2.143285201803399, 41.371066553631771 ], [ 2.145456357123786, 41.370497919522215 ], [ 2.14729855961803, 41.371707498230464 ], [ 2.146969581363612, 41.37348573642231 ], [ 2.144798330533992, 41.374054361953299 ], [ 2.142956153470879, 41.372844757870425 ] ] ] } },
{ "type": "Feature", "properties": { "h3_index": "89394462a5bffff", "catchment_store_count": 49, "catchment_type_diversity": 5, "is_food_desert": false, "store_count": 0, "type_diversity": 0, "barri_name": "el Carmel", "income_index": 16109.5, "c1_density": 0.16554054054054054, "c2_diversity": 0.83333333333333337, "c3_pressure": 0.86396695269386581, "c4_deprivation": 0.13603304730613416, "food_access_score": 43.288288288288292 }, "geometry": { "type": "Polygon", "coordinates": [ [ [ 2.160663614507438, 41.422349116321953 ], [ 2.160992534882433, 41.420571423628395 ], [ 2.163165181392998, 41.420003088711411 ], [ 2.16500900313046, 41.421212455029391 ], [ 2.164680152958332, 41.422990181616818 ], [ 2.162507410843019, 41.423558507993008 ], [ 2.160663614507438, 41.422349116321953 ] ] ] } },
{ "type": "Feature", "properties": { "h3_index": "89394461d6fffff", "catchment_store_count": 0, "catchment_type_diversity": 0, "is_food_desert": true, "store_count": 0, "type_diversity": 0, "barri_name": "la Marina del Prat Vermell", "income_index": 16015.0, "c1_density": 0.0, "c2_diversity": 0.0, "c3_pressure": 0.86698140291556347, "c4_deprivation": 0.1330185970844365, "food_access_score": 20.0 }, "geometry": { "type": "Polygon", "coordinates": [ [ [ 2.174010973093573, 41.361322086919813 ], [ 2.17433941510329, 41.359543387160777 ], [ 2.176510662928123, 41.358973933822639 ], [ 2.178353564195172, 41.360183188768346 ], [ 2.178025192319405, 41.361961922452842 ], [ 2.175853849039782, 41.362531367266769 ], [ 2.174010973093573, 41.361322086919813 ] ] ] } },
{ "type": "Feature", "properties": { "h3_index": "89394460397ffff", "catchment_store_count": 187, "catchment_type_diversity": 5, "is_food_desert": false, "store_count": 17, "type_diversity": 4, "barri_name": "Sant Gervasi - Galvany", "income_index": 35750.0, "c1_density": 0.6317567567567568, "c2_diversity": 0.83333333333333337, "c3_pressure": 0.23745574021499893, "c4_deprivation": 0.76254425978500107, "food_access_score": 61.936936936936945 }, "geometry": { "type": "Polygon", "coordinates": [ [ [ 2.148549059096958, 41.398451075515027 ], [ 2.148878105781556, 41.396673173721709 ], [ 2.151049987646905, 41.396104770367259 ], [ 2.152892918386689, 41.397314277372139 ], [ 2.152563941836082, 41.399092213092167 ], [ 2.150391964408821, 41.399660607881167 ], [ 2.148549059096958, 41.398451075515027 ] ] ] } },
{ "type": "Feature", "properties": { "h3_index": "89394462b0fffff", "catchment_store_count": 6, "catchment_type_diversity": 1, "is_food_desert": false, "store_count": 0, "type_diversity": 0, "barri_name": "el Bon Pastor", "income_index": 14841.0, "c1_density": 0.020270270270270271, "c2_diversity": 0.16666666666666666, "c3_pressure": 0.90443076334173345, "c4_deprivation": 0.09556923665826661, "food_access_score": 24.144144144144146 }, "geometry": { "type": "Polygon", "coordinates": [ [ [ 2.202355112477873, 41.431741338120808 ], [ 2.202683314445626, 41.429963332944595 ], [ 2.204856721817884, 41.429394237292193 ], [ 2.206702022807086, 41.430603155281496 ], [ 2.206373891158461, 41.432381194295083 ], [ 2.204200388198643, 41.432950281482604 ], [ 2.202355112477873, 41.431741338120808 ] ] ] } },
{ "type": "Feature", "properties": { "h3_index": "89394461e23ffff", "catchment_store_count": 1, "catchment_type_diversity": 1, "is_food_desert": false, "store_count": 0, "type_diversity": 0, "barri_name": "la Marina del Prat Vermell", "income_index": 16015.0, "c1_density": 0.0033783783783783786, "c2_diversity": 0.16666666666666666, "c3_pressure": 0.86698140291556347, "c4_deprivation": 0.1330185970844365, "food_access_score": 23.468468468468469 }, "geometry": { "type": "Polygon", "coordinates": [ [ [ 2.139866384450411, 41.344887388798675 ], [ 2.140195380065558, 41.343108822816909 ], [ 2.142365780431055, 41.342539872618367 ], [ 2.144207280627585, 41.343749496989567 ], [ 2.143878355036834, 41.345528096949835 ], [ 2.141707859222281, 41.346097038560963 ], [ 2.139866384450411, 41.344887388798675 ] ] ] } },
{ "type": "Feature", "properties": { "h3_index": "8939446adafffff", "catchment_store_count": 0, "catchment_type_diversity": 0, "is_food_desert": true, "store_count": 0, "type_diversity": 0, "barri_name": "la Marina del Prat Vermell", "income_index": 16015.0, "c1_density": 0.0, "c2_diversity": 0.0, "c3_pressure": 0.86698140291556347, "c4_deprivation": 0.1330185970844365, "food_access_score": 20.0 }, "geometry": { "type": "Polygon", "coordinates": [ [ [ 2.128295079126462, 41.329304919557707 ], [ 2.128624223327201, 41.327526257981091 ], [ 2.1307940799198, 41.326957341482888 ], [ 2.132634887733252, 41.328167095171885 ], [ 2.132305813503228, 41.329945790752738 ], [ 2.130135861486164, 41.33051469864094 ], [ 2.128295079126462, 41.329304919557707 ] ] ] } },
{ "type": "Feature", "properties": { "h3_index": "8939446044bffff", "catchment_store_count": 3, "catchment_type_diversity": 2, "is_food_desert": false, "store_count": 0, "type_diversity": 0, "barri_name": "Sarrià", "income_index": 33795.0, "c1_density": 0.010135135135135136, "c2_diversity": 0.33333333333333331, "c3_pressure": 0.29981817601837379, "c4_deprivation": 0.70018182398162621, "food_access_score": 27.072072072072075 }, "geometry": { "type": "Polygon", "coordinates": [ [ [ 2.106955063429078, 41.41101714929826 ], [ 2.107284911153258, 41.409239871584219 ], [ 2.109456594573046, 41.408672526766253 ], [ 2.111298525893917, 41.409882468301433 ], [ 2.110968748223991, 41.411659779981392 ], [ 2.10879696917604, 41.412227116160814 ], [ 2.106955063429078, 41.41101714929826 ] ] ] } },
{ "type": "Feature", "properties": { "h3_index": "89394462bc3ffff", "catchment_store_count": 28, "catchment_type_diversity": 5, "is_food_desert": false, "store_count": 2, "type_diversity": 2, "barri_name": "Sant Andreu", "income_index": 22418.0, "c1_density": 0.0945945945945946, "c2_diversity": 0.83333333333333337, "c3_pressure": 0.66273246355545634, "c4_deprivation": 0.33726753644454366, "food_access_score": 40.450450450450461 }, "geometry": { "type": "Polygon", "coordinates": [ [ [ 2.189314680132934, 41.435154587405592 ], [ 2.18964313153745, 41.433376770067483 ], [ 2.191816464214566, 41.432807999208919 ], [ 2.193661441091634, 41.434017054176884 ], [ 2.193333059980429, 41.435794905365121 ], [ 2.191159631695986, 41.436363667735847 ], [ 2.189314680132934, 41.435154587405592 ] ] ] } },
{ "type": "Feature", "properties": { "h3_index": "893944605b3ffff", "catchment_store_count": 8, "catchment_type_diversity": 3, "is_food_desert": false, "store_count": 1, "type_diversity": 1, "barri_name": "la Vall d'Hebron", "income_index": 22643.5, "c1_density": 0.027027027027027029, "c2_diversity": 0.5, "c3_pressure": 0.65553925165077032, "c4_deprivation": 0.34446074834922963, "food_access_score": 31.081081081081081 }, "geometry": { "type": "Polygon", "coordinates": [ [ [ 2.148154529545265, 41.434077071715507 ], [ 2.148483721906151, 41.432299679457692 ], [ 2.150656513257713, 41.431731771690096 ], [ 2.152500207888248, 41.432941264742681 ], [ 2.152171085719479, 41.434718690900027 ], [ 2.149998198725171, 41.435286590105811 ], [ 2.148154529545265, 41.434077071715507 ] ] ] } },
{ "type": "Feature", "properties": { "h3_index": "89394460667ffff", "catchment_store_count": 9, "catchment_type_diversity": 3, "is_food_desert": false, "store_count": 0, "type_diversity": 0, "barri_name": "Pedralbes", "income_index": 42688.0, "c1_density": 0.030405405405405407, "c2_diversity": 0.5, "c3_pressure": 0.016140865737344079, "c4_deprivation": 0.98385913426265592, "food_access_score": 31.216216216216218 }, "geometry": { "type": "Polygon", "coordinates": [ [ [ 2.112424270984169, 41.392675452764216 ], [ 2.112753948390445, 41.390897856546637 ], [ 2.114925229857651, 41.390330144249589 ], [ 2.116766929497485, 41.391540036801651 ], [ 2.116437322128353, 41.393317666992978 ], [ 2.114265945079343, 41.393885370659071 ], [ 2.112424270984169, 41.392675452764216 ] ] ] } },
{ "type": "Feature", "properties": { "h3_index": "89394460883ffff", "catchment_store_count": 91, "catchment_type_diversity": 5, "is_food_desert": false, "store_count": 7, "type_diversity": 4, "barri_name": "el Poblenou", "income_index": 23813.0, "c1_density": 0.30743243243243246, "c2_diversity": 0.83333333333333337, "c3_pressure": 0.61823343647325268, "c4_deprivation": 0.38176656352674726, "food_access_score": 48.96396396396397 }, "geometry": { "type": "Polygon", "coordinates": [ [ [ 2.203259273052011, 41.404428773258147 ], [ 2.203587352771926, 41.402650370814222 ], [ 2.205760070268172, 41.402080882694811 ], [ 2.207604803566702, 41.403289805486516 ], [ 2.207276794122732, 41.405068241787916 ], [ 2.205103981101431, 41.405637721440755 ], [ 2.203259273052011, 41.404428773258147 ] ] ] } },
{ "type": "Feature", "properties": { "h3_index": "89394460c4bffff", "catchment_store_count": 159, "catchment_type_diversity": 6, "is_food_desert": false, "store_count": 6, "type_diversity": 4, "barri_name": "la Sagrada Família", "income_index": 23450.5, "c1_density": 0.53716216216216217, "c2_diversity": 1.0, "c3_pressure": 0.62979680372579661, "c4_deprivation": 0.37020319627420334, "food_access_score": 61.486486486486491 }, "geometry": { "type": "Polygon", "coordinates": [ [ [ 2.180673814609823, 41.403576822308487 ], [ 2.181002299921259, 41.40179864924793 ], [ 2.1831747142933, 41.401229631062456 ], [ 2.185018738894994, 41.402438794445324 ], [ 2.184690323803614, 41.404217001390734 ], [ 2.182517813887596, 41.404786011068985 ], [ 2.180673814609823, 41.403576822308487 ] ] ] } },
{ "type": "Feature", "properties": { "h3_index": "8939446230fffff", "catchment_store_count": 0, "catchment_type_diversity": 0, "is_food_desert": true, "store_count": 0, "type_diversity": 0, "barri_name": "Montbau", "income_index": 20566.5, "c1_density": 0.0, "c2_diversity": 0.0, "c3_pressure": 0.72179335863982907, "c4_deprivation": 0.27820664136017098, "food_access_score": 20.0 }, "geometry": { "type": "Polygon", "coordinates": [ [ [ 2.1285996006681, 41.43918552496293 ], [ 2.128929166738998, 41.437408414782659 ], [ 2.131101844617513, 41.436840993922651 ], [ 2.13294505209444, 41.438050691839742 ], [ 2.132615556176823, 41.439827835938566 ], [ 2.130442782626164, 41.44039524820235 ], [ 2.1285996006681, 41.43918552496293 ] ] ] } },
{ "type": "Feature", "properties": { "h3_index": "89394460c07ffff", "catchment_store_count": 62, "catchment_type_diversity": 5, "is_food_desert": false, "store_count": 6, "type_diversity": 3, "barri_name": "el Clot", "income_index": 21704.0, "c1_density": 0.20945945945945946, "c2_diversity": 0.83333333333333337, "c3_pressure": 0.68550830967494969, "c4_deprivation": 0.31449169032505025, "food_access_score": 45.045045045045043 }, "geometry": { "type": "Polygon", "coordinates": [ [ [ 2.193255249132609, 41.413818881316161 ], [ 2.193583546400785, 41.41204071895676 ], [ 2.19575638035997, 41.411471572450282 ], [ 2.197601012603596, 41.412680596787169 ], [ 2.197272785602825, 41.414458793008613 ], [ 2.195099856088143, 41.415027931031688 ], [ 2.193255249132609, 41.413818881316161 ] ] ] } },
{ "type": "Feature", "properties": { "h3_index": "89394460cbbffff", "catchment_store_count": 71, "catchment_type_diversity": 5, "is_food_desert": false, "store_count": 1, "type_diversity": 1, "barri_name": "Sant Martí de Provençals", "income_index": 19176.0, "c1_density": 0.23986486486486486, "c2_diversity": 0.83333333333333337, "c3_pressure": 0.76614884047338028, "c4_deprivation": 0.23385115952661967, "food_access_score": 46.261261261261268 }, "geometry": { "type": "Polygon", "coordinates": [ [ [ 2.192270280281121, 41.419153195967873 ], [ 2.192598616073502, 41.417375119824626 ], [ 2.194771574692652, 41.416806067217216 ], [ 2.196616293084981, 41.418015099238154 ], [ 2.196288027566489, 41.419793209240488 ], [ 2.194114973378894, 41.420362253363386 ], [ 2.192270280281121, 41.419153195967873 ] ] ] } },
{ "type": "Feature", "properties": { "h3_index": "89394461a5bffff", "catchment_store_count": 0, "catchment_type_diversity": 0, "is_food_desert": true, "store_count": 0, "type_diversity": 0, "barri_name": "la Marina del Prat Vermell", "income_index": 16015.0, "c1_density": 0.0, "c2_diversity": 0.0, "c3_pressure": 0.86698140291556347, "c4_deprivation": 0.1330185970844365, "food_access_score": 20.0 }, "geometry": { "type": "Polygon", "coordinates": [ [ [ 2.135791832292777, 41.322261749787543 ], [ 2.136120813718474, 41.320482908542047 ], [ 2.138290583861685, 41.319913736186379 ], [ 2.140131467978111, 41.321123413674123 ], [ 2.139802556529613, 41.322902288920474 ], [ 2.137632690984595, 41.323471452678795 ], [ 2.135791832292777, 41.322261749787543 ] ] ] } },
{ "type": "Feature", "properties": { "h3_index": "89394460d6fffff", "catchment_store_count": 0, "catchment_type_diversity": 0, "is_food_desert": true, "store_count": 0, "type_diversity": 0, "barri_name": "el Besòs i el Maresme", "income_index": 13735.0, "c1_density": 0.0, "c2_diversity": 0.0, "c3_pressure": 0.93971099556604676, "c4_deprivation": 0.060289004433953235, "food_access_score": 20.0 }, "geometry": { "type": "Polygon", "coordinates": [ [ [ 2.223348908665261, 41.407624915488555 ], [ 2.223676636897991, 41.405846343809685 ], [ 2.225849686134064, 41.405276470945488 ], [ 2.227695102648172, 41.40648517819092 ], [ 2.227367444745116, 41.408263783701045 ], [ 2.225194299995403, 41.408833648135044 ], [ 2.223348908665261, 41.407624915488555 ] ] ] } },
{ "type": "Feature", "properties": { "h3_index": "89394460083ffff", "catchment_store_count": 29, "catchment_type_diversity": 5, "is_food_desert": false, "store_count": 0, "type_diversity": 0, "barri_name": "Sant Gervasi - la Bonanova", "income_index": 36213.5, "c1_density": 0.097972972972972971, "c2_diversity": 0.83333333333333337, "c3_pressure": 0.22267057960381509, "c4_deprivation": 0.77732942039618491, "food_access_score": 40.585585585585591 }, "geometry": { "type": "Polygon", "coordinates": [ [ [ 2.129527039239455, 41.411883930405097 ], [ 2.129856482215601, 41.41010642284175 ], [ 2.132028470770862, 41.409538608686198 ], [ 2.13387111195672, 41.410748310692483 ], [ 2.133541739090864, 41.412525852194527 ], [ 2.131369654925992, 41.413093657752157 ], [ 2.129527039239455, 41.411883930405097 ] ] ] } },
{ "type": "Feature", "properties": { "h3_index": "89394460e23ffff", "catchment_store_count": 27, "catchment_type_diversity": 4, "is_food_desert": false, "store_count": 3, "type_diversity": 2, "barri_name": "la Vila Olímpica del Poblenou", "income_index": 32434.0, "c1_density": 0.091216216216216214, "c2_diversity": 0.66666666666666663, "c3_pressure": 0.34323263899964906, "c4_deprivation": 0.65676736100035094, "food_access_score": 36.981981981981981 }, "geometry": { "type": "Polygon", "coordinates": [ [ [ 2.189161191465779, 41.391199666955771 ], [ 2.189489475153725, 41.38942122775692 ], [ 2.191661677767081, 41.388851859522717 ], [ 2.193505692197822, 41.390060938981385 ], [ 2.193177478729854, 41.391839412064641 ], [ 2.191005180608299, 41.392408771805385 ], [ 2.189161191465779, 41.391199666955771 ] ] ] } },
{ "type": "Feature", "properties": { "h3_index": "89394460137ffff", "catchment_store_count": 205, "catchment_type_diversity": 6, "is_food_desert": false, "store_count": 18, "type_diversity": 4, "barri_name": "la Sagrada Família", "income_index": 23450.5, "c1_density": 0.69256756756756754, "c2_diversity": 1.0, "c3_pressure": 0.62979680372579661, "c4_deprivation": 0.37020319627420334, "food_access_score": 67.702702702702709 }, "geometry": { "type": "Polygon", "coordinates": [ [ [ 2.173170615066693, 41.410617523483893 ], [ 2.173499263510544, 41.408839530513283 ], [ 2.175671764991174, 41.408270768528858 ], [ 2.177515713591863, 41.409480008035409 ], [ 2.177187135361625, 41.411258034894253 ], [ 2.175014538314242, 41.411826788358873 ], [ 2.173170615066693, 41.410617523483893 ] ] ] } },
{ "type": "Feature", "properties": { "h3_index": "893944628afffff", "catchment_store_count": 3, "catchment_type_diversity": 2, "is_food_desert": false, "store_count": 0, "type_diversity": 0, "barri_name": "la Trinitat Vella", "income_index": 13022.0, "c1_density": 0.010135135135135136, "c2_diversity": 0.33333333333333331, "c3_pressure": 0.96245494274139531, "c4_deprivation": 0.037545057258604742, "food_access_score": 27.072072072072075 }, "geometry": { "type": "Polygon", "coordinates": [ [ [ 2.191893917824883, 41.454780896817006 ], [ 2.192222398707145, 41.453003330957614 ], [ 2.194396267737125, 41.452434773435463 ], [ 2.196241751531287, 41.453643790254077 ], [ 2.195913340981193, 41.455421389945315 ], [ 2.193739376301899, 41.45598993898669 ], [ 2.191893917824883, 41.454780896817006 ] ] ] } },
{ "type": "Feature", "properties": { "h3_index": "89394460ed7ffff", "catchment_store_count": 157, "catchment_type_diversity": 5, "is_food_desert": false, "store_count": 13, "type_diversity": 4, "barri_name": "la Dreta de l'Eixample", "income_index": 29588.0, "c1_density": 0.53040540540540537, "c2_diversity": 0.83333333333333337, "c3_pressure": 0.43401703403617342, "c4_deprivation": 0.56598296596382658, "food_access_score": 57.882882882882882 }, "geometry": { "type": "Polygon", "coordinates": [ [ [ 2.169611555631014, 41.396321265561788 ], [ 2.169940212988277, 41.39454310805575 ], [ 2.17211230325705, 41.393974226574421 ], [ 2.173955831703482, 41.395183511127648 ], [ 2.17362724452755, 41.396961702537226 ], [ 2.171455058720983, 41.39753057549062 ], [ 2.169611555631014, 41.396321265561788 ] ] ] } },
{ "type": "Feature", "properties": { "h3_index": "89394461c77ffff", "catchment_store_count": 36, "catchment_type_diversity": 6, "is_food_desert": false, "store_count": 0, "type_diversity": 0, "barri_name": "la Marina de Port", "income_index": 18227.0, "c1_density": 0.12162162162162163, "c2_diversity": 1.0, "c3_pressure": 0.79642093846693673, "c4_deprivation": 0.20357906153306327, "food_access_score": 44.86486486486487 }, "geometry": { "type": "Polygon", "coordinates": [ [ [ 2.144930250626869, 41.362175102496181 ], [ 2.145259221828861, 41.360396726300955 ], [ 2.147430128385237, 41.3598279043443 ], [ 2.149272159220084, 41.361037467159704 ], [ 2.148943258083288, 41.362815877314063 ], [ 2.146772256043551, 41.363384690694424 ], [ 2.144930250626869, 41.362175102496181 ] ] ] } },
{ "type": "Feature", "properties": { "h3_index": "89394462a17ffff", "catchment_store_count": 49, "catchment_type_diversity": 5, "is_food_desert": false, "store_count": 2, "type_diversity": 1, "barri_name": "Vilapicina i la Torre Llobeta", "income_index": 20176.0, "c1_density": 0.16554054054054054, "c2_diversity": 0.83333333333333337, "c3_pressure": 0.73424989632843152, "c4_deprivation": 0.26575010367156848, "food_access_score": 43.288288288288285 }, "geometry": { "type": "Polygon", "coordinates": [ [ [ 2.173243194144086, 41.43259211528639 ], [ 2.173571926614255, 41.430814433401245 ], [ 2.17574499313689, 41.430245970278655 ], [ 2.17758942280286, 41.431455197558826 ], [ 2.177260760582955, 41.433232913315059 ], [ 2.17508759844395, 41.433801367920658 ], [ 2.173243194144086, 41.43259211528639 ] ] ] } },
{ "type": "Feature", "properties": { "h3_index": "89394460353ffff", "catchment_store_count": 129, "catchment_type_diversity": 5, "is_food_desert": false, "store_count": 8, "type_diversity": 4, "barri_name": "Sants", "income_index": 22462.0, "c1_density": 0.4358108108108108, "c2_diversity": 0.83333333333333337, "c3_pressure": 0.66132891001307859, "c4_deprivation": 0.33867108998692141, "food_access_score": 54.099099099099099 }, "geometry": { "type": "Polygon", "coordinates": [ [ [ 2.140981593439621, 41.383513381138783 ], [ 2.141310718928998, 41.381735348961413 ], [ 2.143482123065269, 41.38116690273349 ], [ 2.145324497244395, 41.382376497264367 ], [ 2.144995441845996, 41.384154563388982 ], [ 2.142823942174631, 41.384723001036072 ], [ 2.140981593439621, 41.383513381138783 ] ] ] } },
{ "type": "Feature", "properties": { "h3_index": "89394461883ffff", "catchment_store_count": 1, "catchment_type_diversity": 1, "is_food_desert": false, "store_count": 0, "type_diversity": 0, "barri_name": "el Poble-sec", "income_index": 18196.5, "c1_density": 0.0033783783783783786, "c2_diversity": 0.16666666666666666, "c3_pressure": 0.79739385626335768, "c4_deprivation": 0.20260614373664232, "food_access_score": 23.468468468468469 }, "geometry": { "type": "Polygon", "coordinates": [ [ [ 2.153942923419335, 41.358121114276358 ], [ 2.154271715937692, 41.356342584223178 ], [ 2.156442631255672, 41.355773514833736 ], [ 2.1582848495184, 41.356982984058654 ], [ 2.157956127080273, 41.358761548063462 ], [ 2.155785116296316, 41.3593306088923 ], [ 2.153942923419335, 41.358121114276358 ] ] ] } },
{ "type": "Feature", "properties": { "h3_index": "89394462acbffff", "catchment_store_count": 72, "catchment_type_diversity": 5, "is_food_desert": false, "store_count": 1, "type_diversity": 1, "barri_name": "la Font d'en Fargues", "income_index": 24089.0, "c1_density": 0.24324324324324326, "c2_diversity": 0.83333333333333337, "c3_pressure": 0.60942932788924686, "c4_deprivation": 0.39057067211075314, "food_access_score": 46.396396396396398 }, "geometry": { "type": "Polygon", "coordinates": [ [ [ 2.15967677620549, 41.427682021890206 ], [ 2.160005735169694, 41.425904415455769 ], [ 2.162178506275928, 41.425336174507109 ], [ 2.164022414032814, 41.426545548535429 ], [ 2.163693525277949, 41.428323188860773 ], [ 2.161520658553981, 41.42889142126748 ], [ 2.15967677620549, 41.427682021890206 ] ] ] } },
{ "type": "Feature", "properties": { "h3_index": "89394460407ffff", "catchment_store_count": 0, "catchment_type_diversity": 0, "is_food_desert": true, "store_count": 0, "type_diversity": 0, "barri_name": "Vallvidrera, el Tibidabo i les Planes", "income_index": 32833.0, "c1_density": 0.0, "c2_diversity": 0.0, "c3_pressure": 0.33050496028581455, "c4_deprivation": 0.66949503971418545, "food_access_score": 20.0 }, "geometry": { "type": "Polygon", "coordinates": [ [ [ 2.119520480856386, 41.421263762381543 ], [ 2.119850141321682, 41.419486495143779 ], [ 2.122022245280024, 41.418919022641518 ], [ 2.123864784410122, 41.420128825992343 ], [ 2.123535194046475, 41.421906127173273 ], [ 2.121362994448214, 41.422473591060793 ], [ 2.119520480856386, 41.421263762381543 ] ] ] } },
{ "type": "Feature", "properties": { "h3_index": "8939446056fffff", "catchment_store_count": 61, "catchment_type_diversity": 5, "is_food_desert": false, "store_count": 0, "type_diversity": 0, "barri_name": "Vallcarca i els Penitents", "income_index": 27507.0, "c1_density": 0.20608108108108109, "c2_diversity": 0.83333333333333337, "c3_pressure": 0.50039873680181191, "c4_deprivation": 0.49960126319818815, "food_access_score": 44.909909909909921 }, "geometry": { "type": "Polygon", "coordinates": [ [ [ 2.149602574092458, 41.415092342169416 ], [ 2.149931666409486, 41.413314664964837 ], [ 2.152103988452909, 41.412746466670093 ], [ 2.15394731377494, 41.413955954142054 ], [ 2.153618291622033, 41.415733665259182 ], [ 2.151445873980086, 41.416301854992405 ], [ 2.149602574092458, 41.415092342169416 ] ] ] } },
{ "type": "Feature", "properties": { "h3_index": "89394460623ffff", "catchment_store_count": 17, "catchment_type_diversity": 4, "is_food_desert": false, "store_count": 0, "type_diversity": 0, "barri_name": "Sarrià", "income_index": 33795.0, "c1_density": 0.057432432432432436, "c2_diversity": 0.66666666666666663, "c3_pressure": 0.29981817601837379, "c4_deprivation": 0.70018182398162621, "food_access_score": 35.630630630630634 }, "geometry": { "type": "Polygon", "coordinates": [ [ [ 2.115448422741961, 41.398650385335017 ], [ 2.115778068751318, 41.396872841262564 ], [ 2.117949541387462, 41.396305146224371 ], [ 2.119791463603899, 41.397515003884017 ], [ 2.11946188764888, 41.399292581922026 ], [ 2.117290319420198, 41.399860268335409 ], [ 2.115448422741961, 41.398650385335017 ] ] ] } },
{ "type": "Feature", "properties": { "h3_index": "89394462e4fffff", "catchment_store_count": 7, "catchment_type_diversity": 3, "is_food_desert": false, "store_count": 0, "type_diversity": 0, "barri_name": "la Vall d'Hebron", "income_index": 22643.5, "c1_density": 0.02364864864864865, "c2_diversity": 0.5, "c3_pressure": 0.65553925165077032, "c4_deprivation": 0.34446074834922963, "food_access_score": 30.945945945945947 }, "geometry": { "type": "Polygon", "coordinates": [ [ [ 2.149669022150529, 41.437063956158113 ], [ 2.149998198725171, 41.435286590105811 ], [ 2.152171085719479, 41.434718690900027 ], [ 2.154014891784357, 41.435928166305814 ], [ 2.153685785410413, 41.437705566253506 ], [ 2.151512802768028, 41.438273456900603 ], [ 2.149669022150529, 41.437063956158113 ] ] ] } },
{ "type": "Feature", "properties": { "h3_index": "89394460a5bffff", "catchment_store_count": 1, "catchment_type_diversity": 1, "is_food_desert": false, "store_count": 0, "type_diversity": 0, "barri_name": "la Barceloneta", "income_index": 17877.0, "c1_density": 0.0033783783783783786, "c2_diversity": 0.16666666666666666, "c3_pressure": 0.80758556891766886, "c4_deprivation": 0.19241443108233117, "food_access_score": 23.468468468468469 }, "geometry": { "type": "Polygon", "coordinates": [ [ [ 2.185069468162968, 41.368577466977932 ], [ 2.185397738229472, 41.366798751426927 ], [ 2.187569309841466, 41.366229161468297 ], [ 2.189412706845096, 41.367438295564753 ], [ 2.189084506951246, 41.369217045022545 ], [ 2.186912839878252, 41.369786626477669 ], [ 2.185069468162968, 41.368577466977932 ] ] ] } },
{ "type": "Feature", "properties": { "h3_index": "893944618afffff", "catchment_store_count": 0, "catchment_type_diversity": 0, "is_food_desert": true, "store_count": 0, "type_diversity": 0, "barri_name": "la Marina del Prat Vermell", "income_index": 16015.0, "c1_density": 0.0, "c2_diversity": 0.0, "c3_pressure": 0.86698140291556347, "c4_deprivation": 0.1330185970844365, "food_access_score": 20.0 }, "geometry": { "type": "Polygon", "coordinates": [ [ [ 2.166968852079108, 41.354706075182619 ], [ 2.167297395807935, 41.352927357362574 ], [ 2.169468386268008, 41.352357963758344 ], [ 2.171310928442762, 41.353567296512367 ], [ 2.170982454819963, 41.355346048271301 ], [ 2.168811368913506, 41.35591543333792 ], [ 2.166968852079108, 41.354706075182619 ] ] ] } },
{ "type": "Feature", "properties": { "h3_index": "89394460c77ffff", "catchment_store_count": 82, "catchment_type_diversity": 5, "is_food_desert": false, "store_count": 2, "type_diversity": 2, "barri_name": "Provençals del Poblenou", "income_index": 19617.0, "c1_density": 0.27702702702702703, "c2_diversity": 0.83333333333333337, "c3_pressure": 0.75208140610545793, "c4_deprivation": 0.2479185938945421, "food_access_score": 47.747747747747759 }, "geometry": { "type": "Polygon", "coordinates": [ [ [ 2.194240102418072, 41.408484308042183 ], [ 2.194568361168641, 41.406706059492798 ], [ 2.196741070480893, 41.406136819095849 ], [ 2.198585616582219, 41.407345835731157 ], [ 2.198257428092568, 41.409124118145556 ], [ 2.196084623237806, 41.409693350060216 ], [ 2.194240102418072, 41.408484308042183 ] ] ] } },
{ "type": "Feature", "properties": { "h3_index": "89394461a17ffff", "catchment_store_count": 0, "catchment_type_diversity": 0, "is_food_desert": true, "store_count": 0, "type_diversity": 0, "barri_name": "la Marina del Prat Vermell", "income_index": 16015.0, "c1_density": 0.0, "c2_diversity": 0.0, "c3_pressure": 0.86698140291556347, "c4_deprivation": 0.1330185970844365, "food_access_score": 20.0 }, "geometry": { "type": "Polygon", "coordinates": [ [ [ 2.148350782724211, 41.33250808156739 ], [ 2.148679576963922, 41.330729250021861 ], [ 2.150849766423444, 41.330159950025106 ], [ 2.152691257053776, 41.33136949014807 ], [ 2.152362532838451, 41.333148355671675 ], [ 2.150192247965533, 41.333717647094815 ], [ 2.148350782724211, 41.33250808156739 ] ] ] } },
{ "type": "Feature", "properties": { "h3_index": "89394461acbffff", "catchment_store_count": 0, "catchment_type_diversity": 0, "is_food_desert": true, "store_count": 0, "type_diversity": 0, "barri_name": "la Marina del Prat Vermell", "income_index": 16015.0, "c1_density": 0.0, "c2_diversity": 0.0, "c3_pressure": 0.86698140291556347, "c4_deprivation": 0.1330185970844365, "food_access_score": 20.0 }, "geometry": { "type": "Polygon", "coordinates": [ [ [ 2.134804810933857, 41.327598101990354 ], [ 2.135133830901188, 41.325819346514606 ], [ 2.137303725277753, 41.325250268043014 ], [ 2.139144695098836, 41.326459953646278 ], [ 2.138815745115107, 41.328238743119897 ], [ 2.136645755323829, 41.328807812992963 ], [ 2.134804810933857, 41.327598101990354 ] ] ] } },
{ "type": "Feature", "properties": { "h3_index": "8939446286bffff", "catchment_store_count": 28, "catchment_type_diversity": 5, "is_food_desert": false, "store_count": 1, "type_diversity": 1, "barri_name": "Porta", "income_index": 18299.5, "c1_density": 0.0945945945945946, "c2_diversity": 0.83333333333333337, "c3_pressure": 0.79410826501642795, "c4_deprivation": 0.20589173498357205, "food_access_score": 40.450450450450454 }, "geometry": { "type": "Polygon", "coordinates": [ [ [ 2.184310861427618, 41.439847327214991 ], [ 2.184639421671739, 41.438069630049924 ], [ 2.186812812535493, 41.437501030077492 ], [ 2.188657738774806, 41.438710135766975 ], [ 2.188329248819725, 41.440487866784459 ], [ 2.186155762333434, 41.441056458260654 ], [ 2.184310861427618, 41.439847327214991 ] ] ] } },
{ "type": "Feature", "properties": { "h3_index": "89394460e93ffff", "catchment_store_count": 215, "catchment_type_diversity": 6, "is_food_desert": false, "store_count": 11, "type_diversity": 5, "barri_name": "la Sagrada Família", "income_index": 23450.5, "c1_density": 0.72635135135135132, "c2_diversity": 1.0, "c3_pressure": 0.62979680372579661, "c4_deprivation": 0.37020319627420334, "food_access_score": 69.054054054054049 }, "geometry": { "type": "Polygon", "coordinates": [ [ [ 2.172641405914554, 41.402296104502931 ], [ 2.172970031633812, 41.400517999227766 ], [ 2.175142312983485, 41.399949134799222 ], [ 2.176986064159499, 41.401158384168198 ], [ 2.176657508638775, 41.402936523338674 ], [ 2.174485131740637, 41.403505379245452 ], [ 2.172641405914554, 41.402296104502931 ] ] ] } },
{ "type": "Feature", "properties": { "h3_index": "893944601a7ffff", "catchment_store_count": 126, "catchment_type_diversity": 6, "is_food_desert": false, "store_count": 2, "type_diversity": 2, "barri_name": "el Guinardó", "income_index": 21610.0, "c1_density": 0.42567567567567566, "c2_diversity": 1.0, "c3_pressure": 0.68850681042457496, "c4_deprivation": 0.31149318957542504, "food_access_score": 57.027027027027032 }, "geometry": { "type": "Polygon", "coordinates": [ [ [ 2.172184592623523, 41.41595132999899 ], [ 2.172513279623912, 41.414173423229627 ], [ 2.174685905700014, 41.413604755176138 ], [ 2.17652994035256, 41.414814002413493 ], [ 2.17620132357224, 41.416591943068084 ], [ 2.174028601916421, 41.417160602600674 ], [ 2.172184592623523, 41.41595132999899 ] ] ] } },
{ "type": "Feature", "properties": { "h3_index": "89394461c33ffff", "catchment_store_count": 18, "catchment_type_diversity": 4, "is_food_desert": false, "store_count": 0, "type_diversity": 0, "barri_name": "el Poble-sec", "income_index": 18196.5, "c1_density": 0.060810810810810814, "c2_diversity": 0.66666666666666663, "c3_pressure": 0.79739385626335768, "c4_deprivation": 0.20260614373664232, "food_access_score": 35.765765765765764 }, "geometry": { "type": "Polygon", "coordinates": [ [ [ 2.147956477563313, 41.3681509358466 ], [ 2.148285417255629, 41.366372611660417 ], [ 2.150456514784085, 41.365803806853265 ], [ 2.152298768111426, 41.367013334803048 ], [ 2.151969898501497, 41.368791692940171 ], [ 2.149798705478967, 41.369360489177154 ], [ 2.147956477563313, 41.3681509358466 ] ] ] } },
{ "type": "Feature", "properties": { "h3_index": "8939446030fffff", "catchment_store_count": 176, "catchment_type_diversity": 5, "is_food_desert": false, "store_count": 13, "type_diversity": 5, "barri_name": "la Nova Esquerra de l'Eixample", "income_index": 25694.0, "c1_density": 0.59459459459459463, "c2_diversity": 0.83333333333333337, "c3_pressure": 0.55823152253660402, "c4_deprivation": 0.44176847746339598, "food_access_score": 60.450450450450454 }, "geometry": { "type": "Polygon", "coordinates": [ [ [ 2.153023748744959, 41.385436568939191 ], [ 2.15335266392913, 41.383658434935789 ], [ 2.155524267919152, 41.383089758316899 ], [ 2.157367052250567, 41.384299224261007 ], [ 2.157038207189641, 41.386077392195979 ], [ 2.154866507671176, 41.386646060255849 ], [ 2.153023748744959, 41.385436568939191 ] ] ] } },
{ "type": "Feature", "properties": { "h3_index": "893944631a7ffff", "catchment_store_count": 0, "catchment_type_diversity": 0, "is_food_desert": true, "store_count": 0, "type_diversity": 0, "barri_name": "Vallvidrera, el Tibidabo i les Planes", "income_index": 32833.0, "c1_density": 0.0, "c2_diversity": 0.0, "c3_pressure": 0.33050496028581455, "c4_deprivation": 0.66949503971418545, "food_access_score": 20.0 }, "geometry": { "type": "Polygon", "coordinates": [ [ [ 2.098459861364537, 41.423381263766466 ], [ 2.098789910868838, 41.421604252563398 ], [ 2.100961805017109, 41.421037258048287 ], [ 2.102803745322042, 41.422247283389083 ], [ 2.10247376587191, 41.424024328558438 ], [ 2.100301776059808, 41.424591314421285 ], [ 2.098459861364537, 41.423381263766466 ] ] ] } },
{ "type": "Feature", "properties": { "h3_index": "89394462a87ffff", "catchment_store_count": 40, "catchment_type_diversity": 5, "is_food_desert": false, "store_count": 5, "type_diversity": 2, "barri_name": "Porta", "income_index": 18299.5, "c1_density": 0.13513513513513514, "c2_diversity": 0.83333333333333337, "c3_pressure": 0.79410826501642795, "c4_deprivation": 0.20589173498357205, "food_access_score": 42.072072072072075 }, "geometry": { "type": "Polygon", "coordinates": [ [ [ 2.1722569195821, 41.437924988330231 ], [ 2.172585690628748, 41.436147392753782 ], [ 2.174758881811786, 41.435579023590172 ], [ 2.176603397574638, 41.436788258521673 ], [ 2.176274696784725, 41.438565887966227 ], [ 2.174101409972375, 41.439134248611765 ], [ 2.1722569195821, 41.437924988330231 ] ] ] } },
{ "type": "Feature", "properties": { "h3_index": "89394461d9bffff", "catchment_store_count": 204, "catchment_type_diversity": 5, "is_food_desert": false, "store_count": 18, "type_diversity": 4, "barri_name": "el Raval", "income_index": 13991.0, "c1_density": 0.68918918918918914, "c2_diversity": 0.83333333333333337, "c3_pressure": 0.9315448658649399, "c4_deprivation": 0.068455134135060131, "food_access_score": 64.23423423423425 }, "geometry": { "type": "Polygon", "coordinates": [ [ [ 2.16052505642724, 41.378395700987141 ], [ 2.160853808595919, 41.376617387012523 ], [ 2.163025325750389, 41.37604845429896 ], [ 2.164868186238981, 41.377257844106992 ], [ 2.164539504199977, 41.379036192009778 ], [ 2.162367891539837, 41.37960511617694 ], [ 2.16052505642724, 41.378395700987141 ] ] ] } },
{ "type": "Feature", "properties": { "h3_index": "8939446ad27ffff", "catchment_store_count": 0, "catchment_type_diversity": 0, "is_food_desert": true, "store_count": 0, "type_diversity": 0, "barri_name": "la Marina del Prat Vermell", "income_index": 16015.0, "c1_density": 0.0, "c2_diversity": 0.0, "c3_pressure": 0.86698140291556347, "c4_deprivation": 0.1330185970844365, "food_access_score": 20.0 }, "geometry": { "type": "Polygon", "coordinates": [ [ [ 2.133292997643683, 41.324609618222929 ], [ 2.133622033325576, 41.322830836860675 ], [ 2.135791832292777, 41.322261749787543 ], [ 2.137632690984595, 41.323471452678795 ], [ 2.137303725277753, 41.325250268043014 ], [ 2.135133830901188, 41.325819346514606 ], [ 2.133292997643683, 41.324609618222929 ] ] ] } },
{ "type": "Feature", "properties": { "h3_index": "893944603c3ffff", "catchment_store_count": 123, "catchment_type_diversity": 5, "is_food_desert": false, "store_count": 7, "type_diversity": 4, "barri_name": "la Nova Esquerra de l'Eixample", "income_index": 25694.0, "c1_density": 0.41554054054054052, "c2_diversity": 0.83333333333333337, "c3_pressure": 0.55823152253660402, "c4_deprivation": 0.44176847746339598, "food_access_score": 53.2882882882883 }, "geometry": { "type": "Polygon", "coordinates": [ [ [ 2.13999413979636, 41.388847305536949 ], [ 2.140323303874042, 41.387069359429461 ], [ 2.142494832437692, 41.386501007155289 ], [ 2.144337292468821, 41.387710609571165 ], [ 2.144008198488558, 41.389488589622928 ], [ 2.141836574376875, 41.39005693331513 ], [ 2.13999413979636, 41.388847305536949 ] ] ] } },
{ "type": "Feature", "properties": { "h3_index": "89394461e4fffff", "catchment_store_count": 0, "catchment_type_diversity": 0, "is_food_desert": true, "store_count": 0, "type_diversity": 0, "barri_name": "la Marina del Prat Vermell", "income_index": 16015.0, "c1_density": 0.0, "c2_diversity": 0.0, "c3_pressure": 0.86698140291556347, "c4_deprivation": 0.1330185970844365, "food_access_score": 20.0 }, "geometry": { "type": "Polygon", "coordinates": [ [ [ 2.124808322744887, 41.336987985833687 ], [ 2.125137559775972, 41.335209469975737 ], [ 2.127307569403402, 41.3346407326841 ], [ 2.129148437441819, 41.335850519866334 ], [ 2.128819270385735, 41.337629069726681 ], [ 2.126649165313364, 41.338197798402966 ], [ 2.124808322744887, 41.336987985833687 ] ] ] } },
{ "type": "Feature", "properties": { "h3_index": "89394460477ffff", "catchment_store_count": 0, "catchment_type_diversity": 0, "is_food_desert": true, "store_count": 0, "type_diversity": 0, "barri_name": "Sant Gervasi - la Bonanova", "income_index": 36213.5, "c1_density": 0.0, "c2_diversity": 0.0, "c3_pressure": 0.22267057960381509, "c4_deprivation": 0.77732942039618491, "food_access_score": 20.0 }, "geometry": { "type": "Polygon", "coordinates": [ [ [ 2.120509423597014, 41.415931874433149 ], [ 2.120839045408561, 41.414154520966093 ], [ 2.123011024900511, 41.413586954431985 ], [ 2.124853478205011, 41.414796749979139 ], [ 2.124523926488653, 41.416574137392374 ], [ 2.122351851369733, 41.417141695312864 ], [ 2.120509423597014, 41.415931874433149 ] ] ] } },
{ "type": "Feature", "properties": { "h3_index": "8939446052bffff", "catchment_store_count": 85, "catchment_type_diversity": 5, "is_food_desert": false, "store_count": 8, "type_diversity": 4, "barri_name": "el Carmel", "income_index": 16109.5, "c1_density": 0.28716216216216217, "c2_diversity": 0.83333333333333337, "c3_pressure": 0.86396695269386581, "c4_deprivation": 0.13603304730613416, "food_access_score": 48.153153153153156 }, "geometry": { "type": "Polygon", "coordinates": [ [ [ 2.152631147973668, 41.4210666261623 ], [ 2.152960208722116, 41.419289001272212 ], [ 2.155132721967942, 41.418720820097484 ], [ 2.156976270071656, 41.419930272368809 ], [ 2.156647279504539, 41.421707931163233 ], [ 2.154474670649489, 41.4222761037826 ], [ 2.152631147973668, 41.4210666261623 ] ] ] } },
{ "type": "Feature", "properties": { "h3_index": "89394460693ffff", "catchment_store_count": 3, "catchment_type_diversity": 2, "is_food_desert": false, "store_count": 0, "type_diversity": 0, "barri_name": "Vallvidrera, el Tibidabo i les Planes", "income_index": 32833.0, "c1_density": 0.010135135135135136, "c2_diversity": 0.33333333333333331, "c3_pressure": 0.33050496028581455, "c4_deprivation": 0.66949503971418545, "food_access_score": 27.072072072072075 }, "geometry": { "type": "Polygon", "coordinates": [ [ [ 2.098928305128426, 41.409731529262501 ], [ 2.099258292928827, 41.407954319495985 ], [ 2.101429842628243, 41.407387128192148 ], [ 2.103271500156967, 41.408597155308527 ], [ 2.102941582389269, 41.410374399051406 ], [ 2.100769937057285, 41.410941581702133 ], [ 2.098928305128426, 41.409731529262501 ] ] ] } },
{ "type": "Feature", "properties": { "h3_index": "89394462e0bffff", "catchment_store_count": 4, "catchment_type_diversity": 3, "is_food_desert": false, "store_count": 0, "type_diversity": 0, "barri_name": "Horta", "income_index": 21854.0, "c1_density": 0.013513513513513514, "c2_diversity": 0.5, "c3_pressure": 0.68072346805320749, "c4_deprivation": 0.31927653194679256, "food_access_score": 30.54054054054054 }, "geometry": { "type": "Polygon", "coordinates": [ [ [ 2.152698389059148, 41.44303759343353 ], [ 2.153027534048559, 41.441260279820256 ], [ 2.155200612344437, 41.440692397728824 ], [ 2.157044641306872, 41.441901837803755 ], [ 2.156715566535437, 41.443679185304227 ], [ 2.154542392580713, 41.444247058843118 ], [ 2.152698389059148, 41.44303759343353 ] ] ] } },
{ "type": "Feature", "properties": { "h3_index": "89394463027ffff", "catchment_store_count": 0, "catchment_type_diversity": 0, "is_food_desert": true, "store_count": 0, "type_diversity": 0, "barri_name": "Vallvidrera, el Tibidabo i les Planes", "income_index": 32833.0, "c1_density": 0.0, "c2_diversity": 0.0, "c3_pressure": 0.33050496028581455, "c4_deprivation": 0.66949503971418545, "food_access_score": 20.0 }, "geometry": { "type": "Polygon", "coordinates": [ [ [ 2.073861621498773, 41.411202646398053 ], [ 2.074192067993487, 41.40942572678108 ], [ 2.076363340427448, 41.408859089922601 ], [ 2.078204262022347, 41.41006938137955 ], [ 2.077873885502106, 41.411846335001165 ], [ 2.075702517409605, 41.412412963161763 ], [ 2.073861621498773, 41.411202646398053 ] ] ] } },
{ "type": "Feature", "properties": { "h3_index": "8939446233bffff", "catchment_store_count": 0, "catchment_type_diversity": 0, "is_food_desert": true, "store_count": 0, "type_diversity": 0, "barri_name": "Montbau", "income_index": 20566.5, "c1_density": 0.0, "c2_diversity": 0.0, "c3_pressure": 0.72179335863982907, "c4_deprivation": 0.27820664136017098, "food_access_score": 20.0 }, "geometry": { "type": "Polygon", "coordinates": [ [ [ 2.132615556176823, 41.439827835938566 ], [ 2.13294505209444, 41.438050691839742 ], [ 2.1351177967526, 41.437483194128376 ], [ 2.136961141160278, 41.438692849105394 ], [ 2.136631715406757, 41.440470027117563 ], [ 2.134458875078622, 41.441037516239966 ], [ 2.132615556176823, 41.439827835938566 ] ] ] } },
{ "type": "Feature", "properties": { "h3_index": "8939446318fffff", "catchment_store_count": 1, "catchment_type_diversity": 1, "is_food_desert": false, "store_count": 0, "type_diversity": 0, "barri_name": "Vallvidrera, el Tibidabo i les Planes", "income_index": 32833.0, "c1_density": 0.0033783783783783786, "c2_diversity": 0.16666666666666666, "c3_pressure": 0.33050496028581455, "c4_deprivation": 0.66949503971418545, "food_access_score": 23.468468468468469 }, "geometry": { "type": "Polygon", "coordinates": [ [ [ 2.086419371168226, 41.4214513520552 ], [ 2.086749630770367, 41.419674442782267 ], [ 2.088921324137076, 41.419107678536484 ], [ 2.090762853569148, 41.420317832238304 ], [ 2.090432663988823, 41.422094775493164 ], [ 2.088260874951739, 41.42266153106484 ], [ 2.086419371168226, 41.4214513520552 ] ] ] } },
{ "type": "Feature", "properties": { "h3_index": "8939446186bffff", "catchment_store_count": 0, "catchment_type_diversity": 0, "is_food_desert": true, "store_count": 0, "type_diversity": 0, "barri_name": "la Marina del Prat Vermell", "income_index": 16015.0, "c1_density": 0.0, "c2_diversity": 0.0, "c3_pressure": 0.86698140291556347, "c4_deprivation": 0.1330185970844365, "food_access_score": 20.0 }, "geometry": { "type": "Polygon", "coordinates": [ [ [ 2.159400812849694, 41.339765174151054 ], [ 2.159729435493655, 41.337986326515377 ], [ 2.161899948802, 41.33741689017701 ], [ 2.16374193488318, 41.338626310027841 ], [ 2.163413382302284, 41.340405191622942 ], [ 2.161242773574267, 41.340974619408343 ], [ 2.159400812849694, 41.339765174151054 ] ] ] } },
{ "type": "Feature", "properties": { "h3_index": "89394460c33ffff", "catchment_store_count": 56, "catchment_type_diversity": 5, "is_food_desert": false, "store_count": 6, "type_diversity": 3, "barri_name": "Provençals del Poblenou", "income_index": 19617.0, "c1_density": 0.1891891891891892, "c2_diversity": 0.83333333333333337, "c3_pressure": 0.75208140610545793, "c4_deprivation": 0.2479185938945421, "food_access_score": 44.234234234234236 }, "geometry": { "type": "Polygon", "coordinates": [ [ [ 2.197272785602825, 41.414458793008613 ], [ 2.197601012603596, 41.412680596787169 ], [ 2.199773913006247, 41.412111373351706 ], [ 2.201618681958468, 41.41332035461437 ], [ 2.201290525235842, 41.415098584692586 ], [ 2.19911752927997, 41.415667799651942 ], [ 2.197272785602825, 41.414458793008613 ] ] ] } },
{ "type": "Feature", "properties": { "h3_index": "89394461a87ffff", "catchment_store_count": 0, "catchment_type_diversity": 0, "is_food_desert": true, "store_count": 0, "type_diversity": 0, "barri_name": "la Marina del Prat Vermell", "income_index": 16015.0, "c1_density": 0.0, "c2_diversity": 0.0, "c3_pressure": 0.86698140291556347, "c4_deprivation": 0.1330185970844365, "food_access_score": 20.0 }, "geometry": { "type": "Polygon", "coordinates": [ [ [ 2.147364322948532, 41.337844404570774 ], [ 2.147693155717238, 41.336065658844767 ], [ 2.149863469474605, 41.335496452722808 ], [ 2.151705045886755, 41.33670600090224 ], [ 2.151376283148889, 41.33848478060338 ], [ 2.149205873965177, 41.339053978150545 ], [ 2.147364322948532, 41.337844404570774 ] ] ] } },
{ "type": "Feature", "properties": { "h3_index": "893944600afffff", "catchment_store_count": 85, "catchment_type_diversity": 5, "is_food_desert": false, "store_count": 0, "type_diversity": 0, "barri_name": "el Putxet i el Farró", "income_index": 28725.0, "c1_density": 0.28716216216216217, "c2_diversity": 0.83333333333333337, "c3_pressure": 0.46154582283326417, "c4_deprivation": 0.53845417716673583, "food_access_score": 48.153153153153156 }, "geometry": { "type": "Polygon", "coordinates": [ [ [ 2.142559408749524, 41.408476422372736 ], [ 2.142888602754187, 41.406698726816977 ], [ 2.145060666949333, 41.406130588219575 ], [ 2.146903632726943, 41.407340153753516 ], [ 2.146574508858412, 41.409117883235282 ], [ 2.144402349073257, 41.409686013257684 ], [ 2.142559408749524, 41.408476422372736 ] ] ] } },
{ "type": "Feature", "properties": { "h3_index": "89394462827ffff", "catchment_store_count": 4, "catchment_type_diversity": 2, "is_food_desert": false, "store_count": 0, "type_diversity": 0, "barri_name": "Baró de Viver", "income_index": 13678.5, "c1_density": 0.013513513513513514, "c2_diversity": 0.33333333333333331, "c3_pressure": 0.94151328591023642, "c4_deprivation": 0.058486714089763629, "food_access_score": 27.207207207207208 }, "geometry": { "type": "Polygon", "coordinates": [ [ [ 2.196898534079142, 41.450088504472504 ], [ 2.197226906078391, 41.448310818387966 ], [ 2.199400716845596, 41.447742089937712 ], [ 2.201246251244717, 41.448951056044976 ], [ 2.200917949581902, 41.450728775959099 ], [ 2.198744043180669, 41.45129749593697 ], [ 2.196898534079142, 41.450088504472504 ] ] ] } },
{ "type": "Feature", "properties": { "h3_index": "89394460e4fffff", "catchment_store_count": 156, "catchment_type_diversity": 6, "is_food_desert": false, "store_count": 9, "type_diversity": 5, "barri_name": "el Barri Gòtic", "income_index": 18972.0, "c1_density": 0.52702702702702697, "c2_diversity": 1.0, "c3_pressure": 0.77265622507894993, "c4_deprivation": 0.22734377492105012, "food_access_score": 61.081081081081081 }, "geometry": { "type": "Polygon", "coordinates": [ [ [ 2.174083728560051, 41.38330449102984 ], [ 2.174412254490383, 41.381526101353536 ], [ 2.176584066705133, 41.38095694669159 ], [ 2.178427448490982, 41.38216619022802 ], [ 2.178098992731173, 41.383944613812673 ], [ 2.175927085012123, 41.384513759953151 ], [ 2.174083728560051, 41.38330449102984 ] ] ] } },
{ "type": "Feature", "properties": { "h3_index": "89394460163ffff", "catchment_store_count": 245, "catchment_type_diversity": 5, "is_food_desert": false, "store_count": 17, "type_diversity": 4, "barri_name": "la Dreta de l'Eixample", "income_index": 29588.0, "c1_density": 0.82770270270270274, "c2_diversity": 0.83333333333333337, "c3_pressure": 0.43401703403617342, "c4_deprivation": 0.56598296596382658, "food_access_score": 69.774774774774784 }, "geometry": { "type": "Polygon", "coordinates": [ [ [ 2.164609810302593, 41.401014907320132 ], [ 2.164938576386648, 41.399236869851329 ], [ 2.167110724644417, 41.398668159146922 ], [ 2.168954202368186, 41.399877494448269 ], [ 2.168625506461134, 41.401655565822871 ], [ 2.166453262650415, 41.402224267990917 ], [ 2.164609810302593, 41.401014907320132 ] ] ] } },
{ "type": "Feature", "properties": { "h3_index": "893944628dbffff", "catchment_store_count": 7, "catchment_type_diversity": 2, "is_food_desert": false, "store_count": 0, "type_diversity": 0, "barri_name": "les Roquetes", "income_index": 13630.5, "c1_density": 0.02364864864864865, "c2_diversity": 0.33333333333333331, "c3_pressure": 0.9430444352291939, "c4_deprivation": 0.056955564770806086, "food_access_score": 27.612612612612615 }, "geometry": { "type": "Polygon", "coordinates": [ [ [ 2.167781650982125, 41.450935415922714 ], [ 2.168110553631199, 41.449158053164489 ], [ 2.170284023210606, 41.448589957404693 ], [ 2.172128685800898, 41.449799232928207 ], [ 2.171799853419352, 41.451576629549734 ], [ 2.169626288177101, 41.452144716785014 ], [ 2.167781650982125, 41.450935415922714 ] ] ] } },
{ "type": "Feature", "properties": { "h3_index": "89394460217ffff", "catchment_store_count": 65, "catchment_type_diversity": 5, "is_food_desert": false, "store_count": 3, "type_diversity": 2, "barri_name": "la Maternitat i Sant Ramon", "income_index": 25111.0, "c1_density": 0.2195945945945946, "c2_diversity": 0.83333333333333337, "c3_pressure": 0.57682860697310923, "c4_deprivation": 0.42317139302689083, "food_access_score": 45.450450450450454 }, "geometry": { "type": "Polygon", "coordinates": [ [ [ 2.123939939529538, 41.386280973040506 ], [ 2.124269383889333, 41.384503162762336 ], [ 2.126440645686806, 41.383935117586702 ], [ 2.128282558678521, 41.385144891300911 ], [ 2.127953184373115, 41.386922735544246 ], [ 2.125781827018748, 41.387490772108798 ], [ 2.123939939529538, 41.386280973040506 ] ] ] } },
{ "type": "Feature", "properties": { "h3_index": "89394461ca3ffff", "catchment_store_count": 76, "catchment_type_diversity": 5, "is_food_desert": false, "store_count": 3, "type_diversity": 2, "barri_name": "la Font de la Guatlla", "income_index": 21527.0, "c1_density": 0.25675675675675674, "c2_diversity": 0.83333333333333337, "c3_pressure": 0.69115442278860573, "c4_deprivation": 0.30884557721139433, "food_access_score": 46.936936936936938 }, "geometry": { "type": "Polygon", "coordinates": [ [ [ 2.146969581363612, 41.37348573642231 ], [ 2.14729855961803, 41.371707498230464 ], [ 2.149469781547889, 41.371138787344819 ], [ 2.151312120727459, 41.372348323222916 ], [ 2.150983212561883, 41.374126595362725 ], [ 2.148811895125004, 41.37469529767705 ], [ 2.146969581363612, 41.37348573642231 ] ] ] } },
{ "type": "Feature", "properties": { "h3_index": "893944602cbffff", "catchment_store_count": 21, "catchment_type_diversity": 5, "is_food_desert": false, "store_count": 0, "type_diversity": 0, "barri_name": "la Maternitat i Sant Ramon", "income_index": 25111.0, "c1_density": 0.070945945945945943, "c2_diversity": 0.83333333333333337, "c3_pressure": 0.57682860697310923, "c4_deprivation": 0.42317139302689083, "food_access_score": 39.50450450450451 }, "geometry": { "type": "Polygon", "coordinates": [ [ [ 2.110389714837201, 41.381367315164759 ], [ 2.110719384983466, 41.379589580778749 ], [ 2.112890350966259, 41.379021757204875 ], [ 2.114731742358009, 41.380231676653572 ], [ 2.114402142225233, 41.382009445024522 ], [ 2.112231080684328, 41.38257725996241 ], [ 2.110389714837201, 41.381367315164759 ] ] ] } },
{ "type": "Feature", "properties": { "h3_index": "89394462a43ffff", "catchment_store_count": 37, "catchment_type_diversity": 5, "is_food_desert": false, "store_count": 0, "type_diversity": 0, "barri_name": "el Guinardó", "income_index": 21610.0, "c1_density": 0.125, "c2_diversity": 0.83333333333333337, "c3_pressure": 0.68850681042457496, "c4_deprivation": 0.31149318957542504, "food_access_score": 41.666666666666671 }, "geometry": { "type": "Polygon", "coordinates": [ [ [ 2.164680152958332, 41.422990181616818 ], [ 2.16500900313046, 41.421212455029391 ], [ 2.167181716247308, 41.420644043228947 ], [ 2.169025674791696, 41.421853366550089 ], [ 2.168696894833219, 41.423631127026198 ], [ 2.16652408611384, 41.424199530293095 ], [ 2.164680152958332, 41.422990181616818 ] ] ] } },
{ "type": "Feature", "properties": { "h3_index": "89394461d57ffff", "catchment_store_count": 29, "catchment_type_diversity": 5, "is_food_desert": false, "store_count": 0, "type_diversity": 0, "barri_name": "el Poble-sec", "income_index": 18196.5, "c1_density": 0.097972972972972971, "c2_diversity": 0.83333333333333337, "c3_pressure": 0.79739385626335768, "c4_deprivation": 0.20260614373664232, "food_access_score": 40.585585585585584 }, "geometry": { "type": "Polygon", "coordinates": [ [ [ 2.162497376728922, 41.367725387064787 ], [ 2.162826051818551, 41.365946901080676 ], [ 2.164997320079958, 41.365377780568643 ], [ 2.166840008728654, 41.366587154585417 ], [ 2.166511403755804, 41.368365674503629 ], [ 2.164340040014603, 41.368934786471534 ], [ 2.162497376728922, 41.367725387064787 ] ] ] } },
{ "type": "Feature", "properties": { "h3_index": "89394461e0bffff", "catchment_store_count": 1, "catchment_type_diversity": 1, "is_food_desert": false, "store_count": 0, "type_diversity": 0, "barri_name": "la Marina del Prat Vermell", "income_index": 16015.0, "c1_density": 0.0033783783783783786, "c2_diversity": 0.16666666666666666, "c3_pressure": 0.86698140291556347, "c4_deprivation": 0.1330185970844365, "food_access_score": 23.468468468468469 }, "geometry": { "type": "Polygon", "coordinates": [ [ [ 2.127831692083333, 41.342964547622543 ], [ 2.128160897707214, 41.341186083607688 ], [ 2.130331098229907, 41.3406173635437 ], [ 2.132172188581488, 41.341827116104362 ], [ 2.131843052949771, 41.343605614113407 ], [ 2.129672756971428, 41.344174325568162 ], [ 2.127831692083333, 41.342964547622543 ] ] ] } },
{ "type": "Feature", "properties": { "h3_index": "8939446ad97ffff", "catchment_store_count": 4, "catchment_type_diversity": 2, "is_food_desert": false, "store_count": 0, "type_diversity": 0, "barri_name": "la Marina del Prat Vermell", "income_index": 16015.0, "c1_density": 0.013513513513513514, "c2_diversity": 0.33333333333333331, "c3_pressure": 0.86698140291556347, "c4_deprivation": 0.1330185970844365, "food_access_score": 27.207207207207208 }, "geometry": { "type": "Polygon", "coordinates": [ [ [ 2.116787037325212, 41.335705459971159 ], [ 2.11711641427408, 41.333927012133671 ], [ 2.119286290577616, 41.333358428195005 ], [ 2.121126885378784, 41.334568300724328 ], [ 2.120797578383444, 41.336346782574658 ], [ 2.118627606630555, 41.33691535788342 ], [ 2.116787037325212, 41.335705459971159 ] ] ] } },
{ "type": "Feature", "properties": { "h3_index": "89394460433ffff", "catchment_store_count": 0, "catchment_type_diversity": 0, "is_food_desert": true, "store_count": 0, "type_diversity": 0, "barri_name": "Sant Genís dels Agudells", "income_index": 19094.0, "c1_density": 0.0, "c2_diversity": 0.0, "c3_pressure": 0.76876455389326614, "c4_deprivation": 0.23123544610673386, "food_access_score": 20.0 }, "geometry": { "type": "Polygon", "coordinates": [ [ [ 2.123535194046475, 41.421906127173273 ], [ 2.123864784410122, 41.420128825992343 ], [ 2.126036955161385, 41.419561276682423 ], [ 2.127879631183836, 41.420771037161479 ], [ 2.1275501109326, 41.422548372280367 ], [ 2.125377844543604, 41.423115912982837 ], [ 2.123535194046475, 41.421906127173273 ] ] ] } },
{ "type": "Feature", "properties": { "h3_index": "89394462babffff", "catchment_store_count": 6, "catchment_type_diversity": 1, "is_food_desert": false, "store_count": 1, "type_diversity": 1, "barri_name": "el Bon Pastor", "income_index": 14841.0, "c1_density": 0.020270270270270271, "c2_diversity": 0.16666666666666666, "c3_pressure": 0.90443076334173345, "c4_deprivation": 0.09556923665826661, "food_access_score": 24.144144144144146 }, "geometry": { "type": "Polygon", "coordinates": [ [ [ 2.205389419178019, 41.437715138728869 ], [ 2.205717589344672, 41.43593718602169 ], [ 2.207891187897365, 41.435368107295943 ], [ 2.20973671187877, 41.436576989736672 ], [ 2.209408612048513, 41.438354976273033 ], [ 2.20723491789757, 41.438924046540066 ], [ 2.205389419178019, 41.437715138728869 ] ] ] } },
{ "type": "Feature", "properties": { "h3_index": "893944608c7ffff", "catchment_store_count": 85, "catchment_type_diversity": 5, "is_food_desert": false, "store_count": 2, "type_diversity": 2, "barri_name": "el Poblenou", "income_index": 23813.0, "c1_density": 0.28716216216216217, "c2_diversity": 0.83333333333333337, "c3_pressure": 0.61823343647325268, "c4_deprivation": 0.38176656352674726, "food_access_score": 48.153153153153156 }, "geometry": { "type": "Polygon", "coordinates": [ [ [ 2.200226366511352, 41.398453992839706 ], [ 2.200554477998489, 41.396675538117861 ], [ 2.202727004460658, 41.396106033056043 ], [ 2.204571514947218, 41.39731499118939 ], [ 2.204243473718782, 41.39909347977693 ], [ 2.202070851742234, 41.399662976366017 ], [ 2.200226366511352, 41.398453992839706 ] ] ] } },
{ "type": "Feature", "properties": { "h3_index": "8939446059bffff", "catchment_store_count": 2, "catchment_type_diversity": 2, "is_food_desert": false, "store_count": 0, "type_diversity": 0, "barri_name": "Montbau", "income_index": 20566.5, "c1_density": 0.0067567567567567571, "c2_diversity": 0.33333333333333331, "c3_pressure": 0.72179335863982907, "c4_deprivation": 0.27820664136017098, "food_access_score": 26.936936936936938 }, "geometry": { "type": "Polygon", "coordinates": [ [ [ 2.136106082651313, 41.43215149515482 ], [ 2.136435485523905, 41.430374204626922 ], [ 2.138608076724965, 41.429806527446473 ], [ 2.140451360699976, 41.431016149378152 ], [ 2.140122027987192, 41.432793473821242 ], [ 2.137949341136726, 41.433361142418057 ], [ 2.136106082651313, 41.43215149515482 ] ] ] } },
{ "type": "Feature", "properties": { "h3_index": "8939446133bffff", "catchment_store_count": 2, "catchment_type_diversity": 1, "is_food_desert": false, "store_count": 0, "type_diversity": 0, "barri_name": "la Marina del Prat Vermell", "income_index": 16015.0, "c1_density": 0.0067567567567567571, "c2_diversity": 0.16666666666666666, "c3_pressure": 0.86698140291556347, "c4_deprivation": 0.1330185970844365, "food_access_score": 23.603603603603602 }, "geometry": { "type": "Polygon", "coordinates": [ [ [ 2.107777937544495, 41.339757424550285 ], [ 2.108107492968061, 41.33797913058477 ], [ 2.110277360073318, 41.337410793914501 ], [ 2.112117767218787, 41.338620759855921 ], [ 2.111788281733647, 41.340399087841739 ], [ 2.109618319161747, 41.340967415866416 ], [ 2.107777937544495, 41.339757424550285 ] ] ] } },
{ "type": "Feature", "properties": { "h3_index": "8939446064fffff", "catchment_store_count": 0, "catchment_type_diversity": 0, "is_food_desert": true, "store_count": 0, "type_diversity": 0, "barri_name": "Pedralbes", "income_index": 42688.0, "c1_density": 0.0, "c2_diversity": 0.0, "c3_pressure": 0.016140865737344079, "c4_deprivation": 0.98385913426265592, "food_access_score": 20.0 }, "geometry": { "type": "Polygon", "coordinates": [ [ [ 2.100386339427602, 41.390748093046085 ], [ 2.10071622688067, 41.3889705987811 ], [ 2.102887307903233, 41.388403116688714 ], [ 2.104728597058183, 41.389613137514722 ], [ 2.104398779609963, 41.391390665769137 ], [ 2.102227602999048, 41.391958139208718 ], [ 2.100386339427602, 41.390748093046085 ] ] ] } },
{ "type": "Feature", "properties": { "h3_index": "89394462e7bffff", "catchment_store_count": 12, "catchment_type_diversity": 4, "is_food_desert": false, "store_count": 2, "type_diversity": 2, "barri_name": "Horta", "income_index": 21854.0, "c1_density": 0.040540540540540543, "c2_diversity": 0.66666666666666663, "c3_pressure": 0.68072346805320749, "c4_deprivation": 0.31927653194679256, "food_access_score": 34.954954954954957 }, "geometry": { "type": "Polygon", "coordinates": [ [ [ 2.153685785410413, 41.437705566253506 ], [ 2.154014891784357, 41.435928166305814 ], [ 2.156187845458507, 41.43536019021392 ], [ 2.158031788401711, 41.436569622621747 ], [ 2.157702752239282, 41.438347056459634 ], [ 2.155529702919259, 41.438915024000082 ], [ 2.153685785410413, 41.437705566253506 ] ] ] } },
{ "type": "Feature", "properties": { "h3_index": "89394462243ffff", "catchment_store_count": 1, "catchment_type_diversity": 1, "is_food_desert": false, "store_count": 0, "type_diversity": 0, "barri_name": "Vallvidrera, el Tibidabo i les Planes", "income_index": 32833.0, "c1_density": 0.0033783783783783786, "c2_diversity": 0.16666666666666666, "c3_pressure": 0.33050496028581455, "c4_deprivation": 0.66949503971418545, "food_access_score": 23.468468468468469 }, "geometry": { "type": "Polygon", "coordinates": [ [ [ 2.090953531651085, 41.430412407651112 ], [ 2.091283744282085, 41.42863557681018 ], [ 2.093455724676109, 41.428068838577445 ], [ 2.095297588122811, 41.429278939851088 ], [ 2.094967445539463, 41.431055804661646 ], [ 2.09279536945888, 41.431622534229511 ], [ 2.090953531651085, 41.430412407651112 ] ] ] } },
{ "type": "Feature", "properties": { "h3_index": "893944623abffff", "catchment_store_count": 0, "catchment_type_diversity": 0, "is_food_desert": true, "store_count": 0, "type_diversity": 0, "barri_name": "Montbau", "income_index": 20566.5, "c1_density": 0.0, "c2_diversity": 0.0, "c3_pressure": 0.72179335863982907, "c4_deprivation": 0.27820664136017098, "food_access_score": 20.0 }, "geometry": { "type": "Polygon", "coordinates": [ [ [ 2.1316269911168, 41.445159095549663 ], [ 2.131956525688747, 41.443382037796447 ], [ 2.134129394916986, 41.442814634125845 ], [ 2.1359728252533, 41.444024296799114 ], [ 2.135643360851882, 41.445801388462698 ], [ 2.133470395940714, 41.446368783543228 ], [ 2.1316269911168, 41.445159095549663 ] ] ] } },
{ "type": "Feature", "properties": { "h3_index": "893944618dbffff", "catchment_store_count": 2, "catchment_type_diversity": 2, "is_food_desert": false, "store_count": 0, "type_diversity": 0, "barri_name": "la Marina del Prat Vermell", "income_index": 16015.0, "c1_density": 0.0067567567567567571, "c2_diversity": 0.33333333333333331, "c3_pressure": 0.86698140291556347, "c4_deprivation": 0.1330185970844365, "food_access_score": 26.936936936936938 }, "geometry": { "type": "Polygon", "coordinates": [ [ [ 2.142891501168732, 41.35086372506926 ], [ 2.143220465308137, 41.349085210992612 ], [ 2.145391056577072, 41.348516277965821 ], [ 2.147232779163475, 41.34972586759757 ], [ 2.146903885065647, 41.351504415644548 ], [ 2.144733198336983, 41.35207334009003 ], [ 2.142891501168732, 41.35086372506926 ] ] ] } },
{ "type": "Feature", "properties": { "h3_index": "89394460ca3ffff", "catchment_store_count": 65, "catchment_type_diversity": 5, "is_food_desert": false, "store_count": 5, "type_diversity": 3, "barri_name": "Sant Martí de Provençals", "income_index": 19176.0, "c1_density": 0.2195945945945946, "c2_diversity": 0.83333333333333337, "c3_pressure": 0.76614884047338028, "c4_deprivation": 0.23385115952661967, "food_access_score": 45.450450450450454 }, "geometry": { "type": "Polygon", "coordinates": [ [ [ 2.196288027566489, 41.419793209240488 ], [ 2.196616293084981, 41.418015099238154 ], [ 2.198789318160498, 41.417445969695393 ], [ 2.200634173280815, 41.418654958632757 ], [ 2.200305978046929, 41.420433102488893 ], [ 2.198132857405244, 41.421002223554446 ], [ 2.196288027566489, 41.419793209240488 ] ] ] } },
{ "type": "Feature", "properties": { "h3_index": "89394461a43ffff", "catchment_store_count": 0, "catchment_type_diversity": 0, "is_food_desert": true, "store_count": 0, "type_diversity": 0, "barri_name": "la Marina del Prat Vermell", "income_index": 16015.0, "c1_density": 0.0, "c2_diversity": 0.0, "c3_pressure": 0.86698140291556347, "c4_deprivation": 0.1330185970844365, "food_access_score": 20.0 }, "geometry": { "type": "Polygon", "coordinates": [ [ [ 2.139802556529613, 41.322902288920474 ], [ 2.140131467978111, 41.321123413674123 ], [ 2.14230130468404, 41.320554164632384 ], [ 2.144142325338154, 41.321763799427629 ], [ 2.143813483877578, 41.323542708669606 ], [ 2.141643551772071, 41.324111949121274 ], [ 2.139802556529613, 41.322902288920474 ] ] ] } },
{ "type": "Feature", "properties": { "h3_index": "89394460d57ffff", "catchment_store_count": 18, "catchment_type_diversity": 4, "is_food_desert": false, "store_count": 1, "type_diversity": 1, "barri_name": "el Besòs i el Maresme", "income_index": 13735.0, "c1_density": 0.060810810810810814, "c2_diversity": 0.66666666666666663, "c3_pressure": 0.93971099556604676, "c4_deprivation": 0.060289004433953235, "food_access_score": 35.765765765765764 }, "geometry": { "type": "Polygon", "coordinates": [ [ [ 2.211827729656453, 41.414030055901037 ], [ 2.21215569139161, 41.412251698098864 ], [ 2.214328761855019, 41.411682158415523 ], [ 2.216173966119186, 41.41289098498499 ], [ 2.215846074696568, 41.414669376627096 ], [ 2.213672908694379, 41.415238907860385 ], [ 2.211827729656453, 41.414030055901037 ] ] ] } },
{ "type": "Feature", "properties": { "h3_index": "8939446006bffff", "catchment_store_count": 50, "catchment_type_diversity": 5, "is_food_desert": false, "store_count": 0, "type_diversity": 0, "barri_name": "les Corts", "income_index": 28740.0, "c1_density": 0.16891891891891891, "c2_diversity": 0.83333333333333337, "c3_pressure": 0.46106733867108995, "c4_deprivation": 0.53893266132891005, "food_access_score": 43.423423423423422 }, "geometry": { "type": "Polygon", "coordinates": [ [ [ 2.134992504836173, 41.393539466107782 ], [ 2.135321777601863, 41.391761640042851 ], [ 2.137493363927404, 41.391193458524349 ], [ 2.13933577304756, 41.392403111661707 ], [ 2.139006570374979, 41.394180971673144 ], [ 2.136834888486249, 41.394749144601292 ], [ 2.134992504836173, 41.393539466107782 ] ] ] } },
{ "type": "Feature", "properties": { "h3_index": "89394460813ffff", "catchment_store_count": 67, "catchment_type_diversity": 5, "is_food_desert": false, "store_count": 4, "type_diversity": 3, "barri_name": "el Poblenou", "income_index": 23813.0, "c1_density": 0.22635135135135134, "c2_diversity": 0.83333333333333337, "c3_pressure": 0.61823343647325268, "c4_deprivation": 0.38176656352674726, "food_access_score": 45.720720720720728 }, "geometry": { "type": "Polygon", "coordinates": [ [ [ 2.204243473718782, 41.39909347977693 ], [ 2.204571514947218, 41.39731499118939 ], [ 2.206744107796759, 41.396745409209537 ], [ 2.208588754927122, 41.397954324283269 ], [ 2.20826078396817, 41.399732846731276 ], [ 2.206088095606511, 41.400302420245673 ], [ 2.204243473718782, 41.39909347977693 ] ] ] } },
{ "type": "Feature", "properties": { "h3_index": "89394460e0bffff", "catchment_store_count": 135, "catchment_type_diversity": 5, "is_food_desert": false, "store_count": 12, "type_diversity": 5, "barri_name": "Sant Pere, Santa Caterina i la Ribera", "income_index": 18968.0, "c1_density": 0.45608108108108109, "c2_diversity": 0.83333333333333337, "c3_pressure": 0.77278382085552966, "c4_deprivation": 0.22721617914447031, "food_access_score": 54.909909909909913 }, "geometry": { "type": "Polygon", "coordinates": [ [ [ 2.17711354840594, 41.389279712431488 ], [ 2.17744204268939, 41.387501374917321 ], [ 2.179614045918086, 41.386932237295255 ], [ 2.181457650375456, 41.388141445703276 ], [ 2.181129226279758, 41.38991981711758 ], [ 2.178957127536072, 41.390488946224316 ], [ 2.17711354840594, 41.389279712431488 ] ] ] } },
{ "type": "Feature", "properties": { "h3_index": "89394462897ffff", "catchment_store_count": 4, "catchment_type_diversity": 2, "is_food_desert": false, "store_count": 1, "type_diversity": 1, "barri_name": "Torre Baró", "income_index": 12819.0, "c1_density": 0.013513513513513514, "c2_diversity": 0.33333333333333331, "c3_pressure": 0.96893042840281984, "c4_deprivation": 0.031069571597180132, "food_access_score": 27.207207207207208 }, "geometry": { "type": "Polygon", "coordinates": [ [ [ 2.180367135691323, 41.461177447655885 ], [ 2.180695850229558, 41.459400096022271 ], [ 2.182869740019976, 41.458831871895036 ], [ 2.184715010943732, 41.460041007902646 ], [ 2.184386366720461, 41.461818393376745 ], [ 2.182212381255619, 41.462386609003332 ], [ 2.180367135691323, 41.461177447655885 ] ] ] } },
{ "type": "Feature", "properties": { "h3_index": "893944601d3ffff", "catchment_store_count": 69, "catchment_type_diversity": 5, "is_food_desert": false, "store_count": 3, "type_diversity": 1, "barri_name": "Vallcarca i els Penitents", "income_index": 27507.0, "c1_density": 0.23310810810810811, "c2_diversity": 0.83333333333333337, "c3_pressure": 0.50039873680181191, "c4_deprivation": 0.49960126319818815, "food_access_score": 45.990990990991001 }, "geometry": { "type": "Polygon", "coordinates": [ [ [ 2.148088477901476, 41.412105134559127 ], [ 2.148417585996402, 41.4103274312113 ], [ 2.150589812446686, 41.40975922435193 ], [ 2.152433026392318, 41.410968729405596 ], [ 2.152103988452909, 41.412746466670093 ], [ 2.149931666409486, 41.413314664964837 ], [ 2.148088477901476, 41.412105134559127 ] ] ] } },
{ "type": "Feature", "properties": { "h3_index": "8939446294bffff", "catchment_store_count": 3, "catchment_type_diversity": 2, "is_food_desert": false, "store_count": 0, "type_diversity": 0, "barri_name": "el Bon Pastor", "income_index": 14841.0, "c1_density": 0.010135135135135136, "c2_diversity": 0.33333333333333331, "c3_pressure": 0.90443076334173345, "c4_deprivation": 0.09556923665826661, "food_access_score": 27.072072072072075 }, "geometry": { "type": "Polygon", "coordinates": [ [ [ 2.201902816031109, 41.445395529840738 ], [ 2.202231079156145, 41.443617723556436 ], [ 2.204404831630332, 41.443048824191209 ], [ 2.206250416595384, 41.44425773957488 ], [ 2.205922223811076, 41.446035579686509 ], [ 2.203748375718067, 41.446604470587729 ], [ 2.201902816031109, 41.445395529840738 ] ] ] } },
{ "type": "Feature", "properties": { "h3_index": "89394460287ffff", "catchment_store_count": 36, "catchment_type_diversity": 5, "is_food_desert": false, "store_count": 12, "type_diversity": 5, "barri_name": "Pedralbes", "income_index": 42688.0, "c1_density": 0.12162162162162163, "c2_diversity": 0.83333333333333337, "c3_pressure": 0.016140865737344079, "c4_deprivation": 0.98385913426265592, "food_access_score": 41.531531531531535 }, "geometry": { "type": "Polygon", "coordinates": [ [ [ 2.122951529210306, 41.391614231712573 ], [ 2.123281012190768, 41.389836507518538 ], [ 2.125452398376911, 41.389268556330677 ], [ 2.127294397149557, 41.390478337949631 ], [ 2.126964984229933, 41.392256096105847 ], [ 2.124793502473959, 41.392824038681518 ], [ 2.122951529210306, 41.391614231712573 ] ] ] } },
{ "type": "Feature", "properties": { "h3_index": "89394461d13ffff", "catchment_store_count": 120, "catchment_type_diversity": 6, "is_food_desert": false, "store_count": 19, "type_diversity": 5, "barri_name": "el Poble-sec", "income_index": 18196.5, "c1_density": 0.40540540540540543, "c2_diversity": 1.0, "c3_pressure": 0.79739385626335768, "c4_deprivation": 0.20260614373664232, "food_access_score": 56.216216216216218 }, "geometry": { "type": "Polygon", "coordinates": [ [ [ 2.165525511779152, 41.373701062274826 ], [ 2.165854155281786, 41.371922628351236 ], [ 2.168025614508161, 41.371353524924373 ], [ 2.16986852571952, 41.372562863959651 ], [ 2.169539952350875, 41.374341331809127 ], [ 2.167368397633988, 41.37491042669803 ], [ 2.165525511779152, 41.373701062274826 ] ] ] } },
{ "type": "Feature", "properties": { "h3_index": "8939446033bffff", "catchment_store_count": 183, "catchment_type_diversity": 5, "is_food_desert": false, "store_count": 10, "type_diversity": 4, "barri_name": "l'Antiga Esquerra de l'Eixample", "income_index": 28407.0, "c1_density": 0.6182432432432432, "c2_diversity": 0.83333333333333337, "c3_pressure": 0.47168968707135794, "c4_deprivation": 0.52831031292864206, "food_access_score": 61.396396396396391 }, "geometry": { "type": "Polygon", "coordinates": [ [ [ 2.157038207189641, 41.386077392195979 ], [ 2.157367052250567, 41.384299224261007 ], [ 2.159538722823809, 41.383730470828759 ], [ 2.161381643859444, 41.384939893883747 ], [ 2.161052868932493, 41.386718095745017 ], [ 2.158881102833066, 41.387286840625556 ], [ 2.157038207189641, 41.386077392195979 ] ] ] } },
{ "type": "Feature", "properties": { "h3_index": "89394462ab3ffff", "catchment_store_count": 38, "catchment_type_diversity": 5, "is_food_desert": false, "store_count": 1, "type_diversity": 1, "barri_name": "Porta", "income_index": 18299.5, "c1_density": 0.12837837837837837, "c2_diversity": 0.83333333333333337, "c3_pressure": 0.79410826501642795, "c4_deprivation": 0.20589173498357205, "food_access_score": 41.801801801801808 }, "geometry": { "type": "Polygon", "coordinates": [ [ [ 2.176274696784725, 41.438565887966227 ], [ 2.176603397574638, 41.436788258521673 ], [ 2.178776655335327, 41.436219812429989 ], [ 2.180621307930317, 41.437429004294266 ], [ 2.180292677407931, 41.439206667601709 ], [ 2.178119324020162, 41.439775105182576 ], [ 2.176274696784725, 41.438565887966227 ] ] ] } },
{ "type": "Feature", "properties": { "h3_index": "89394461dc7ffff", "catchment_store_count": 122, "catchment_type_diversity": 6, "is_food_desert": false, "store_count": 6, "type_diversity": 3, "barri_name": "el Poble-sec", "income_index": 18196.5, "c1_density": 0.41216216216216217, "c2_diversity": 1.0, "c3_pressure": 0.79739385626335768, "c4_deprivation": 0.20260614373664232, "food_access_score": 56.486486486486484 }, "geometry": { "type": "Polygon", "coordinates": [ [ [ 2.16151127438902, 41.373060673039632 ], [ 2.161839988014894, 41.371282273047171 ], [ 2.164011380716346, 41.370713246430064 ], [ 2.165854155281786, 41.371922628351236 ], [ 2.165525511779152, 41.373701062274826 ], [ 2.163354023584972, 41.374270080346676 ], [ 2.16151127438902, 41.373060673039632 ] ] ] } },
{ "type": "Feature", "properties": { "h3_index": "89394461e7bffff", "catchment_store_count": 0, "catchment_type_diversity": 0, "is_food_desert": true, "store_count": 0, "type_diversity": 0, "barri_name": "la Marina del Prat Vermell", "income_index": 16015.0, "c1_density": 0.0, "c2_diversity": 0.0, "c3_pressure": 0.86698140291556347, "c4_deprivation": 0.1330185970844365, "food_access_score": 20.0 }, "geometry": { "type": "Polygon", "coordinates": [ [ [ 2.128819270385735, 41.337629069726681 ], [ 2.129148437441819, 41.335850519866334 ], [ 2.131318513705241, 41.335281705885905 ], [ 2.133159518352441, 41.336491450374488 ], [ 2.132830421282096, 41.338270034231982 ], [ 2.130660249575934, 41.338838839604335 ], [ 2.128819270385735, 41.337629069726681 ] ] ] } },
{ "type": "Feature", "properties": { "h3_index": "893944604a3ffff", "catchment_store_count": 0, "catchment_type_diversity": 0, "is_food_desert": true, "store_count": 0, "type_diversity": 0, "barri_name": "Sant Genís dels Agudells", "income_index": 19094.0, "c1_density": 0.0, "c2_diversity": 0.0, "c3_pressure": 0.76876455389326614, "c4_deprivation": 0.23123544610673386, "food_access_score": 20.0 }, "geometry": { "type": "Polygon", "coordinates": [ [ [ 2.12254634564918, 41.427237858205082 ], [ 2.122875974666748, 41.425460643282563 ], [ 2.125048269910305, 41.424893188006706 ], [ 2.126891031784117, 41.426102956262575 ], [ 2.126561472885414, 41.427880205120097 ], [ 2.124389081991175, 41.428447651787351 ], [ 2.12254634564918, 41.427237858205082 ] ] ] } },
{ "type": "Feature", "properties": { "h3_index": "89394460557ffff", "catchment_store_count": 37, "catchment_type_diversity": 5, "is_food_desert": false, "store_count": 3, "type_diversity": 2, "barri_name": "Vallcarca i els Penitents", "income_index": 27507.0, "c1_density": 0.125, "c2_diversity": 0.83333333333333337, "c3_pressure": 0.50039873680181191, "c4_deprivation": 0.49960126319818815, "food_access_score": 41.666666666666671 }, "geometry": { "type": "Polygon", "coordinates": [ [ [ 2.138082306717257, 41.421487320592504 ], [ 2.138411632327185, 41.419709857526939 ], [ 2.140583974453076, 41.419141992322714 ], [ 2.142427086589708, 41.420351598766082 ], [ 2.142097831126679, 41.422129095752823 ], [ 2.139925393377281, 41.422696952375603 ], [ 2.138082306717257, 41.421487320592504 ] ] ] } },
{ "type": "Feature", "properties": { "h3_index": "8939446060bffff", "catchment_store_count": 0, "catchment_type_diversity": 0, "is_food_desert": true, "store_count": 0, "type_diversity": 0, "barri_name": "Pedralbes", "income_index": 42688.0, "c1_density": 0.0, "c2_diversity": 0.0, "c3_pressure": 0.016140865737344079, "c4_deprivation": 0.98385913426265592, "food_access_score": 20.0 }, "geometry": { "type": "Polygon", "coordinates": [ [ [ 2.103409249947706, 41.396723078318317 ], [ 2.103739106055437, 41.394945636173823 ], [ 2.105910378260064, 41.394378171383977 ], [ 2.107751889953206, 41.395588157385824 ], [ 2.107422103867491, 41.397365633511512 ], [ 2.105250736063743, 41.397933089654714 ], [ 2.103409249947706, 41.396723078318317 ] ] ] } },
{ "type": "Feature", "properties": { "h3_index": "89394462e37ffff", "catchment_store_count": 11, "catchment_type_diversity": 2, "is_food_desert": false, "store_count": 0, "type_diversity": 0, "barri_name": "Canyelles", "income_index": 19957.0, "c1_density": 0.037162162162162164, "c2_diversity": 0.33333333333333331, "c3_pressure": 0.74123576509617539, "c4_deprivation": 0.25876423490382466, "food_access_score": 28.153153153153156 }, "geometry": { "type": "Polygon", "coordinates": [ [ [ 2.166266027931525, 41.447948734570545 ], [ 2.16659494640979, 41.446171345557183 ], [ 2.168768320331715, 41.445603241269801 ], [ 2.170612871429959, 41.446812534523943 ], [ 2.170284023210606, 41.448589957404693 ], [ 2.168110553631199, 41.449158053164489 ], [ 2.166266027931525, 41.447948734570545 ] ] ] } },
{ "type": "Feature", "properties": { "h3_index": "893944608dbffff", "catchment_store_count": 47, "catchment_type_diversity": 4, "is_food_desert": false, "store_count": 2, "type_diversity": 2, "barri_name": "la Vila Olímpica del Poblenou", "income_index": 32434.0, "c1_density": 0.15878378378378377, "c2_diversity": 0.66666666666666663, "c3_pressure": 0.34323263899964906, "c4_deprivation": 0.65676736100035094, "food_access_score": 39.684684684684676 }, "geometry": { "type": "Polygon", "coordinates": [ [ [ 2.192192761318761, 41.397174659103115 ], [ 2.192521013291059, 41.395396272128423 ], [ 2.194693406926204, 41.39482692087806 ], [ 2.196537644105076, 41.396035965090348 ], [ 2.196209462369995, 41.397814385941246 ], [ 2.194036973215938, 41.398383728704253 ], [ 2.192192761318761, 41.397174659103115 ] ] ] } },
{ "type": "Feature", "properties": { "h3_index": "89394462367ffff", "catchment_store_count": 1, "catchment_type_diversity": 1, "is_food_desert": false, "store_count": 0, "type_diversity": 0, "barri_name": "Sant Genís dels Agudells", "income_index": 19094.0, "c1_density": 0.0033783783783783786, "c2_diversity": 0.16666666666666666, "c3_pressure": 0.76876455389326614, "c4_deprivation": 0.23123544610673386, "food_access_score": 23.468468468468469 }, "geometry": { "type": "Polygon", "coordinates": [ [ [ 2.133604005280369, 41.434496317316757 ], [ 2.133933462550223, 41.432719086898402 ], [ 2.136106082651313, 41.43215149515482 ], [ 2.137949341136726, 41.433361142418057 ], [ 2.137619954024527, 41.435138406752749 ], [ 2.13544723826641, 41.435705989908456 ], [ 2.133604005280369, 41.434496317316757 ] ] ] } },
{ "type": "Feature", "properties": { "h3_index": "89394463107ffff", "catchment_store_count": 0, "catchment_type_diversity": 0, "is_food_desert": true, "store_count": 0, "type_diversity": 0, "barri_name": "Vallvidrera, el Tibidabo i les Planes", "income_index": 32833.0, "c1_density": 0.0, "c2_diversity": 0.0, "c3_pressure": 0.33050496028581455, "c4_deprivation": 0.66949503971418545, "food_access_score": 20.0 }, "geometry": { "type": "Polygon", "coordinates": [ [ [ 2.09142319402293, 41.416763859488292 ], [ 2.091753344897885, 41.414986829998924 ], [ 2.093924980820386, 41.414419894920165 ], [ 2.095766561520321, 41.415629997997058 ], [ 2.095436480671568, 41.417407061466122 ], [ 2.093264749093811, 41.417973987879172 ], [ 2.09142319402293, 41.416763859488292 ] ] ] } },
{ "type": "Feature", "properties": { "h3_index": "89394462e23ffff", "catchment_store_count": 14, "catchment_type_diversity": 3, "is_food_desert": false, "store_count": 0, "type_diversity": 0, "barri_name": "Canyelles", "income_index": 19957.0, "c1_density": 0.0472972972972973, "c2_diversity": 0.5, "c3_pressure": 0.74123576509617539, "c4_deprivation": 0.25876423490382466, "food_access_score": 31.891891891891895 }, "geometry": { "type": "Polygon", "coordinates": [ [ [ 2.164750532195752, 41.444962009244016 ], [ 2.165079466498933, 41.443184593984839 ], [ 2.167252744768729, 41.442616481166773 ], [ 2.169097184384595, 41.44382579213913 ], [ 2.168768320331715, 41.445603241269801 ], [ 2.16659494640979, 41.446171345557183 ], [ 2.164750532195752, 41.444962009244016 ] ] ] } },
{ "type": "Feature", "properties": { "h3_index": "893944631bbffff", "catchment_store_count": 1, "catchment_type_diversity": 1, "is_food_desert": false, "store_count": 0, "type_diversity": 0, "barri_name": "Vallvidrera, el Tibidabo i les Planes", "income_index": 32833.0, "c1_density": 0.0033783783783783786, "c2_diversity": 0.16666666666666666, "c3_pressure": 0.33050496028581455, "c4_deprivation": 0.66949503971418545, "food_access_score": 23.468468468468469 }, "geometry": { "type": "Polygon", "coordinates": [ [ [ 2.090432663988823, 41.422094775493164 ], [ 2.090762853569148, 41.420317832238304 ], [ 2.092934613880359, 41.419750991244307 ], [ 2.094776280276574, 41.420961102172562 ], [ 2.09444616072889, 41.422738079404134 ], [ 2.092274304749472, 41.423304911731307 ], [ 2.090432663988823, 41.422094775493164 ] ] ] } },
{ "type": "Feature", "properties": { "h3_index": "89394461897ffff", "catchment_store_count": 0, "catchment_type_diversity": 0, "is_food_desert": true, "store_count": 0, "type_diversity": 0, "barri_name": "el Poble-sec", "income_index": 18196.5, "c1_density": 0.0, "c2_diversity": 0.0, "c3_pressure": 0.79739385626335768, "c4_deprivation": 0.20260614373664232, "food_access_score": 20.0 }, "geometry": { "type": "Polygon", "coordinates": [ [ [ 2.155456339547929, 41.361109112952029 ], [ 2.155785116296316, 41.3593306088923 ], [ 2.157956127080273, 41.358761548063462 ], [ 2.15979845658432, 41.359970999852472 ], [ 2.159469749924788, 41.36174953785973 ], [ 2.157298643669466, 41.362318590131025 ], [ 2.155456339547929, 41.361109112952029 ] ] ] } },
{ "type": "Feature", "properties": { "h3_index": "89394460027ffff", "catchment_store_count": 178, "catchment_type_diversity": 6, "is_food_desert": false, "store_count": 8, "type_diversity": 3, "barri_name": "la Vila de Gràcia", "income_index": 24564.0, "c1_density": 0.60135135135135132, "c2_diversity": 1.0, "c3_pressure": 0.59427732942039624, "c4_deprivation": 0.40572267057960382, "food_access_score": 64.054054054054049 }, "geometry": { "type": "Polygon", "coordinates": [ [ [ 2.147561841867274, 41.403784608615339 ], [ 2.147890927140554, 41.402006792964748 ], [ 2.150062933497996, 41.401438483569663 ], [ 2.151905950154123, 41.402647998392361 ], [ 2.151576935021307, 41.404425847966699 ], [ 2.149404833089024, 41.404994148795197 ], [ 2.147561841867274, 41.403784608615339 ] ] ] } },
{ "type": "Feature", "properties": { "h3_index": "89394460dc7ffff", "catchment_store_count": 27, "catchment_type_diversity": 4, "is_food_desert": false, "store_count": 0, "type_diversity": 0, "barri_name": "el Besòs i el Maresme", "income_index": 13735.0, "c1_density": 0.091216216216216214, "c2_diversity": 0.66666666666666663, "c3_pressure": 0.93971099556604676, "c4_deprivation": 0.060289004433953235, "food_access_score": 36.981981981981981 }, "geometry": { "type": "Polygon", "coordinates": [ [ [ 2.21084376746896, 41.419364956880557 ], [ 2.211171767695857, 41.417586685294786 ], [ 2.213344962870714, 41.417017239477488 ], [ 2.215190253367553, 41.418226073697696 ], [ 2.214862323459699, 41.420004379120378 ], [ 2.212689032733104, 41.42057381648651 ], [ 2.21084376746896, 41.419364956880557 ] ] ] } },
{ "type": "Feature", "properties": { "h3_index": "893944600dbffff", "catchment_store_count": 12, "catchment_type_diversity": 5, "is_food_desert": false, "store_count": 0, "type_diversity": 0, "barri_name": "Sarrià", "income_index": 33795.0, "c1_density": 0.040540540540540543, "c2_diversity": 0.83333333333333337, "c3_pressure": 0.29981817601837379, "c4_deprivation": 0.70018182398162621, "food_access_score": 38.288288288288292 }, "geometry": { "type": "Polygon", "coordinates": [ [ [ 2.118473082504527, 41.404625143745875 ], [ 2.11880269709993, 41.402847651855851 ], [ 2.120974360926516, 41.402279974064214 ], [ 2.122816505758085, 41.403489796781848 ], [ 2.122486961234224, 41.4052673226292 ], [ 2.120315201804366, 41.40583499180218 ], [ 2.118473082504527, 41.404625143745875 ] ] ] } },
{ "type": "Feature", "properties": { "h3_index": "893944606abffff", "catchment_store_count": 1, "catchment_type_diversity": 1, "is_food_desert": false, "store_count": 0, "type_diversity": 0, "barri_name": "Sarrià", "income_index": 33795.0, "c1_density": 0.0033783783783783786, "c2_diversity": 0.16666666666666666, "c3_pressure": 0.29981817601837379, "c4_deprivation": 0.70018182398162621, "food_access_score": 23.468468468468469 }, "geometry": { "type": "Polygon", "coordinates": [ [ [ 2.110445936009753, 41.403340427217763 ], [ 2.110775690715924, 41.401563003258104 ], [ 2.112947220947601, 41.400995479002695 ], [ 2.114789092077896, 41.402205387340722 ], [ 2.11445940742174, 41.403982845268168 ], [ 2.112287781582389, 41.404550360890369 ], [ 2.110445936009753, 41.403340427217763 ] ] ] } },
{ "type": "Feature", "properties": { "h3_index": "89394462853ffff", "catchment_store_count": 20, "catchment_type_diversity": 3, "is_food_desert": false, "store_count": 3, "type_diversity": 2, "barri_name": "Verdun", "income_index": 15160.0, "c1_density": 0.067567567567567571, "c2_diversity": 0.5, "c3_pressure": 0.89425500015949466, "c4_deprivation": 0.10574499984050528, "food_access_score": 32.702702702702702 }, "geometry": { "type": "Polygon", "coordinates": [ [ [ 2.172786311972801, 41.446244353303968 ], [ 2.173115105764639, 41.444466870307039 ], [ 2.175288517263339, 41.443898603630167 ], [ 2.177133230614969, 41.445107828466909 ], [ 2.176804507094977, 41.446885345324851 ], [ 2.174630999948655, 41.447453603485648 ], [ 2.172786311972801, 41.446244353303968 ] ] ] } },
{ "type": "Feature", "properties": { "h3_index": "89394460e7bffff", "catchment_store_count": 129, "catchment_type_diversity": 6, "is_food_desert": false, "store_count": 12, "type_diversity": 5, "barri_name": "el Barri Gòtic", "income_index": 18972.0, "c1_density": 0.4358108108108108, "c2_diversity": 1.0, "c3_pressure": 0.77265622507894993, "c4_deprivation": 0.22734377492105012, "food_access_score": 57.432432432432435 }, "geometry": { "type": "Polygon", "coordinates": [ [ [ 2.178098992731173, 41.383944613812673 ], [ 2.178427448490982, 41.38216619022802 ], [ 2.180599327189172, 41.381596958718113 ], [ 2.182442845626755, 41.382806159307648 ], [ 2.182114460048219, 41.384584616795394 ], [ 2.179942485847972, 41.385153839791109 ], [ 2.178098992731173, 41.383944613812673 ] ] ] } },
{ "type": "Feature", "properties": { "h3_index": "8939446018fffff", "catchment_store_count": 100, "catchment_type_diversity": 5, "is_food_desert": false, "store_count": 8, "type_diversity": 4, "barri_name": "el Camp d'en Grassot i Gràcia Nova", "income_index": 25106.0, "c1_density": 0.33783783783783783, "c2_diversity": 0.83333333333333337, "c3_pressure": 0.57698810169383385, "c4_deprivation": 0.42301189830616609, "food_access_score": 50.18018018018018 }, "geometry": { "type": "Polygon", "coordinates": [ [ [ 2.160135619910474, 41.414028771511738 ], [ 2.160464517506562, 41.412250966429603 ], [ 2.162636943847982, 41.411682529010072 ], [ 2.164480568176891, 41.41289190521605 ], [ 2.164151740768599, 41.414669744199166 ], [ 2.161979218840718, 41.415238173075913 ], [ 2.160135619910474, 41.414028771511738 ] ] ] } },
{ "type": "Feature", "properties": { "h3_index": "89394461c1bffff", "catchment_store_count": 79, "catchment_type_diversity": 5, "is_food_desert": false, "store_count": 5, "type_diversity": 3, "barri_name": "la Marina de Port", "income_index": 18227.0, "c1_density": 0.26689189189189189, "c2_diversity": 0.83333333333333337, "c3_pressure": 0.79642093846693673, "c4_deprivation": 0.20357906153306327, "food_access_score": 47.342342342342349 }, "geometry": { "type": "Polygon", "coordinates": [ [ [ 2.135917434484193, 41.366227947077753 ], [ 2.136246584359197, 41.364449724775746 ], [ 2.138417482045943, 41.363881150253142 ], [ 2.14025932535557, 41.365090806625147 ], [ 2.139930245530718, 41.36686906289377 ], [ 2.137759252343221, 41.367437628824391 ], [ 2.135917434484193, 41.366227947077753 ] ] ] } },
{ "type": "Feature", "properties": { "h3_index": "89394460243ffff", "catchment_store_count": 34, "catchment_type_diversity": 5, "is_food_desert": false, "store_count": 6, "type_diversity": 4, "barri_name": "la Maternitat i Sant Ramon", "income_index": 25111.0, "c1_density": 0.11486486486486487, "c2_diversity": 0.83333333333333337, "c3_pressure": 0.57682860697310923, "c4_deprivation": 0.42317139302689083, "food_access_score": 41.261261261261261 }, "geometry": { "type": "Polygon", "coordinates": [ [ [ 2.115390903995229, 41.37667605386843 ], [ 2.115720465501145, 41.374898199460056 ], [ 2.11789137391871, 41.37433020516503 ], [ 2.119732816370468, 41.375540073906564 ], [ 2.119403324882399, 41.377317962297646 ], [ 2.117232320921849, 41.37788594796509 ], [ 2.115390903995229, 41.37667605386843 ] ] ] } },
{ "type": "Feature", "properties": { "h3_index": "89394461ccfffff", "catchment_store_count": 69, "catchment_type_diversity": 5, "is_food_desert": false, "store_count": 1, "type_diversity": 1, "barri_name": "la Marina de Port", "income_index": 18227.0, "c1_density": 0.23310810810810811, "c2_diversity": 0.83333333333333337, "c3_pressure": 0.79642093846693673, "c4_deprivation": 0.20357906153306327, "food_access_score": 45.990990990990994 }, "geometry": { "type": "Polygon", "coordinates": [ [ [ 2.131904826782694, 41.365586711730806 ], [ 2.132234046697103, 41.363808523400657 ], [ 2.134404877735307, 41.363240025623185 ], [ 2.136246584359197, 41.364449724775746 ], [ 2.135917434484193, 41.366227947077753 ], [ 2.133746507943022, 41.366796436255939 ], [ 2.131904826782694, 41.365586711730806 ] ] ] } },
{ "type": "Feature", "properties": { "h3_index": "89394462a6fffff", "catchment_store_count": 115, "catchment_type_diversity": 6, "is_food_desert": false, "store_count": 11, "type_diversity": 5, "barri_name": "el Guinardó", "income_index": 21610.0, "c1_density": 0.38851351351351349, "c2_diversity": 1.0, "c3_pressure": 0.68850681042457496, "c4_deprivation": 0.31149318957542504, "food_access_score": 55.540540540540547 }, "geometry": { "type": "Polygon", "coordinates": [ [ [ 2.177716868697276, 41.419579087138025 ], [ 2.178045469639416, 41.417801172655423 ], [ 2.180218257836431, 41.417232436221191 ], [ 2.182062540671243, 41.418441622780719 ], [ 2.181734009968546, 41.420219571139235 ], [ 2.179561126188716, 41.42078829906292 ], [ 2.177716868697276, 41.419579087138025 ] ] ] } },
{ "type": "Feature", "properties": { "h3_index": "89394461d83ffff", "catchment_store_count": 200, "catchment_type_diversity": 6, "is_food_desert": false, "store_count": 11, "type_diversity": 4, "barri_name": "el Raval", "income_index": 13991.0, "c1_density": 0.67567567567567566, "c2_diversity": 1.0, "c3_pressure": 0.9315448658649399, "c4_deprivation": 0.068455134135060131, "food_access_score": 67.027027027027032 }, "geometry": { "type": "Polygon", "coordinates": [ [ [ 2.164539504199977, 41.379036192009778 ], [ 2.164868186238981, 41.377257844106992 ], [ 2.167039769931256, 41.376688834577315 ], [ 2.168882767085099, 41.37789818149011 ], [ 2.16855415518654, 41.379676563315812 ], [ 2.166382475990811, 41.380245564306378 ], [ 2.164539504199977, 41.379036192009778 ] ] ] } },
{ "type": "Feature", "properties": { "h3_index": "8939446ad0fffff", "catchment_store_count": 0, "catchment_type_diversity": 0, "is_food_desert": true, "store_count": 0, "type_diversity": 0, "barri_name": "la Marina del Prat Vermell", "income_index": 16015.0, "c1_density": 0.0, "c2_diversity": 0.0, "c3_pressure": 0.86698140291556347, "c4_deprivation": 0.1330185970844365, "food_access_score": 20.0 }, "geometry": { "type": "Polygon", "coordinates": [ [ [ 2.121262033815239, 41.322686952693424 ], [ 2.121591279357816, 41.32090827336846 ], [ 2.123760878487812, 41.320339416301728 ], [ 2.125601327488334, 41.321549247183924 ], [ 2.125272151888567, 41.323327960526534 ], [ 2.123102457342606, 41.323896808969899 ], [ 2.121262033815239, 41.322686952693424 ] ] ] } },
{ "type": "Feature", "properties": { "h3_index": "893944603abffff", "catchment_store_count": 153, "catchment_type_diversity": 5, "is_food_desert": false, "store_count": 11, "type_diversity": 3, "barri_name": "l'Antiga Esquerra de l'Eixample", "income_index": 28407.0, "c1_density": 0.51689189189189189, "c2_diversity": 0.83333333333333337, "c3_pressure": 0.47168968707135794, "c4_deprivation": 0.52831031292864206, "food_access_score": 57.342342342342349 }, "geometry": { "type": "Polygon", "coordinates": [ [ [ 2.15605159488329, 41.391411723843071 ], [ 2.156380478506731, 41.389633641989903 ], [ 2.158552273558966, 41.389064982485955 ], [ 2.160395280524041, 41.39027441338861 ], [ 2.160066467041029, 41.392052529165106 ], [ 2.157894576449664, 41.392621180116208 ], [ 2.15605159488329, 41.391411723843071 ] ] ] } },
{ "type": "Feature", "properties": { "h3_index": "89394461e37ffff", "catchment_store_count": 2, "catchment_type_diversity": 2, "is_food_desert": false, "store_count": 0, "type_diversity": 0, "barri_name": "la Marina del Prat Vermell", "income_index": 16015.0, "c1_density": 0.0067567567567567571, "c2_diversity": 0.33333333333333331, "c3_pressure": 0.86698140291556347, "c4_deprivation": 0.1330185970844365, "food_access_score": 26.936936936936938 }, "geometry": { "type": "Polygon", "coordinates": [ [ [ 2.141378879342896, 41.347875578594845 ], [ 2.141707859222281, 41.346097038560963 ], [ 2.143878355036834, 41.345528096949835 ], [ 2.145719966423499, 41.346737703957523 ], [ 2.145391056577072, 41.348516277965821 ], [ 2.143220465308137, 41.349085210992612 ], [ 2.141378879342896, 41.347875578594845 ] ] ] } },
{ "type": "Feature", "properties": { "h3_index": "89394462bd7ffff", "catchment_store_count": 17, "catchment_type_diversity": 5, "is_food_desert": false, "store_count": 1, "type_diversity": 1, "barri_name": "el Bon Pastor", "income_index": 14841.0, "c1_density": 0.057432432432432436, "c2_diversity": 0.83333333333333337, "c3_pressure": 0.90443076334173345, "c4_deprivation": 0.09556923665826661, "food_access_score": 38.963963963963963 }, "geometry": { "type": "Polygon", "coordinates": [ [ [ 2.190831196163945, 41.438141458841876 ], [ 2.191159631695986, 41.436363667735847 ], [ 2.193333059980429, 41.435794905365121 ], [ 2.195178148342611, 41.437003942585775 ], [ 2.194849783112546, 41.438781767537861 ], [ 2.192676259215435, 41.439350521423819 ], [ 2.190831196163945, 41.438141458841876 ] ] ] } },
{ "type": "Feature", "properties": { "h3_index": "89394460513ffff", "catchment_store_count": 41, "catchment_type_diversity": 5, "is_food_desert": false, "store_count": 0, "type_diversity": 0, "barri_name": "la Vall d'Hebron", "income_index": 22643.5, "c1_density": 0.13851351351351351, "c2_diversity": 0.83333333333333337, "c3_pressure": 0.65553925165077032, "c4_deprivation": 0.34446074834922963, "food_access_score": 42.207207207207212 }, "geometry": { "type": "Polygon", "coordinates": [ [ [ 2.141109987495911, 41.427461414201289 ], [ 2.141439281580511, 41.425684003473314 ], [ 2.143611814958787, 41.425116155428874 ], [ 2.145455149883797, 41.426325726688248 ], [ 2.145125925963308, 41.42810317132917 ], [ 2.142953296950816, 41.428671010798354 ], [ 2.141109987495911, 41.427461414201289 ] ] ] } },
{ "type": "Feature", "properties": { "h3_index": "893944605c7ffff", "catchment_store_count": 26, "catchment_type_diversity": 5, "is_food_desert": false, "store_count": 0, "type_diversity": 0, "barri_name": "Sant Genís dels Agudells", "income_index": 19094.0, "c1_density": 0.087837837837837843, "c2_diversity": 0.83333333333333337, "c3_pressure": 0.76876455389326614, "c4_deprivation": 0.23123544610673386, "food_access_score": 40.180180180180187 }, "geometry": { "type": "Polygon", "coordinates": [ [ [ 2.137094252632942, 41.42681953728345 ], [ 2.137423616870882, 41.425042160473652 ], [ 2.139596083527886, 41.424474389277044 ], [ 2.141439281580511, 41.425684003473314 ], [ 2.141109987495911, 41.427461414201289 ], [ 2.138937425202461, 41.428029176815379 ], [ 2.137094252632942, 41.42681953728345 ] ] ] } },
{ "type": "Feature", "properties": { "h3_index": "89394461367ffff", "catchment_store_count": 4, "catchment_type_diversity": 2, "is_food_desert": false, "store_count": 1, "type_diversity": 1, "barri_name": "la Marina del Prat Vermell", "income_index": 16015.0, "c1_density": 0.013513513513513514, "c2_diversity": 0.33333333333333331, "c3_pressure": 0.86698140291556347, "c4_deprivation": 0.1330185970844365, "food_access_score": 27.207207207207208 }, "geometry": { "type": "Polygon", "coordinates": [ [ [ 2.108766565213827, 41.334422456817272 ], [ 2.109096082037494, 41.332644077021136 ], [ 2.111265824948007, 41.332075646402693 ], [ 2.11310614648571, 41.333285604225395 ], [ 2.112776699594076, 41.335064018044832 ], [ 2.110606861229843, 41.335632440018834 ], [ 2.108766565213827, 41.334422456817272 ] ] ] } },
{ "type": "Feature", "properties": { "h3_index": "8939446067bffff", "catchment_store_count": 5, "catchment_type_diversity": 3, "is_food_desert": false, "store_count": 0, "type_diversity": 0, "barri_name": "Pedralbes", "income_index": 42688.0, "c1_density": 0.016891891891891893, "c2_diversity": 0.5, "c3_pressure": 0.016140865737344079, "c4_deprivation": 0.98385913426265592, "food_access_score": 30.675675675675677 }, "geometry": { "type": "Polygon", "coordinates": [ [ [ 2.104398779609963, 41.391390665769137 ], [ 2.104728597058183, 41.389613137514722 ], [ 2.106899744912927, 41.389045578695672 ], [ 2.108741170902734, 41.39025555677712 ], [ 2.108411423470085, 41.392033119015736 ], [ 2.106240180029189, 41.392600669189264 ], [ 2.104398779609963, 41.391390665769137 ] ] ] } },
{ "type": "Feature", "properties": { "h3_index": "89394462ea7ffff", "catchment_store_count": 0, "catchment_type_diversity": 0, "is_food_desert": true, "store_count": 0, "type_diversity": 0, "barri_name": "Torre Baró", "income_index": 12819.0, "c1_density": 0.0, "c2_diversity": 0.0, "c3_pressure": 0.96893042840281984, "c4_deprivation": 0.031069571597180132, "food_access_score": 20.0 }, "geometry": { "type": "Polygon", "coordinates": [ [ [ 2.165279195292697, 41.453280728848405 ], [ 2.165608152373694, 41.451503426219041 ], [ 2.167781650982125, 41.450935415922714 ], [ 2.169626288177101, 41.452144716785014 ], [ 2.169297401361493, 41.453922053278795 ], [ 2.167123807082613, 41.454490055046428 ], [ 2.165279195292697, 41.453280728848405 ] ] ] } },
{ "type": "Feature", "properties": { "h3_index": "8939446226fffff", "catchment_store_count": 0, "catchment_type_diversity": 0, "is_food_desert": true, "store_count": 0, "type_diversity": 0, "barri_name": "Vallvidrera, el Tibidabo i les Planes", "income_index": 32833.0, "c1_density": 0.0, "c2_diversity": 0.0, "c3_pressure": 0.33050496028581455, "c4_deprivation": 0.66949503971418545, "food_access_score": 20.0 }, "geometry": { "type": "Polygon", "coordinates": [ [ [ 2.103985853761773, 41.427011355419722 ], [ 2.10431581752469, 41.425234336401445 ], [ 2.106487874227178, 41.424667273758438 ], [ 2.108330062830905, 41.425877238776181 ], [ 2.108000169141572, 41.427654291751438 ], [ 2.105828016772052, 41.428221345752547 ], [ 2.103985853761773, 41.427011355419722 ] ] ] } },
{ "type": "Feature", "properties": { "h3_index": "89394460897ffff", "catchment_store_count": 70, "catchment_type_diversity": 5, "is_food_desert": false, "store_count": 2, "type_diversity": 2, "barri_name": "el Poblenou", "income_index": 23813.0, "c1_density": 0.23648648648648649, "c2_diversity": 0.83333333333333337, "c3_pressure": 0.61823343647325268, "c4_deprivation": 0.38176656352674726, "food_access_score": 46.126126126126124 }, "geometry": { "type": "Polygon", "coordinates": [ [ [ 2.20477591727157, 41.407416097731705 ], [ 2.205103981101431, 41.405637721440755 ], [ 2.207276794122732, 41.405068241787916 ], [ 2.209121638841684, 41.406277146890154 ], [ 2.208793645296363, 41.408055557034501 ], [ 2.206620736744669, 41.40862502822381 ], [ 2.20477591727157, 41.407416097731705 ] ] ] } },
{ "type": "Feature", "properties": { "h3_index": "89394462323ffff", "catchment_store_count": 0, "catchment_type_diversity": 0, "is_food_desert": true, "store_count": 0, "type_diversity": 0, "barri_name": "Montbau", "income_index": 20566.5, "c1_density": 0.0, "c2_diversity": 0.0, "c3_pressure": 0.72179335863982907, "c4_deprivation": 0.27820664136017098, "food_access_score": 20.0 }, "geometry": { "type": "Polygon", "coordinates": [ [ [ 2.136631715406757, 41.440470027117563 ], [ 2.136961141160278, 41.438692849105394 ], [ 2.139133952580759, 41.438125274534443 ], [ 2.14097743391261, 41.439334886557916 ], [ 2.140648078333954, 41.4411120984782 ], [ 2.138475171245715, 41.441679664467472 ], [ 2.136631715406757, 41.440470027117563 ] ] ] } },
{ "type": "Feature", "properties": { "h3_index": "89394463177ffff", "catchment_store_count": 0, "catchment_type_diversity": 0, "is_food_desert": true, "store_count": 0, "type_diversity": 0, "barri_name": "Vallvidrera, el Tibidabo i les Planes", "income_index": 32833.0, "c1_density": 0.0, "c2_diversity": 0.0, "c3_pressure": 0.33050496028581455, "c4_deprivation": 0.66949503971418545, "food_access_score": 20.0 }, "geometry": { "type": "Polygon", "coordinates": [ [ [ 2.092413607947532, 41.41143268480598 ], [ 2.092743720123682, 41.409655569108189 ], [ 2.094915231670431, 41.409088539953238 ], [ 2.096756726680415, 41.410298635161247 ], [ 2.096426684524, 41.412075784841711 ], [ 2.094255077334967, 41.412642805332084 ], [ 2.092413607947532, 41.41143268480598 ] ] ] } },
{ "type": "Feature", "properties": { "h3_index": "89394461853ffff", "catchment_store_count": 0, "catchment_type_diversity": 0, "is_food_desert": true, "store_count": 0, "type_diversity": 0, "barri_name": "la Marina del Prat Vermell", "income_index": 16015.0, "c1_density": 0.0, "c2_diversity": 0.0, "c3_pressure": 0.86698140291556347, "c4_deprivation": 0.1330185970844365, "food_access_score": 20.0 }, "geometry": { "type": "Polygon", "coordinates": [ [ [ 2.147890528815449, 41.346168685611225 ], [ 2.148219384371054, 41.344390051677671 ], [ 2.15038991787851, 41.34382094801515 ], [ 2.152231691272086, 41.345030486859628 ], [ 2.151902905762349, 41.346809154761239 ], [ 2.149732276810302, 41.34737824985087 ], [ 2.147890528815449, 41.346168685611225 ] ] ] } },
{ "type": "Feature", "properties": { "h3_index": "89394460c1bffff", "catchment_store_count": 136, "catchment_type_diversity": 5, "is_food_desert": false, "store_count": 3, "type_diversity": 2, "barri_name": "el Clot", "income_index": 21704.0, "c1_density": 0.45945945945945948, "c2_diversity": 0.83333333333333337, "c3_pressure": 0.68550830967494969, "c4_deprivation": 0.31449169032505025, "food_access_score": 55.045045045045036 }, "geometry": { "type": "Polygon", "coordinates": [ [ [ 2.185220785776997, 41.412538697992375 ], [ 2.185549223547715, 41.410760603372779 ], [ 2.187721924567711, 41.410191610699691 ], [ 2.189566283374139, 41.411400721144751 ], [ 2.189237915849313, 41.413178849636878 ], [ 2.187065119269298, 41.413747833811982 ], [ 2.185220785776997, 41.412538697992375 ] ] ] } },
{ "type": "Feature", "properties": { "h3_index": "89394460543ffff", "catchment_store_count": 41, "catchment_type_diversity": 5, "is_food_desert": false, "store_count": 1, "type_diversity": 1, "barri_name": "Vallcarca i els Penitents", "income_index": 27507.0, "c1_density": 0.13851351351351351, "c2_diversity": 0.83333333333333337, "c3_pressure": 0.50039873680181191, "c4_deprivation": 0.49960126319818815, "food_access_score": 42.207207207207212 }, "geometry": { "type": "Polygon", "coordinates": [ [ [ 2.136568657050171, 41.418500208169434 ], [ 2.136897998416328, 41.416722718949039 ], [ 2.139070244924103, 41.416154845160314 ], [ 2.140913245680971, 41.417364469177073 ], [ 2.140583974453076, 41.419141992322714 ], [ 2.138411632327185, 41.419709857526939 ], [ 2.136568657050171, 41.418500208169434 ] ] ] } },
{ "type": "Feature", "properties": { "h3_index": "89394463393ffff", "catchment_store_count": 0, "catchment_type_diversity": 0, "is_food_desert": true, "store_count": 0, "type_diversity": 0, "barri_name": "Vallvidrera, el Tibidabo i les Planes", "income_index": 32833.0, "c1_density": 0.0, "c2_diversity": 0.0, "c3_pressure": 0.33050496028581455, "c4_deprivation": 0.66949503971418545, "food_access_score": 20.0 }, "geometry": { "type": "Polygon", "coordinates": [ [ [ 2.070841072116485, 41.405228095382817 ], [ 2.07117154984411, 41.403451123596753 ], [ 2.073342630977162, 41.402884469333294 ], [ 2.075183330027441, 41.404094795560496 ], [ 2.074852922257093, 41.405871801359403 ], [ 2.072681745476292, 41.406438446918834 ], [ 2.070841072116485, 41.405228095382817 ] ] ] } },
{ "type": "Feature", "properties": { "h3_index": "89394460ccfffff", "catchment_store_count": 181, "catchment_type_diversity": 5, "is_food_desert": false, "store_count": 10, "type_diversity": 4, "barri_name": "el Camp de l'Arpa del Clot", "income_index": 22131.0, "c1_density": 0.61148648648648651, "c2_diversity": 0.83333333333333337, "c3_pressure": 0.67188746052505666, "c4_deprivation": 0.3281125394749434, "food_access_score": 61.126126126126138 }, "geometry": { "type": "Polygon", "coordinates": [ [ [ 2.181203858939745, 41.411898426404278 ], [ 2.181532366945593, 41.410120365662451 ], [ 2.183705001469866, 41.409551449893776 ], [ 2.185549223547715, 41.410760603372779 ], [ 2.185220785776997, 41.412538697992375 ], [ 2.183048055690442, 41.413107605255796 ], [ 2.181203858939745, 41.411898426404278 ] ] ] } },
{ "type": "Feature", "properties": { "h3_index": "89394460097ffff", "catchment_store_count": 21, "catchment_type_diversity": 5, "is_food_desert": false, "store_count": 0, "type_diversity": 0, "barri_name": "Sant Gervasi - la Bonanova", "income_index": 36213.5, "c1_density": 0.070945945945945943, "c2_diversity": 0.83333333333333337, "c3_pressure": 0.22267057960381509, "c4_deprivation": 0.77732942039618491, "food_access_score": 39.504504504504503 }, "geometry": { "type": "Polygon", "coordinates": [ [ [ 2.131040227688977, 41.414871139183433 ], [ 2.131369654925992, 41.413093657752157 ], [ 2.133541739090864, 41.412525852194527 ], [ 2.135384491630804, 41.413735536663644 ], [ 2.135055134512653, 41.415513052029524 ], [ 2.132882954732814, 41.416080848992273 ], [ 2.131040227688977, 41.414871139183433 ] ] ] } },
{ "type": "Feature", "properties": { "h3_index": "8939446280fffff", "catchment_store_count": 11, "catchment_type_diversity": 3, "is_food_desert": false, "store_count": 0, "type_diversity": 0, "barri_name": "Sant Andreu", "income_index": 22418.0, "c1_density": 0.037162162162162164, "c2_diversity": 0.5, "c3_pressure": 0.66273246355545634, "c4_deprivation": 0.33726753644454366, "food_access_score": 31.486486486486491 }, "geometry": { "type": "Polygon", "coordinates": [ [ [ 2.184841507686256, 41.448166969240255 ], [ 2.185170090630257, 41.446389384675932 ], [ 2.18734370184166, 41.445820887149296 ], [ 2.189188825747055, 41.447029982681791 ], [ 2.188860313107202, 41.448807601091431 ], [ 2.186686606254921, 41.44937609012382 ], [ 2.184841507686256, 41.448166969240255 ] ] ] } },
{ "type": "Feature", "properties": { "h3_index": "89394460e37ffff", "catchment_store_count": 33, "catchment_type_diversity": 4, "is_food_desert": false, "store_count": 2, "type_diversity": 2, "barri_name": "la Vila Olímpica del Poblenou", "income_index": 32434.0, "c1_density": 0.11148648648648649, "c2_diversity": 0.66666666666666663, "c3_pressure": 0.34323263899964906, "c4_deprivation": 0.65676736100035094, "food_access_score": 37.792792792792795 }, "geometry": { "type": "Polygon", "coordinates": [ [ [ 2.190676912776032, 41.394187184896822 ], [ 2.191005180608299, 41.392408771805385 ], [ 2.193177478729854, 41.391839412064641 ], [ 2.195021604529858, 41.393048473906333 ], [ 2.194693406926204, 41.39482692087806 ], [ 2.192521013291059, 41.395396272128423 ], [ 2.190676912776032, 41.394187184896822 ] ] ] } },
{ "type": "Feature", "properties": { "h3_index": "8939446014bffff", "catchment_store_count": 235, "catchment_type_diversity": 6, "is_food_desert": false, "store_count": 14, "type_diversity": 3, "barri_name": "la Vila de Gràcia", "income_index": 24564.0, "c1_density": 0.79391891891891897, "c2_diversity": 1.0, "c3_pressure": 0.59427732942039624, "c4_deprivation": 0.40572267057960382, "food_access_score": 71.756756756756772 }, "geometry": { "type": "Polygon", "coordinates": [ [ [ 2.152563941836082, 41.399092213092167 ], [ 2.152892918386689, 41.397314277372139 ], [ 2.15506486687621, 41.396745797192466 ], [ 2.156907934371903, 41.397955261291621 ], [ 2.15657902796606, 41.399733230933144 ], [ 2.154406983916869, 41.400301702554628 ], [ 2.152563941836082, 41.399092213092167 ] ] ] } },
{ "type": "Feature", "properties": { "h3_index": "893944628c3ffff", "catchment_store_count": 10, "catchment_type_diversity": 3, "is_food_desert": false, "store_count": 0, "type_diversity": 0, "barri_name": "les Roquetes", "income_index": 13630.5, "c1_density": 0.033783783783783786, "c2_diversity": 0.5, "c3_pressure": 0.9430444352291939, "c4_deprivation": 0.056955564770806086, "food_access_score": 31.351351351351354 }, "geometry": { "type": "Polygon", "coordinates": [ [ [ 2.171799853419352, 41.451576629549734 ], [ 2.172128685800898, 41.449799232928207 ], [ 2.174302221998969, 41.449231060228549 ], [ 2.176147021473211, 41.450440292668183 ], [ 2.17581825936998, 41.452217723147747 ], [ 2.173644627511307, 41.452785887330194 ], [ 2.171799853419352, 41.451576629549734 ] ] ] } },
{ "type": "Feature", "properties": { "h3_index": "89394461c8bffff", "catchment_store_count": 105, "catchment_type_diversity": 6, "is_food_desert": false, "store_count": 7, "type_diversity": 4, "barri_name": "la Bordeta", "income_index": 21116.0, "c1_density": 0.35472972972972971, "c2_diversity": 1.0, "c3_pressure": 0.70426488883217964, "c4_deprivation": 0.29573511116782036, "food_access_score": 54.189189189189193 }, "geometry": { "type": "Polygon", "coordinates": [ [ [ 2.134929907697775, 41.371562442018771 ], [ 2.135259096154196, 41.369784305702176 ], [ 2.137430118203658, 41.369215825120179 ], [ 2.139272047307478, 41.370425489448472 ], [ 2.138942928907628, 41.372203659728712 ], [ 2.136771811344516, 41.372772131717575 ], [ 2.134929907697775, 41.371562442018771 ] ] ] } },
{ "type": "Feature", "properties": { "h3_index": "893944602b3ffff", "catchment_store_count": 45, "catchment_type_diversity": 5, "is_food_desert": false, "store_count": 0, "type_diversity": 0, "barri_name": "les Corts", "income_index": 28740.0, "c1_density": 0.15202702702702703, "c2_diversity": 0.83333333333333337, "c3_pressure": 0.46106733867108995, "c4_deprivation": 0.53893266132891005, "food_access_score": 42.747747747747752 }, "geometry": { "type": "Polygon", "coordinates": [ [ [ 2.126964984229933, 41.392256096105847 ], [ 2.127294397149557, 41.390478337949631 ], [ 2.129465850066176, 41.389910309993091 ], [ 2.131307985627898, 41.391120048798278 ], [ 2.130978642779851, 41.392897840911473 ], [ 2.128807094295613, 41.393465860263085 ], [ 2.126964984229933, 41.392256096105847 ] ] ] } },
{ "type": "Feature", "properties": { "h3_index": "89394462a2bffff", "catchment_store_count": 82, "catchment_type_diversity": 6, "is_food_desert": false, "store_count": 2, "type_diversity": 2, "barri_name": "la Sagrera", "income_index": 21169.0, "c1_density": 0.27702702702702703, "c2_diversity": 1.0, "c3_pressure": 0.70257424479249742, "c4_deprivation": 0.29742575520750264, "food_access_score": 51.081081081081095 }, "geometry": { "type": "Polygon", "coordinates": [ [ [ 2.180748340761411, 41.425553243724849 ], [ 2.181076910014358, 41.42377538161422 ], [ 2.183249889382371, 41.42320666219802 ], [ 2.185094395088083, 41.424415813397438 ], [ 2.184765896091811, 41.426193709375788 ], [ 2.182592821130277, 41.426762420287588 ], [ 2.180748340761411, 41.425553243724849 ] ] ] } },
{ "type": "Feature", "properties": { "h3_index": "89394460367ffff", "catchment_store_count": 212, "catchment_type_diversity": 5, "is_food_desert": false, "store_count": 10, "type_diversity": 3, "barri_name": "Sant Antoni", "income_index": 23761.0, "c1_density": 0.71621621621621623, "c2_diversity": 0.83333333333333337, "c3_pressure": 0.61989218156879011, "c4_deprivation": 0.38010781843120994, "food_access_score": 65.315315315315331 }, "geometry": { "type": "Polygon", "coordinates": [ [ [ 2.158024703815042, 41.380742802329671 ], [ 2.158353510320034, 41.378964548339091 ], [ 2.16052505642724, 41.378395700987141 ], [ 2.162367891539837, 41.37960511617694 ], [ 2.16203915516236, 41.381383404096795 ], [ 2.159867513541908, 41.381952242898159 ], [ 2.158024703815042, 41.380742802329671 ] ] ] } },
{ "type": "Feature", "properties": { "h3_index": "8939446048fffff", "catchment_store_count": 0, "catchment_type_diversity": 0, "is_food_desert": true, "store_count": 0, "type_diversity": 0, "barri_name": "Vallvidrera, el Tibidabo i les Planes", "income_index": 32833.0, "c1_density": 0.0, "c2_diversity": 0.0, "c3_pressure": 0.33050496028581455, "c4_deprivation": 0.66949503971418545, "food_access_score": 20.0 }, "geometry": { "type": "Polygon", "coordinates": [ [ [ 2.114516702385776, 41.425952805295765 ], [ 2.114846471608705, 41.424175658258854 ], [ 2.117018633223185, 41.423608356602806 ], [ 2.118861121266972, 41.424818210607434 ], [ 2.118531422141344, 41.426595391589771 ], [ 2.116359164871778, 41.427162684622658 ], [ 2.114516702385776, 41.425952805295765 ] ] ] } },
{ "type": "Feature", "properties": { "h3_index": "8939446041bffff", "catchment_store_count": 0, "catchment_type_diversity": 0, "is_food_desert": true, "store_count": 0, "type_diversity": 0, "barri_name": "Vallvidrera, el Tibidabo i les Planes", "income_index": 32833.0, "c1_density": 0.0, "c2_diversity": 0.0, "c3_pressure": 0.33050496028581455, "c4_deprivation": 0.66949503971418545, "food_access_score": 20.0 }, "geometry": { "type": "Polygon", "coordinates": [ [ [ 2.11149166566004, 41.419978673830684 ], [ 2.111821466296238, 41.41820147449495 ], [ 2.113993436616715, 41.417634155583379 ], [ 2.115835701942409, 41.418844044637417 ], [ 2.115505971386282, 41.420621277926777 ], [ 2.113333905421495, 41.421188588209034 ], [ 2.11149166566004, 41.419978673830684 ] ] ] } },
{ "type": "Feature", "properties": { "h3_index": "89394462b93ffff", "catchment_store_count": 7, "catchment_type_diversity": 3, "is_food_desert": false, "store_count": 0, "type_diversity": 0, "barri_name": "el Bon Pastor", "income_index": 14841.0, "c1_density": 0.02364864864864865, "c2_diversity": 0.5, "c3_pressure": 0.90443076334173345, "c4_deprivation": 0.09556923665826661, "food_access_score": 30.945945945945951 }, "geometry": { "type": "Polygon", "coordinates": [ [ [ 2.193864610335492, 41.44411506972358 ], [ 2.194193014109691, 41.442337331109641 ], [ 2.196366633624818, 41.441768585705354 ], [ 2.19821194498621, 41.442977587394154 ], [ 2.197883611531203, 41.444755359845892 ], [ 2.195709896392718, 41.445324096771607 ], [ 2.193864610335492, 41.44411506972358 ] ] ] } },
{ "type": "Feature", "properties": { "h3_index": "89394461ea7ffff", "catchment_store_count": 17, "catchment_type_diversity": 6, "is_food_desert": false, "store_count": 1, "type_diversity": 1, "barri_name": "la Marina del Prat Vermell", "income_index": 16015.0, "c1_density": 0.057432432432432436, "c2_diversity": 1.0, "c3_pressure": 0.86698140291556347, "c4_deprivation": 0.1330185970844365, "food_access_score": 42.297297297297298 }, "geometry": { "type": "Polygon", "coordinates": [ [ [ 2.140391862595815, 41.3532110269119 ], [ 2.140720881030393, 41.351432572773227 ], [ 2.142891501168732, 41.35086372506926 ], [ 2.144733198336983, 41.35207334009003 ], [ 2.144404249941832, 41.353851828200135 ], [ 2.142233534336164, 41.354420667318607 ], [ 2.140391862595815, 41.3532110269119 ] ] ] } },
{ "type": "Feature", "properties": { "h3_index": "89394461e67ffff", "catchment_store_count": 1, "catchment_type_diversity": 1, "is_food_desert": false, "store_count": 0, "type_diversity": 0, "barri_name": "la Marina del Prat Vermell", "income_index": 16015.0, "c1_density": 0.0033783783783783786, "c2_diversity": 0.16666666666666666, "c3_pressure": 0.86698140291556347, "c4_deprivation": 0.1330185970844365, "food_access_score": 23.468468468468469 }, "geometry": { "type": "Polygon", "coordinates": [ [ [ 2.136841775410103, 41.338910879328033 ], [ 2.137170802483958, 41.337132261478573 ], [ 2.139341011967441, 41.336563294096031 ], [ 2.141182289812535, 41.337772953157021 ], [ 2.140853332745899, 41.339551604993169 ], [ 2.138683027824074, 41.3401205637822 ], [ 2.136841775410103, 41.338910879328033 ] ] ] } },
{ "type": "Feature", "properties": { "h3_index": "893944604cfffff", "catchment_store_count": 3, "catchment_type_diversity": 2, "is_food_desert": false, "store_count": 0, "type_diversity": 0, "barri_name": "Vallvidrera, el Tibidabo i les Planes", "income_index": 32833.0, "c1_density": 0.010135135135135136, "c2_diversity": 0.33333333333333331, "c3_pressure": 0.33050496028581455, "c4_deprivation": 0.66949503971418545, "food_access_score": 27.072072072072075 }, "geometry": { "type": "Polygon", "coordinates": [ [ [ 2.107477563701567, 41.419335950114892 ], [ 2.107807434407065, 41.417558784738006 ], [ 2.109979337882603, 41.416991542609452 ], [ 2.111821466296238, 41.41820147449495 ], [ 2.11149166566004, 41.419978673830684 ], [ 2.109319666538002, 41.420545907322634 ], [ 2.107477563701567, 41.419335950114892 ] ] ] } },
{ "type": "Feature", "properties": { "h3_index": "89394462b53ffff", "catchment_store_count": 25, "catchment_type_diversity": 6, "is_food_desert": false, "store_count": 1, "type_diversity": 1, "barri_name": "la Sagrera", "income_index": 21169.0, "c1_density": 0.084459459459459457, "c2_diversity": 1.0, "c3_pressure": 0.70257424479249742, "c4_deprivation": 0.29742575520750264, "food_access_score": 43.378378378378379 }, "geometry": { "type": "Polygon", "coordinates": [ [ [ 2.190299995801039, 41.429821049090961 ], [ 2.190628408661605, 41.428043145458368 ], [ 2.192801616639712, 41.427474280674907 ], [ 2.194646507348756, 41.428683328011395 ], [ 2.194318164775064, 41.430461265497129 ], [ 2.192144861202574, 41.431030121793825 ], [ 2.190299995801039, 41.429821049090961 ] ] ] } },
{ "type": "Feature", "properties": { "h3_index": "89394460583ffff", "catchment_store_count": 3, "catchment_type_diversity": 2, "is_food_desert": false, "store_count": 1, "type_diversity": 1, "barri_name": "Montbau", "income_index": 20566.5, "c1_density": 0.010135135135135136, "c2_diversity": 0.33333333333333331, "c3_pressure": 0.72179335863982907, "c4_deprivation": 0.27820664136017098, "food_access_score": 27.072072072072075 }, "geometry": { "type": "Polygon", "coordinates": [ [ [ 2.140122027987192, 41.432793473821242 ], [ 2.140451360699976, 41.431016149378152 ], [ 2.142624018635256, 41.430448395343518 ], [ 2.144467439502059, 41.431657974328971 ], [ 2.144138176959846, 41.433435332682038 ], [ 2.14196542337737, 41.434003078140279 ], [ 2.140122027987192, 41.432793473821242 ] ] ] } },
{ "type": "Feature", "properties": { "h3_index": "89394461323ffff", "catchment_store_count": 2, "catchment_type_diversity": 1, "is_food_desert": false, "store_count": 0, "type_diversity": 0, "barri_name": "la Marina del Prat Vermell", "income_index": 16015.0, "c1_density": 0.0067567567567567571, "c2_diversity": 0.16666666666666666, "c3_pressure": 0.86698140291556347, "c4_deprivation": 0.1330185970844365, "food_access_score": 23.603603603603602 }, "geometry": { "type": "Polygon", "coordinates": [ [ [ 2.111788281733647, 41.340399087841739 ], [ 2.112117767218787, 41.338620759855921 ], [ 2.11428770104212, 41.338052346523284 ], [ 2.116128244841901, 41.3392622698154 ], [ 2.115798829305956, 41.341040631816327 ], [ 2.113628800018172, 41.341609036510633 ], [ 2.111788281733647, 41.340399087841739 ] ] ] } },
{ "type": "Feature", "properties": { "h3_index": "89394460637ffff", "catchment_store_count": 19, "catchment_type_diversity": 5, "is_food_desert": false, "store_count": 1, "type_diversity": 1, "barri_name": "Sarrià", "income_index": 33795.0, "c1_density": 0.064189189189189186, "c2_diversity": 0.83333333333333337, "c3_pressure": 0.29981817601837379, "c4_deprivation": 0.70018182398162621, "food_access_score": 39.234234234234236 }, "geometry": { "type": "Polygon", "coordinates": [ [ [ 2.116960689115698, 41.401637786321302 ], [ 2.117290319420198, 41.399860268335409 ], [ 2.11946188764888, 41.399292581922026 ], [ 2.121303921168078, 41.40050242211688 ], [ 2.120974360926516, 41.402279974064214 ], [ 2.11880269709993, 41.402847651855851 ], [ 2.116960689115698, 41.401637786321302 ] ] ] } },
{ "type": "Feature", "properties": { "h3_index": "89394462e63ffff", "catchment_store_count": 15, "catchment_type_diversity": 4, "is_food_desert": false, "store_count": 2, "type_diversity": 2, "barri_name": "Horta", "income_index": 21854.0, "c1_density": 0.050675675675675678, "c2_diversity": 0.66666666666666663, "c3_pressure": 0.68072346805320749, "c4_deprivation": 0.31927653194679256, "food_access_score": 35.360360360360367 }, "geometry": { "type": "Polygon", "coordinates": [ [ [ 2.157702752239282, 41.438347056459634 ], [ 2.158031788401711, 41.436569622621747 ], [ 2.160204808738294, 41.436001569635529 ], [ 2.162048888553218, 41.437210959031944 ], [ 2.161719922613062, 41.438988426754783 ], [ 2.159546806632837, 41.439556471196838 ], [ 2.157702752239282, 41.438347056459634 ] ] ] } },
{ "type": "Feature", "properties": { "h3_index": "89394460853ffff", "catchment_store_count": 22, "catchment_type_diversity": 3, "is_food_desert": false, "store_count": 4, "type_diversity": 2, "barri_name": "la Vila Olímpica del Poblenou", "income_index": 32434.0, "c1_density": 0.074324324324324328, "c2_diversity": 0.5, "c3_pressure": 0.34323263899964906, "c4_deprivation": 0.65676736100035094, "food_access_score": 32.972972972972968 }, "geometry": { "type": "Polygon", "coordinates": [ [ [ 2.197193969075933, 41.392479037271215 ], [ 2.197522112313154, 41.390700530308791 ], [ 2.199694447762587, 41.390131008292236 ], [ 2.201538735475634, 41.391340001717552 ], [ 2.201210662479892, 41.393118542553886 ], [ 2.199038231526774, 41.393688056091548 ], [ 2.197193969075933, 41.392479037271215 ] ] ] } },
{ "type": "Feature", "properties": { "h3_index": "893944603dbffff", "catchment_store_count": 117, "catchment_type_diversity": 5, "is_food_desert": false, "store_count": 5, "type_diversity": 3, "barri_name": "les Corts", "income_index": 28740.0, "c1_density": 0.39527027027027029, "c2_diversity": 0.83333333333333337, "c3_pressure": 0.46106733867108995, "c4_deprivation": 0.53893266132891005, "food_access_score": 52.477477477477485 }, "geometry": { "type": "Polygon", "coordinates": [ [ [ 2.135980284530445, 41.388205901814118 ], [ 2.136309518694779, 41.386427989656113 ], [ 2.138480980592887, 41.385859714168873 ], [ 2.140323303874042, 41.387069359429461 ], [ 2.13999413979636, 41.388847305536949 ], [ 2.137822582347996, 41.389415572434935 ], [ 2.135980284530445, 41.388205901814118 ] ] ] } },
{ "type": "Feature", "properties": { "h3_index": "89394463133ffff", "catchment_store_count": 1, "catchment_type_diversity": 1, "is_food_desert": false, "store_count": 0, "type_diversity": 0, "barri_name": "Vallvidrera, el Tibidabo i les Planes", "income_index": 32833.0, "c1_density": 0.0033783783783783786, "c2_diversity": 0.16666666666666666, "c3_pressure": 0.33050496028581455, "c4_deprivation": 0.66949503971418545, "food_access_score": 23.468468468468469 }, "geometry": { "type": "Polygon", "coordinates": [ [ [ 2.095436480671568, 41.417407061466122 ], [ 2.095766561520321, 41.415629997997058 ], [ 2.097938264357052, 41.415062986168202 ], [ 2.099779981995228, 41.416273046467388 ], [ 2.099449971183447, 41.418050143910961 ], [ 2.097278172693642, 41.418617147081406 ], [ 2.095436480671568, 41.417407061466122 ] ] ] } },
{ "type": "Feature", "properties": { "h3_index": "893944618c3ffff", "catchment_store_count": 2, "catchment_type_diversity": 2, "is_food_desert": false, "store_count": 0, "type_diversity": 0, "barri_name": "la Marina del Prat Vermell", "income_index": 16015.0, "c1_density": 0.0067567567567567571, "c2_diversity": 0.33333333333333331, "c3_pressure": 0.86698140291556347, "c4_deprivation": 0.1330185970844365, "food_access_score": 26.936936936936938 }, "geometry": { "type": "Polygon", "coordinates": [ [ [ 2.146903885065647, 41.351504415644548 ], [ 2.147232779163475, 41.34972586759757 ], [ 2.149403437007602, 41.349156857828348 ], [ 2.151245296208578, 41.350366404680699 ], [ 2.150916472163055, 41.352144986692757 ], [ 2.148745718861389, 41.352713987887952 ], [ 2.146903885065647, 41.351504415644548 ] ] ] } },
{ "type": "Feature", "properties": { "h3_index": "89394460c8bffff", "catchment_store_count": 110, "catchment_type_diversity": 5, "is_food_desert": false, "store_count": 9, "type_diversity": 3, "barri_name": "el Camp de l'Arpa del Clot", "income_index": 22131.0, "c1_density": 0.3716216216216216, "c2_diversity": 0.83333333333333337, "c3_pressure": 0.67188746052505666, "c4_deprivation": 0.3281125394749434, "food_access_score": 51.531531531531542 }, "geometry": { "type": "Polygon", "coordinates": [ [ [ 2.184235395392011, 41.417872809436609 ], [ 2.184563871699866, 41.416094801027185 ], [ 2.186736697354032, 41.415525902265934 ], [ 2.188581142270432, 41.416735020413753 ], [ 2.188252736214923, 41.418513062692703 ], [ 2.186079814987802, 41.41908195295489 ], [ 2.184235395392011, 41.417872809436609 ] ] ] } },
{ "type": "Feature", "properties": { "h3_index": "89394461db3ffff", "catchment_store_count": 141, "catchment_type_diversity": 6, "is_food_desert": false, "store_count": 6, "type_diversity": 3, "barri_name": "el Raval", "income_index": 13991.0, "c1_density": 0.47635135135135137, "c2_diversity": 1.0, "c3_pressure": 0.9315448658649399, "c4_deprivation": 0.068455134135060131, "food_access_score": 59.054054054054063 }, "geometry": { "type": "Polygon", "coordinates": [ [ [ 2.172569009362928, 41.380316814883621 ], [ 2.172897551110314, 41.378538399140247 ], [ 2.175069267826101, 41.377969235953742 ], [ 2.176912538290596, 41.379178497035767 ], [ 2.176584066705133, 41.38095694669159 ], [ 2.174412254490383, 41.381526101353536 ], [ 2.172569009362928, 41.380316814883621 ] ] ] } },
{ "type": "Feature", "properties": { "h3_index": "89394460053ffff", "catchment_store_count": 28, "catchment_type_diversity": 5, "is_food_desert": false, "store_count": 0, "type_diversity": 0, "barri_name": "les Tres Torres", "income_index": 43194.0, "c1_density": 0.0945945945945946, "c2_diversity": 0.83333333333333337, "c3_pressure": 0.0, "c4_deprivation": 1.0, "food_access_score": 40.450450450450454 }, "geometry": { "type": "Polygon", "coordinates": [ [ [ 2.123475556170412, 41.399934658930334 ], [ 2.123805062060337, 41.398157046931999 ], [ 2.125976668230858, 41.397589198353835 ], [ 2.127818864096715, 41.39879897038486 ], [ 2.127489428282663, 41.400576616338299 ], [ 2.125317726523996, 41.401144456306206 ], [ 2.123475556170412, 41.399934658930334 ] ] ] } },
{ "type": "Feature", "properties": { "h3_index": "89394460107ffff", "catchment_store_count": 212, "catchment_type_diversity": 5, "is_food_desert": false, "store_count": 3, "type_diversity": 2, "barri_name": "el Camp d'en Grassot i Gràcia Nova", "income_index": 25106.0, "c1_density": 0.71621621621621623, "c2_diversity": 0.83333333333333337, "c3_pressure": 0.57698810169383385, "c4_deprivation": 0.42301189830616609, "food_access_score": 65.315315315315317 }, "geometry": { "type": "Polygon", "coordinates": [ [ [ 2.165138184422517, 41.40933614104874 ], [ 2.165466973261313, 41.40755821587031 ], [ 2.167639341628714, 41.406989607637321 ], [ 2.169483016725678, 41.40819893311771 ], [ 2.169154298078983, 41.409976892194834 ], [ 2.166981834140338, 41.410545491893451 ], [ 2.165138184422517, 41.40933614104874 ] ] ] } },
{ "type": "Feature", "properties": { "h3_index": "89394460ea7ffff", "catchment_store_count": 47, "catchment_type_diversity": 4, "is_food_desert": false, "store_count": 0, "type_diversity": 0, "barri_name": "el Parc i la Llacuna del Poblenou", "income_index": 24245.0, "c1_density": 0.15878378378378377, "c2_diversity": 0.66666666666666663, "c3_pressure": 0.6044530926026348, "c4_deprivation": 0.39554690739736514, "food_access_score": 39.684684684684683 }, "geometry": { "type": "Polygon", "coordinates": [ [ [ 2.189692032258939, 41.399522251936673 ], [ 2.190020338602081, 41.397743924965368 ], [ 2.192192761318761, 41.397174659103115 ], [ 2.194036973215938, 41.398383728704253 ], [ 2.193708737107882, 41.400162089552893 ], [ 2.191536218864691, 41.400731346923628 ], [ 2.189692032258939, 41.399522251936673 ] ] ] } },
{ "type": "Feature", "properties": { "h3_index": "893944601bbffff", "catchment_store_count": 94, "catchment_type_diversity": 5, "is_food_desert": false, "store_count": 2, "type_diversity": 2, "barri_name": "el Baix Guinardó", "income_index": 22432.0, "c1_density": 0.31756756756756754, "c2_diversity": 0.83333333333333337, "c3_pressure": 0.66228587833742703, "c4_deprivation": 0.33771412166257297, "food_access_score": 49.369369369369366 }, "geometry": { "type": "Polygon", "coordinates": [ [ [ 2.164151740768599, 41.414669744199166 ], [ 2.164480568176891, 41.41289190521605 ], [ 2.166653061113928, 41.412323390926737 ], [ 2.168496822224035, 41.413532724156603 ], [ 2.168168065014288, 41.415310597035457 ], [ 2.165995476493033, 41.415879102789262 ], [ 2.164151740768599, 41.414669744199166 ] ] ] } },
{ "type": "Feature", "properties": { "h3_index": "89394461c47ffff", "catchment_store_count": 53, "catchment_type_diversity": 5, "is_food_desert": false, "store_count": 16, "type_diversity": 5, "barri_name": "la Marina de Port", "income_index": 18227.0, "c1_density": 0.17905405405405406, "c2_diversity": 0.83333333333333337, "c3_pressure": 0.79642093846693673, "c4_deprivation": 0.20357906153306327, "food_access_score": 43.828828828828833 }, "geometry": { "type": "Polygon", "coordinates": [ [ [ 2.136904845532884, 41.360893194206646 ], [ 2.137233956833049, 41.359114885945417 ], [ 2.139404730170085, 41.358546217490847 ], [ 2.141246487691889, 41.359755865889014 ], [ 2.140917446435435, 41.361534208119842 ], [ 2.138746577610604, 41.362102867983538 ], [ 2.136904845532884, 41.360893194206646 ] ] ] } },
{ "type": "Feature", "properties": { "h3_index": "8939446026fffff", "catchment_store_count": 117, "catchment_type_diversity": 6, "is_food_desert": false, "store_count": 5, "type_diversity": 2, "barri_name": "la Bordeta", "income_index": 21116.0, "c1_density": 0.39527027027027029, "c2_diversity": 1.0, "c3_pressure": 0.70426488883217964, "c4_deprivation": 0.29573511116782036, "food_access_score": 55.810810810810807 }, "geometry": { "type": "Polygon", "coordinates": [ [ [ 2.128416792818796, 41.373267465602815 ], [ 2.128746105637955, 41.37148942324179 ], [ 2.130917089865238, 41.370921104762239 ], [ 2.13275885679391, 41.372130837248889 ], [ 2.132429614018431, 41.373908913579918 ], [ 2.130258534267715, 41.374477223454868 ], [ 2.128416792818796, 41.373267465602815 ] ] ] } },
{ "type": "Feature", "properties": { "h3_index": "89394460323ffff", "catchment_store_count": 175, "catchment_type_diversity": 5, "is_food_desert": false, "store_count": 13, "type_diversity": 3, "barri_name": "el Raval", "income_index": 13991.0, "c1_density": 0.59121621621621623, "c2_diversity": 0.83333333333333337, "c3_pressure": 0.9315448658649399, "c4_deprivation": 0.068455134135060131, "food_access_score": 60.315315315315331 }, "geometry": { "type": "Polygon", "coordinates": [ [ [ 2.161052868932493, 41.386718095745017 ], [ 2.161381643859444, 41.384939893883747 ], [ 2.163553380998508, 41.384371063629914 ], [ 2.165396438731759, 41.385580443782374 ], [ 2.165067733949559, 41.387358679564713 ], [ 2.162895901286508, 41.387927501274113 ], [ 2.161052868932493, 41.386718095745017 ] ] ] } },
{ "type": "Feature", "properties": { "h3_index": "89394460327ffff", "catchment_store_count": 165, "catchment_type_diversity": 6, "is_food_desert": false, "store_count": 9, "type_diversity": 2, "barri_name": "el Raval", "income_index": 13991.0, "c1_density": 0.55743243243243246, "c2_diversity": 1.0, "c3_pressure": 0.9315448658649399, "c4_deprivation": 0.068455134135060131, "food_access_score": 62.297297297297305 }, "geometry": { "type": "Polygon", "coordinates": [ [ [ 2.165067733949559, 41.387358679564713 ], [ 2.165396438731759, 41.385580443782374 ], [ 2.167568242419295, 41.385011536698769 ], [ 2.169411436843506, 41.386220873935244 ], [ 2.169082802216805, 41.387999143633436 ], [ 2.166910903007542, 41.388568042179891 ], [ 2.165067733949559, 41.387358679564713 ] ] ] } },
{ "type": "Feature", "properties": { "h3_index": "89394462a9bffff", "catchment_store_count": 37, "catchment_type_diversity": 4, "is_food_desert": false, "store_count": 0, "type_diversity": 0, "barri_name": "Can Peguera", "income_index": 14582.0, "c1_density": 0.125, "c2_diversity": 0.66666666666666663, "c3_pressure": 0.91269258987527513, "c4_deprivation": 0.087307410124724871, "food_access_score": 38.333333333333336 }, "geometry": { "type": "Polygon", "coordinates": [ [ [ 2.164221975534854, 41.436642829143253 ], [ 2.16455088706264, 41.43486530131873 ], [ 2.166723945038135, 41.434297085986614 ], [ 2.168568187116737, 41.435506407012262 ], [ 2.168239345824138, 41.437283968715356 ], [ 2.166066192214859, 41.437852175514806 ], [ 2.164221975534854, 41.436642829143253 ] ] ] } },
{ "type": "Feature", "properties": { "h3_index": "8939446ad3bffff", "catchment_store_count": 0, "catchment_type_diversity": 0, "is_food_desert": true, "store_count": 0, "type_diversity": 0, "barri_name": "la Marina del Prat Vermell", "income_index": 16015.0, "c1_density": 0.0, "c2_diversity": 0.0, "c3_pressure": 0.86698140291556347, "c4_deprivation": 0.1330185970844365, "food_access_score": 20.0 }, "geometry": { "type": "Polygon", "coordinates": [ [ [ 2.125272151888567, 41.323327960526534 ], [ 2.125601327488334, 41.321549247183924 ], [ 2.127770993248005, 41.320980313456566 ], [ 2.129611578818866, 41.322190101688527 ], [ 2.129282473172678, 41.323968849043567 ], [ 2.127112711999219, 41.32453777415482 ], [ 2.125272151888567, 41.323327960526534 ] ] ] } },
{ "type": "Feature", "properties": { "h3_index": "893944603d7ffff", "catchment_store_count": 110, "catchment_type_diversity": 5, "is_food_desert": false, "store_count": 7, "type_diversity": 2, "barri_name": "la Nova Esquerra de l'Eixample", "income_index": 25694.0, "c1_density": 0.3716216216216216, "c2_diversity": 0.83333333333333337, "c3_pressure": 0.55823152253660402, "c4_deprivation": 0.44176847746339598, "food_access_score": 51.531531531531542 }, "geometry": { "type": "Polygon", "coordinates": [ [ [ 2.141507426051545, 41.391834853349906 ], [ 2.141836574376875, 41.39005693331513 ], [ 2.144008198488558, 41.389488589622928 ], [ 2.145850769825443, 41.390698174544966 ], [ 2.145521691606125, 41.39247612851991 ], [ 2.143349971941057, 41.393044463633203 ], [ 2.141507426051545, 41.391834853349906 ] ] ] } },
{ "type": "Feature", "properties": { "h3_index": "89394462b4fffff", "catchment_store_count": 27, "catchment_type_diversity": 5, "is_food_desert": false, "store_count": 0, "type_diversity": 0, "barri_name": "la Sagrera", "income_index": 21169.0, "c1_density": 0.091216216216216214, "c2_diversity": 0.83333333333333337, "c3_pressure": 0.70257424479249742, "c4_deprivation": 0.29742575520750264, "food_access_score": 40.315315315315324 }, "geometry": { "type": "Polygon", "coordinates": [ [ [ 2.195303153963807, 41.42512736676278 ], [ 2.195631458006631, 41.423349343005704 ], [ 2.197804607768002, 41.422780307364228 ], [ 2.199649549062846, 41.42398930395877 ], [ 2.199321315311142, 41.425767361566692 ], [ 2.197148069970636, 41.426336388729823 ], [ 2.195303153963807, 41.42512736676278 ] ] ] } },
{ "type": "Feature", "properties": { "h3_index": "89394461e63ffff", "catchment_store_count": 1, "catchment_type_diversity": 1, "is_food_desert": false, "store_count": 0, "type_diversity": 0, "barri_name": "la Marina del Prat Vermell", "income_index": 16015.0, "c1_density": 0.0033783783783783786, "c2_diversity": 0.16666666666666666, "c3_pressure": 0.86698140291556347, "c4_deprivation": 0.1330185970844365, "food_access_score": 23.468468468468469 }, "geometry": { "type": "Polygon", "coordinates": [ [ [ 2.132830421282096, 41.338270034231982 ], [ 2.133159518352441, 41.336491450374488 ], [ 2.135329661234542, 41.335922559697075 ], [ 2.137170802483958, 41.337132261478573 ], [ 2.136841775410103, 41.338910879328033 ], [ 2.134671537087462, 41.339479761404611 ], [ 2.132830421282096, 41.338270034231982 ] ] ] } },
{ "type": "Feature", "properties": { "h3_index": "8939446048bffff", "catchment_store_count": 0, "catchment_type_diversity": 0, "is_food_desert": true, "store_count": 0, "type_diversity": 0, "barri_name": "Vallvidrera, el Tibidabo i les Planes", "income_index": 32833.0, "c1_density": 0.0, "c2_diversity": 0.0, "c3_pressure": 0.33050496028581455, "c4_deprivation": 0.66949503971418545, "food_access_score": 20.0 }, "geometry": { "type": "Polygon", "coordinates": [ [ [ 2.110502186406432, 41.425310099344777 ], [ 2.110832025715866, 41.423532986258479 ], [ 2.113004120489793, 41.422965761400015 ], [ 2.114846471608705, 41.424175658258854 ], [ 2.114516702385776, 41.425952805295765 ], [ 2.112344511954571, 41.426520021523814 ], [ 2.110502186406432, 41.425310099344777 ] ] ] } },
{ "type": "Feature", "properties": { "h3_index": "893944606a7ffff", "catchment_store_count": 4, "catchment_type_diversity": 3, "is_food_desert": false, "store_count": 0, "type_diversity": 0, "barri_name": "Sarrià", "income_index": 33795.0, "c1_density": 0.013513513513513514, "c2_diversity": 0.5, "c3_pressure": 0.29981817601837379, "c4_deprivation": 0.70018182398162621, "food_access_score": 30.54054054054054 }, "geometry": { "type": "Polygon", "coordinates": [ [ [ 2.115971720909857, 41.406970167965689 ], [ 2.116301389861254, 41.405192736139355 ], [ 2.118473082504527, 41.404625143745875 ], [ 2.120315201804366, 41.40583499180218 ], [ 2.119985602922335, 41.407612457586985 ], [ 2.117813814668217, 41.40818004135761 ], [ 2.115971720909857, 41.406970167965689 ] ] ] } },
{ "type": "Feature", "properties": { "h3_index": "893944615afffff", "catchment_store_count": 6, "catchment_type_diversity": 3, "is_food_desert": false, "store_count": 0, "type_diversity": 0, "barri_name": "la Maternitat i Sant Ramon", "income_index": 25111.0, "c1_density": 0.020270270270270271, "c2_diversity": 0.5, "c3_pressure": 0.57682860697310923, "c4_deprivation": 0.42317139302689083, "food_access_score": 30.810810810810818 }, "geometry": { "type": "Polygon", "coordinates": [ [ [ 2.103876768618266, 41.383070367699339 ], [ 2.104206563088571, 41.381292727325338 ], [ 2.106377491038502, 41.38072506583822 ], [ 2.108218720083122, 41.381935053373162 ], [ 2.107888995613396, 41.383712727738434 ], [ 2.105717972095615, 41.38428038057809 ], [ 2.103876768618266, 41.383070367699339 ] ] ] } },
{ "type": "Feature", "properties": { "h3_index": "893944608c3ffff", "catchment_store_count": 79, "catchment_type_diversity": 5, "is_food_desert": false, "store_count": 2, "type_diversity": 2, "barri_name": "la Vila Olímpica del Poblenou", "income_index": 32434.0, "c1_density": 0.26689189189189189, "c2_diversity": 0.83333333333333337, "c3_pressure": 0.34323263899964906, "c4_deprivation": 0.65676736100035094, "food_access_score": 47.342342342342349 }, "geometry": { "type": "Polygon", "coordinates": [ [ [ 2.196209462369995, 41.397814385941246 ], [ 2.196537644105076, 41.396035965090348 ], [ 2.198710104162432, 41.395466536938351 ], [ 2.200554477998489, 41.396675538117861 ], [ 2.200226366511352, 41.398453992839706 ], [ 2.198053810937342, 41.399023412511667 ], [ 2.196209462369995, 41.397814385941246 ] ] ] } },
{ "type": "Feature", "properties": { "h3_index": "893944631a3ffff", "catchment_store_count": 0, "catchment_type_diversity": 0, "is_food_desert": true, "store_count": 0, "type_diversity": 0, "barri_name": "Vallvidrera, el Tibidabo i les Planes", "income_index": 32833.0, "c1_density": 0.0, "c2_diversity": 0.0, "c3_pressure": 0.33050496028581455, "c4_deprivation": 0.66949503971418545, "food_access_score": 20.0 }, "geometry": { "type": "Polygon", "coordinates": [ [ [ 2.09444616072889, 41.422738079404134 ], [ 2.094776280276574, 41.420961102172562 ], [ 2.096948107514986, 41.420394184422136 ], [ 2.098789910868838, 41.421604252563398 ], [ 2.098459861364537, 41.423381263766466 ], [ 2.096287938460085, 41.423948172857344 ], [ 2.09444616072889, 41.422738079404134 ] ] ] } },
{ "type": "Feature", "properties": { "h3_index": "89394460c47ffff", "catchment_store_count": 106, "catchment_type_diversity": 5, "is_food_desert": false, "store_count": 19, "type_diversity": 5, "barri_name": "el Parc i la Llacuna del Poblenou", "income_index": 24245.0, "c1_density": 0.35810810810810811, "c2_diversity": 0.83333333333333337, "c3_pressure": 0.6044530926026348, "c4_deprivation": 0.39554690739736514, "food_access_score": 50.990990990990994 }, "geometry": { "type": "Polygon", "coordinates": [ [ [ 2.186206060557105, 41.407204327943724 ], [ 2.186534459797251, 41.405426147140091 ], [ 2.188707036196098, 41.404857060563799 ], [ 2.190551308898973, 41.406066163288578 ], [ 2.190222979898231, 41.407844377967713 ], [ 2.188050307952331, 41.408413456047143 ], [ 2.186206060557105, 41.407204327943724 ] ] ] } },
{ "type": "Feature", "properties": { "h3_index": "89394460273ffff", "catchment_store_count": 108, "catchment_type_diversity": 6, "is_food_desert": false, "store_count": 7, "type_diversity": 3, "barri_name": "Sants - Badal", "income_index": 19943.0, "c1_density": 0.36486486486486486, "c2_diversity": 1.0, "c3_pressure": 0.7416823503142046, "c4_deprivation": 0.2583176496857954, "food_access_score": 54.594594594594589 }, "geometry": { "type": "Polygon", "coordinates": [ [ [ 2.123415949278888, 41.377959751232467 ], [ 2.123745370738368, 41.37618182886392 ], [ 2.125916412621562, 41.375613681096127 ], [ 2.127758128580968, 41.376823464310476 ], [ 2.127428777160849, 41.378601420651272 ], [ 2.125257639739081, 41.379169559806051 ], [ 2.123415949278888, 41.377959751232467 ] ] ] } },
{ "type": "Feature", "properties": { "h3_index": "8939446000fffff", "catchment_store_count": 58, "catchment_type_diversity": 5, "is_food_desert": false, "store_count": 5, "type_diversity": 3, "barri_name": "Sant Gervasi - Galvany", "income_index": 35750.0, "c1_density": 0.19594594594594594, "c2_diversity": 0.83333333333333337, "c3_pressure": 0.23745574021499893, "c4_deprivation": 0.76254425978500107, "food_access_score": 44.504504504504503 }, "geometry": { "type": "Polygon", "coordinates": [ [ [ 2.135517783183617, 41.401860172266609 ], [ 2.135847078813637, 41.400082458418609 ], [ 2.138018885155712, 41.399514379468926 ], [ 2.139861491446356, 41.400724022956233 ], [ 2.139532265924476, 41.402501770743662 ], [ 2.137360364000919, 41.403069841104916 ], [ 2.135517783183617, 41.401860172266609 ] ] ] } },
{ "type": "Feature", "properties": { "h3_index": "89394461a9bffff", "catchment_store_count": 0, "catchment_type_diversity": 0, "is_food_desert": true, "store_count": 0, "type_diversity": 0, "barri_name": "la Marina del Prat Vermell", "income_index": 16015.0, "c1_density": 0.0, "c2_diversity": 0.0, "c3_pressure": 0.86698140291556347, "c4_deprivation": 0.1330185970844365, "food_access_score": 20.0 }, "geometry": { "type": "Polygon", "coordinates": [ [ [ 2.139341011967441, 41.336563294096031 ], [ 2.139669984765626, 41.334784616335931 ], [ 2.141840165402414, 41.334215563650702 ], [ 2.143681468668903, 41.335425197315452 ], [ 2.143352565880063, 41.33720390906111 ], [ 2.141182289812535, 41.337772953157021 ], [ 2.139341011967441, 41.336563294096031 ] ] ] } },
{ "type": "Feature", "properties": { "h3_index": "893944600c3ffff", "catchment_store_count": 18, "catchment_type_diversity": 5, "is_food_desert": false, "store_count": 0, "type_diversity": 0, "barri_name": "Sarrià", "income_index": 33795.0, "c1_density": 0.060810810810810814, "c2_diversity": 0.83333333333333337, "c3_pressure": 0.29981817601837379, "c4_deprivation": 0.70018182398162621, "food_access_score": 39.099099099099107 }, "geometry": { "type": "Polygon", "coordinates": [ [ [ 2.122486961234224, 41.4052673226292 ], [ 2.122816505758085, 41.403489796781848 ], [ 2.12498823635612, 41.402922042209767 ], [ 2.126830518028507, 41.404131822097042 ], [ 2.126501043586933, 41.405909381896535 ], [ 2.124329217387835, 41.406477127857222 ], [ 2.122486961234224, 41.4052673226292 ] ] ] } },
{ "type": "Feature", "properties": { "h3_index": "89394461c4bffff", "catchment_store_count": 43, "catchment_type_diversity": 5, "is_food_desert": false, "store_count": 0, "type_diversity": 0, "barri_name": "la Marina de Port", "income_index": 18227.0, "c1_density": 0.14527027027027026, "c2_diversity": 0.83333333333333337, "c3_pressure": 0.79642093846693673, "c4_deprivation": 0.20357906153306327, "food_access_score": 42.477477477477485 }, "geometry": { "type": "Polygon", "coordinates": [ [ [ 2.13138014509387, 41.357264052564638 ], [ 2.131709342149661, 41.355485752300019 ], [ 2.133879953366383, 41.354917151983052 ], [ 2.135721463009078, 41.356126860532484 ], [ 2.135392335977654, 41.357905194776038 ], [ 2.133221629276279, 41.358473786491793 ], [ 2.13138014509387, 41.357264052564638 ] ] ] } },
{ "type": "Feature", "properties": { "h3_index": "8939446283bffff", "catchment_store_count": 5, "catchment_type_diversity": 2, "is_food_desert": false, "store_count": 1, "type_diversity": 1, "barri_name": "Sant Andreu", "income_index": 22418.0, "c1_density": 0.016891891891891893, "c2_diversity": 0.33333333333333331, "c3_pressure": 0.66273246355545634, "c4_deprivation": 0.33726753644454366, "food_access_score": 27.342342342342345 }, "geometry": { "type": "Polygon", "coordinates": [ [ [ 2.188860313107202, 41.448807601091431 ], [ 2.189188825747055, 41.447029982681791 ], [ 2.191362503494485, 41.446461408188817 ], [ 2.193207764237788, 41.447670460593017 ], [ 2.192879321912846, 41.449448112842731 ], [ 2.190705548526808, 41.450016678848741 ], [ 2.188860313107202, 41.448807601091431 ] ] ] } },
{ "type": "Feature", "properties": { "h3_index": "89394460e63ffff", "catchment_store_count": 102, "catchment_type_diversity": 5, "is_food_desert": false, "store_count": 7, "type_diversity": 3, "barri_name": "la Barceloneta", "income_index": 17877.0, "c1_density": 0.34459459459459457, "c2_diversity": 0.83333333333333337, "c3_pressure": 0.80758556891766886, "c4_deprivation": 0.19241443108233117, "food_access_score": 50.450450450450454 }, "geometry": { "type": "Polygon", "coordinates": [ [ [ 2.182114460048219, 41.384584616795394 ], [ 2.182442845626755, 41.382806159307648 ], [ 2.184614790791003, 41.382236850941574 ], [ 2.186458445873666, 41.383446008570765 ], [ 2.18613013048717, 41.385224499956394 ], [ 2.183958089823097, 41.385793799815538 ], [ 2.182114460048219, 41.384584616795394 ] ] ] } },
{ "type": "Feature", "properties": { "h3_index": "89394460177ffff", "catchment_store_count": 265, "catchment_type_diversity": 6, "is_food_desert": false, "store_count": 10, "type_diversity": 4, "barri_name": "la Dreta de l'Eixample", "income_index": 29588.0, "c1_density": 0.89527027027027029, "c2_diversity": 1.0, "c3_pressure": 0.43401703403617342, "c4_deprivation": 0.56598296596382658, "food_access_score": 75.810810810810807 }, "geometry": { "type": "Polygon", "coordinates": [ [ [ 2.166124512374525, 41.404002279338506 ], [ 2.166453262650415, 41.402224267990917 ], [ 2.168625506461134, 41.401655565822871 ], [ 2.170469095551409, 41.402864883536239 ], [ 2.170140415461169, 41.404642928785513 ], [ 2.167968076092132, 41.40521162242031 ], [ 2.166124512374525, 41.404002279338506 ] ] ] } },
{ "type": "Feature", "properties": { "h3_index": "89394461c03ffff", "catchment_store_count": 67, "catchment_type_diversity": 5, "is_food_desert": false, "store_count": 0, "type_diversity": 0, "barri_name": "la Marina de Port", "income_index": 18227.0, "c1_density": 0.22635135135135134, "c2_diversity": 0.83333333333333337, "c3_pressure": 0.79642093846693673, "c4_deprivation": 0.20357906153306327, "food_access_score": 45.720720720720728 }, "geometry": { "type": "Polygon", "coordinates": [ [ [ 2.139930245530718, 41.36686906289377 ], [ 2.14025932535557, 41.365090806625147 ], [ 2.142430289673575, 41.364522155349221 ], [ 2.144272269662368, 41.36573176892724 ], [ 2.143943259898399, 41.367510059157269 ], [ 2.141772200081883, 41.368078701848468 ], [ 2.139930245530718, 41.36686906289377 ] ] ] } },
{ "type": "Feature", "properties": { "h3_index": "8939446022bffff", "catchment_store_count": 165, "catchment_type_diversity": 6, "is_food_desert": false, "store_count": 5, "type_diversity": 3, "barri_name": "Sants", "income_index": 22462.0, "c1_density": 0.55743243243243246, "c2_diversity": 1.0, "c3_pressure": 0.66132891001307859, "c4_deprivation": 0.33867108998692141, "food_access_score": 62.297297297297305 }, "geometry": { "type": "Polygon", "coordinates": [ [ [ 2.131441808504362, 41.379242970532403 ], [ 2.13177108987439, 41.377464980224566 ], [ 2.133942265153913, 41.376896678951148 ], [ 2.135784254594703, 41.378106376584611 ], [ 2.135455043285561, 41.37988440085423 ], [ 2.133283772471861, 41.380452693529172 ], [ 2.131441808504362, 41.379242970532403 ] ] ] } },
{ "type": "Feature", "properties": { "h3_index": "89394461cb7ffff", "catchment_store_count": 108, "catchment_type_diversity": 5, "is_food_desert": false, "store_count": 7, "type_diversity": 4, "barri_name": "Hostafrancs", "income_index": 20683.0, "c1_density": 0.36486486486486486, "c2_diversity": 0.83333333333333337, "c3_pressure": 0.71807713164694253, "c4_deprivation": 0.28192286835305752, "food_access_score": 51.261261261261268 }, "geometry": { "type": "Polygon", "coordinates": [ [ [ 2.148482932631762, 41.37647350983579 ], [ 2.148811895125004, 41.37469529767705 ], [ 2.150983212561883, 41.374126595362725 ], [ 2.152825663014974, 41.375336113775937 ], [ 2.152496770619157, 41.377114359878533 ], [ 2.150325357669919, 41.377683053624644 ], [ 2.148482932631762, 41.37647350983579 ] ] ] } },
{ "type": "Feature", "properties": { "h3_index": "89394462a57ffff", "catchment_store_count": 40, "catchment_type_diversity": 5, "is_food_desert": false, "store_count": 0, "type_diversity": 0, "barri_name": "la Font d'en Fargues", "income_index": 24089.0, "c1_density": 0.13513513513513514, "c2_diversity": 0.83333333333333337, "c3_pressure": 0.60942932788924686, "c4_deprivation": 0.39057067211075314, "food_access_score": 42.072072072072075 }, "geometry": { "type": "Polygon", "coordinates": [ [ [ 2.166195251758263, 41.425977230696979 ], [ 2.16652408611384, 41.424199530293095 ], [ 2.168696894833219, 41.423631127026198 ], [ 2.17054096480202, 41.424840432694225 ], [ 2.170212200668711, 41.426618166982678 ], [ 2.168039296341445, 41.427186561719118 ], [ 2.166195251758263, 41.425977230696979 ] ] ] } },
{ "type": "Feature", "properties": { "h3_index": "89394461d6bffff", "catchment_store_count": 0, "catchment_type_diversity": 0, "is_food_desert": true, "store_count": 0, "type_diversity": 0, "barri_name": "la Marina del Prat Vermell", "income_index": 16015.0, "c1_density": 0.0, "c2_diversity": 0.0, "c3_pressure": 0.86698140291556347, "c4_deprivation": 0.1330185970844365, "food_access_score": 20.0 }, "geometry": { "type": "Polygon", "coordinates": [ [ [ 2.169996956932767, 41.360682131692769 ], [ 2.170325469065681, 41.358903465864415 ], [ 2.172496650423857, 41.358334089332395 ], [ 2.17433941510329, 41.359543387160777 ], [ 2.174010973093573, 41.361322086919813 ], [ 2.171839696278341, 41.361891454920354 ], [ 2.169996956932767, 41.360682131692769 ] ] ] } },
{ "type": "Feature", "properties": { "h3_index": "89394460393ffff", "catchment_store_count": 137, "catchment_type_diversity": 5, "is_food_desert": false, "store_count": 9, "type_diversity": 3, "barri_name": "Sant Gervasi - Galvany", "income_index": 35750.0, "c1_density": 0.46283783783783783, "c2_diversity": 0.83333333333333337, "c3_pressure": 0.23745574021499893, "c4_deprivation": 0.76254425978500107, "food_access_score": 55.18018018018018 }, "geometry": { "type": "Polygon", "coordinates": [ [ [ 2.144534379772633, 41.397809818223351 ], [ 2.144863496580463, 41.396031950362016 ], [ 2.147035311804301, 41.395463623824533 ], [ 2.148878105781556, 41.396673173721709 ], [ 2.148549059096958, 41.398451075515027 ], [ 2.146377148308991, 41.399019393479776 ], [ 2.144534379772633, 41.397809818223351 ] ] ] } },
{ "type": "Feature", "properties": { "h3_index": "89394460eabffff", "catchment_store_count": 57, "catchment_type_diversity": 4, "is_food_desert": false, "store_count": 0, "type_diversity": 0, "barri_name": "el Fort Pienc", "income_index": 24528.0, "c1_density": 0.19256756756756757, "c2_diversity": 0.66666666666666663, "c3_pressure": 0.59542569140961432, "c4_deprivation": 0.40457430859038568, "food_access_score": 41.036036036036037 }, "geometry": { "type": "Polygon", "coordinates": [ [ [ 2.184159968583018, 41.395894845694386 ], [ 2.184488360997497, 41.394116526487799 ], [ 2.186660621735974, 41.393547329016229 ], [ 2.188504585580514, 41.394756459253699 ], [ 2.188176263381757, 41.396534812346964 ], [ 2.186003907119844, 41.397104001316663 ], [ 2.184159968583018, 41.395894845694386 ] ] ] } },
{ "type": "Feature", "properties": { "h3_index": "89394462b0bffff", "catchment_store_count": 7, "catchment_type_diversity": 1, "is_food_desert": false, "store_count": 0, "type_diversity": 0, "barri_name": "la Verneda i la Pau", "income_index": 17668.0, "c1_density": 0.02364864864864865, "c2_diversity": 0.16666666666666666, "c3_pressure": 0.81425244824396315, "c4_deprivation": 0.18574755175603688, "food_access_score": 24.27927927927928 }, "geometry": { "type": "Polygon", "coordinates": [ [ [ 2.198336537008702, 41.431101361847603 ], [ 2.198664809284811, 41.429323390514028 ], [ 2.200838150209795, 41.428754371826145 ], [ 2.202683314445626, 41.429963332944595 ], [ 2.202355112477873, 41.431741338120808 ], [ 2.200181675963064, 41.432310348336543 ], [ 2.198336537008702, 41.431101361847603 ] ] ] } },
{ "type": "Feature", "properties": { "h3_index": "8939446adabffff", "catchment_store_count": 0, "catchment_type_diversity": 0, "is_food_desert": true, "store_count": 0, "type_diversity": 0, "barri_name": "la Marina del Prat Vermell", "income_index": 16015.0, "c1_density": 0.0, "c2_diversity": 0.0, "c3_pressure": 0.86698140291556347, "c4_deprivation": 0.1330185970844365, "food_access_score": 20.0 }, "geometry": { "type": "Polygon", "coordinates": [ [ [ 2.124284547968808, 41.328663929009316 ], [ 2.124613762129533, 41.326885301442147 ], [ 2.126783552096845, 41.326316461619122 ], [ 2.128624223327201, 41.327526257981091 ], [ 2.128295079126462, 41.329304919557707 ], [ 2.126125193732484, 41.32987375076349 ], [ 2.124284547968808, 41.328663929009316 ] ] ] } },
{ "type": "Feature", "properties": { "h3_index": "89394460447ffff", "catchment_store_count": 2, "catchment_type_diversity": 2, "is_food_desert": false, "store_count": 0, "type_diversity": 0, "barri_name": "Sarrià", "income_index": 33795.0, "c1_density": 0.0067567567567567571, "c2_diversity": 0.33333333333333331, "c3_pressure": 0.29981817601837379, "c4_deprivation": 0.70018182398162621, "food_access_score": 26.936936936936938 }, "geometry": { "type": "Polygon", "coordinates": [ [ [ 2.112481028900584, 41.414646989594345 ], [ 2.112810790870182, 41.412869704035259 ], [ 2.11498263675013, 41.412302291079158 ], [ 2.116824816288981, 41.413512172310909 ], [ 2.116495124393024, 41.415289491826577 ], [ 2.1143231828817, 41.415856896154501 ], [ 2.112481028900584, 41.414646989594345 ] ] ] } },
{ "type": "Feature", "properties": { "h3_index": "89394462883ffff", "catchment_store_count": 4, "catchment_type_diversity": 2, "is_food_desert": false, "store_count": 0, "type_diversity": 0, "barri_name": "Torre Baró", "income_index": 12819.0, "c1_density": 0.013513513513513514, "c2_diversity": 0.33333333333333331, "c3_pressure": 0.96893042840281984, "c4_deprivation": 0.031069571597180132, "food_access_score": 27.207207207207208 }, "geometry": { "type": "Polygon", "coordinates": [ [ [ 2.178850716202235, 41.458190916883147 ], [ 2.179179446599741, 41.456413538958238 ], [ 2.181353240721116, 41.455845306327255 ], [ 2.183198400111149, 41.457054460125526 ], [ 2.182869740019976, 41.458831871895036 ], [ 2.180695850229558, 41.459400096022271 ], [ 2.178850716202235, 41.458190916883147 ] ] ] } },
{ "type": "Feature", "properties": { "h3_index": "893944605afffff", "catchment_store_count": 73, "catchment_type_diversity": 5, "is_food_desert": false, "store_count": 1, "type_diversity": 1, "barri_name": "el Carmel", "income_index": 16109.5, "c1_density": 0.24662162162162163, "c2_diversity": 0.83333333333333337, "c3_pressure": 0.86396695269386581, "c4_deprivation": 0.13603304730613416, "food_access_score": 46.531531531531535 }, "geometry": { "type": "Polygon", "coordinates": [ [ [ 2.153158413615513, 41.429386326128395 ], [ 2.153487497175488, 41.427608813677253 ], [ 2.155660230613325, 41.42704073504008 ], [ 2.157503976115879, 41.428250177408039 ], [ 2.157174962752329, 41.430027723756453 ], [ 2.155002133686949, 41.430595793840233 ], [ 2.153158413615513, 41.429386326128395 ] ] ] } },
{ "type": "Feature", "properties": { "h3_index": "8939446356fffff", "catchment_store_count": 0, "catchment_type_diversity": 0, "is_food_desert": true, "store_count": 0, "type_diversity": 0, "barri_name": "Vallvidrera, el Tibidabo i les Planes", "income_index": 32833.0, "c1_density": 0.0, "c2_diversity": 0.0, "c3_pressure": 0.33050496028581455, "c4_deprivation": 0.66949503971418545, "food_access_score": 20.0 }, "geometry": { "type": "Polygon", "coordinates": [ [ [ 2.075891355298447, 41.422507453213157 ], [ 2.076221809274411, 41.42073067203966 ], [ 2.078393397380692, 41.420164146685053 ], [ 2.080234627190384, 41.421374411197341 ], [ 2.07990424321251, 41.423151226364304 ], [ 2.077732559423952, 41.423717743026067 ], [ 2.075891355298447, 41.422507453213157 ] ] ] } },
{ "type": "Feature", "properties": { "h3_index": "89394460663ffff", "catchment_store_count": 6, "catchment_type_diversity": 3, "is_food_desert": false, "store_count": 0, "type_diversity": 0, "barri_name": "Pedralbes", "income_index": 42688.0, "c1_density": 0.020270270270270271, "c2_diversity": 0.5, "c3_pressure": 0.016140865737344079, "c4_deprivation": 0.98385913426265592, "food_access_score": 30.810810810810814 }, "geometry": { "type": "Polygon", "coordinates": [ [ [ 2.108411423470085, 41.392033119015736 ], [ 2.108741170902734, 41.39025555677712 ], [ 2.110912385572354, 41.389687921223185 ], [ 2.112753948390445, 41.390897856546637 ], [ 2.112424270984169, 41.392675452764216 ], [ 2.110252960730586, 41.393243079679934 ], [ 2.108411423470085, 41.392033119015736 ] ] ] } },
{ "type": "Feature", "properties": { "h3_index": "89394460a9bffff", "catchment_store_count": 33, "catchment_type_diversity": 4, "is_food_desert": false, "store_count": 1, "type_diversity": 1, "barri_name": "la Barceloneta", "income_index": 17877.0, "c1_density": 0.11148648648648649, "c2_diversity": 0.66666666666666663, "c3_pressure": 0.80758556891766886, "c4_deprivation": 0.19241443108233117, "food_access_score": 37.792792792792795 }, "geometry": { "type": "Polygon", "coordinates": [ [ [ 2.188630457486574, 41.382876623340366 ], [ 2.188958718521747, 41.381098071978627 ], [ 2.191130701075979, 41.380528601380284 ], [ 2.192974518082118, 41.381737690639646 ], [ 2.19264632725185, 41.383516275892859 ], [ 2.190474249207669, 41.38408573799579 ], [ 2.188630457486574, 41.382876623340366 ] ] ] } },
{ "type": "Feature", "properties": { "h3_index": "8939446183bffff", "catchment_store_count": 0, "catchment_type_diversity": 0, "is_food_desert": true, "store_count": 0, "type_diversity": 0, "barri_name": "la Marina del Prat Vermell", "income_index": 16015.0, "c1_density": 0.0, "c2_diversity": 0.0, "c3_pressure": 0.86698140291556347, "c4_deprivation": 0.1330185970844365, "food_access_score": 20.0 }, "geometry": { "type": "Polygon", "coordinates": [ [ [ 2.163941255373466, 41.348729844926858 ], [ 2.164269830681139, 41.346951075152525 ], [ 2.166440630264475, 41.346381664463827 ], [ 2.168282949972979, 41.34759103209381 ], [ 2.167954444754146, 41.349369835815267 ], [ 2.165783549735099, 41.349939237960193 ], [ 2.163941255373466, 41.348729844926858 ] ] ] } },
{ "type": "Feature", "properties": { "h3_index": "8939446010bffff", "catchment_store_count": 291, "catchment_type_diversity": 6, "is_food_desert": false, "store_count": 22, "type_diversity": 5, "barri_name": "la Vila de Gràcia", "income_index": 24564.0, "c1_density": 0.98310810810810811, "c2_diversity": 1.0, "c3_pressure": 0.59427732942039624, "c4_deprivation": 0.40572267057960382, "food_access_score": 79.324324324324323 }, "geometry": { "type": "Polygon", "coordinates": [ [ [ 2.15960773157471, 41.405707967392246 ], [ 2.159936606394365, 41.403930049986101 ], [ 2.162108812610896, 41.40336151007179 ], [ 2.163952239573038, 41.404570896108957 ], [ 2.163623434926136, 41.40634884742316 ], [ 2.161451133141462, 41.406917378792727 ], [ 2.15960773157471, 41.405707967392246 ] ] ] } },
{ "type": "Feature", "properties": { "h3_index": "89394460c03ffff", "catchment_store_count": 105, "catchment_type_diversity": 5, "is_food_desert": false, "store_count": 1, "type_diversity": 1, "barri_name": "el Clot", "income_index": 21704.0, "c1_density": 0.35472972972972971, "c2_diversity": 0.83333333333333337, "c3_pressure": 0.68550830967494969, "c4_deprivation": 0.31449169032505025, "food_access_score": 50.855855855855857 }, "geometry": { "type": "Polygon", "coordinates": [ [ [ 2.189237915849313, 41.413178849636878 ], [ 2.189566283374139, 41.411400721144751 ], [ 2.191739050872438, 41.410831651559079 ], [ 2.193583546400785, 41.41204071895676 ], [ 2.193255249132609, 41.413818881316161 ], [ 2.191082386076561, 41.41438794241116 ], [ 2.189237915849313, 41.413178849636878 ] ] ] } },
{ "type": "Feature", "properties": { "h3_index": "89394460cb7ffff", "catchment_store_count": 45, "catchment_type_diversity": 5, "is_food_desert": false, "store_count": 4, "type_diversity": 3, "barri_name": "Sant Martí de Provençals", "income_index": 19176.0, "c1_density": 0.15202702702702703, "c2_diversity": 0.83333333333333337, "c3_pressure": 0.76614884047338028, "c4_deprivation": 0.23385115952661967, "food_access_score": 42.747747747747745 }, "geometry": { "type": "Polygon", "coordinates": [ [ [ 2.197804607768002, 41.422780307364228 ], [ 2.198132857405244, 41.421002223554446 ], [ 2.200305978046929, 41.420433102488893 ], [ 2.202150944620026, 41.421642073707865 ], [ 2.201822765276042, 41.423420191367356 ], [ 2.199649549062846, 41.42398930395877 ], [ 2.197804607768002, 41.422780307364228 ] ] ] } },
{ "type": "Feature", "properties": { "h3_index": "89394461a57ffff", "catchment_store_count": 0, "catchment_type_diversity": 0, "is_food_desert": true, "store_count": 0, "type_diversity": 0, "barri_name": "la Marina del Prat Vermell", "income_index": 16015.0, "c1_density": 0.0, "c2_diversity": 0.0, "c3_pressure": 0.86698140291556347, "c4_deprivation": 0.1330185970844365, "food_access_score": 20.0 }, "geometry": { "type": "Polygon", "coordinates": [ [ [ 2.141314656051013, 41.325890798482263 ], [ 2.141643551772071, 41.324111949121274 ], [ 2.143813483877578, 41.323542708669606 ], [ 2.145654615664117, 41.324752326166525 ], [ 2.145325789939552, 41.326531209519011 ], [ 2.143155762429096, 41.327100441383671 ], [ 2.141314656051013, 41.325890798482263 ] ] ] } },
{ "type": "Feature", "properties": { "h3_index": "89394460d6bffff", "catchment_store_count": 2, "catchment_type_diversity": 2, "is_food_desert": false, "store_count": 0, "type_diversity": 0, "barri_name": "Diagonal Mar i el Front Marítim del Poblenou", "income_index": 25619.0, "c1_density": 0.0067567567567567571, "c2_diversity": 0.33333333333333331, "c3_pressure": 0.56062394334747512, "c4_deprivation": 0.43937605665252483, "food_access_score": 26.936936936936938 }, "geometry": { "type": "Polygon", "coordinates": [ [ [ 2.219330575538944, 41.406985927169394 ], [ 2.2196583740906, 41.405207389327025 ], [ 2.221831357013608, 41.404637593428134 ], [ 2.223676636897991, 41.405846343809685 ], [ 2.223348908665261, 41.407624915488555 ], [ 2.221175830226331, 41.40819470294997 ], [ 2.219330575538944, 41.406985927169394 ] ] ] } },
{ "type": "Feature", "properties": { "h3_index": "89394460133ffff", "catchment_store_count": 199, "catchment_type_diversity": 6, "is_food_desert": false, "store_count": 6, "type_diversity": 3, "barri_name": "la Sagrada Família", "income_index": 23450.5, "c1_density": 0.67229729729729726, "c2_diversity": 1.0, "c3_pressure": 0.62979680372579661, "c4_deprivation": 0.37020319627420334, "food_access_score": 66.891891891891888 }, "geometry": { "type": "Polygon", "coordinates": [ [ [ 2.169154298078983, 41.409976892194834 ], [ 2.169483016725678, 41.40819893311771 ], [ 2.171655451658383, 41.407630248013099 ], [ 2.173499263510544, 41.408839530513283 ], [ 2.173170615066693, 41.410617523483893 ], [ 2.170998084564967, 41.411186200061394 ], [ 2.169154298078983, 41.409976892194834 ] ] ] } },
{ "type": "Feature", "properties": { "h3_index": "893944628abffff", "catchment_store_count": 5, "catchment_type_diversity": 2, "is_food_desert": false, "store_count": 0, "type_diversity": 0, "barri_name": "la Trinitat Nova", "income_index": 14232.0, "c1_density": 0.016891891891891893, "c2_diversity": 0.33333333333333331, "c3_pressure": 0.92385722032600726, "c4_deprivation": 0.076142779673992786, "food_access_score": 27.342342342342342 }, "geometry": { "type": "Polygon", "coordinates": [ [ [ 2.187874698061492, 41.454140283551432 ], [ 2.188203249265157, 41.452362751529144 ], [ 2.190377051763626, 41.451794270987911 ], [ 2.192222398707145, 41.453003330957614 ], [ 2.191893917824883, 41.454780896817006 ], [ 2.189720019674839, 41.455349368870166 ], [ 2.187874698061492, 41.454140283551432 ] ] ] } },
{ "type": "Feature", "properties": { "h3_index": "89394460ed3ffff", "catchment_store_count": 155, "catchment_type_diversity": 5, "is_food_desert": false, "store_count": 12, "type_diversity": 4, "barri_name": "la Dreta de l'Eixample", "income_index": 29588.0, "c1_density": 0.52364864864864868, "c2_diversity": 0.83333333333333337, "c3_pressure": 0.43401703403617342, "c4_deprivation": 0.56598296596382658, "food_access_score": 57.612612612612615 }, "geometry": { "type": "Polygon", "coordinates": [ [ [ 2.16559606999709, 41.395680708779423 ], [ 2.165924797524899, 41.39390258518214 ], [ 2.16809682125191, 41.39333378055241 ], [ 2.169940212988277, 41.39454310805575 ], [ 2.169611555631014, 41.396321265561788 ], [ 2.167439436363972, 41.396890061656322 ], [ 2.16559606999709, 41.395680708779423 ] ] ] } },
{ "type": "Feature", "properties": { "h3_index": "89394461c73ffff", "catchment_store_count": 53, "catchment_type_diversity": 6, "is_food_desert": false, "store_count": 1, "type_diversity": 1, "barri_name": "la Marina de Port", "income_index": 18227.0, "c1_density": 0.17905405405405406, "c2_diversity": 1.0, "c3_pressure": 0.79642093846693673, "c4_deprivation": 0.20357906153306327, "food_access_score": 47.162162162162161 }, "geometry": { "type": "Polygon", "coordinates": [ [ [ 2.140917446435435, 41.361534208119842 ], [ 2.141246487691889, 41.359755865889014 ], [ 2.143417327647242, 41.359187120687487 ], [ 2.145259221828861, 41.360396726300955 ], [ 2.144930250626869, 41.362175102496181 ], [ 2.142759315185921, 41.362743839114124 ], [ 2.140917446435435, 41.361534208119842 ] ] ] } },
{ "type": "Feature", "properties": { "h3_index": "8939446029bffff", "catchment_store_count": 22, "catchment_type_diversity": 5, "is_food_desert": false, "store_count": 0, "type_diversity": 0, "barri_name": "Pedralbes", "income_index": 42688.0, "c1_density": 0.074324324324324328, "c2_diversity": 0.83333333333333337, "c3_pressure": 0.016140865737344079, "c4_deprivation": 0.98385913426265592, "food_access_score": 39.639639639639647 }, "geometry": { "type": "Polygon", "coordinates": [ [ [ 2.114925229857651, 41.390330144249589 ], [ 2.115254852927452, 41.38855248799559 ], [ 2.11742610560068, 41.387984690320451 ], [ 2.119267830775438, 41.389194557526629 ], [ 2.118938277744935, 41.390972247753275 ], [ 2.116766929497485, 41.391540036801651 ], [ 2.114925229857651, 41.390330144249589 ] ] ] } },
{ "type": "Feature", "properties": { "h3_index": "89394462a13ffff", "catchment_store_count": 45, "catchment_type_diversity": 5, "is_food_desert": false, "store_count": 6, "type_diversity": 2, "barri_name": "Vilapicina i la Torre Llobeta", "income_index": 20176.0, "c1_density": 0.15202702702702703, "c2_diversity": 0.83333333333333337, "c3_pressure": 0.73424989632843152, "c4_deprivation": 0.26575010367156848, "food_access_score": 42.747747747747752 }, "geometry": { "type": "Polygon", "coordinates": [ [ [ 2.169225831117541, 41.431951197294559 ], [ 2.169554633827194, 41.430173549285719 ], [ 2.17172763376769, 41.429605163076666 ], [ 2.173571926614255, 41.430814433401245 ], [ 2.173243194144086, 41.43259211528639 ], [ 2.171070098584991, 41.433160492971197 ], [ 2.169225831117541, 41.431951197294559 ] ] ] } },
{ "type": "Feature", "properties": { "h3_index": "8939446034fffff", "catchment_store_count": 116, "catchment_type_diversity": 5, "is_food_desert": false, "store_count": 0, "type_diversity": 0, "barri_name": "Hostafrancs", "income_index": 20683.0, "c1_density": 0.39189189189189189, "c2_diversity": 0.83333333333333337, "c3_pressure": 0.71807713164694253, "c4_deprivation": 0.28192286835305752, "food_access_score": 52.342342342342342 }, "geometry": { "type": "Polygon", "coordinates": [ [ [ 2.145982569464435, 41.378820278962607 ], [ 2.146311586287537, 41.377042126791288 ], [ 2.148482932631762, 41.37647350983579 ], [ 2.150325357669919, 41.377683053624644 ], [ 2.149996410942105, 41.379461239740941 ], [ 2.147824969077948, 41.380029848124011 ], [ 2.145982569464435, 41.378820278962607 ] ] ] } },
{ "type": "Feature", "properties": { "h3_index": "89394460057ffff", "catchment_store_count": 48, "catchment_type_diversity": 5, "is_food_desert": false, "store_count": 0, "type_diversity": 0, "barri_name": "les Tres Torres", "income_index": 43194.0, "c1_density": 0.16216216216216217, "c2_diversity": 0.83333333333333337, "c3_pressure": 0.0, "c4_deprivation": 1.0, "food_access_score": 43.153153153153156 }, "geometry": { "type": "Polygon", "coordinates": [ [ [ 2.127489428282663, 41.400576616338299 ], [ 2.127818864096715, 41.39879897038486 ], [ 2.129990537008424, 41.398231045024389 ], [ 2.131832869689129, 41.399440774220942 ], [ 2.131503503961694, 41.401218454124269 ], [ 2.129331735464062, 41.401786370881752 ], [ 2.127489428282663, 41.400576616338299 ] ] ] } },
{ "type": "Feature", "properties": { "h3_index": "89394462ac7ffff", "catchment_store_count": 50, "catchment_type_diversity": 5, "is_food_desert": false, "store_count": 2, "type_diversity": 1, "barri_name": "Vilapicina i la Torre Llobeta", "income_index": 20176.0, "c1_density": 0.16891891891891891, "c2_diversity": 0.83333333333333337, "c3_pressure": 0.73424989632843152, "c4_deprivation": 0.26575010367156848, "food_access_score": 43.423423423423422 }, "geometry": { "type": "Polygon", "coordinates": [ [ [ 2.165208671527374, 41.431310159361182 ], [ 2.165537544465754, 41.429532545233933 ], [ 2.167710477806688, 41.428964235930124 ], [ 2.169554633827194, 41.430173549285719 ], [ 2.169225831117541, 41.431951197294559 ], [ 2.167052802155768, 41.432519498066796 ], [ 2.165208671527374, 41.431310159361182 ] ] ] } },
{ "type": "Feature", "properties": { "h3_index": "89394460d43ffff", "catchment_store_count": 24, "catchment_type_diversity": 4, "is_food_desert": false, "store_count": 0, "type_diversity": 0, "barri_name": "Diagonal Mar i el Front Marítim del Poblenou", "income_index": 25619.0, "c1_density": 0.081081081081081086, "c2_diversity": 0.66666666666666663, "c3_pressure": 0.56062394334747512, "c4_deprivation": 0.43937605665252483, "food_access_score": 36.576576576576578 }, "geometry": { "type": "Polygon", "coordinates": [ [ [ 2.210310623802957, 41.411042828412789 ], [ 2.210638601445345, 41.409264444434861 ], [ 2.212811576375308, 41.408694896298385 ], [ 2.214656669193479, 41.409903740593563 ], [ 2.214328761855019, 41.411682158415523 ], [ 2.21215569139161, 41.412251698098864 ], [ 2.210310623802957, 41.411042828412789 ] ] ] } },
{ "type": "Feature", "properties": { "h3_index": "89394461ddbffff", "catchment_store_count": 66, "catchment_type_diversity": 5, "is_food_desert": false, "store_count": 0, "type_diversity": 0, "barri_name": "el Poble-sec", "income_index": 18196.5, "c1_density": 0.22297297297297297, "c2_diversity": 0.83333333333333337, "c3_pressure": 0.79739385626335768, "c4_deprivation": 0.20260614373664232, "food_access_score": 45.585585585585584 }, "geometry": { "type": "Polygon", "coordinates": [ [ [ 2.153483409249435, 41.371779535553017 ], [ 2.153812263089526, 41.37000120343852 ], [ 2.155983522689039, 41.369432330416338 ], [ 2.157826023942818, 41.370641798069066 ], [ 2.157497240204453, 41.372420164125153 ], [ 2.155325885107726, 41.372989028587511 ], [ 2.153483409249435, 41.371779535553017 ] ] ] } },
{ "type": "Feature", "properties": { "h3_index": "89394460403ffff", "catchment_store_count": 0, "catchment_type_diversity": 0, "is_food_desert": true, "store_count": 0, "type_diversity": 0, "barri_name": "Vallvidrera, el Tibidabo i les Planes", "income_index": 32833.0, "c1_density": 0.0, "c2_diversity": 0.0, "c3_pressure": 0.33050496028581455, "c4_deprivation": 0.66949503971418545, "food_access_score": 20.0 }, "geometry": { "type": "Polygon", "coordinates": [ [ [ 2.115505971386282, 41.420621277926777 ], [ 2.115835701942409, 41.418844044637417 ], [ 2.118007739090484, 41.418276648934608 ], [ 2.119850141321682, 41.419486495143779 ], [ 2.119520480856386, 41.421263762381543 ], [ 2.117348348066201, 41.421831149462307 ], [ 2.115505971386282, 41.420621277926777 ] ] ] } },
{ "type": "Feature", "properties": { "h3_index": "89394462b7bffff", "catchment_store_count": 26, "catchment_type_diversity": 5, "is_food_desert": false, "store_count": 0, "type_diversity": 0, "barri_name": "la Verneda i la Pau", "income_index": 17668.0, "c1_density": 0.087837837837837843, "c2_diversity": 0.83333333333333337, "c3_pressure": 0.81425244824396315, "c4_deprivation": 0.18574755175603688, "food_access_score": 40.180180180180187 }, "geometry": { "type": "Polygon", "coordinates": [ [ [ 2.199321315311142, 41.425767361566692 ], [ 2.199649549062846, 41.42398930395877 ], [ 2.201822765276042, 41.423420191367356 ], [ 2.203667843311538, 41.424629144855508 ], [ 2.203339679861708, 41.426407236309039 ], [ 2.201166368071658, 41.426976340429405 ], [ 2.199321315311142, 41.425767361566692 ] ] ] } },
{ "type": "Feature", "properties": { "h3_index": "893944604b7ffff", "catchment_store_count": 0, "catchment_type_diversity": 0, "is_food_desert": true, "store_count": 0, "type_diversity": 0, "barri_name": "Sant Genís dels Agudells", "income_index": 19094.0, "c1_density": 0.0, "c2_diversity": 0.0, "c3_pressure": 0.76876455389326614, "c4_deprivation": 0.23123544610673386, "food_access_score": 20.0 }, "geometry": { "type": "Polygon", "coordinates": [ [ [ 2.124059468703896, 41.430224840538301 ], [ 2.124389081991175, 41.428447651787351 ], [ 2.126561472885414, 41.427880205120097 ], [ 2.128404346145546, 41.429089955809857 ], [ 2.128074802985719, 41.430867178491688 ], [ 2.125902316435436, 41.431434616553453 ], [ 2.124059468703896, 41.430224840538301 ] ] ] } },
{ "type": "Feature", "properties": { "h3_index": "89394462c2fffff", "catchment_store_count": 3, "catchment_type_diversity": 2, "is_food_desert": false, "store_count": 0, "type_diversity": 0, "barri_name": "Torre Baró", "income_index": 12819.0, "c1_density": 0.010135135135135136, "c2_diversity": 0.33333333333333331, "c3_pressure": 0.96893042840281984, "c4_deprivation": 0.031069571597180132, "food_access_score": 27.072072072072075 }, "geometry": { "type": "Polygon", "coordinates": [ [ [ 2.17786444783124, 41.463522877796628 ], [ 2.178193216818708, 41.461745586305241 ], [ 2.180367135691323, 41.461177447655885 ], [ 2.182212381255619, 41.462386609003332 ], [ 2.181883682580953, 41.464163934336334 ], [ 2.179709668026313, 41.464732064480856 ], [ 2.17786444783124, 41.463522877796628 ] ] ] } },
{ "type": "Feature", "properties": { "h3_index": "8939446056bffff", "catchment_store_count": 60, "catchment_type_diversity": 5, "is_food_desert": false, "store_count": 0, "type_diversity": 0, "barri_name": "Vallcarca i els Penitents", "income_index": 27507.0, "c1_density": 0.20270270270270271, "c2_diversity": 0.83333333333333337, "c3_pressure": 0.50039873680181191, "c4_deprivation": 0.49960126319818815, "food_access_score": 44.774774774774784 }, "geometry": { "type": "Polygon", "coordinates": [ [ [ 2.14558706005056, 41.414450899296412 ], [ 2.145916222520952, 41.41267325600964 ], [ 2.148088477901476, 41.412105134559127 ], [ 2.149931666409486, 41.413314664964837 ], [ 2.149602574092458, 41.415092342169416 ], [ 2.147430223111185, 41.415660455051096 ], [ 2.14558706005056, 41.414450899296412 ] ] ] } },
{ "type": "Feature", "properties": { "h3_index": "89394462e4bffff", "catchment_store_count": 5, "catchment_type_diversity": 3, "is_food_desert": false, "store_count": 0, "type_diversity": 0, "barri_name": "la Vall d'Hebron", "income_index": 22643.5, "c1_density": 0.016891891891891893, "c2_diversity": 0.5, "c3_pressure": 0.65553925165077032, "c4_deprivation": 0.34446074834922963, "food_access_score": 30.675675675675674 }, "geometry": { "type": "Polygon", "coordinates": [ [ [ 2.14565246248358, 41.436422226195084 ], [ 2.145981709248197, 41.434644894043437 ], [ 2.148154529545265, 41.434077071715507 ], [ 2.149998198725171, 41.435286590105811 ], [ 2.149669022150529, 41.437063956158113 ], [ 2.147496106203116, 41.437631769920031 ], [ 2.14565246248358, 41.436422226195084 ] ] ] } },
{ "type": "Feature", "properties": { "h3_index": "89394461527ffff", "catchment_store_count": 15, "catchment_type_diversity": 5, "is_food_desert": false, "store_count": 1, "type_diversity": 1, "barri_name": "la Maternitat i Sant Ramon", "income_index": 25111.0, "c1_density": 0.050675675675675678, "c2_diversity": 0.83333333333333337, "c3_pressure": 0.57682860697310923, "c4_deprivation": 0.42317139302689083, "food_access_score": 38.693693693693696 }, "geometry": { "type": "Polygon", "coordinates": [ [ [ 2.108878130381302, 41.378379618590721 ], [ 2.109207816211235, 41.37660185817937 ], [ 2.11137868664128, 41.376034025966447 ], [ 2.113219966791268, 41.377243962804499 ], [ 2.112890350966259, 41.379021757204875 ], [ 2.110719384983466, 41.379589580778749 ], [ 2.108878130381302, 41.378379618590721 ] ] ] } },
{ "type": "Feature", "properties": { "h3_index": "8939446237bffff", "catchment_store_count": 0, "catchment_type_diversity": 0, "is_food_desert": true, "store_count": 0, "type_diversity": 0, "barri_name": "Sant Genís dels Agudells", "income_index": 19094.0, "c1_density": 0.0, "c2_diversity": 0.0, "c3_pressure": 0.76876455389326614, "c4_deprivation": 0.23123544610673386, "food_access_score": 20.0 }, "geometry": { "type": "Polygon", "coordinates": [ [ [ 2.125572718882682, 41.433211779123489 ], [ 2.125902316435436, 41.431434616553453 ], [ 2.128074802985719, 41.430867178491688 ], [ 2.129917787641798, 41.432076911602969 ], [ 2.129588260225119, 41.433854108099794 ], [ 2.127415678013395, 41.434421537559118 ], [ 2.125572718882682, 41.433211779123489 ] ] ] } },
{ "type": "Feature", "properties": { "h3_index": "8939446311bffff", "catchment_store_count": 0, "catchment_type_diversity": 0, "is_food_desert": true, "store_count": 0, "type_diversity": 0, "barri_name": "Vallvidrera, el Tibidabo i les Planes", "income_index": 32833.0, "c1_density": 0.0, "c2_diversity": 0.0, "c3_pressure": 0.33050496028581455, "c4_deprivation": 0.66949503971418545, "food_access_score": 20.0 }, "geometry": { "type": "Polygon", "coordinates": [ [ [ 2.083397232410816, 41.415477097020258 ], [ 2.083727523305785, 41.413700135505913 ], [ 2.085899025347901, 41.413133353902708 ], [ 2.087740332151768, 41.414343542494656 ], [ 2.087410111261408, 41.416120537999099 ], [ 2.085238513559693, 41.416687310922057 ], [ 2.083397232410816, 41.415477097020258 ] ] ] } },
{ "type": "Feature", "properties": { "h3_index": "893944631cfffff", "catchment_store_count": 0, "catchment_type_diversity": 0, "is_food_desert": true, "store_count": 0, "type_diversity": 0, "barri_name": "Vallvidrera, el Tibidabo i les Planes", "income_index": 32833.0, "c1_density": 0.0, "c2_diversity": 0.0, "c3_pressure": 0.33050496028581455, "c4_deprivation": 0.66949503971418545, "food_access_score": 20.0 }, "geometry": { "type": "Polygon", "coordinates": [ [ [ 2.079384557494973, 41.41483353657339 ], [ 2.079714918383809, 41.413056609054401 ], [ 2.081886353459765, 41.412489904176624 ], [ 2.083727523305785, 41.413700135505913 ], [ 2.083397232410816, 41.415477097020258 ], [ 2.081225701673075, 41.416043793210498 ], [ 2.079384557494973, 41.41483353657339 ] ] ] } },
{ "type": "Feature", "properties": { "h3_index": "89394460c8fffff", "catchment_store_count": 75, "catchment_type_diversity": 5, "is_food_desert": false, "store_count": 7, "type_diversity": 3, "barri_name": "Navas", "income_index": 21622.0, "c1_density": 0.2533783783783784, "c2_diversity": 0.83333333333333337, "c3_pressure": 0.68812402309483556, "c4_deprivation": 0.31187597690516444, "food_access_score": 46.801801801801801 }, "geometry": { "type": "Polygon", "coordinates": [ [ [ 2.188252736214923, 41.418513062692703 ], [ 2.188581142270432, 41.416735020413753 ], [ 2.190754034415808, 41.416166044733522 ], [ 2.192598616073502, 41.417375119824626 ], [ 2.192270280281121, 41.419153195967873 ], [ 2.190097292565045, 41.419722163156315 ], [ 2.188252736214923, 41.418513062692703 ] ] ] } },
{ "type": "Feature", "properties": { "h3_index": "893944618abffff", "catchment_store_count": 0, "catchment_type_diversity": 0, "is_food_desert": true, "store_count": 0, "type_diversity": 0, "barri_name": "la Marina del Prat Vermell", "income_index": 16015.0, "c1_density": 0.0, "c2_diversity": 0.0, "c3_pressure": 0.86698140291556347, "c4_deprivation": 0.1330185970844365, "food_access_score": 20.0 }, "geometry": { "type": "Polygon", "coordinates": [ [ [ 2.162955452419032, 41.354065982458799 ], [ 2.163284066243137, 41.352287298582908 ], [ 2.165454990214725, 41.351717981762064 ], [ 2.167297395807935, 41.352927357362574 ], [ 2.166968852079108, 41.354706075182619 ], [ 2.164797832658905, 41.355275383458569 ], [ 2.162955452419032, 41.354065982458799 ] ] ] } },
{ "type": "Feature", "properties": { "h3_index": "89394460c73ffff", "catchment_store_count": 76, "catchment_type_diversity": 5, "is_food_desert": false, "store_count": 1, "type_diversity": 1, "barri_name": "el Parc i la Llacuna del Poblenou", "income_index": 24245.0, "c1_density": 0.25675675675675674, "c2_diversity": 0.83333333333333337, "c3_pressure": 0.6044530926026348, "c4_deprivation": 0.39554690739736514, "food_access_score": 46.936936936936938 }, "geometry": { "type": "Polygon", "coordinates": [ [ [ 2.190222979898231, 41.407844377967713 ], [ 2.190551308898973, 41.406066163288578 ], [ 2.192723951763214, 41.405496999806047 ], [ 2.194568361168641, 41.406706059492798 ], [ 2.194240102418072, 41.408484308042183 ], [ 2.192067364009028, 41.409053463035136 ], [ 2.190222979898231, 41.407844377967713 ] ] ] } },
{ "type": "Feature", "properties": { "h3_index": "8939446003bffff", "catchment_store_count": 72, "catchment_type_diversity": 5, "is_food_desert": false, "store_count": 1, "type_diversity": 1, "barri_name": "Sant Gervasi - Galvany", "income_index": 35750.0, "c1_density": 0.24324324324324326, "c2_diversity": 0.83333333333333337, "c3_pressure": 0.23745574021499893, "c4_deprivation": 0.76254425978500107, "food_access_score": 46.396396396396398 }, "geometry": { "type": "Polygon", "coordinates": [ [ [ 2.139532265924476, 41.402501770743662 ], [ 2.139861491446356, 41.400724022956233 ], [ 2.142033364477564, 41.400155867199615 ], [ 2.143876107563311, 41.401365467812141 ], [ 2.14354695216036, 41.403143249533784 ], [ 2.141374983549858, 41.403711396709241 ], [ 2.139532265924476, 41.402501770743662 ] ] ] } },
{ "type": "Feature", "properties": { "h3_index": "89394461ac7ffff", "catchment_store_count": 0, "catchment_type_diversity": 0, "is_food_desert": true, "store_count": 0, "type_diversity": 0, "barri_name": "la Marina del Prat Vermell", "income_index": 16015.0, "c1_density": 0.0, "c2_diversity": 0.0, "c3_pressure": 0.86698140291556347, "c4_deprivation": 0.1330185970844365, "food_access_score": 20.0 }, "geometry": { "type": "Polygon", "coordinates": [ [ [ 2.140327891818715, 41.331227174996378 ], [ 2.140656826075053, 41.329448411422717 ], [ 2.142826882439742, 41.328879264849945 ], [ 2.14466809996306, 41.330088890439569 ], [ 2.144339235709662, 41.331867688001765 ], [ 2.142169083927134, 41.332436825986377 ], [ 2.140327891818715, 41.331227174996378 ] ] ] } },
{ "type": "Feature", "properties": { "h3_index": "89394460ddbffff", "catchment_store_count": 55, "catchment_type_diversity": 5, "is_food_desert": false, "store_count": 7, "type_diversity": 3, "barri_name": "Provençals del Poblenou", "income_index": 19617.0, "c1_density": 0.1858108108108108, "c2_diversity": 0.83333333333333337, "c3_pressure": 0.75208140610545793, "c4_deprivation": 0.2479185938945421, "food_access_score": 44.099099099099107 }, "geometry": { "type": "Polygon", "coordinates": [ [ [ 2.20280726479525, 41.418085752146425 ], [ 2.203135405627933, 41.416307548250288 ], [ 2.205308468007584, 41.415738256346486 ], [ 2.207153485107947, 41.416947176805131 ], [ 2.206825414572764, 41.418725414548682 ], [ 2.204652256636849, 41.419294697986757 ], [ 2.20280726479525, 41.418085752146425 ] ] ] } },
{ "type": "Feature", "properties": { "h3_index": "89394462867ffff", "catchment_store_count": 14, "catchment_type_diversity": 3, "is_food_desert": false, "store_count": 1, "type_diversity": 1, "barri_name": "Sant Andreu", "income_index": 22418.0, "c1_density": 0.0472972972972973, "c2_diversity": 0.5, "c3_pressure": 0.66273246355545634, "c4_deprivation": 0.33726753644454366, "food_access_score": 31.891891891891898 }, "geometry": { "type": "Polygon", "coordinates": [ [ [ 2.18984581246808, 41.443474659495479 ], [ 2.190174286550733, 41.441696954724605 ], [ 2.192347839560164, 41.44112828628846 ], [ 2.194193014109691, 41.442337331109641 ], [ 2.193864610335492, 41.44411506972358 ], [ 2.19169096170043, 41.444683729673855 ], [ 2.18984581246808, 41.443474659495479 ] ] ] } },
{ "type": "Feature", "properties": { "h3_index": "89394460e8fffff", "catchment_store_count": 116, "catchment_type_diversity": 5, "is_food_desert": false, "store_count": 10, "type_diversity": 3, "barri_name": "el Fort Pienc", "income_index": 24528.0, "c1_density": 0.39189189189189189, "c2_diversity": 0.83333333333333337, "c3_pressure": 0.59542569140961432, "c4_deprivation": 0.40457430859038568, "food_access_score": 52.342342342342342 }, "geometry": { "type": "Polygon", "coordinates": [ [ [ 2.177643136662637, 41.397602019684037 ], [ 2.177971653646501, 41.39582379437617 ], [ 2.180143876946634, 41.395254759167038 ], [ 2.181987678793308, 41.396463957779716 ], [ 2.181659232012271, 41.398242216980641 ], [ 2.179486913178849, 41.398811243676406 ], [ 2.177643136662637, 41.397602019684037 ] ] ] } },
{ "type": "Feature", "properties": { "h3_index": "893944601a3ffff", "catchment_store_count": 103, "catchment_type_diversity": 5, "is_food_desert": false, "store_count": 8, "type_diversity": 5, "barri_name": "el Baix Guinardó", "income_index": 22432.0, "c1_density": 0.34797297297297297, "c2_diversity": 0.83333333333333337, "c3_pressure": 0.66228587833742703, "c4_deprivation": 0.33771412166257297, "food_access_score": 50.585585585585576 }, "geometry": { "type": "Polygon", "coordinates": [ [ [ 2.168168065014288, 41.415310597035457 ], [ 2.168496822224035, 41.413532724156603 ], [ 2.170669381739283, 41.412964132989309 ], [ 2.172513279623912, 41.414173423229627 ], [ 2.172184592623523, 41.41595132999899 ], [ 2.170011937526278, 41.416519912638066 ], [ 2.168168065014288, 41.415310597035457 ] ] ] } },
{ "type": "Feature", "properties": { "h3_index": "89394461c2fffff", "catchment_store_count": 0, "catchment_type_diversity": 0, "is_food_desert": true, "store_count": 0, "type_diversity": 0, "barri_name": "el Poble-sec", "income_index": 18196.5, "c1_density": 0.0, "c2_diversity": 0.0, "c3_pressure": 0.79739385626335768, "c4_deprivation": 0.20260614373664232, "food_access_score": 20.0 }, "geometry": { "type": "Polygon", "coordinates": [ [ [ 2.152956468780755, 41.363456532551865 ], [ 2.153285299841592, 41.361678088443597 ], [ 2.155456339547929, 41.361109112952029 ], [ 2.157298643669466, 41.362318590131025 ], [ 2.156969882695323, 41.364097068187966 ], [ 2.154798747510054, 41.364666035117786 ], [ 2.152956468780755, 41.363456532551865 ] ] ] } },
{ "type": "Feature", "properties": { "h3_index": "89394460257ffff", "catchment_store_count": 38, "catchment_type_diversity": 5, "is_food_desert": false, "store_count": 0, "type_diversity": 0, "barri_name": "la Maternitat i Sant Ramon", "income_index": 25111.0, "c1_density": 0.12837837837837837, "c2_diversity": 0.83333333333333337, "c3_pressure": 0.57682860697310923, "c4_deprivation": 0.42317139302689083, "food_access_score": 41.801801801801808 }, "geometry": { "type": "Polygon", "coordinates": [ [ [ 2.116902775112512, 41.379663776349268 ], [ 2.117232320921849, 41.37788594796509 ], [ 2.119403324882399, 41.377317962297646 ], [ 2.12124487857906, 41.378527813639487 ], [ 2.120915402796167, 41.380305676002251 ], [ 2.118744303287272, 41.380873653045199 ], [ 2.116902775112512, 41.379663776349268 ] ] ] } },
{ "type": "Feature", "properties": { "h3_index": "8939446030bffff", "catchment_store_count": 157, "catchment_type_diversity": 5, "is_food_desert": false, "store_count": 4, "type_diversity": 2, "barri_name": "la Nova Esquerra de l'Eixample", "income_index": 25694.0, "c1_density": 0.53040540540540537, "c2_diversity": 0.83333333333333337, "c3_pressure": 0.55823152253660402, "c4_deprivation": 0.44176847746339598, "food_access_score": 57.882882882882889 }, "geometry": { "type": "Polygon", "coordinates": [ [ [ 2.14900949362243, 41.384795625996333 ], [ 2.149338478919095, 41.383017525929695 ], [ 2.151510016308546, 41.382448926115991 ], [ 2.15335266392913, 41.383658434935789 ], [ 2.153023748744959, 41.385436568939191 ], [ 2.150852115824851, 41.386005160186613 ], [ 2.14900949362243, 41.384795625996333 ] ] ] } },
{ "type": "Feature", "properties": { "h3_index": "89394462a83ffff", "catchment_store_count": 35, "catchment_type_diversity": 4, "is_food_desert": false, "store_count": 1, "type_diversity": 1, "barri_name": "la Guineueta", "income_index": 19848.0, "c1_density": 0.11824324324324324, "c2_diversity": 0.66666666666666663, "c3_pressure": 0.74471275000797466, "c4_deprivation": 0.25528724999202529, "food_access_score": 38.063063063063055 }, "geometry": { "type": "Polygon", "coordinates": [ [ [ 2.168239345824138, 41.437283968715356 ], [ 2.168568187116737, 41.435506407012262 ], [ 2.170741311704704, 41.434938114768485 ], [ 2.172585690628748, 41.436147392753782 ], [ 2.1722569195821, 41.437924988330231 ], [ 2.170083699362594, 41.438493272048611 ], [ 2.168239345824138, 41.437283968715356 ] ] ] } },
{ "type": "Feature", "properties": { "h3_index": "89394461d97ffff", "catchment_store_count": 183, "catchment_type_diversity": 6, "is_food_desert": false, "store_count": 9, "type_diversity": 2, "barri_name": "el Raval", "income_index": 13991.0, "c1_density": 0.6182432432432432, "c2_diversity": 1.0, "c3_pressure": 0.9315448658649399, "c4_deprivation": 0.068455134135060131, "food_access_score": 64.72972972972974 }, "geometry": { "type": "Polygon", "coordinates": [ [ [ 2.166053809751645, 41.382023886150293 ], [ 2.166382475990811, 41.380245564306378 ], [ 2.16855415518654, 41.379676563315812 ], [ 2.170397263648999, 41.38088589270577 ], [ 2.170068667558881, 41.382664248468501 ], [ 2.167896892854359, 41.383233240923033 ], [ 2.166053809751645, 41.382023886150293 ] ] ] } },
{ "type": "Feature", "properties": { "h3_index": "893944618c7ffff", "catchment_store_count": 1, "catchment_type_diversity": 1, "is_food_desert": false, "store_count": 0, "type_diversity": 0, "barri_name": "la Marina del Prat Vermell", "income_index": 16015.0, "c1_density": 0.0033783783783783786, "c2_diversity": 0.16666666666666666, "c3_pressure": 0.86698140291556347, "c4_deprivation": 0.1330185970844365, "food_access_score": 23.468468468468469 }, "geometry": { "type": "Polygon", "coordinates": [ [ [ 2.150916472163055, 41.352144986692757 ], [ 2.151245296208578, 41.350366404680699 ], [ 2.153416020610575, 41.349797318160853 ], [ 2.155258016419498, 41.351006822220377 ], [ 2.15492926243705, 41.352785438192264 ], [ 2.152758442579739, 41.35335451614538 ], [ 2.150916472163055, 41.352144986692757 ] ] ] } },
{ "type": "Feature", "properties": { "h3_index": "8939446ad23ffff", "catchment_store_count": 0, "catchment_type_diversity": 0, "is_food_desert": true, "store_count": 0, "type_diversity": 0, "barri_name": "la Marina del Prat Vermell", "income_index": 16015.0, "c1_density": 0.0, "c2_diversity": 0.0, "c3_pressure": 0.86698140291556347, "c4_deprivation": 0.1330185970844365, "food_access_score": 20.0 }, "geometry": { "type": "Polygon", "coordinates": [ [ [ 2.129282473172678, 41.323968849043567 ], [ 2.129611578818866, 41.322190101688527 ], [ 2.131781311190951, 41.321621091292357 ], [ 2.133622033325576, 41.322830836860675 ], [ 2.133292997643683, 41.324609618222929 ], [ 2.131123169860027, 41.325178620010263 ], [ 2.129282473172678, 41.323968849043567 ] ] ] } },
{ "type": "Feature", "properties": { "h3_index": "89394461e4bffff", "catchment_store_count": 1, "catchment_type_diversity": 1, "is_food_desert": false, "store_count": 0, "type_diversity": 0, "barri_name": "la Marina del Prat Vermell", "income_index": 16015.0, "c1_density": 0.0033783783783783786, "c2_diversity": 0.16666666666666666, "c3_pressure": 0.86698140291556347, "c4_deprivation": 0.1330185970844365, "food_access_score": 23.468468468468469 }, "geometry": { "type": "Polygon", "coordinates": [ [ [ 2.120797578383444, 41.336346782574658 ], [ 2.121126885378784, 41.334568300724328 ], [ 2.123296828352917, 41.333999640113269 ], [ 2.125137559775972, 41.335209469975737 ], [ 2.124808322744887, 41.336987985833687 ], [ 2.122638284323612, 41.337556637822118 ], [ 2.120797578383444, 41.336346782574658 ] ] ] } },
{ "type": "Feature", "properties": { "h3_index": "8939446add7ffff", "catchment_store_count": 4, "catchment_type_diversity": 2, "is_food_desert": false, "store_count": 0, "type_diversity": 0, "barri_name": "la Marina del Prat Vermell", "income_index": 16015.0, "c1_density": 0.013513513513513514, "c2_diversity": 0.33333333333333331, "c3_pressure": 0.86698140291556347, "c4_deprivation": 0.1330185970844365, "food_access_score": 27.207207207207208 }, "geometry": { "type": "Polygon", "coordinates": [ [ [ 2.109755077090021, 41.329087231618601 ], [ 2.110084555320367, 41.327308766018064 ], [ 2.112254174049042, 41.326740241460094 ], [ 2.114094409985331, 41.327950191146535 ], [ 2.113765001680616, 41.329728690773344 ], [ 2.111595287511105, 41.330297206688009 ], [ 2.109755077090021, 41.329087231618601 ] ] ] } },
{ "type": "Feature", "properties": { "h3_index": "89394460473ffff", "catchment_store_count": 0, "catchment_type_diversity": 0, "is_food_desert": true, "store_count": 0, "type_diversity": 0, "barri_name": "Sarrià", "income_index": 33795.0, "c1_density": 0.0, "c2_diversity": 0.0, "c3_pressure": 0.29981817601837379, "c4_deprivation": 0.70018182398162621, "food_access_score": 20.0 }, "geometry": { "type": "Polygon", "coordinates": [ [ [ 2.116495124393024, 41.415289491826577 ], [ 2.116824816288981, 41.413512172310909 ], [ 2.118996728983592, 41.412944682569901 ], [ 2.120839045408561, 41.414154520966093 ], [ 2.120509423597014, 41.415931874433149 ], [ 2.118337415273238, 41.416499355553249 ], [ 2.116495124393024, 41.415289491826577 ] ] ] } },
{ "type": "Feature", "properties": { "h3_index": "89394460527ffff", "catchment_store_count": 81, "catchment_type_diversity": 5, "is_food_desert": false, "store_count": 0, "type_diversity": 0, "barri_name": "el Carmel", "income_index": 16109.5, "c1_density": 0.27364864864864863, "c2_diversity": 0.83333333333333337, "c3_pressure": 0.86396695269386581, "c4_deprivation": 0.13603304730613416, "food_access_score": 47.612612612612615 }, "geometry": { "type": "Polygon", "coordinates": [ [ [ 2.158161964245749, 41.424694998434724 ], [ 2.15849093901356, 41.422917365815621 ], [ 2.160663614507438, 41.422349116321953 ], [ 2.162507410843019, 41.423558507993008 ], [ 2.162178506275928, 41.425336174507109 ], [ 2.160005735169694, 41.425904415455769 ], [ 2.158161964245749, 41.424694998434724 ] ] ] } },
{ "type": "Feature", "properties": { "h3_index": "893944605dbffff", "catchment_store_count": 0, "catchment_type_diversity": 0, "is_food_desert": true, "store_count": 0, "type_diversity": 0, "barri_name": "Sant Genís dels Agudells", "income_index": 19094.0, "c1_density": 0.0, "c2_diversity": 0.0, "c3_pressure": 0.76876455389326614, "c4_deprivation": 0.23123544610673386, "food_access_score": 20.0 }, "geometry": { "type": "Polygon", "coordinates": [ [ [ 2.12906339381618, 41.425535424164494 ], [ 2.12939289832848, 41.423758115206766 ], [ 2.13156523149082, 41.423190497681119 ], [ 2.133408155778881, 41.424400197710931 ], [ 2.133078721398388, 41.426177540597308 ], [ 2.130906292595162, 41.426745149525821 ], [ 2.12906339381618, 41.425535424164494 ] ] ] } },
{ "type": "Feature", "properties": { "h3_index": "89394462d53ffff", "catchment_store_count": 1, "catchment_type_diversity": 1, "is_food_desert": false, "store_count": 0, "type_diversity": 0, "barri_name": "Vallbona", "income_index": 13420.0, "c1_density": 0.0033783783783783786, "c2_diversity": 0.16666666666666666, "c3_pressure": 0.94975916297170559, "c4_deprivation": 0.050240837028294363, "food_access_score": 23.468468468468469 }, "geometry": { "type": "Polygon", "coordinates": [ [ [ 2.183400356885083, 41.467150376902786 ], [ 2.183729039691876, 41.465373077879704 ], [ 2.185903120836498, 41.464804870750676 ], [ 2.187748614856579, 41.466013971139738 ], [ 2.187420002382006, 41.467791303995064 ], [ 2.185245825552266, 41.46835950262966 ], [ 2.183400356885083, 41.467150376902786 ] ] ] } },
{ "type": "Feature", "properties": { "h3_index": "8939446068fffff", "catchment_store_count": 0, "catchment_type_diversity": 0, "is_food_desert": true, "store_count": 0, "type_diversity": 0, "barri_name": "Sarrià", "income_index": 33795.0, "c1_density": 0.0, "c2_diversity": 0.0, "c3_pressure": 0.29981817601837379, "c4_deprivation": 0.70018182398162621, "food_access_score": 20.0 }, "geometry": { "type": "Polygon", "coordinates": [ [ [ 2.103931297018058, 41.40504258164021 ], [ 2.104261176112943, 41.40326525172059 ], [ 2.106432668292473, 41.402697889616299 ], [ 2.108274376991659, 41.403907866076899 ], [ 2.107944567933828, 41.405685229970643 ], [ 2.105772980136873, 41.406252583430231 ], [ 2.103931297018058, 41.40504258164021 ] ] ] } },
{ "type": "Feature", "properties": { "h3_index": "89394462e07ffff", "catchment_store_count": 2, "catchment_type_diversity": 1, "is_food_desert": false, "store_count": 0, "type_diversity": 0, "barri_name": "Canyelles", "income_index": 19957.0, "c1_density": 0.0067567567567567571, "c2_diversity": 0.16666666666666666, "c3_pressure": 0.74123576509617539, "c4_deprivation": 0.25876423490382466, "food_access_score": 23.603603603603602 }, "geometry": { "type": "Polygon", "coordinates": [ [ [ 2.158230647997347, 41.446665928957984 ], [ 2.158559706961117, 41.444888607695127 ], [ 2.160732947588988, 41.444320657248277 ], [ 2.162577224912169, 41.445530036607032 ], [ 2.162248236185743, 41.447307391747749 ], [ 2.160074899895928, 41.447875333652448 ], [ 2.158230647997347, 41.446665928957984 ] ] ] } },
{ "type": "Feature", "properties": { "h3_index": "893944608abffff", "catchment_store_count": 7, "catchment_type_diversity": 3, "is_food_desert": false, "store_count": 0, "type_diversity": 0, "barri_name": "Diagonal Mar i el Front Marítim del Poblenou", "income_index": 25619.0, "c1_density": 0.02364864864864865, "c2_diversity": 0.5, "c3_pressure": 0.56062394334747512, "c4_deprivation": 0.43937605665252483, "food_access_score": 30.945945945945947 }, "geometry": { "type": "Polygon", "coordinates": [ [ [ 2.212278297235407, 41.400372093681121 ], [ 2.212606197914161, 41.39859353737792 ], [ 2.21477892348621, 41.39802380153747 ], [ 2.216623843884158, 41.399232630451714 ], [ 2.216296013496349, 41.401011220604879 ], [ 2.214123192416766, 41.401580947994432 ], [ 2.212278297235407, 41.400372093681121 ] ] ] } },
{ "type": "Feature", "properties": { "h3_index": "89394463023ffff", "catchment_store_count": 0, "catchment_type_diversity": 0, "is_food_desert": true, "store_count": 0, "type_diversity": 0, "barri_name": "Vallvidrera, el Tibidabo i les Planes", "income_index": 32833.0, "c1_density": 0.0, "c2_diversity": 0.0, "c3_pressure": 0.33050496028581455, "c4_deprivation": 0.66949503971418545, "food_access_score": 20.0 }, "geometry": { "type": "Polygon", "coordinates": [ [ [ 2.06984956147354, 41.410558838388908 ], [ 2.07018007793194, 41.408781952781801 ], [ 2.072351283362996, 41.40821539262501 ], [ 2.074192067993487, 41.40942572678108 ], [ 2.073861621498773, 41.411202646398053 ], [ 2.071690320406997, 41.411769197849672 ], [ 2.06984956147354, 41.410558838388908 ] ] ] } },
{ "type": "Feature", "properties": { "h3_index": "89394461813ffff", "catchment_store_count": 0, "catchment_type_diversity": 0, "is_food_desert": true, "store_count": 0, "type_diversity": 0, "barri_name": "la Marina del Prat Vermell", "income_index": 16015.0, "c1_density": 0.0, "c2_diversity": 0.0, "c3_pressure": 0.86698140291556347, "c4_deprivation": 0.1330185970844365, "food_access_score": 20.0 }, "geometry": { "type": "Polygon", "coordinates": [ [ [ 2.15492926243705, 41.352785438192264 ], [ 2.155258016419498, 41.351006822220377 ], [ 2.157428807362049, 41.350437658941701 ], [ 2.159270939772341, 41.351647120194968 ], [ 2.158942255863698, 41.35342577012149 ], [ 2.156771369468077, 41.353994924840705 ], [ 2.15492926243705, 41.352785438192264 ] ] ] } },
{ "type": "Feature", "properties": { "h3_index": "89394462337ffff", "catchment_store_count": 0, "catchment_type_diversity": 0, "is_food_desert": true, "store_count": 0, "type_diversity": 0, "barri_name": "Horta", "income_index": 21854.0, "c1_density": 0.0, "c2_diversity": 0.0, "c3_pressure": 0.68072346805320749, "c4_deprivation": 0.31927653194679256, "food_access_score": 20.0 }, "geometry": { "type": "Polygon", "coordinates": [ [ [ 2.138145761256778, 41.443456816262582 ], [ 2.138475171245715, 41.441679664467472 ], [ 2.140648078333954, 41.4411120984782 ], [ 2.142491671103465, 41.44232169286321 ], [ 2.142162331298009, 41.444098878562336 ], [ 2.139989328536663, 41.444666435972991 ], [ 2.138145761256778, 41.443456816262582 ] ] ] } },
{ "type": "Feature", "properties": { "h3_index": "8939446318bffff", "catchment_store_count": 1, "catchment_type_diversity": 1, "is_food_desert": false, "store_count": 0, "type_diversity": 0, "barri_name": "Vallvidrera, el Tibidabo i les Planes", "income_index": 32833.0, "c1_density": 0.0033783783783783786, "c2_diversity": 0.16666666666666666, "c3_pressure": 0.33050496028581455, "c4_deprivation": 0.66949503971418545, "food_access_score": 23.468468468468469 }, "geometry": { "type": "Polygon", "coordinates": [ [ [ 2.082406282290895, 41.420807809111935 ], [ 2.082736611904109, 41.41903093382615 ], [ 2.084908238309004, 41.418464246320333 ], [ 2.086749630770367, 41.419674442782267 ], [ 2.086419371168226, 41.4214513520552 ], [ 2.084247649090768, 41.422018030879627 ], [ 2.082406282290895, 41.420807809111935 ] ] ] } },
{ "type": "Feature", "properties": { "h3_index": "89394460ac7ffff", "catchment_store_count": 21, "catchment_type_diversity": 3, "is_food_desert": false, "store_count": 1, "type_diversity": 1, "barri_name": "la Barceloneta", "income_index": 17877.0, "c1_density": 0.070945945945945943, "c2_diversity": 0.5, "c3_pressure": 0.80758556891766886, "c4_deprivation": 0.19241443108233117, "food_access_score": 32.837837837837839 }, "geometry": { "type": "Polygon", "coordinates": [ [ [ 2.18961520209306, 41.377540883210727 ], [ 2.189943424630653, 41.375762245810378 ], [ 2.192115282641638, 41.375192681353063 ], [ 2.193959013589209, 41.376401762790984 ], [ 2.193630861250077, 41.378180434085806 ], [ 2.191458907762066, 41.378749990048817 ], [ 2.18961520209306, 41.377540883210727 ] ] ] } },
{ "type": "Feature", "properties": { "h3_index": "89394460c2fffff", "catchment_store_count": 56, "catchment_type_diversity": 5, "is_food_desert": false, "store_count": 5, "type_diversity": 3, "barri_name": "el Poblenou", "income_index": 23813.0, "c1_density": 0.1891891891891892, "c2_diversity": 0.83333333333333337, "c3_pressure": 0.61823343647325268, "c4_deprivation": 0.38176656352674726, "food_access_score": 44.234234234234236 }, "geometry": { "type": "Polygon", "coordinates": [ [ [ 2.202274956897613, 41.409763808256187 ], [ 2.202603075115608, 41.407985491982046 ], [ 2.20477591727157, 41.407416097731705 ], [ 2.206620736744669, 41.40862502822381 ], [ 2.206292688809127, 41.410403378352484 ], [ 2.204119751115168, 41.410972764135103 ], [ 2.202274956897613, 41.409763808256187 ] ] ] } },
{ "type": "Feature", "properties": { "h3_index": "89394461a83ffff", "catchment_store_count": 0, "catchment_type_diversity": 0, "is_food_desert": true, "store_count": 0, "type_diversity": 0, "barri_name": "la Marina del Prat Vermell", "income_index": 16015.0, "c1_density": 0.0, "c2_diversity": 0.0, "c3_pressure": 0.86698140291556347, "c4_deprivation": 0.1330185970844365, "food_access_score": 20.0 }, "geometry": { "type": "Polygon", "coordinates": [ [ [ 2.143352565880063, 41.33720390906111 ], [ 2.143681468668903, 41.335425197315452 ], [ 2.14585171587463, 41.33485606791595 ], [ 2.147693155717238, 41.336065658844767 ], [ 2.147364322948532, 41.337844404570774 ], [ 2.145193980314237, 41.338413525388212 ], [ 2.143352565880063, 41.33720390906111 ] ] ] } },
{ "type": "Feature", "properties": { "h3_index": "893944600abffff", "catchment_store_count": 77, "catchment_type_diversity": 5, "is_food_desert": false, "store_count": 0, "type_diversity": 0, "barri_name": "el Putxet i el Farró", "income_index": 28725.0, "c1_density": 0.26013513513513514, "c2_diversity": 0.83333333333333337, "c3_pressure": 0.46154582283326417, "c4_deprivation": 0.53845417716673583, "food_access_score": 47.072072072072075 }, "geometry": { "type": "Polygon", "coordinates": [ [ [ 2.13854451214399, 41.407834841785942 ], [ 2.138873776274037, 41.406057180161412 ], [ 2.141045773784449, 41.405489118385503 ], [ 2.142888602754187, 41.406698726816977 ], [ 2.142559408749524, 41.408476422372736 ], [ 2.14038731564686, 41.409044475566375 ], [ 2.13854451214399, 41.407834841785942 ] ] ] } },
{ "type": "Feature", "properties": { "h3_index": "89394462823ffff", "catchment_store_count": 5, "catchment_type_diversity": 3, "is_food_desert": false, "store_count": 0, "type_diversity": 0, "barri_name": "Sant Andreu", "income_index": 22418.0, "c1_density": 0.016891891891891893, "c2_diversity": 0.5, "c3_pressure": 0.66273246355545634, "c4_deprivation": 0.33726753644454366, "food_access_score": 30.675675675675677 }, "geometry": { "type": "Polygon", "coordinates": [ [ [ 2.192879321912846, 41.449448112842731 ], [ 2.193207764237788, 41.447670460593017 ], [ 2.195381508503841, 41.447101809125492 ], [ 2.197226906078391, 41.448310818387966 ], [ 2.196898534079142, 41.450088504472504 ], [ 2.194724694176764, 41.450657147460348 ], [ 2.192879321912846, 41.449448112842731 ] ] ] } },
{ "type": "Feature", "properties": { "h3_index": "89394460e4bffff", "catchment_store_count": 166, "catchment_type_diversity": 6, "is_food_desert": false, "store_count": 10, "type_diversity": 6, "barri_name": "el Raval", "income_index": 13991.0, "c1_density": 0.56081081081081086, "c2_diversity": 1.0, "c3_pressure": 0.9315448658649399, "c4_deprivation": 0.068455134135060131, "food_access_score": 62.432432432432435 }, "geometry": { "type": "Polygon", "coordinates": [ [ [ 2.170068667558881, 41.382664248468501 ], [ 2.170397263648999, 41.38088589270577 ], [ 2.172569009362928, 41.380316814883621 ], [ 2.174412254490383, 41.381526101353536 ], [ 2.174083728560051, 41.38330449102984 ], [ 2.171911887339574, 41.383873560323238 ], [ 2.170068667558881, 41.382664248468501 ] ] ] } },
{ "type": "Feature", "properties": { "h3_index": "893944628d7ffff", "catchment_store_count": 3, "catchment_type_diversity": 2, "is_food_desert": false, "store_count": 0, "type_diversity": 0, "barri_name": "Torre Baró", "income_index": 12819.0, "c1_density": 0.010135135135135136, "c2_diversity": 0.33333333333333331, "c3_pressure": 0.96893042840281984, "c4_deprivation": 0.031069571597180132, "food_access_score": 27.072072072072075 }, "geometry": { "type": "Polygon", "coordinates": [ [ [ 2.173315810971852, 41.454563257683162 ], [ 2.173644627511307, 41.452785887330194 ], [ 2.17581825936998, 41.452217723147747 ], [ 2.177663170352281, 41.453426937832965 ], [ 2.177334424099764, 41.455204342039877 ], [ 2.175160696575133, 41.455772497708189 ], [ 2.173315810971852, 41.454563257683162 ] ] ] } },
{ "type": "Feature", "properties": { "h3_index": "89394460213ffff", "catchment_store_count": 37, "catchment_type_diversity": 5, "is_food_desert": false, "store_count": 0, "type_diversity": 0, "barri_name": "la Maternitat i Sant Ramon", "income_index": 25111.0, "c1_density": 0.125, "c2_diversity": 0.83333333333333337, "c3_pressure": 0.57682860697310923, "c4_deprivation": 0.42317139302689083, "food_access_score": 41.666666666666671 }, "geometry": { "type": "Polygon", "coordinates": [ [ [ 2.119926898207905, 41.38563909098643 ], [ 2.120256412611326, 41.383861314678633 ], [ 2.122427607673921, 41.383293346257133 ], [ 2.124269383889333, 41.384503162762336 ], [ 2.123939939529538, 41.386280973040506 ], [ 2.121768648907858, 41.38684893284367 ], [ 2.119926898207905, 41.38563909098643 ] ] ] } },
{ "type": "Feature", "properties": { "h3_index": "893944602c7ffff", "catchment_store_count": 16, "catchment_type_diversity": 4, "is_food_desert": false, "store_count": 0, "type_diversity": 0, "barri_name": "la Maternitat i Sant Ramon", "income_index": 25111.0, "c1_density": 0.054054054054054057, "c2_diversity": 0.66666666666666663, "c3_pressure": 0.57682860697310923, "c4_deprivation": 0.42317139302689083, "food_access_score": 35.495495495495497 }, "geometry": { "type": "Polygon", "coordinates": [ [ [ 2.115914060432081, 41.384997089403619 ], [ 2.116243644868358, 41.383219347071439 ], [ 2.118414773178769, 41.382651455395845 ], [ 2.120256412611326, 41.383861314678633 ], [ 2.119926898207905, 41.38563909098643 ], [ 2.117755674336206, 41.386206974036376 ], [ 2.115914060432081, 41.384997089403619 ] ] ] } },
{ "type": "Feature", "properties": { "h3_index": "89394461d53ffff", "catchment_store_count": 8, "catchment_type_diversity": 3, "is_food_desert": false, "store_count": 0, "type_diversity": 0, "barri_name": "el Poble-sec", "income_index": 18196.5, "c1_density": 0.027027027027027029, "c2_diversity": 0.5, "c3_pressure": 0.79739385626335768, "c4_deprivation": 0.20260614373664232, "food_access_score": 31.081081081081084 }, "geometry": { "type": "Polygon", "coordinates": [ [ [ 2.158483552875368, 41.367084979962385 ], [ 2.158812298071025, 41.365306527917589 ], [ 2.16098349980303, 41.364737484200759 ], [ 2.162826051818551, 41.365946901080676 ], [ 2.162497376728922, 41.367725387064787 ], [ 2.160326079514888, 41.368294422230221 ], [ 2.158483552875368, 41.367084979962385 ] ] ] } },
{ "type": "Feature", "properties": { "h3_index": "8939446037bffff", "catchment_store_count": 141, "catchment_type_diversity": 5, "is_food_desert": false, "store_count": 9, "type_diversity": 4, "barri_name": "la Nova Esquerra de l'Eixample", "income_index": 25694.0, "c1_density": 0.47635135135135137, "c2_diversity": 0.83333333333333337, "c3_pressure": 0.55823152253660402, "c4_deprivation": 0.44176847746339598, "food_access_score": 55.720720720720728 }, "geometry": { "type": "Polygon", "coordinates": [ [ [ 2.149996410942105, 41.379461239740941 ], [ 2.150325357669919, 41.377683053624644 ], [ 2.152496770619157, 41.377114359878533 ], [ 2.154339332355414, 41.378323860814447 ], [ 2.154010455733627, 41.380102080870508 ], [ 2.151838947266681, 41.380670766051473 ], [ 2.149996410942105, 41.379461239740941 ] ] ] } },
{ "type": "Feature", "properties": { "h3_index": "89394461e07ffff", "catchment_store_count": 1, "catchment_type_diversity": 1, "is_food_desert": false, "store_count": 0, "type_diversity": 0, "barri_name": "la Marina del Prat Vermell", "income_index": 16015.0, "c1_density": 0.0033783783783783786, "c2_diversity": 0.16666666666666666, "c3_pressure": 0.86698140291556347, "c4_deprivation": 0.1330185970844365, "food_access_score": 23.468468468468469 }, "geometry": { "type": "Polygon", "coordinates": [ [ [ 2.133355134559216, 41.346593821414046 ], [ 2.13368425447237, 41.344815349344685 ], [ 2.135854617080084, 41.344246561179318 ], [ 2.137695955230623, 41.345456253682819 ], [ 2.137366905328976, 41.347234759737063 ], [ 2.135196447262433, 41.34780353930352 ], [ 2.133355134559216, 41.346593821414046 ] ] ] } },
{ "type": "Feature", "properties": { "h3_index": "8939446ad93ffff", "catchment_store_count": 4, "catchment_type_diversity": 2, "is_food_desert": false, "store_count": 1, "type_diversity": 1, "barri_name": "la Marina del Prat Vermell", "income_index": 16015.0, "c1_density": 0.013513513513513514, "c2_diversity": 0.33333333333333331, "c3_pressure": 0.86698140291556347, "c4_deprivation": 0.1330185970844365, "food_access_score": 27.207207207207208 }, "geometry": { "type": "Polygon", "coordinates": [ [ [ 2.112776699594076, 41.335064018044832 ], [ 2.11310614648571, 41.333285604225395 ], [ 2.115275956101386, 41.332717096950951 ], [ 2.11711641427408, 41.333927012133671 ], [ 2.116787037325212, 41.335705459971159 ], [ 2.114617132258025, 41.336273958608444 ], [ 2.112776699594076, 41.335064018044832 ] ] ] } },
{ "type": "Feature", "properties": { "h3_index": "89394463137ffff", "catchment_store_count": 3, "catchment_type_diversity": 2, "is_food_desert": false, "store_count": 0, "type_diversity": 0, "barri_name": "Vallvidrera, el Tibidabo i les Planes", "income_index": 32833.0, "c1_density": 0.010135135135135136, "c2_diversity": 0.33333333333333331, "c3_pressure": 0.33050496028581455, "c4_deprivation": 0.66949503971418545, "food_access_score": 27.072072072072075 }, "geometry": { "type": "Polygon", "coordinates": [ [ [ 2.099449971183447, 41.418050143910961 ], [ 2.099779981995228, 41.416273046467388 ], [ 2.101951751728909, 41.415705957880199 ], [ 2.103793606298781, 41.416915975388278 ], [ 2.103463665534741, 41.418693106801101 ], [ 2.101291800150193, 41.419260186737162 ], [ 2.099449971183447, 41.418050143910961 ] ] ] } },
{ "type": "Feature", "properties": { "h3_index": "8939446042fffff", "catchment_store_count": 1, "catchment_type_diversity": 1, "is_food_desert": false, "store_count": 0, "type_diversity": 0, "barri_name": "Sant Gervasi - la Bonanova", "income_index": 36213.5, "c1_density": 0.0033783783783783786, "c2_diversity": 0.16666666666666666, "c3_pressure": 0.22267057960381509, "c4_deprivation": 0.77732942039618491, "food_access_score": 23.468468468468469 }, "geometry": { "type": "Polygon", "coordinates": [ [ [ 2.128538633043993, 41.417216280682595 ], [ 2.128868114654407, 41.415438859328432 ], [ 2.131040227688977, 41.414871139183433 ], [ 2.132882954732814, 41.416080848992273 ], [ 2.13255354323916, 41.417858304282177 ], [ 2.130381334582018, 41.418426015828082 ], [ 2.128538633043993, 41.417216280682595 ] ] ] } },
{ "type": "Feature", "properties": { "h3_index": "89394460597ffff", "catchment_store_count": 3, "catchment_type_diversity": 2, "is_food_desert": false, "store_count": 0, "type_diversity": 0, "barri_name": "Montbau", "income_index": 20566.5, "c1_density": 0.010135135135135136, "c2_diversity": 0.33333333333333331, "c3_pressure": 0.72179335863982907, "c4_deprivation": 0.27820664136017098, "food_access_score": 27.072072072072075 }, "geometry": { "type": "Polygon", "coordinates": [ [ [ 2.141636106433579, 41.43578037638607 ], [ 2.14196542337737, 41.434003078140279 ], [ 2.144138176959846, 41.433435332682038 ], [ 2.145981709248197, 41.434644894043437 ], [ 2.14565246248358, 41.436422226195084 ], [ 2.143479613248566, 41.436989963080052 ], [ 2.141636106433579, 41.43578037638607 ] ] ] } },
{ "type": "Feature", "properties": { "h3_index": "89394462e77ffff", "catchment_store_count": 16, "catchment_type_diversity": 4, "is_food_desert": false, "store_count": 0, "type_diversity": 0, "barri_name": "la Guineueta", "income_index": 19848.0, "c1_density": 0.054054054054054057, "c2_diversity": 0.66666666666666663, "c3_pressure": 0.74471275000797466, "c4_deprivation": 0.25528724999202529, "food_access_score": 35.495495495495497 }, "geometry": { "type": "Polygon", "coordinates": [ [ [ 2.159217786278133, 41.441333878811648 ], [ 2.159546806632837, 41.439556471196838 ], [ 2.161719922613062, 41.438988426754783 ], [ 2.163564113884711, 41.4401977984692 ], [ 2.16323516376091, 41.441975239964854 ], [ 2.161061952131669, 41.44254327586583 ], [ 2.159217786278133, 41.441333878811648 ] ] ] } },
{ "type": "Feature", "properties": { "h3_index": "89394463147ffff", "catchment_store_count": 0, "catchment_type_diversity": 0, "is_food_desert": true, "store_count": 0, "type_diversity": 0, "barri_name": "Vallvidrera, el Tibidabo i les Planes", "income_index": 32833.0, "c1_density": 0.0, "c2_diversity": 0.0, "c3_pressure": 0.33050496028581455, "c4_deprivation": 0.66949503971418545, "food_access_score": 20.0 }, "geometry": { "type": "Polygon", "coordinates": [ [ [ 2.084388066382643, 41.410146126269034 ], [ 2.084718318566, 41.408369078552248 ], [ 2.086889696258265, 41.407802202860196 ], [ 2.088730917410939, 41.409012383564637 ], [ 2.088400735225786, 41.410789465274526 ], [ 2.086229261886866, 41.411356332287454 ], [ 2.084388066382643, 41.410146126269034 ] ] ] } },
{ "type": "Feature", "properties": { "h3_index": "89394460a83ffff", "catchment_store_count": 21, "catchment_type_diversity": 3, "is_food_desert": false, "store_count": 0, "type_diversity": 0, "barri_name": "la Barceloneta", "income_index": 17877.0, "c1_density": 0.070945945945945943, "c2_diversity": 0.5, "c3_pressure": 0.80758556891766886, "c4_deprivation": 0.19241443108233117, "food_access_score": 32.837837837837839 }, "geometry": { "type": "Polygon", "coordinates": [ [ [ 2.19264632725185, 41.383516275892859 ], [ 2.192974518082118, 41.381737690639646 ], [ 2.195146567052489, 41.381168143167855 ], [ 2.196990520677402, 41.382377189438017 ], [ 2.196662400062786, 41.384155808577454 ], [ 2.194490255604717, 41.384725347561094 ], [ 2.19264632725185, 41.383516275892859 ] ] ] } },
{ "type": "Feature", "properties": { "h3_index": "893944618d7ffff", "catchment_store_count": 2, "catchment_type_diversity": 2, "is_food_desert": false, "store_count": 0, "type_diversity": 0, "barri_name": "la Marina del Prat Vermell", "income_index": 16015.0, "c1_density": 0.0067567567567567571, "c2_diversity": 0.33333333333333331, "c3_pressure": 0.86698140291556347, "c4_deprivation": 0.1330185970844365, "food_access_score": 26.936936936936938 }, "geometry": { "type": "Polygon", "coordinates": [ [ [ 2.148416840516425, 41.354492509964281 ], [ 2.148745718861389, 41.352713987887952 ], [ 2.150916472163055, 41.352144986692757 ], [ 2.152758442579739, 41.35335451614538 ], [ 2.152429634295681, 41.355133072182667 ], [ 2.150258785531155, 41.355702064806934 ], [ 2.148416840516425, 41.354492509964281 ] ] ] } },
{ "type": "Feature", "properties": { "h3_index": "89394460d53ffff", "catchment_store_count": 35, "catchment_type_diversity": 4, "is_food_desert": false, "store_count": 0, "type_diversity": 0, "barri_name": "Provençals del Poblenou", "income_index": 19617.0, "c1_density": 0.11824324324324324, "c2_diversity": 0.66666666666666663, "c3_pressure": 0.75208140610545793, "c4_deprivation": 0.2479185938945421, "food_access_score": 38.063063063063062 }, "geometry": { "type": "Polygon", "coordinates": [ [ [ 2.207809587678607, 41.413390615098706 ], [ 2.208137619715561, 41.41161229114168 ], [ 2.210310623802957, 41.411042828412789 ], [ 2.21215569139161, 41.412251698098864 ], [ 2.211827729656453, 41.414030055901037 ], [ 2.209654630027981, 41.414599510172593 ], [ 2.207809587678607, 41.413390615098706 ] ] ] } },
{ "type": "Feature", "properties": { "h3_index": "89394460067ffff", "catchment_store_count": 86, "catchment_type_diversity": 5, "is_food_desert": false, "store_count": 7, "type_diversity": 5, "barri_name": "Sant Gervasi - Galvany", "income_index": 35750.0, "c1_density": 0.29054054054054052, "c2_diversity": 0.83333333333333337, "c3_pressure": 0.23745574021499893, "c4_deprivation": 0.76254425978500107, "food_access_score": 48.288288288288292 }, "geometry": { "type": "Polygon", "coordinates": [ [ [ 2.140519903887062, 41.397168441238826 ], [ 2.140849090807379, 41.395390607314674 ], [ 2.143020839372341, 41.394822357585937 ], [ 2.144863496580463, 41.396031950362016 ], [ 2.144534379772633, 41.397809818223351 ], [ 2.142362535641328, 41.398378059372057 ], [ 2.140519903887062, 41.397168441238826 ] ] ] } },
{ "type": "Feature", "properties": { "h3_index": "89394460e07ffff", "catchment_store_count": 84, "catchment_type_diversity": 5, "is_food_desert": false, "store_count": 2, "type_diversity": 1, "barri_name": "el Fort Pienc", "income_index": 24528.0, "c1_density": 0.28378378378378377, "c2_diversity": 0.83333333333333337, "c3_pressure": 0.59542569140961432, "c4_deprivation": 0.40457430859038568, "food_access_score": 48.018018018018019 }, "geometry": { "type": "Polygon", "coordinates": [ [ [ 2.182644533830103, 41.392907353257876 ], [ 2.182972942087342, 41.391129007942759 ], [ 2.185145107307721, 41.390559801966198 ], [ 2.186988959786097, 41.39176894981032 ], [ 2.186660621735974, 41.393547329016229 ], [ 2.184488360997497, 41.394116526487799 ], [ 2.182644533830103, 41.392907353257876 ] ] ] } },
{ "type": "Feature", "properties": { "h3_index": "8939446011bffff", "catchment_store_count": 243, "catchment_type_diversity": 6, "is_food_desert": false, "store_count": 14, "type_diversity": 4, "barri_name": "la Vila de Gràcia", "income_index": 24564.0, "c1_density": 0.82094594594594594, "c2_diversity": 1.0, "c3_pressure": 0.59427732942039624, "c4_deprivation": 0.40572267057960382, "food_access_score": 72.837837837837839 }, "geometry": { "type": "Polygon", "coordinates": [ [ [ 2.157106567199413, 41.408054279271873 ], [ 2.157435496390139, 41.406276421906583 ], [ 2.15960773157471, 41.405707967392246 ], [ 2.161451133141462, 41.406917378792727 ], [ 2.161122274121326, 41.408695270067199 ], [ 2.158949943360992, 41.409263716032584 ], [ 2.157106567199413, 41.408054279271873 ] ] ] } },
{ "type": "Feature", "properties": { "h3_index": "89394462893ffff", "catchment_store_count": 3, "catchment_type_diversity": 2, "is_food_desert": false, "store_count": 0, "type_diversity": 0, "barri_name": "Torre Baró", "income_index": 12819.0, "c1_density": 0.010135135135135136, "c2_diversity": 0.33333333333333331, "c3_pressure": 0.96893042840281984, "c4_deprivation": 0.031069571597180132, "food_access_score": 27.072072072072075 }, "geometry": { "type": "Polygon", "coordinates": [ [ [ 2.176348108163878, 41.460536381828341 ], [ 2.176676893006294, 41.45875906404045 ], [ 2.178850716202235, 41.458190916883147 ], [ 2.180695850229558, 41.459400096022271 ], [ 2.180367135691323, 41.461177447655885 ], [ 2.178193216818708, 41.461745586305241 ], [ 2.176348108163878, 41.460536381828341 ] ] ] } },
{ "type": "Feature", "properties": { "h3_index": "89394460ebbffff", "catchment_store_count": 77, "catchment_type_diversity": 5, "is_food_desert": false, "store_count": 7, "type_diversity": 3, "barri_name": "el Fort Pienc", "income_index": 24528.0, "c1_density": 0.26013513513513514, "c2_diversity": 0.83333333333333337, "c3_pressure": 0.59542569140961432, "c4_deprivation": 0.40457430859038568, "food_access_score": 47.072072072072075 }, "geometry": { "type": "Polygon", "coordinates": [ [ [ 2.181659232012271, 41.398242216980641 ], [ 2.181987678793308, 41.396463957779716 ], [ 2.184159968583018, 41.395894845694386 ], [ 2.186003907119844, 41.397104001316663 ], [ 2.18567553055238, 41.398882294405396 ], [ 2.183503145231656, 41.399451397984627 ], [ 2.181659232012271, 41.398242216980641 ] ] ] } },
{ "type": "Feature", "properties": { "h3_index": "893944601cfffff", "catchment_store_count": 236, "catchment_type_diversity": 6, "is_food_desert": false, "store_count": 10, "type_diversity": 4, "barri_name": "la Vila de Gràcia", "income_index": 24564.0, "c1_density": 0.79729729729729726, "c2_diversity": 1.0, "c3_pressure": 0.59427732942039624, "c4_deprivation": 0.40572267057960382, "food_access_score": 71.891891891891888 }, "geometry": { "type": "Polygon", "coordinates": [ [ [ 2.153091063680794, 41.407413168684407 ], [ 2.153420063031322, 41.405635345233527 ], [ 2.15559223159844, 41.405066967566214 ], [ 2.157435496390139, 41.406276421906583 ], [ 2.157106567199413, 41.408054279271873 ], [ 2.154934303054337, 41.408622648382973 ], [ 2.153091063680794, 41.407413168684407 ] ] ] } },
{ "type": "Feature", "properties": { "h3_index": "89394460283ffff", "catchment_store_count": 32, "catchment_type_diversity": 5, "is_food_desert": false, "store_count": 2, "type_diversity": 2, "barri_name": "Pedralbes", "income_index": 42688.0, "c1_density": 0.10810810810810811, "c2_diversity": 0.83333333333333337, "c3_pressure": 0.016140865737344079, "c4_deprivation": 0.98385913426265592, "food_access_score": 40.990990990990994 }, "geometry": { "type": "Polygon", "coordinates": [ [ [ 2.118938277744935, 41.390972247753275 ], [ 2.119267830775438, 41.389194557526629 ], [ 2.121439150213779, 41.38862668309924 ], [ 2.123281012190768, 41.389836507518538 ], [ 2.122951529210306, 41.391614231712573 ], [ 2.120780114199951, 41.392182097520482 ], [ 2.118938277744935, 41.390972247753275 ] ] ] } },
{ "type": "Feature", "properties": { "h3_index": "89394461d0fffff", "catchment_store_count": 31, "catchment_type_diversity": 6, "is_food_desert": false, "store_count": 0, "type_diversity": 0, "barri_name": "la Marina del Prat Vermell", "income_index": 16015.0, "c1_density": 0.10472972972972973, "c2_diversity": 1.0, "c3_pressure": 0.86698140291556347, "c4_deprivation": 0.1330185970844365, "food_access_score": 44.189189189189193 }, "geometry": { "type": "Polygon", "coordinates": [ [ [ 2.170525633932031, 41.369005842257273 ], [ 2.170854168777347, 41.367227288410199 ], [ 2.173025570045431, 41.366658014283196 ], [ 2.174868531940666, 41.367867302533412 ], [ 2.174540067233614, 41.36964589030412 ], [ 2.172368570490192, 41.370215155901562 ], [ 2.170525633932031, 41.369005842257273 ] ] ] } },
{ "type": "Feature", "properties": { "h3_index": "89394460337ffff", "catchment_store_count": 157, "catchment_type_diversity": 5, "is_food_desert": false, "store_count": 6, "type_diversity": 3, "barri_name": "l'Antiga Esquerra de l'Eixample", "income_index": 28407.0, "c1_density": 0.53040540540540537, "c2_diversity": 0.83333333333333337, "c3_pressure": 0.47168968707135794, "c4_deprivation": 0.52831031292864206, "food_access_score": 57.882882882882882 }, "geometry": { "type": "Polygon", "coordinates": [ [ [ 2.162567142155022, 41.389705677056725 ], [ 2.162895901286508, 41.387927501274113 ], [ 2.165067733949559, 41.387358679564713 ], [ 2.166910903007542, 41.388568042179891 ], [ 2.166582214029395, 41.390346251879478 ], [ 2.164410285837041, 41.390915065047487 ], [ 2.162567142155022, 41.389705677056725 ] ] ] } },
{ "type": "Feature", "properties": { "h3_index": "89394462aafffff", "catchment_store_count": 46, "catchment_type_diversity": 6, "is_food_desert": false, "store_count": 3, "type_diversity": 3, "barri_name": "Porta", "income_index": 18299.5, "c1_density": 0.1554054054054054, "c2_diversity": 1.0, "c3_pressure": 0.79410826501642795, "c4_deprivation": 0.20589173498357205, "food_access_score": 46.216216216216218 }, "geometry": { "type": "Polygon", "coordinates": [ [ [ 2.181278530410106, 41.433873591358918 ], [ 2.181607122368986, 41.43209584173681 ], [ 2.183780322003712, 41.431527224762647 ], [ 2.185625025288534, 41.432736365913563 ], [ 2.185296503601453, 41.434514149396307 ], [ 2.183123208354896, 41.435082757868066 ], [ 2.181278530410106, 41.433873591358918 ] ] ] } },
{ "type": "Feature", "properties": { "h3_index": "89394461dc3ffff", "catchment_store_count": 107, "catchment_type_diversity": 5, "is_food_desert": false, "store_count": 2, "type_diversity": 2, "barri_name": "el Poble-sec", "income_index": 18196.5, "c1_density": 0.36148648648648651, "c2_diversity": 0.83333333333333337, "c3_pressure": 0.79739385626335768, "c4_deprivation": 0.20260614373664232, "food_access_score": 51.126126126126124 }, "geometry": { "type": "Polygon", "coordinates": [ [ [ 2.157497240204453, 41.372420164125153 ], [ 2.157826023942818, 41.370641798069066 ], [ 2.159997350101971, 41.370072848253514 ], [ 2.161839988014894, 41.371282273047171 ], [ 2.16151127438902, 41.373060673039632 ], [ 2.159339852734893, 41.373629614302651 ], [ 2.157497240204453, 41.372420164125153 ] ] ] } },
{ "type": "Feature", "properties": { "h3_index": "89394462b63ffff", "catchment_store_count": 20, "catchment_type_diversity": 4, "is_food_desert": false, "store_count": 0, "type_diversity": 0, "barri_name": "la Verneda i la Pau", "income_index": 17668.0, "c1_density": 0.067567567567567571, "c2_diversity": 0.66666666666666663, "c3_pressure": 0.81425244824396315, "c4_deprivation": 0.18574755175603688, "food_access_score": 36.036036036036037 }, "geometry": { "type": "Polygon", "coordinates": [ [ [ 2.203339679861708, 41.426407236309039 ], [ 2.203667843311538, 41.424629144855508 ], [ 2.20584112595912, 41.424059955305985 ], [ 2.207686340728599, 41.425268865674333 ], [ 2.207358247591422, 41.427046990968215 ], [ 2.205184869369244, 41.42761617205398 ], [ 2.203339679861708, 41.426407236309039 ] ] ] } },
{ "type": "Feature", "properties": { "h3_index": "89394461e77ffff", "catchment_store_count": 1, "catchment_type_diversity": 1, "is_food_desert": false, "store_count": 0, "type_diversity": 0, "barri_name": "la Marina del Prat Vermell", "income_index": 16015.0, "c1_density": 0.0033783783783783786, "c2_diversity": 0.16666666666666666, "c3_pressure": 0.86698140291556347, "c4_deprivation": 0.1330185970844365, "food_access_score": 23.468468468468469 }, "geometry": { "type": "Polygon", "coordinates": [ [ [ 2.134342455735756, 41.341258319337044 ], [ 2.134671537087462, 41.339479761404611 ], [ 2.136841775410103, 41.338910879328033 ], [ 2.138683027824074, 41.3401205637822 ], [ 2.138354016477432, 41.341899155702478 ], [ 2.136183682708902, 41.342468029181312 ], [ 2.134342455735756, 41.341258319337044 ] ] ] } },
{ "type": "Feature", "properties": { "h3_index": "89394460553ffff", "catchment_store_count": 26, "catchment_type_diversity": 5, "is_food_desert": false, "store_count": 0, "type_diversity": 0, "barri_name": "Vallcarca i els Penitents", "income_index": 27507.0, "c1_density": 0.087837837837837843, "c2_diversity": 0.83333333333333337, "c3_pressure": 0.50039873680181191, "c4_deprivation": 0.49960126319818815, "food_access_score": 40.18018018018018 }, "geometry": { "type": "Polygon", "coordinates": [ [ [ 2.134066985903939, 41.420845425679566 ], [ 2.134396381649983, 41.419067996540385 ], [ 2.136568657050171, 41.418500208169434 ], [ 2.138411632327185, 41.419709857526939 ], [ 2.138082306717257, 41.421487320592504 ], [ 2.135909935691346, 41.422055100374749 ], [ 2.134066985903939, 41.420845425679566 ] ] ] } },
{ "type": "Feature", "properties": { "h3_index": "89394460607ffff", "catchment_store_count": 1, "catchment_type_diversity": 1, "is_food_desert": false, "store_count": 0, "type_diversity": 0, "barri_name": "Sarrià", "income_index": 33795.0, "c1_density": 0.0033783783783783786, "c2_diversity": 0.16666666666666666, "c3_pressure": 0.29981817601837379, "c4_deprivation": 0.70018182398162621, "food_access_score": 23.468468468468469 }, "geometry": { "type": "Polygon", "coordinates": [ [ [ 2.108933956446093, 41.400353052130022 ], [ 2.109263726844161, 41.398575602082673 ], [ 2.111435161473532, 41.398008069190958 ], [ 2.113276921304266, 41.399217994983466 ], [ 2.112947220947601, 41.400995479002695 ], [ 2.110775690715924, 41.401563003258104 ], [ 2.108933956446093, 41.400353052130022 ] ] ] } },
{ "type": "Feature", "properties": { "h3_index": "893944606bbffff", "catchment_store_count": 0, "catchment_type_diversity": 0, "is_food_desert": true, "store_count": 0, "type_diversity": 0, "barri_name": "Sarrià", "income_index": 33795.0, "c1_density": 0.0, "c2_diversity": 0.0, "c3_pressure": 0.29981817601837379, "c4_deprivation": 0.70018182398162621, "food_access_score": 20.0 }, "geometry": { "type": "Polygon", "coordinates": [ [ [ 2.107944567933828, 41.405685229970643 ], [ 2.108274376991659, 41.403907866076899 ], [ 2.110445936009753, 41.403340427217763 ], [ 2.112287781582389, 41.404550360890369 ], [ 2.111958042572389, 41.406327758753022 ], [ 2.109786387939063, 41.406895188974744 ], [ 2.107944567933828, 41.405685229970643 ] ] ] } },
{ "type": "Feature", "properties": { "h3_index": "89394462e33ffff", "catchment_store_count": 5, "catchment_type_diversity": 2, "is_food_desert": false, "store_count": 0, "type_diversity": 0, "barri_name": "Canyelles", "income_index": 19957.0, "c1_density": 0.016891891891891893, "c2_diversity": 0.33333333333333331, "c3_pressure": 0.74123576509617539, "c4_deprivation": 0.25876423490382466, "food_access_score": 27.342342342342342 }, "geometry": { "type": "Polygon", "coordinates": [ [ [ 2.162248236185743, 41.447307391747749 ], [ 2.162577224912169, 41.445530036607032 ], [ 2.164750532195752, 41.444962009244016 ], [ 2.16659494640979, 41.446171345557183 ], [ 2.166266027931525, 41.447948734570545 ], [ 2.164092624988186, 41.448516753398671 ], [ 2.162248236185743, 41.447307391747749 ] ] ] } },
{ "type": "Feature", "properties": { "h3_index": "893944608d7ffff", "catchment_store_count": 90, "catchment_type_diversity": 5, "is_food_desert": false, "store_count": 7, "type_diversity": 4, "barri_name": "el Poblenou", "income_index": 23813.0, "c1_density": 0.30405405405405406, "c2_diversity": 0.83333333333333337, "c3_pressure": 0.61823343647325268, "c4_deprivation": 0.38176656352674726, "food_access_score": 48.828828828828833 }, "geometry": { "type": "Polygon", "coordinates": [ [ [ 2.197725645075119, 41.400801807232391 ], [ 2.198053810937342, 41.399023412511667 ], [ 2.200226366511352, 41.398453992839706 ], [ 2.202070851742234, 41.399662976366017 ], [ 2.201742756136586, 41.401441404953559 ], [ 2.199570105040596, 41.402010816148582 ], [ 2.197725645075119, 41.400801807232391 ] ] ] } },
{ "type": "Feature", "properties": { "h3_index": "89394462363ffff", "catchment_store_count": 0, "catchment_type_diversity": 0, "is_food_desert": true, "store_count": 0, "type_diversity": 0, "barri_name": "Sant Genís dels Agudells", "income_index": 19094.0, "c1_density": 0.0, "c2_diversity": 0.0, "c3_pressure": 0.76876455389326614, "c4_deprivation": 0.23123544610673386, "food_access_score": 20.0 }, "geometry": { "type": "Polygon", "coordinates": [ [ [ 2.129588260225119, 41.433854108099794 ], [ 2.129917787641798, 41.432076911602969 ], [ 2.132090340976166, 41.431509396704421 ], [ 2.133933462550223, 41.432719086898402 ], [ 2.133604005280369, 41.434496317316757 ], [ 2.131431356286777, 41.435063823620169 ], [ 2.129588260225119, 41.433854108099794 ] ] ] } },
{ "type": "Feature", "properties": { "h3_index": "89394463103ffff", "catchment_store_count": 0, "catchment_type_diversity": 0, "is_food_desert": true, "store_count": 0, "type_diversity": 0, "barri_name": "Vallvidrera, el Tibidabo i les Planes", "income_index": 32833.0, "c1_density": 0.0, "c2_diversity": 0.0, "c3_pressure": 0.33050496028581455, "c4_deprivation": 0.66949503971418545, "food_access_score": 20.0 }, "geometry": { "type": "Polygon", "coordinates": [ [ [ 2.087410111261408, 41.416120537999099 ], [ 2.087740332151768, 41.414343542494656 ], [ 2.089911901142708, 41.413776684157789 ], [ 2.091753344897885, 41.414986829998924 ], [ 2.09142319402293, 41.416763859488292 ], [ 2.089251529374562, 41.417330709152182 ], [ 2.087410111261408, 41.416120537999099 ] ] ] } },
{ "type": "Feature", "properties": { "h3_index": "893944631b7ffff", "catchment_store_count": 0, "catchment_type_diversity": 0, "is_food_desert": true, "store_count": 0, "type_diversity": 0, "barri_name": "Vallvidrera, el Tibidabo i les Planes", "income_index": 32833.0, "c1_density": 0.0, "c2_diversity": 0.0, "c3_pressure": 0.33050496028581455, "c4_deprivation": 0.66949503971418545, "food_access_score": 20.0 }, "geometry": { "type": "Polygon", "coordinates": [ [ [ 2.095957834582395, 41.42572512394603 ], [ 2.096287938460085, 41.423948172857344 ], [ 2.098459861364537, 41.423381263766466 ], [ 2.100301776059808, 41.424591314421285 ], [ 2.099971742234106, 41.426368299477375 ], [ 2.097799723658247, 41.426935199911796 ], [ 2.095957834582395, 41.42572512394603 ] ] ] } },
{ "type": "Feature", "properties": { "h3_index": "89394461893ffff", "catchment_store_count": 1, "catchment_type_diversity": 1, "is_food_desert": false, "store_count": 0, "type_diversity": 0, "barri_name": "el Poble-sec", "income_index": 18196.5, "c1_density": 0.0033783783783783786, "c2_diversity": 0.16666666666666666, "c3_pressure": 0.79739385626335768, "c4_deprivation": 0.20260614373664232, "food_access_score": 23.468468468468469 }, "geometry": { "type": "Polygon", "coordinates": [ [ [ 2.151443132360106, 41.360468568439693 ], [ 2.151771979186593, 41.358690098332744 ], [ 2.153942923419335, 41.358121114276358 ], [ 2.155785116296316, 41.3593306088923 ], [ 2.155456339547929, 41.361109112952029 ], [ 2.153285299841592, 41.361678088443597 ], [ 2.151443132360106, 41.360468568439693 ] ] ] } },
{ "type": "Feature", "properties": { "h3_index": "89394460857ffff", "catchment_store_count": 17, "catchment_type_diversity": 3, "is_food_desert": false, "store_count": 1, "type_diversity": 1, "barri_name": "la Vila Olímpica del Poblenou", "income_index": 32434.0, "c1_density": 0.057432432432432436, "c2_diversity": 0.5, "c3_pressure": 0.34323263899964906, "c4_deprivation": 0.65676736100035094, "food_access_score": 32.297297297297298 }, "geometry": { "type": "Polygon", "coordinates": [ [ [ 2.201210662479892, 41.393118542553886 ], [ 2.201538735475634, 41.391340001717552 ], [ 2.203711137316986, 41.390770402797514 ], [ 2.205555561661167, 41.391979353186024 ], [ 2.205227558917669, 41.393757927891016 ], [ 2.203055061574874, 41.394327518339416 ], [ 2.201210662479892, 41.393118542553886 ] ] ] } },
{ "type": "Feature", "properties": { "h3_index": "89394460c5bffff", "catchment_store_count": 207, "catchment_type_diversity": 6, "is_food_desert": false, "store_count": 17, "type_diversity": 4, "barri_name": "la Sagrada Família", "income_index": 23450.5, "c1_density": 0.69932432432432434, "c2_diversity": 1.0, "c3_pressure": 0.62979680372579661, "c4_deprivation": 0.37020319627420334, "food_access_score": 67.972972972972983 }, "geometry": { "type": "Polygon", "coordinates": [ [ [ 2.178172831507317, 41.405923868133826 ], [ 2.178501371194044, 41.404145755096913 ], [ 2.180673814609823, 41.403576822308487 ], [ 2.182517813887596, 41.404786011068985 ], [ 2.182189344418783, 41.406564157991909 ], [ 2.180016805451429, 41.407133082268899 ], [ 2.178172831507317, 41.405923868133826 ] ] ] } },
{ "type": "Feature", "properties": { "h3_index": "89394460023ffff", "catchment_store_count": 123, "catchment_type_diversity": 5, "is_food_desert": false, "store_count": 4, "type_diversity": 1, "barri_name": "Sant Gervasi - Galvany", "income_index": 35750.0, "c1_density": 0.41554054054054052, "c2_diversity": 0.83333333333333337, "c3_pressure": 0.23745574021499893, "c4_deprivation": 0.76254425978500107, "food_access_score": 53.2882882882883 }, "geometry": { "type": "Polygon", "coordinates": [ [ [ 2.14354695216036, 41.403143249533784 ], [ 2.143876107563311, 41.401365467812141 ], [ 2.146048047266315, 41.400797235240418 ], [ 2.147890927140554, 41.402006792964748 ], [ 2.147561841867274, 41.403784608615339 ], [ 2.145389806587213, 41.404352832613228 ], [ 2.14354695216036, 41.403143249533784 ] ] ] } },
{ "type": "Feature", "properties": { "h3_index": "89394461aafffff", "catchment_store_count": 0, "catchment_type_diversity": 0, "is_food_desert": true, "store_count": 0, "type_diversity": 0, "barri_name": "la Marina del Prat Vermell", "income_index": 16015.0, "c1_density": 0.0, "c2_diversity": 0.0, "c3_pressure": 0.86698140291556347, "c4_deprivation": 0.1330185970844365, "food_access_score": 20.0 }, "geometry": { "type": "Polygon", "coordinates": [ [ [ 2.156374486028515, 41.333788510293019 ], [ 2.156703140208684, 41.33200961079654 ], [ 2.158873462693732, 41.33144015734306 ], [ 2.160715226404724, 41.332649611945726 ], [ 2.160386642270432, 41.334428545409793 ], [ 2.158216224376419, 41.334997990304196 ], [ 2.156374486028515, 41.333788510293019 ] ] ] } },
{ "type": "Feature", "properties": { "h3_index": "89394460dc3ffff", "catchment_store_count": 33, "catchment_type_diversity": 5, "is_food_desert": false, "store_count": 2, "type_diversity": 2, "barri_name": "Provençals del Poblenou", "income_index": 19617.0, "c1_density": 0.11148648648648649, "c2_diversity": 0.83333333333333337, "c3_pressure": 0.75208140610545793, "c4_deprivation": 0.2479185938945421, "food_access_score": 41.126126126126131 }, "geometry": { "type": "Polygon", "coordinates": [ [ [ 2.206825414572764, 41.418725414548682 ], [ 2.207153485107947, 41.416947176805131 ], [ 2.209326613893925, 41.416377807948656 ], [ 2.211171767695857, 41.417586685294786 ], [ 2.21084376746896, 41.419364956880557 ], [ 2.208670543128986, 41.419934317278567 ], [ 2.206825414572764, 41.418725414548682 ] ] ] } },
{ "type": "Feature", "properties": { "h3_index": "893944600d7ffff", "catchment_store_count": 12, "catchment_type_diversity": 4, "is_food_desert": false, "store_count": 0, "type_diversity": 0, "barri_name": "Sant Gervasi - la Bonanova", "income_index": 36213.5, "c1_density": 0.040540540540540543, "c2_diversity": 0.66666666666666663, "c3_pressure": 0.22267057960381509, "c4_deprivation": 0.77732942039618491, "food_access_score": 34.954954954954957 }, "geometry": { "type": "Polygon", "coordinates": [ [ [ 2.123999688585944, 41.408254627595269 ], [ 2.124329217387835, 41.406477127857222 ], [ 2.126501043586933, 41.405909381896535 ], [ 2.128343436587739, 41.407119144282795 ], [ 2.128013977876747, 41.40889667796889 ], [ 2.125842056071198, 41.40946441532126 ], [ 2.123999688585944, 41.408254627595269 ] ] ] } },
{ "type": "Feature", "properties": { "h3_index": "8939446353bffff", "catchment_store_count": 0, "catchment_type_diversity": 0, "is_food_desert": true, "store_count": 0, "type_diversity": 0, "barri_name": "Vallvidrera, el Tibidabo i les Planes", "income_index": 32833.0, "c1_density": 0.0, "c2_diversity": 0.0, "c3_pressure": 0.33050496028581455, "c4_deprivation": 0.66949503971418545, "food_access_score": 20.0 }, "geometry": { "type": "Polygon", "coordinates": [ [ [ 2.076410728570775, 41.430824590643638 ], [ 2.076741205653364, 41.429047921879544 ], [ 2.078913013817621, 41.428481499338623 ], [ 2.080754440597029, 41.429691754253241 ], [ 2.080424033527536, 41.43146845700371 ], [ 2.078252129662656, 41.432034870853762 ], [ 2.076410728570775, 41.430824590643638 ] ] ] } },
{ "type": "Feature", "properties": { "h3_index": "8939446284fffff", "catchment_store_count": 31, "catchment_type_diversity": 3, "is_food_desert": false, "store_count": 2, "type_diversity": 1, "barri_name": "la Prosperitat", "income_index": 16819.0, "c1_density": 0.10472972972972973, "c2_diversity": 0.5, "c3_pressure": 0.84133465182302469, "c4_deprivation": 0.15866534817697533, "food_access_score": 34.189189189189193 }, "geometry": { "type": "Polygon", "coordinates": [ [ [ 2.177790639076822, 41.441552708392855 ], [ 2.178119324020162, 41.439775105182576 ], [ 2.180292677407931, 41.439206667601709 ], [ 2.18213744148188, 41.440415841739437 ], [ 2.181808826814664, 41.442193478808484 ], [ 2.179635377794493, 41.442761907881632 ], [ 2.177790639076822, 41.441552708392855 ] ] ] } },
{ "type": "Feature", "properties": { "h3_index": "89394460e77ffff", "catchment_store_count": 89, "catchment_type_diversity": 5, "is_food_desert": false, "store_count": 1, "type_diversity": 1, "barri_name": "Sant Pere, Santa Caterina i la Ribera", "income_index": 18968.0, "c1_density": 0.30067567567567566, "c2_diversity": 0.83333333333333337, "c3_pressure": 0.77278382085552966, "c4_deprivation": 0.22721617914447031, "food_access_score": 48.693693693693696 }, "geometry": { "type": "Polygon", "coordinates": [ [ [ 2.183629720083104, 41.387572231218677 ], [ 2.183958089823097, 41.385793799815538 ], [ 2.18613013048717, 41.385224499956394 ], [ 2.187973896913473, 41.386433640004796 ], [ 2.187645597374113, 41.388212105301712 ], [ 2.185473461204933, 41.388781396657002 ], [ 2.183629720083104, 41.387572231218677 ] ] ] } },
{ "type": "Feature", "properties": { "h3_index": "8939446018bffff", "catchment_store_count": 104, "catchment_type_diversity": 5, "is_food_desert": false, "store_count": 1, "type_diversity": 1, "barri_name": "la Salut", "income_index": 26080.0, "c1_density": 0.35135135135135137, "c2_diversity": 0.83333333333333337, "c3_pressure": 0.54591853009665381, "c4_deprivation": 0.45408146990334619, "food_access_score": 50.720720720720728 }, "geometry": { "type": "Polygon", "coordinates": [ [ [ 2.15611970246391, 41.413387678994845 ], [ 2.156448670237038, 41.4116099078189 ], [ 2.158621029965464, 41.411041547260957 ], [ 2.160464517506562, 41.412250966429603 ], [ 2.160135619910474, 41.414028771511738 ], [ 2.157963164593359, 41.414597123519627 ], [ 2.15611970246391, 41.413387678994845 ] ] ] } },
{ "type": "Feature", "properties": { "h3_index": "89394461c17ffff", "catchment_store_count": 60, "catchment_type_diversity": 5, "is_food_desert": false, "store_count": 6, "type_diversity": 4, "barri_name": "la Bordeta", "income_index": 21116.0, "c1_density": 0.20270270270270271, "c2_diversity": 0.83333333333333337, "c3_pressure": 0.70426488883217964, "c4_deprivation": 0.29573511116782036, "food_access_score": 44.77477477477477 }, "geometry": { "type": "Polygon", "coordinates": [ [ [ 2.141443136001068, 41.369856932106792 ], [ 2.141772200081883, 41.368078701848468 ], [ 2.143943259898399, 41.367510059157269 ], [ 2.145785351135107, 41.368719655306606 ], [ 2.145456357123786, 41.370497919522215 ], [ 2.143285201803399, 41.371066553631771 ], [ 2.141443136001068, 41.369856932106792 ] ] ] } },
{ "type": "Feature", "properties": { "h3_index": "89394462a6bffff", "catchment_store_count": 110, "catchment_type_diversity": 6, "is_food_desert": false, "store_count": 6, "type_diversity": 3, "barri_name": "el Guinardó", "income_index": 21610.0, "c1_density": 0.3716216216216216, "c2_diversity": 1.0, "c3_pressure": 0.68850681042457496, "c4_deprivation": 0.31149318957542504, "food_access_score": 54.86486486486487 }, "geometry": { "type": "Polygon", "coordinates": [ [ [ 2.173699930745579, 41.418938483202119 ], [ 2.174028601916421, 41.417160602600674 ], [ 2.17620132357224, 41.416591943068084 ], [ 2.178045469639416, 41.417801172655423 ], [ 2.177716868697276, 41.419579087138025 ], [ 2.175544051456374, 41.420147738152757 ], [ 2.173699930745579, 41.418938483202119 ] ] ] } },
{ "type": "Feature", "properties": { "h3_index": "893944603a7ffff", "catchment_store_count": 154, "catchment_type_diversity": 5, "is_food_desert": false, "store_count": 1, "type_diversity": 1, "barri_name": "la Dreta de l'Eixample", "income_index": 29588.0, "c1_density": 0.52027027027027029, "c2_diversity": 0.83333333333333337, "c3_pressure": 0.43401703403617342, "c4_deprivation": 0.56598296596382658, "food_access_score": 57.477477477477493 }, "geometry": { "type": "Polygon", "coordinates": [ [ [ 2.161580787649724, 41.395040032211682 ], [ 2.161909585337356, 41.393261942528419 ], [ 2.164081542505247, 41.392693214742103 ], [ 2.165924797524899, 41.39390258518214 ], [ 2.16559606999709, 41.395680708779423 ], [ 2.16342401728693, 41.396249428023246 ], [ 2.161580787649724, 41.395040032211682 ] ] ] } },
{ "type": "Feature", "properties": { "h3_index": "89394461e33ffff", "catchment_store_count": 2, "catchment_type_diversity": 2, "is_food_desert": false, "store_count": 0, "type_diversity": 0, "barri_name": "la Marina del Prat Vermell", "income_index": 16015.0, "c1_density": 0.0067567567567567571, "c2_diversity": 0.33333333333333331, "c3_pressure": 0.86698140291556347, "c4_deprivation": 0.1330185970844365, "food_access_score": 26.936936936936938 }, "geometry": { "type": "Polygon", "coordinates": [ [ [ 2.137366905328976, 41.347234759737063 ], [ 2.137695955230623, 41.345456253682819 ], [ 2.139866384450411, 41.344887388798675 ], [ 2.141707859222281, 41.346097038560963 ], [ 2.141378879342896, 41.347875578594845 ], [ 2.139208354666498, 41.348444434887377 ], [ 2.137366905328976, 41.347234759737063 ] ] ] } },
{ "type": "Feature", "properties": { "h3_index": "8939446045bffff", "catchment_store_count": 3, "catchment_type_diversity": 2, "is_food_desert": false, "store_count": 2, "type_diversity": 2, "barri_name": "Sarrià", "income_index": 33795.0, "c1_density": 0.010135135135135136, "c2_diversity": 0.33333333333333331, "c3_pressure": 0.29981817601837379, "c4_deprivation": 0.70018182398162621, "food_access_score": 27.072072072072075 }, "geometry": { "type": "Polygon", "coordinates": [ [ [ 2.104453449145896, 41.413361626339423 ], [ 2.104783351230448, 41.41158440870921 ], [ 2.106955063429078, 41.41101714929826 ], [ 2.10879696917604, 41.412227116160814 ], [ 2.108467137143577, 41.414004367758068 ], [ 2.106295329309198, 41.414571618526303 ], [ 2.104453449145896, 41.413361626339423 ] ] ] } },
{ "type": "Feature", "properties": { "h3_index": "89394462bd3ffff", "catchment_store_count": 32, "catchment_type_diversity": 5, "is_food_desert": false, "store_count": 5, "type_diversity": 3, "barri_name": "Sant Andreu", "income_index": 22418.0, "c1_density": 0.10810810810810811, "c2_diversity": 0.83333333333333337, "c3_pressure": 0.66273246355545634, "c4_deprivation": 0.33726753644454366, "food_access_score": 40.990990990990994 }, "geometry": { "type": "Polygon", "coordinates": [ [ [ 2.186812812535493, 41.437501030077492 ], [ 2.187141318358718, 41.435723272822713 ], [ 2.189314680132934, 41.435154587405592 ], [ 2.191159631695986, 41.436363667735847 ], [ 2.190831196163945, 41.438141458841876 ], [ 2.188657738774806, 41.438710135766975 ], [ 2.186812812535493, 41.437501030077492 ] ] ] } },
{ "type": "Feature", "properties": { "h3_index": "8939446050fffff", "catchment_store_count": 97, "catchment_type_diversity": 5, "is_food_desert": false, "store_count": 8, "type_diversity": 4, "barri_name": "el Coll", "income_index": 20877.0, "c1_density": 0.32770270270270269, "c2_diversity": 0.83333333333333337, "c3_pressure": 0.71188873648282236, "c4_deprivation": 0.28811126351717758, "food_access_score": 49.77477477477477 }, "geometry": { "type": "Polygon", "coordinates": [ [ [ 2.146113559108199, 41.422770751138849 ], [ 2.146442744413584, 41.420993220236191 ], [ 2.14861521993882, 41.420425201340827 ], [ 2.150458605774829, 41.421634721915567 ], [ 2.150129490637894, 41.423412286728947 ], [ 2.147956919493613, 41.423980297057447 ], [ 2.146113559108199, 41.422770751138849 ] ] ] } },
{ "type": "Feature", "properties": { "h3_index": "893944605c3ffff", "catchment_store_count": 17, "catchment_type_diversity": 4, "is_food_desert": false, "store_count": 0, "type_diversity": 0, "barri_name": "Vallcarca i els Penitents", "income_index": 27507.0, "c1_density": 0.057432432432432436, "c2_diversity": 0.66666666666666663, "c3_pressure": 0.50039873680181191, "c4_deprivation": 0.49960126319818815, "food_access_score": 35.630630630630634 }, "geometry": { "type": "Polygon", "coordinates": [ [ [ 2.133078721398388, 41.426177540597308 ], [ 2.133408155778881, 41.424400197710931 ], [ 2.13558055569725, 41.4238325033539 ], [ 2.137423616870882, 41.425042160473652 ], [ 2.137094252632942, 41.42681953728345 ], [ 2.134921757075916, 41.427387223050637 ], [ 2.133078721398388, 41.426177540597308 ] ] ] } },
{ "type": "Feature", "properties": { "h3_index": "89394462e67ffff", "catchment_store_count": 19, "catchment_type_diversity": 4, "is_food_desert": false, "store_count": 2, "type_diversity": 1, "barri_name": "la Guineueta", "income_index": 19848.0, "c1_density": 0.064189189189189186, "c2_diversity": 0.66666666666666663, "c3_pressure": 0.74471275000797466, "c4_deprivation": 0.25528724999202529, "food_access_score": 35.900900900900893 }, "geometry": { "type": "Polygon", "coordinates": [ [ [ 2.161719922613062, 41.438988426754783 ], [ 2.162048888553218, 41.437210959031944 ], [ 2.164221975534854, 41.436642829143253 ], [ 2.166066192214859, 41.437852175514806 ], [ 2.16573729650775, 41.439629677117338 ], [ 2.163564113884711, 41.4401977984692 ], [ 2.161719922613062, 41.438988426754783 ] ] ] } },
{ "type": "Feature", "properties": { "h3_index": "89394461363ffff", "catchment_store_count": 2, "catchment_type_diversity": 1, "is_food_desert": false, "store_count": 0, "type_diversity": 0, "barri_name": "la Marina del Prat Vermell", "income_index": 16015.0, "c1_density": 0.0067567567567567571, "c2_diversity": 0.16666666666666666, "c3_pressure": 0.86698140291556347, "c4_deprivation": 0.1330185970844365, "food_access_score": 23.603603603603602 }, "geometry": { "type": "Polygon", "coordinates": [ [ [ 2.104756634208305, 41.333780776310114 ], [ 2.10508622095326, 41.332002430542467 ], [ 2.107255897141337, 41.331434076571838 ], [ 2.109096082037494, 41.332644077021136 ], [ 2.108766565213827, 41.334422456817272 ], [ 2.106596793569842, 41.33499080213619 ], [ 2.104756634208305, 41.333780776310114 ] ] ] } },
{ "type": "Feature", "properties": { "h3_index": "89394460677ffff", "catchment_store_count": 1, "catchment_type_diversity": 1, "is_food_desert": false, "store_count": 0, "type_diversity": 0, "barri_name": "Pedralbes", "income_index": 42688.0, "c1_density": 0.0033783783783783786, "c2_diversity": 0.16666666666666666, "c3_pressure": 0.016140865737344079, "c4_deprivation": 0.98385913426265592, "food_access_score": 23.468468468468469 }, "geometry": { "type": "Polygon", "coordinates": [ [ [ 2.10992322898566, 41.395020615854733 ], [ 2.110252960730586, 41.393243079679934 ], [ 2.112424270984169, 41.392675452764216 ], [ 2.114265945079343, 41.393885370659071 ], [ 2.113936283369433, 41.395662940808755 ], [ 2.111764877526457, 41.396230559089275 ], [ 2.10992322898566, 41.395020615854733 ] ] ] } },
{ "type": "Feature", "properties": { "h3_index": "8939446226bffff", "catchment_store_count": 0, "catchment_type_diversity": 0, "is_food_desert": true, "store_count": 0, "type_diversity": 0, "barri_name": "Vallvidrera, el Tibidabo i les Planes", "income_index": 32833.0, "c1_density": 0.0, "c2_diversity": 0.0, "c3_pressure": 0.33050496028581455, "c4_deprivation": 0.66949503971418545, "food_access_score": 20.0 }, "geometry": { "type": "Polygon", "coordinates": [ [ [ 2.099971742234106, 41.426368299477375 ], [ 2.100301776059808, 41.424591314421285 ], [ 2.10247376587191, 41.424024328558438 ], [ 2.10431581752469, 41.425234336401445 ], [ 2.103985853761773, 41.427011355419722 ], [ 2.101813768280444, 41.427578332633388 ], [ 2.099971742234106, 41.426368299477375 ] ] ] } },
{ "type": "Feature", "properties": { "h3_index": "89394460893ffff", "catchment_store_count": 89, "catchment_type_diversity": 5, "is_food_desert": false, "store_count": 4, "type_diversity": 3, "barri_name": "el Poblenou", "income_index": 23813.0, "c1_density": 0.30067567567567566, "c2_diversity": 0.83333333333333337, "c3_pressure": 0.61823343647325268, "c4_deprivation": 0.38176656352674726, "food_access_score": 48.693693693693696 }, "geometry": { "type": "Polygon", "coordinates": [ [ [ 2.200758392325034, 41.406776518411611 ], [ 2.201086526428716, 41.40499817597928 ], [ 2.203259273052011, 41.404428773258147 ], [ 2.205103981101431, 41.405637721440755 ], [ 2.20477591727157, 41.407416097731705 ], [ 2.202603075115608, 41.407985491982046 ], [ 2.200758392325034, 41.406776518411611 ] ] ] } },
{ "type": "Feature", "properties": { "h3_index": "89394463173ffff", "catchment_store_count": 0, "catchment_type_diversity": 0, "is_food_desert": true, "store_count": 0, "type_diversity": 0, "barri_name": "Vallvidrera, el Tibidabo i les Planes", "income_index": 32833.0, "c1_density": 0.0, "c2_diversity": 0.0, "c3_pressure": 0.33050496028581455, "c4_deprivation": 0.66949503971418545, "food_access_score": 20.0 }, "geometry": { "type": "Polygon", "coordinates": [ [ [ 2.088400735225786, 41.410789465274526 ], [ 2.088730917410939, 41.409012383564637 ], [ 2.090902362039087, 41.408445431145246 ], [ 2.092743720123682, 41.409655569108189 ], [ 2.092413607947532, 41.41143268480598 ], [ 2.090242067674882, 41.411999628553495 ], [ 2.088400735225786, 41.410789465274526 ] ] ] } },
{ "type": "Feature", "properties": { "h3_index": "89394460c17ffff", "catchment_store_count": 74, "catchment_type_diversity": 5, "is_food_desert": false, "store_count": 2, "type_diversity": 2, "barri_name": "el Clot", "income_index": 21704.0, "c1_density": 0.25, "c2_diversity": 0.83333333333333337, "c3_pressure": 0.68550830967494969, "c4_deprivation": 0.31449169032505025, "food_access_score": 46.666666666666671 }, "geometry": { "type": "Polygon", "coordinates": [ [ [ 2.190754034415808, 41.416166044733522 ], [ 2.191082386076561, 41.41438794241116 ], [ 2.193255249132609, 41.413818881316161 ], [ 2.195099856088143, 41.415027931031688 ], [ 2.194771574692652, 41.416806067217216 ], [ 2.192598616073502, 41.417375119824626 ], [ 2.190754034415808, 41.416166044733522 ] ] ] } },
{ "type": "Feature", "properties": { "h3_index": "89394460ccbffff", "catchment_store_count": 187, "catchment_type_diversity": 6, "is_food_desert": false, "store_count": 11, "type_diversity": 4, "barri_name": "la Sagrada Família", "income_index": 23450.5, "c1_density": 0.6317567567567568, "c2_diversity": 1.0, "c3_pressure": 0.62979680372579661, "c4_deprivation": 0.37020319627420334, "food_access_score": 65.270270270270288 }, "geometry": { "type": "Polygon", "coordinates": [ [ [ 2.177187135361625, 41.411258034894253 ], [ 2.177515713591863, 41.409480008035409 ], [ 2.179688281603021, 41.408911169162955 ], [ 2.181532366945593, 41.410120365662451 ], [ 2.181203858939745, 41.411898426404278 ], [ 2.179031195364085, 41.412467256764209 ], [ 2.177187135361625, 41.411258034894253 ] ] ] } },
{ "type": "Feature", "properties": { "h3_index": "89394460093ffff", "catchment_store_count": 1, "catchment_type_diversity": 1, "is_food_desert": false, "store_count": 0, "type_diversity": 0, "barri_name": "Sant Gervasi - la Bonanova", "income_index": 36213.5, "c1_density": 0.0033783783783783786, "c2_diversity": 0.16666666666666666, "c3_pressure": 0.22267057960381509, "c4_deprivation": 0.77732942039618491, "food_access_score": 23.468468468468469 }, "geometry": { "type": "Polygon", "coordinates": [ [ [ 2.127025524476927, 41.414229106643702 ], [ 2.127355021822079, 41.412451659152254 ], [ 2.129527039239455, 41.411883930405097 ], [ 2.131369654925992, 41.413093657752157 ], [ 2.131040227688977, 41.414871139183433 ], [ 2.128868114654407, 41.415438859328432 ], [ 2.127025524476927, 41.414229106643702 ] ] ] } },
{ "type": "Feature", "properties": { "h3_index": "8939446280bffff", "catchment_store_count": 20, "catchment_type_diversity": 3, "is_food_desert": false, "store_count": 0, "type_diversity": 0, "barri_name": "la Prosperitat", "income_index": 16819.0, "c1_density": 0.067567567567567571, "c2_diversity": 0.5, "c3_pressure": 0.84133465182302469, "c4_deprivation": 0.15866534817697533, "food_access_score": 32.702702702702709 }, "geometry": { "type": "Polygon", "coordinates": [ [ [ 2.180822905674167, 41.447526217310845 ], [ 2.181151558911531, 41.445748666597105 ], [ 2.183325103569464, 41.445180246028571 ], [ 2.185170090630257, 41.446389384675932 ], [ 2.184841507686256, 41.448166969240255 ], [ 2.182667867385215, 41.448735381307223 ], [ 2.180822905674167, 41.447526217310845 ] ] ] } },
{ "type": "Feature", "properties": { "h3_index": "89394460e33ffff", "catchment_store_count": 40, "catchment_type_diversity": 4, "is_food_desert": false, "store_count": 7, "type_diversity": 3, "barri_name": "la Vila Olímpica del Poblenou", "income_index": 32434.0, "c1_density": 0.13513513513513514, "c2_diversity": 0.66666666666666663, "c3_pressure": 0.34323263899964906, "c4_deprivation": 0.65676736100035094, "food_access_score": 38.738738738738746 }, "geometry": { "type": "Polygon", "coordinates": [ [ [ 2.186660621735974, 41.393547329016229 ], [ 2.186988959786097, 41.39176894981032 ], [ 2.189161191465779, 41.391199666955771 ], [ 2.191005180608299, 41.392408771805385 ], [ 2.190676912776032, 41.394187184896822 ], [ 2.188504585580514, 41.394756459253699 ], [ 2.186660621735974, 41.393547329016229 ] ] ] } },
{ "type": "Feature", "properties": { "h3_index": "89394460147ffff", "catchment_store_count": 294, "catchment_type_diversity": 6, "is_food_desert": false, "store_count": 37, "type_diversity": 5, "barri_name": "la Vila de Gràcia", "income_index": 24564.0, "c1_density": 0.9932432432432432, "c2_diversity": 1.0, "c3_pressure": 0.59427732942039624, "c4_deprivation": 0.40572267057960382, "food_access_score": 79.72972972972974 }, "geometry": { "type": "Polygon", "coordinates": [ [ [ 2.158093316194271, 41.402720621006992 ], [ 2.158422206809147, 41.400942677478483 ], [ 2.160594317462874, 41.400374129016349 ], [ 2.16243763306166, 41.401583532631136 ], [ 2.162108812610896, 41.40336151007179 ], [ 2.159936606394365, 41.403930049986101 ], [ 2.158093316194271, 41.402720621006992 ] ] ] } },
{ "type": "Feature", "properties": { "h3_index": "89394461c87ffff", "catchment_store_count": 97, "catchment_type_diversity": 5, "is_food_desert": false, "store_count": 7, "type_diversity": 3, "barri_name": "la Bordeta", "income_index": 21116.0, "c1_density": 0.32770270270270269, "c2_diversity": 0.83333333333333337, "c3_pressure": 0.70426488883217964, "c4_deprivation": 0.29573511116782036, "food_access_score": 49.774774774774777 }, "geometry": { "type": "Polygon", "coordinates": [ [ [ 2.140455866609957, 41.375191450881594 ], [ 2.140784969265852, 41.373413306626269 ], [ 2.142956153470879, 41.372844757870425 ], [ 2.144798330533992, 41.374054361953299 ], [ 2.144469297954048, 41.375832540162946 ], [ 2.142298018232192, 41.376401080335995 ], [ 2.140455866609957, 41.375191450881594 ] ] ] } },
{ "type": "Feature", "properties": { "h3_index": "893944602afffff", "catchment_store_count": 103, "catchment_type_diversity": 5, "is_food_desert": false, "store_count": 8, "type_diversity": 4, "barri_name": "les Corts", "income_index": 28740.0, "c1_density": 0.34797297297297297, "c2_diversity": 0.83333333333333337, "c3_pressure": 0.46106733867108995, "c4_deprivation": 0.53893266132891005, "food_access_score": 50.585585585585591 }, "geometry": { "type": "Polygon", "coordinates": [ [ [ 2.131966632714722, 41.387564378475986 ], [ 2.132295936954968, 41.385786500272708 ], [ 2.134467332170202, 41.385218301564208 ], [ 2.136309518694779, 41.386427989656113 ], [ 2.135980284530445, 41.388205901814118 ], [ 2.133808793762735, 41.388774091926088 ], [ 2.131966632714722, 41.387564378475986 ] ] ] } },
{ "type": "Feature", "properties": { "h3_index": "89394462a27ffff", "catchment_store_count": 41, "catchment_type_diversity": 6, "is_food_desert": false, "store_count": 4, "type_diversity": 1, "barri_name": "la Sagrera", "income_index": 21169.0, "c1_density": 0.13851351351351351, "c2_diversity": 1.0, "c3_pressure": 0.70257424479249742, "c4_deprivation": 0.29742575520750264, "food_access_score": 45.54054054054054 }, "geometry": { "type": "Polygon", "coordinates": [ [ [ 2.186282030110779, 41.429180712650805 ], [ 2.1866105132474, 41.427402842876539 ], [ 2.188783654725932, 41.426834055033019 ], [ 2.190628408661605, 41.428043145458368 ], [ 2.190299995801039, 41.429821049090961 ], [ 2.188126758725885, 41.430389828440475 ], [ 2.186282030110779, 41.429180712650805 ] ] ] } },
{ "type": "Feature", "properties": { "h3_index": "89394460363ffff", "catchment_store_count": 171, "catchment_type_diversity": 5, "is_food_desert": false, "store_count": 8, "type_diversity": 2, "barri_name": "la Nova Esquerra de l'Eixample", "income_index": 25694.0, "c1_density": 0.57770270270270274, "c2_diversity": 0.83333333333333337, "c3_pressure": 0.55823152253660402, "c4_deprivation": 0.44176847746339598, "food_access_score": 59.774774774774784 }, "geometry": { "type": "Polygon", "coordinates": [ [ [ 2.154010455733627, 41.380102080870508 ], [ 2.154339332355414, 41.378323860814447 ], [ 2.156510811892309, 41.377755090269524 ], [ 2.158353510320034, 41.378964548339091 ], [ 2.158024703815042, 41.380742802329671 ], [ 2.155853128762645, 41.381311564316732 ], [ 2.154010455733627, 41.380102080870508 ] ] ] } },
{ "type": "Feature", "properties": { "h3_index": "89394462adbffff", "catchment_store_count": 69, "catchment_type_diversity": 5, "is_food_desert": false, "store_count": 16, "type_diversity": 5, "barri_name": "el Carmel", "income_index": 16109.5, "c1_density": 0.23310810810810811, "c2_diversity": 0.83333333333333337, "c3_pressure": 0.86396695269386581, "c4_deprivation": 0.13603304730613416, "food_access_score": 45.990990990990994 }, "geometry": { "type": "Polygon", "coordinates": [ [ [ 2.157174962752329, 41.430027723756453 ], [ 2.157503976115879, 41.428250177408039 ], [ 2.15967677620549, 41.427682021890206 ], [ 2.161520658553981, 41.42889142126748 ], [ 2.161191715397624, 41.430669001507937 ], [ 2.159018819682718, 41.431237148479646 ], [ 2.157174962752329, 41.430027723756453 ] ] ] } },
{ "type": "Feature", "properties": { "h3_index": "89394460417ffff", "catchment_store_count": 0, "catchment_type_diversity": 0, "is_food_desert": true, "store_count": 0, "type_diversity": 0, "barri_name": "Vallvidrera, el Tibidabo i les Planes", "income_index": 32833.0, "c1_density": 0.0, "c2_diversity": 0.0, "c3_pressure": 0.33050496028581455, "c4_deprivation": 0.66949503971418545, "food_access_score": 20.0 }, "geometry": { "type": "Polygon", "coordinates": [ [ [ 2.117018633223185, 41.423608356602806 ], [ 2.117348348066201, 41.421831149462307 ], [ 2.119520480856386, 41.421263762381543 ], [ 2.121362994448214, 41.422473591060793 ], [ 2.121033349704671, 41.424250832145589 ], [ 2.118861121266972, 41.424818210607434 ], [ 2.117018633223185, 41.423608356602806 ] ] ] } },
{ "type": "Feature", "properties": { "h3_index": "8939446063bffff", "catchment_store_count": 8, "catchment_type_diversity": 4, "is_food_desert": false, "store_count": 0, "type_diversity": 0, "barri_name": "Pedralbes", "income_index": 42688.0, "c1_density": 0.027027027027027029, "c2_diversity": 0.66666666666666663, "c3_pressure": 0.016140865737344079, "c4_deprivation": 0.98385913426265592, "food_access_score": 34.414414414414416 }, "geometry": { "type": "Polygon", "coordinates": [ [ [ 2.111435161473532, 41.398008069190958 ], [ 2.111764877526457, 41.396230559089275 ], [ 2.113936283369433, 41.395662940808755 ], [ 2.115778068751318, 41.396872841262564 ], [ 2.115448422741961, 41.398650385335017 ], [ 2.113276921304266, 41.399217994983466 ], [ 2.111435161473532, 41.398008069190958 ] ] ] } },
{ "type": "Feature", "properties": { "h3_index": "89394462b8fffff", "catchment_store_count": 8, "catchment_type_diversity": 1, "is_food_desert": false, "store_count": 0, "type_diversity": 0, "barri_name": "el Bon Pastor", "income_index": 14841.0, "c1_density": 0.027027027027027029, "c2_diversity": 0.16666666666666666, "c3_pressure": 0.90443076334173345, "c4_deprivation": 0.09556923665826661, "food_access_score": 24.414414414414416 }, "geometry": { "type": "Polygon", "coordinates": [ [ [ 2.198868573357132, 41.439421956143732 ], [ 2.199196868274515, 41.437644097350883 ], [ 2.201370429527094, 41.437075181048407 ], [ 2.203215791467543, 41.438284132009528 ], [ 2.202887566873649, 41.440062024637925 ], [ 2.200713910012944, 41.440630932470235 ], [ 2.198868573357132, 41.439421956143732 ] ] ] } },
{ "type": "Feature", "properties": { "h3_index": "89394461327ffff", "catchment_store_count": 1, "catchment_type_diversity": 1, "is_food_desert": false, "store_count": 0, "type_diversity": 0, "barri_name": "la Marina del Prat Vermell", "income_index": 16015.0, "c1_density": 0.0033783783783783786, "c2_diversity": 0.16666666666666666, "c3_pressure": 0.86698140291556347, "c4_deprivation": 0.1330185970844365, "food_access_score": 23.468468468468469 }, "geometry": { "type": "Polygon", "coordinates": [ [ [ 2.115798829305956, 41.341040631816327 ], [ 2.116128244841901, 41.3392622698154 ], [ 2.118298245365998, 41.338693779812232 ], [ 2.120138925813566, 41.3399036604416 ], [ 2.11980958023757, 41.341682056452377 ], [ 2.117639484251197, 41.342250537824498 ], [ 2.115798829305956, 41.341040631816327 ] ] ] } },
{ "type": "Feature", "properties": { "h3_index": "89394461ea3ffff", "catchment_store_count": 16, "catchment_type_diversity": 5, "is_food_desert": false, "store_count": 0, "type_diversity": 0, "barri_name": "la Marina del Prat Vermell", "income_index": 16015.0, "c1_density": 0.054054054054054057, "c2_diversity": 0.83333333333333337, "c3_pressure": 0.86698140291556347, "c4_deprivation": 0.1330185970844365, "food_access_score": 38.828828828828833 }, "geometry": { "type": "Polygon", "coordinates": [ [ [ 2.136379678502296, 41.352570106121121 ], [ 2.136708766965541, 41.35079168595913 ], [ 2.138879320496256, 41.350222914988507 ], [ 2.140720881030393, 41.351432572773227 ], [ 2.140391862595815, 41.3532110269119 ], [ 2.138221213595574, 41.353779789289746 ], [ 2.136379678502296, 41.352570106121121 ] ] ] } },
{ "type": "Feature", "properties": { "h3_index": "893944604cbffff", "catchment_store_count": 3, "catchment_type_diversity": 2, "is_food_desert": false, "store_count": 0, "type_diversity": 0, "barri_name": "Vallvidrera, el Tibidabo i les Planes", "income_index": 32833.0, "c1_density": 0.010135135135135136, "c2_diversity": 0.33333333333333331, "c3_pressure": 0.33050496028581455, "c4_deprivation": 0.66949503971418545, "food_access_score": 27.072072072072075 }, "geometry": { "type": "Polygon", "coordinates": [ [ [ 2.103463665534741, 41.418693106801101 ], [ 2.103793606298781, 41.416915975388278 ], [ 2.105965442912027, 41.416348810034492 ], [ 2.107807434407065, 41.417558784738006 ], [ 2.107477563701567, 41.419335950114892 ], [ 2.105305631439601, 41.419903106824805 ], [ 2.103463665534741, 41.418693106801101 ] ] ] } },
{ "type": "Feature", "properties": { "h3_index": "89394460633ffff", "catchment_store_count": 11, "catchment_type_diversity": 4, "is_food_desert": false, "store_count": 0, "type_diversity": 0, "barri_name": "Sarrià", "income_index": 33795.0, "c1_density": 0.037162162162162164, "c2_diversity": 0.66666666666666663, "c3_pressure": 0.29981817601837379, "c4_deprivation": 0.70018182398162621, "food_access_score": 34.81981981981982 }, "geometry": { "type": "Polygon", "coordinates": [ [ [ 2.112947220947601, 41.400995479002695 ], [ 2.113276921304266, 41.399217994983466 ], [ 2.115448422741961, 41.398650385335017 ], [ 2.117290319420198, 41.399860268335409 ], [ 2.116960689115698, 41.401637786321302 ], [ 2.114789092077896, 41.402205387340722 ], [ 2.112947220947601, 41.400995479002695 ] ] ] } },
{ "type": "Feature", "properties": { "h3_index": "8939446312fffff", "catchment_store_count": 3, "catchment_type_diversity": 2, "is_food_desert": false, "store_count": 0, "type_diversity": 0, "barri_name": "Vallvidrera, el Tibidabo i les Planes", "income_index": 32833.0, "c1_density": 0.010135135135135136, "c2_diversity": 0.33333333333333331, "c3_pressure": 0.33050496028581455, "c4_deprivation": 0.66949503971418545, "food_access_score": 27.072072072072075 }, "geometry": { "type": "Polygon", "coordinates": [ [ [ 2.10043996493142, 41.41271876536009 ], [ 2.100769937057285, 41.410941581702133 ], [ 2.102941582389269, 41.410374399051406 ], [ 2.104783351230448, 41.41158440870921 ], [ 2.104453449145896, 41.413361626339423 ], [ 2.102281708175978, 41.413928800340138 ], [ 2.10043996493142, 41.41271876536009 ] ] ] } },
{ "type": "Feature", "properties": { "h3_index": "8939446180bffff", "catchment_store_count": 0, "catchment_type_diversity": 0, "is_food_desert": true, "store_count": 0, "type_diversity": 0, "barri_name": "la Marina del Prat Vermell", "income_index": 16015.0, "c1_density": 0.0, "c2_diversity": 0.0, "c3_pressure": 0.86698140291556347, "c4_deprivation": 0.1330185970844365, "food_access_score": 20.0 }, "geometry": { "type": "Polygon", "coordinates": [ [ [ 2.155915485853611, 41.34744950437824 ], [ 2.156244201306728, 41.345670802513808 ], [ 2.158414867886814, 41.345101545354602 ], [ 2.160256914451057, 41.346310998618648 ], [ 2.159928269065296, 41.348089734440642 ], [ 2.157757507045062, 41.34865898304156 ], [ 2.155915485853611, 41.34744950437824 ] ] ] } },
{ "type": "Feature", "properties": { "h3_index": "89394460c87ffff", "catchment_store_count": 67, "catchment_type_diversity": 5, "is_food_desert": false, "store_count": 2, "type_diversity": 1, "barri_name": "la Sagrera", "income_index": 21169.0, "c1_density": 0.22635135135135134, "c2_diversity": 0.83333333333333337, "c3_pressure": 0.70257424479249742, "c4_deprivation": 0.29742575520750264, "food_access_score": 45.720720720720735 }, "geometry": { "type": "Polygon", "coordinates": [ [ [ 2.189768902373567, 41.42150017925097 ], [ 2.190097292565045, 41.419722163156315 ], [ 2.192270280281121, 41.419153195967873 ], [ 2.194114973378894, 41.420362253363386 ], [ 2.193786653459141, 41.422140303318223 ], [ 2.191613570167041, 41.422709262017939 ], [ 2.189768902373567, 41.42150017925097 ] ] ] } },
{ "type": "Feature", "properties": { "h3_index": "8939446004fffff", "catchment_store_count": 27, "catchment_type_diversity": 5, "is_food_desert": false, "store_count": 0, "type_diversity": 0, "barri_name": "les Tres Torres", "income_index": 43194.0, "c1_density": 0.091216216216216214, "c2_diversity": 0.83333333333333337, "c3_pressure": 0.0, "c4_deprivation": 1.0, "food_access_score": 40.315315315315317 }, "geometry": { "type": "Polygon", "coordinates": [ [ [ 2.128477697102468, 41.39524359234435 ], [ 2.128807094295613, 41.393465860263085 ], [ 2.130978642779851, 41.392897840911473 ], [ 2.132820889641029, 41.394107562243569 ], [ 2.132491562528056, 41.395885328277693 ], [ 2.130319918470848, 41.396453339027438 ], [ 2.128477697102468, 41.39524359234435 ] ] ] } },
{ "type": "Feature", "properties": { "h3_index": "89394461adbffff", "catchment_store_count": 0, "catchment_type_diversity": 0, "is_food_desert": true, "store_count": 0, "type_diversity": 0, "barri_name": "la Marina del Prat Vermell", "income_index": 16015.0, "c1_density": 0.0, "c2_diversity": 0.0, "c3_pressure": 0.86698140291556347, "c4_deprivation": 0.1330185970844365, "food_access_score": 20.0 }, "geometry": { "type": "Polygon", "coordinates": [ [ [ 2.132305813503228, 41.329945790752738 ], [ 2.132634887733252, 41.328167095171885 ], [ 2.134804810933857, 41.327598101990354 ], [ 2.136645755323829, 41.328807812992963 ], [ 2.136316751075295, 41.330586542572853 ], [ 2.13414673245243, 41.331155527151672 ], [ 2.132305813503228, 41.329945790752738 ] ] ] } },
{ "type": "Feature", "properties": { "h3_index": "89394460103ffff", "catchment_store_count": 229, "catchment_type_diversity": 6, "is_food_desert": false, "store_count": 24, "type_diversity": 4, "barri_name": "la Vila de Gràcia", "income_index": 24564.0, "c1_density": 0.77364864864864868, "c2_diversity": 1.0, "c3_pressure": 0.59427732942039624, "c4_deprivation": 0.40572267057960382, "food_access_score": 70.945945945945937 }, "geometry": { "type": "Polygon", "coordinates": [ [ [ 2.161122274121326, 41.408695270067199 ], [ 2.161451133141462, 41.406917378792727 ], [ 2.163623434926136, 41.40634884742316 ], [ 2.165466973261313, 41.40755821587031 ], [ 2.165138184422517, 41.40933614104874 ], [ 2.162965787064348, 41.409904663876631 ], [ 2.161122274121326, 41.408695270067199 ] ] ] } },
{ "type": "Feature", "properties": { "h3_index": "89394460587ffff", "catchment_store_count": 3, "catchment_type_diversity": 2, "is_food_desert": false, "store_count": 0, "type_diversity": 0, "barri_name": "la Vall d'Hebron", "income_index": 22643.5, "c1_density": 0.010135135135135136, "c2_diversity": 0.33333333333333331, "c3_pressure": 0.65553925165077032, "c4_deprivation": 0.34446074834922963, "food_access_score": 27.072072072072075 }, "geometry": { "type": "Polygon", "coordinates": [ [ [ 2.144138176959846, 41.433435332682038 ], [ 2.144467439502059, 41.431657974328971 ], [ 2.146640164154165, 41.431090143431952 ], [ 2.148483721906151, 41.432299679457692 ], [ 2.148154529545265, 41.434077071715507 ], [ 2.145981709248197, 41.434644894043437 ], [ 2.144138176959846, 41.433435332682038 ] ] ] } },
{ "type": "Feature", "properties": { "h3_index": "89394463567ffff", "catchment_store_count": 1, "catchment_type_diversity": 1, "is_food_desert": false, "store_count": 0, "type_diversity": 0, "barri_name": "Vallvidrera, el Tibidabo i les Planes", "income_index": 32833.0, "c1_density": 0.0033783783783783786, "c2_diversity": 0.16666666666666666, "c3_pressure": 0.33050496028581455, "c4_deprivation": 0.66949503971418545, "food_access_score": 23.468468468468469 }, "geometry": { "type": "Polygon", "coordinates": [ [ [ 2.077402121079237, 41.425494498067877 ], [ 2.077732559423952, 41.423717743026067 ], [ 2.07990424321251, 41.423151226364304 ], [ 2.081745584341133, 41.424361473434679 ], [ 2.081415216003095, 41.426138262465834 ], [ 2.079243436526863, 41.426704770437844 ], [ 2.077402121079237, 41.425494498067877 ] ] ] } },
{ "type": "Feature", "properties": { "h3_index": "8939446287bffff", "catchment_store_count": 28, "catchment_type_diversity": 4, "is_food_desert": false, "store_count": 3, "type_diversity": 1, "barri_name": "Sant Andreu", "income_index": 22418.0, "c1_density": 0.0945945945945946, "c2_diversity": 0.66666666666666663, "c3_pressure": 0.66273246355545634, "c4_deprivation": 0.33726753644454366, "food_access_score": 37.117117117117118 }, "geometry": { "type": "Polygon", "coordinates": [ [ [ 2.181808826814664, 41.442193478808484 ], [ 2.18213744148188, 41.440415841739437 ], [ 2.184310861427618, 41.439847327214991 ], [ 2.186155762333434, 41.441056458260654 ], [ 2.185827217953121, 41.44283412918324 ], [ 2.183653702377204, 41.443402635207221 ], [ 2.181808826814664, 41.442193478808484 ] ] ] } },
{ "type": "Feature", "properties": { "h3_index": "89394460ea3ffff", "catchment_store_count": 54, "catchment_type_diversity": 5, "is_food_desert": false, "store_count": 1, "type_diversity": 1, "barri_name": "el Fort Pienc", "income_index": 24528.0, "c1_density": 0.18243243243243243, "c2_diversity": 0.83333333333333337, "c3_pressure": 0.59542569140961432, "c4_deprivation": 0.40457430859038568, "food_access_score": 43.96396396396397 }, "geometry": { "type": "Polygon", "coordinates": [ [ [ 2.18567553055238, 41.398882294405396 ], [ 2.186003907119844, 41.397104001316663 ], [ 2.188176263381757, 41.396534812346964 ], [ 2.190020338602081, 41.397743924965368 ], [ 2.189692032258939, 41.399522251936673 ], [ 2.187519580468283, 41.400091432407578 ], [ 2.18567553055238, 41.398882294405396 ] ] ] } },
{ "type": "Feature", "properties": { "h3_index": "893944601b7ffff", "catchment_store_count": 81, "catchment_type_diversity": 6, "is_food_desert": false, "store_count": 8, "type_diversity": 4, "barri_name": "el Guinardó", "income_index": 21610.0, "c1_density": 0.27364864864864863, "c2_diversity": 1.0, "c3_pressure": 0.68850681042457496, "c4_deprivation": 0.31149318957542504, "food_access_score": 50.945945945945951 }, "geometry": { "type": "Polygon", "coordinates": [ [ [ 2.169683196137487, 41.418297759353131 ], [ 2.170011937526278, 41.416519912638066 ], [ 2.172184592623523, 41.41595132999899 ], [ 2.174028601916421, 41.417160602600674 ], [ 2.173699930745579, 41.418938483202119 ], [ 2.171527180060996, 41.419507057316068 ], [ 2.169683196137487, 41.418297759353131 ] ] ] } },
{ "type": "Feature", "properties": { "h3_index": "89394461c43ffff", "catchment_store_count": 53, "catchment_type_diversity": 5, "is_food_desert": false, "store_count": 2, "type_diversity": 2, "barri_name": "la Marina de Port", "income_index": 18227.0, "c1_density": 0.17905405405405406, "c2_diversity": 0.83333333333333337, "c3_pressure": 0.79642093846693673, "c4_deprivation": 0.20357906153306327, "food_access_score": 43.828828828828833 }, "geometry": { "type": "Polygon", "coordinates": [ [ [ 2.132892447943159, 41.360252060778222 ], [ 2.133221629276279, 41.358473786491793 ], [ 2.135392335977654, 41.357905194776038 ], [ 2.137233956833049, 41.359114885945417 ], [ 2.136904845532884, 41.360893194206646 ], [ 2.1347340433415, 41.361461777324294 ], [ 2.132892447943159, 41.360252060778222 ] ] ] } },
{ "type": "Feature", "properties": { "h3_index": "89394462a97ffff", "catchment_store_count": 33, "catchment_type_diversity": 3, "is_food_desert": false, "store_count": 1, "type_diversity": 1, "barri_name": "la Guineueta", "income_index": 19848.0, "c1_density": 0.11148648648648649, "c2_diversity": 0.5, "c3_pressure": 0.74471275000797466, "c4_deprivation": 0.25528724999202529, "food_access_score": 34.45945945945946 }, "geometry": { "type": "Polygon", "coordinates": [ [ [ 2.169754873899321, 41.440270807525643 ], [ 2.170083699362594, 41.438493272048611 ], [ 2.1722569195821, 41.437924988330231 ], [ 2.174101409972375, 41.439134248611765 ], [ 2.173772654763684, 41.440911817958039 ], [ 2.171599338907259, 41.441480093154112 ], [ 2.169754873899321, 41.440270807525643 ] ] ] } },
{ "type": "Feature", "properties": { "h3_index": "89394461dabffff", "catchment_store_count": 76, "catchment_type_diversity": 6, "is_food_desert": false, "store_count": 2, "type_diversity": 1, "barri_name": "la Marina del Prat Vermell", "income_index": 16015.0, "c1_density": 0.25675675675675674, "c2_diversity": 1.0, "c3_pressure": 0.86698140291556347, "c4_deprivation": 0.1330185970844365, "food_access_score": 50.270270270270281 }, "geometry": { "type": "Polygon", "coordinates": [ [ [ 2.17355459608016, 41.374981481620907 ], [ 2.173883099304089, 41.373202979850767 ], [ 2.176054691528192, 41.372633722779831 ], [ 2.177897876011515, 41.373842976003026 ], [ 2.177569442943056, 41.375621511688578 ], [ 2.175397755232925, 41.376190760236099 ], [ 2.17355459608016, 41.374981481620907 ] ] ] } },
{ "type": "Feature", "properties": { "h3_index": "8939446ad37ffff", "catchment_store_count": 0, "catchment_type_diversity": 0, "is_food_desert": true, "store_count": 0, "type_diversity": 0, "barri_name": "la Marina del Prat Vermell", "income_index": 16015.0, "c1_density": 0.0, "c2_diversity": 0.0, "c3_pressure": 0.86698140291556347, "c4_deprivation": 0.1330185970844365, "food_access_score": 20.0 }, "geometry": { "type": "Polygon", "coordinates": [ [ [ 2.1307940799198, 41.326957341482888 ], [ 2.131123169860027, 41.325178620010263 ], [ 2.133292997643683, 41.324609618222929 ], [ 2.135133830901188, 41.325819346514606 ], [ 2.134804810933857, 41.327598101990354 ], [ 2.132634887733252, 41.328167095171885 ], [ 2.1307940799198, 41.326957341482888 ] ] ] } },
{ "type": "Feature", "properties": { "h3_index": "893944603d3ffff", "catchment_store_count": 85, "catchment_type_diversity": 5, "is_food_desert": false, "store_count": 3, "type_diversity": 3, "barri_name": "les Corts", "income_index": 28740.0, "c1_density": 0.28716216216216217, "c2_diversity": 0.83333333333333337, "c3_pressure": 0.46106733867108995, "c4_deprivation": 0.53893266132891005, "food_access_score": 48.153153153153156 }, "geometry": { "type": "Polygon", "coordinates": [ [ [ 2.137493363927404, 41.391193458524349 ], [ 2.137822582347996, 41.389415572434935 ], [ 2.13999413979636, 41.388847305536949 ], [ 2.141836574376875, 41.39005693331513 ], [ 2.141507426051545, 41.391834853349906 ], [ 2.13933577304756, 41.392403111661707 ], [ 2.137493363927404, 41.391193458524349 ] ] ] } },
{ "type": "Feature", "properties": { "h3_index": "89394462b4bffff", "catchment_store_count": 41, "catchment_type_diversity": 5, "is_food_desert": false, "store_count": 1, "type_diversity": 1, "barri_name": "la Sagrera", "income_index": 21169.0, "c1_density": 0.13851351351351351, "c2_diversity": 0.83333333333333337, "c3_pressure": 0.70257424479249742, "c4_deprivation": 0.29742575520750264, "food_access_score": 42.207207207207212 }, "geometry": { "type": "Polygon", "coordinates": [ [ [ 2.19128519584384, 41.424487251918954 ], [ 2.191613570167041, 41.422709262017939 ], [ 2.193786653459141, 41.422140303318223 ], [ 2.195631458006631, 41.423349343005704 ], [ 2.195303153963807, 41.42512736676278 ], [ 2.193129975090304, 41.425696316976897 ], [ 2.19128519584384, 41.424487251918954 ] ] ] } },
{ "type": "Feature", "properties": { "h3_index": "8939446053bffff", "catchment_store_count": 90, "catchment_type_diversity": 5, "is_food_desert": false, "store_count": 5, "type_diversity": 4, "barri_name": "la Teixonera", "income_index": 17848.0, "c1_density": 0.30405405405405406, "c2_diversity": 0.83333333333333337, "c3_pressure": 0.8085106382978724, "c4_deprivation": 0.19148936170212766, "food_access_score": 48.828828828828833 }, "geometry": { "type": "Polygon", "coordinates": [ [ [ 2.150129490637894, 41.423412286728947 ], [ 2.150458605774829, 41.421634721915567 ], [ 2.152631147973668, 41.4210666261623 ], [ 2.154474670649489, 41.4222761037826 ], [ 2.154145625691748, 41.424053702501453 ], [ 2.151972987876078, 41.424621789695124 ], [ 2.150129490637894, 41.423412286728947 ] ] ] } },
{ "type": "Feature", "properties": { "h3_index": "893944604d3ffff", "catchment_store_count": 0, "catchment_type_diversity": 0, "is_food_desert": true, "store_count": 0, "type_diversity": 0, "barri_name": "Vallvidrera, el Tibidabo i les Planes", "income_index": 32833.0, "c1_density": 0.0, "c2_diversity": 0.0, "c3_pressure": 0.33050496028581455, "c4_deprivation": 0.66949503971418545, "food_access_score": 20.0 }, "geometry": { "type": "Polygon", "coordinates": [ [ [ 2.10247376587191, 41.424024328558438 ], [ 2.102803745322042, 41.422247283389083 ], [ 2.104975706362868, 41.42168021210108 ], [ 2.106817783612352, 41.422890194627996 ], [ 2.106487874227178, 41.424667273758438 ], [ 2.10431581752469, 41.425234336401445 ], [ 2.10247376587191, 41.424024328558438 ] ] ] } },
{ "type": "Feature", "properties": { "h3_index": "893944606a3ffff", "catchment_store_count": 1, "catchment_type_diversity": 1, "is_food_desert": false, "store_count": 0, "type_diversity": 0, "barri_name": "Sarrià", "income_index": 33795.0, "c1_density": 0.0033783783783783786, "c2_diversity": 0.16666666666666666, "c3_pressure": 0.29981817601837379, "c4_deprivation": 0.70018182398162621, "food_access_score": 23.468468468468469 }, "geometry": { "type": "Polygon", "coordinates": [ [ [ 2.111958042572389, 41.406327758753022 ], [ 2.112287781582389, 41.404550360890369 ], [ 2.11445940742174, 41.403982845268168 ], [ 2.116301389861254, 41.405192736139355 ], [ 2.115971720909857, 41.406970167965689 ], [ 2.113799999457461, 41.407537674957744 ], [ 2.111958042572389, 41.406327758753022 ] ] ] } },
{ "type": "Feature", "properties": { "h3_index": "89394462e1bffff", "catchment_store_count": 0, "catchment_type_diversity": 0, "is_food_desert": true, "store_count": 0, "type_diversity": 0, "barri_name": "Horta", "income_index": 21854.0, "c1_density": 0.0, "c2_diversity": 0.0, "c3_pressure": 0.68072346805320749, "c4_deprivation": 0.31927653194679256, "food_access_score": 20.0 }, "geometry": { "type": "Polygon", "coordinates": [ [ [ 2.150196082388795, 41.445382643564152 ], [ 2.150525281794962, 41.443605390072698 ], [ 2.152698389059148, 41.44303759343353 ], [ 2.154542392580713, 41.444247058843118 ], [ 2.154213263390354, 41.446024346222899 ], [ 2.15204006045973, 41.446592134305334 ], [ 2.150196082388795, 41.445382643564152 ] ] ] } },
{ "type": "Feature", "properties": { "h3_index": "89394462ecfffff", "catchment_store_count": 0, "catchment_type_diversity": 0, "is_food_desert": true, "store_count": 0, "type_diversity": 0, "barri_name": "Horta", "income_index": 21854.0, "c1_density": 0.0, "c2_diversity": 0.0, "c3_pressure": 0.68072346805320749, "c4_deprivation": 0.31927653194679256, "food_access_score": 20.0 }, "geometry": { "type": "Polygon", "coordinates": [ [ [ 2.146179105016676, 41.444740821003407 ], [ 2.146508374627876, 41.442963601405516 ], [ 2.148681415184129, 41.442395881657852 ], [ 2.150525281794962, 41.443605390072698 ], [ 2.150196082388795, 41.445382643564152 ], [ 2.148022946163868, 41.445950354747779 ], [ 2.146179105016676, 41.444740821003407 ] ] ] } },
{ "type": "Feature", "properties": { "h3_index": "893944615abffff", "catchment_store_count": 0, "catchment_type_diversity": 0, "is_food_desert": true, "store_count": 0, "type_diversity": 0, "barri_name": "la Maternitat i Sant Ramon", "income_index": 25111.0, "c1_density": 0.0, "c2_diversity": 0.0, "c3_pressure": 0.57682860697310923, "c4_deprivation": 0.42317139302689083, "food_access_score": 20.0 }, "geometry": { "type": "Polygon", "coordinates": [ [ [ 2.099864745264424, 41.382427888218118 ], [ 2.100194609724527, 41.380650281840602 ], [ 2.102365470853017, 41.380082697066534 ], [ 2.104206563088571, 41.381292727325338 ], [ 2.103876768618266, 41.383070367699339 ], [ 2.101705811919753, 41.383637943818648 ], [ 2.099864745264424, 41.382427888218118 ] ] ] } },
{ "type": "Feature", "properties": { "h3_index": "89394460adbffff", "catchment_store_count": 42, "catchment_type_diversity": 5, "is_food_desert": false, "store_count": 0, "type_diversity": 0, "barri_name": "el Barri Gòtic", "income_index": 18972.0, "c1_density": 0.14189189189189189, "c2_diversity": 0.83333333333333337, "c3_pressure": 0.77265622507894993, "c4_deprivation": 0.22734377492105012, "food_access_score": 42.342342342342349 }, "geometry": { "type": "Polygon", "coordinates": [ [ [ 2.181584492915503, 41.376261421990513 ], [ 2.181912855817761, 41.374482852394785 ], [ 2.184084580970068, 41.373913441647041 ], [ 2.18592803869882, 41.375122609004428 ], [ 2.185599745973529, 41.376901212505089 ], [ 2.183427925339675, 41.377470614743999 ], [ 2.181584492915503, 41.376261421990513 ] ] ] } },
{ "type": "Feature", "properties": { "h3_index": "89394462b97ffff", "catchment_store_count": 4, "catchment_type_diversity": 3, "is_food_desert": false, "store_count": 0, "type_diversity": 0, "barri_name": "el Bon Pastor", "income_index": 14841.0, "c1_density": 0.013513513513513514, "c2_diversity": 0.5, "c3_pressure": 0.90443076334173345, "c4_deprivation": 0.09556923665826661, "food_access_score": 30.540540540540544 }, "geometry": { "type": "Polygon", "coordinates": [ [ [ 2.197883611531203, 41.444755359845892 ], [ 2.19821194498621, 41.442977587394154 ], [ 2.200385630989577, 41.442408765013475 ], [ 2.202231079156145, 41.443617723556436 ], [ 2.201902816031109, 41.445395529840738 ], [ 2.199729034406646, 41.44596434375012 ], [ 2.197883611531203, 41.444755359845892 ] ] ] } },
{ "type": "Feature", "properties": { "h3_index": "8939446187bffff", "catchment_store_count": 0, "catchment_type_diversity": 0, "is_food_desert": true, "store_count": 0, "type_diversity": 0, "barri_name": "la Marina del Prat Vermell", "income_index": 16015.0, "c1_density": 0.0, "c2_diversity": 0.0, "c3_pressure": 0.86698140291556347, "c4_deprivation": 0.1330185970844365, "food_access_score": 20.0 }, "geometry": { "type": "Polygon", "coordinates": [ [ [ 2.156901593688765, 41.342113312912893 ], [ 2.157230270619124, 41.340334525182215 ], [ 2.159400812849694, 41.339765174151054 ], [ 2.161242773574267, 41.340974619408343 ], [ 2.160914166704817, 41.342753441099589 ], [ 2.158743529047013, 41.343322783573583 ], [ 2.156901593688765, 41.342113312912893 ] ] ] } },
{ "type": "Feature", "properties": { "h3_index": "89394460c43ffff", "catchment_store_count": 152, "catchment_type_diversity": 6, "is_food_desert": false, "store_count": 7, "type_diversity": 4, "barri_name": "la Sagrada Família", "income_index": 23450.5, "c1_density": 0.51351351351351349, "c2_diversity": 1.0, "c3_pressure": 0.62979680372579661, "c4_deprivation": 0.37020319627420334, "food_access_score": 60.540540540540547 }, "geometry": { "type": "Polygon", "coordinates": [ [ [ 2.182189344418783, 41.406564157991909 ], [ 2.182517813887596, 41.404786011068985 ], [ 2.184690323803614, 41.404217001390734 ], [ 2.186534459797251, 41.405426147140091 ], [ 2.186206060557105, 41.407204327943724 ], [ 2.184033455091782, 41.407773329117859 ], [ 2.182189344418783, 41.406564157991909 ] ] ] } },
{ "type": "Feature", "properties": { "h3_index": "8939446000bffff", "catchment_store_count": 39, "catchment_type_diversity": 5, "is_food_desert": false, "store_count": 0, "type_diversity": 0, "barri_name": "Sant Gervasi - Galvany", "income_index": 35750.0, "c1_density": 0.13175675675675674, "c2_diversity": 0.83333333333333337, "c3_pressure": 0.23745574021499893, "c4_deprivation": 0.76254425978500107, "food_access_score": 41.936936936936945 }, "geometry": { "type": "Polygon", "coordinates": [ [ [ 2.131503503961694, 41.401218454124269 ], [ 2.131832869689129, 41.399440774220942 ], [ 2.134004609324677, 41.398872772069957 ], [ 2.135847078813637, 41.400082458418609 ], [ 2.135517783183617, 41.401860172266609 ], [ 2.133345947964335, 41.402428165821867 ], [ 2.131503503961694, 41.401218454124269 ] ] ] } },
{ "type": "Feature", "properties": { "h3_index": "89394461a97ffff", "catchment_store_count": 0, "catchment_type_diversity": 0, "is_food_desert": true, "store_count": 0, "type_diversity": 0, "barri_name": "la Marina del Prat Vermell", "income_index": 16015.0, "c1_density": 0.0, "c2_diversity": 0.0, "c3_pressure": 0.86698140291556347, "c4_deprivation": 0.1330185970844365, "food_access_score": 20.0 }, "geometry": { "type": "Polygon", "coordinates": [ [ [ 2.144865093265559, 41.340192211205846 ], [ 2.145193980314237, 41.338413525388212 ], [ 2.147364322948532, 41.337844404570774 ], [ 2.149205873965177, 41.339053978150545 ], [ 2.148877056945201, 41.340832697944414 ], [ 2.146706618876995, 41.341401810182873 ], [ 2.144865093265559, 41.340192211205846 ] ] ] } },
{ "type": "Feature", "properties": { "h3_index": "89394462837ffff", "catchment_store_count": 4, "catchment_type_diversity": 2, "is_food_desert": false, "store_count": 0, "type_diversity": 0, "barri_name": "la Trinitat Vella", "income_index": 13022.0, "c1_density": 0.013513513513513514, "c2_diversity": 0.33333333333333331, "c3_pressure": 0.96245494274139531, "c4_deprivation": 0.037545057258604742, "food_access_score": 27.207207207207208 }, "geometry": { "type": "Polygon", "coordinates": [ [ [ 2.194396267737125, 41.452434773435463 ], [ 2.194724694176764, 41.450657147460348 ], [ 2.196898534079142, 41.450088504472504 ], [ 2.198744043180669, 41.45129749593697 ], [ 2.198415687075329, 41.453075155742823 ], [ 2.196241751531287, 41.453643790254077 ], [ 2.194396267737125, 41.452434773435463 ] ] ] } },
{ "type": "Feature", "properties": { "h3_index": "89394460173ffff", "catchment_store_count": 280, "catchment_type_diversity": 6, "is_food_desert": false, "store_count": 15, "type_diversity": 4, "barri_name": "la Vila de Gràcia", "income_index": 24564.0, "c1_density": 0.94594594594594594, "c2_diversity": 1.0, "c3_pressure": 0.59427732942039624, "c4_deprivation": 0.40572267057960382, "food_access_score": 77.837837837837839 }, "geometry": { "type": "Polygon", "coordinates": [ [ [ 2.162108812610896, 41.40336151007179 ], [ 2.16243763306166, 41.401583532631136 ], [ 2.164609810302593, 41.401014907320132 ], [ 2.166453262650415, 41.402224267990917 ], [ 2.166124512374525, 41.404002279338506 ], [ 2.163952239573038, 41.404570896108957 ], [ 2.162108812610896, 41.40336151007179 ] ] ] } },
{ "type": "Feature", "properties": { "h3_index": "89394460227ffff", "catchment_store_count": 148, "catchment_type_diversity": 5, "is_food_desert": false, "store_count": 13, "type_diversity": 3, "barri_name": "Sants", "income_index": 22462.0, "c1_density": 0.5, "c2_diversity": 0.83333333333333337, "c3_pressure": 0.66132891001307859, "c4_deprivation": 0.33867108998692141, "food_access_score": 56.666666666666679 }, "geometry": { "type": "Polygon", "coordinates": [ [ [ 2.136967948427261, 41.382872079267393 ], [ 2.137297143996858, 41.381094081042463 ], [ 2.139468481480484, 41.380525711595133 ], [ 2.141310718928998, 41.381735348961413 ], [ 2.140981593439621, 41.383513381138783 ], [ 2.138810160418672, 41.38408174199801 ], [ 2.136967948427261, 41.382872079267393 ] ] ] } },
{ "type": "Feature", "properties": { "h3_index": "8939446ad83ffff", "catchment_store_count": 4, "catchment_type_diversity": 2, "is_food_desert": false, "store_count": 0, "type_diversity": 0, "barri_name": "la Marina del Prat Vermell", "income_index": 16015.0, "c1_density": 0.013513513513513514, "c2_diversity": 0.33333333333333331, "c3_pressure": 0.86698140291556347, "c4_deprivation": 0.1330185970844365, "food_access_score": 27.207207207207208 }, "geometry": { "type": "Polygon", "coordinates": [ [ [ 2.115275956101386, 41.332717096950951 ], [ 2.115605348730292, 41.330938623214124 ], [ 2.117775129589848, 41.330370030642513 ], [ 2.119615613261612, 41.331579920441257 ], [ 2.119286290577616, 41.333358428195005 ], [ 2.11711641427408, 41.333927012133671 ], [ 2.115275956101386, 41.332717096950951 ] ] ] } },
{ "type": "Feature", "properties": { "h3_index": "89394461cb3ffff", "catchment_store_count": 93, "catchment_type_diversity": 5, "is_food_desert": false, "store_count": 7, "type_diversity": 3, "barri_name": "Hostafrancs", "income_index": 20683.0, "c1_density": 0.3141891891891892, "c2_diversity": 0.83333333333333337, "c3_pressure": 0.71807713164694253, "c4_deprivation": 0.28192286835305752, "food_access_score": 49.234234234234236 }, "geometry": { "type": "Polygon", "coordinates": [ [ [ 2.144469297954048, 41.375832540162946 ], [ 2.144798330533992, 41.374054361953299 ], [ 2.146969581363612, 41.37348573642231 ], [ 2.148811895125004, 41.37469529767705 ], [ 2.148482932631762, 41.37647350983579 ], [ 2.146311586287537, 41.377042126791288 ], [ 2.144469297954048, 41.375832540162946 ] ] ] } },
{ "type": "Feature", "properties": { "h3_index": "893944602dbffff", "catchment_store_count": 11, "catchment_type_diversity": 4, "is_food_desert": false, "store_count": 0, "type_diversity": 0, "barri_name": "la Maternitat i Sant Ramon", "income_index": 25111.0, "c1_density": 0.037162162162162164, "c2_diversity": 0.66666666666666663, "c3_pressure": 0.57682860697310923, "c4_deprivation": 0.42317139302689083, "food_access_score": 34.81981981981982 }, "geometry": { "type": "Polygon", "coordinates": [ [ [ 2.107888995613396, 41.383712727738434 ], [ 2.108218720083122, 41.381935053373162 ], [ 2.110389714837201, 41.381367315164759 ], [ 2.112231080684328, 41.38257725996241 ], [ 2.111901426225955, 41.38435496831373 ], [ 2.109730335906236, 41.384922697881954 ], [ 2.107888995613396, 41.383712727738434 ] ] ] } },
{ "type": "Feature", "properties": { "h3_index": "89394462a53ffff", "catchment_store_count": 58, "catchment_type_diversity": 5, "is_food_desert": false, "store_count": 0, "type_diversity": 0, "barri_name": "la Font d'en Fargues", "income_index": 24089.0, "c1_density": 0.19594594594594594, "c2_diversity": 0.83333333333333337, "c3_pressure": 0.60942932788924686, "c4_deprivation": 0.39057067211075314, "food_access_score": 44.50450450450451 }, "geometry": { "type": "Polygon", "coordinates": [ [ [ 2.162178506275928, 41.425336174507109 ], [ 2.162507410843019, 41.423558507993008 ], [ 2.164680152958332, 41.422990181616818 ], [ 2.16652408611384, 41.424199530293095 ], [ 2.166195251758263, 41.425977230696979 ], [ 2.164022414032814, 41.426545548535429 ], [ 2.162178506275928, 41.425336174507109 ] ] ] } },
{ "type": "Feature", "properties": { "h3_index": "8939446038fffff", "catchment_store_count": 160, "catchment_type_diversity": 5, "is_food_desert": false, "store_count": 12, "type_diversity": 4, "barri_name": "l'Antiga Esquerra de l'Eixample", "income_index": 28407.0, "c1_density": 0.54054054054054057, "c2_diversity": 0.83333333333333337, "c3_pressure": 0.47168968707135794, "c4_deprivation": 0.52831031292864206, "food_access_score": 58.288288288288292 }, "geometry": { "type": "Polygon", "coordinates": [ [ [ 2.149536160567212, 41.393117284012732 ], [ 2.149865168669723, 41.391339296102842 ], [ 2.152036926055978, 41.390770798797597 ], [ 2.153879770885784, 41.391980297967137 ], [ 2.153550832910802, 41.393758319806714 ], [ 2.15137897997561, 41.394326808547625 ], [ 2.149536160567212, 41.393117284012732 ] ] ] } },
{ "type": "Feature", "properties": { "h3_index": "89394462b07ffff", "catchment_store_count": 6, "catchment_type_diversity": 1, "is_food_desert": false, "store_count": 1, "type_diversity": 1, "barri_name": "el Bon Pastor", "income_index": 14841.0, "c1_density": 0.020270270270270271, "c2_diversity": 0.16666666666666666, "c3_pressure": 0.90443076334173345, "c4_deprivation": 0.09556923665826661, "food_access_score": 24.144144144144146 }, "geometry": { "type": "Polygon", "coordinates": [ [ [ 2.203872202129325, 41.434728260428969 ], [ 2.204200388198643, 41.432950281482604 ], [ 2.206373891158461, 41.432381194295083 ], [ 2.208219303638948, 41.433590094516298 ], [ 2.207891187897365, 41.435368107295943 ], [ 2.205717589344672, 41.43593718602169 ], [ 2.203872202129325, 41.434728260428969 ] ] ] } },
{ "type": "Feature", "properties": { "h3_index": "89394461e1bffff", "catchment_store_count": 0, "catchment_type_diversity": 0, "is_food_desert": true, "store_count": 0, "type_diversity": 0, "barri_name": "la Marina del Prat Vermell", "income_index": 16015.0, "c1_density": 0.0, "c2_diversity": 0.0, "c3_pressure": 0.86698140291556347, "c4_deprivation": 0.1330185970844365, "food_access_score": 20.0 }, "geometry": { "type": "Polygon", "coordinates": [ [ [ 2.125332202847753, 41.345311586458848 ], [ 2.125661462751687, 41.343533182374905 ], [ 2.127831692083333, 41.342964547622543 ], [ 2.129672756971428, 41.344174325568162 ], [ 2.129343567057528, 41.345952763647446 ], [ 2.127173242262637, 41.346521389786375 ], [ 2.125332202847753, 41.345311586458848 ] ] ] } },
{ "type": "Feature", "properties": { "h3_index": "8939446ada7ffff", "catchment_store_count": 0, "catchment_type_diversity": 0, "is_food_desert": true, "store_count": 0, "type_diversity": 0, "barri_name": "la Marina del Prat Vermell", "income_index": 16015.0, "c1_density": 0.0, "c2_diversity": 0.0, "c3_pressure": 0.86698140291556347, "c4_deprivation": 0.1330185970844365, "food_access_score": 20.0 }, "geometry": { "type": "Polygon", "coordinates": [ [ [ 2.129806732991304, 41.332293334320575 ], [ 2.130135861486164, 41.33051469864094 ], [ 2.132305813503228, 41.329945790752738 ], [ 2.13414673245243, 41.331155527151672 ], [ 2.133817673936862, 41.332934196831403 ], [ 2.131647626489952, 41.333503096112672 ], [ 2.129806732991304, 41.332293334320575 ] ] ] } },
{ "type": "Feature", "properties": { "h3_index": "89394460443ffff", "catchment_store_count": 3, "catchment_type_diversity": 2, "is_food_desert": false, "store_count": 0, "type_diversity": 0, "barri_name": "Sarrià", "income_index": 33795.0, "c1_density": 0.010135135135135136, "c2_diversity": 0.33333333333333331, "c3_pressure": 0.29981817601837379, "c4_deprivation": 0.70018182398162621, "food_access_score": 27.072072072072075 }, "geometry": { "type": "Polygon", "coordinates": [ [ [ 2.108467137143577, 41.414004367758068 ], [ 2.10879696917604, 41.412227116160814 ], [ 2.110968748223991, 41.411659779981392 ], [ 2.112810790870182, 41.412869704035259 ], [ 2.112481028900584, 41.414646989594345 ], [ 2.110309154219059, 41.415214317138293 ], [ 2.108467137143577, 41.414004367758068 ] ] ] } },
{ "type": "Feature", "properties": { "h3_index": "89394462bbbffff", "catchment_store_count": 7, "catchment_type_diversity": 1, "is_food_desert": false, "store_count": 0, "type_diversity": 0, "barri_name": "el Bon Pastor", "income_index": 14841.0, "c1_density": 0.02364864864864865, "c2_diversity": 0.16666666666666666, "c3_pressure": 0.90443076334173345, "c4_deprivation": 0.09556923665826661, "food_access_score": 24.279279279279283 }, "geometry": { "type": "Polygon", "coordinates": [ [ [ 2.202887566873649, 41.440062024637925 ], [ 2.203215791467543, 41.438284132009528 ], [ 2.205389419178019, 41.437715138728869 ], [ 2.20723491789757, 41.438924046540066 ], [ 2.206906763637911, 41.440701972998767 ], [ 2.204733040321583, 41.441270957816528 ], [ 2.202887566873649, 41.440062024637925 ] ] ] } },
{ "type": "Feature", "properties": { "h3_index": "8939446036bffff", "catchment_store_count": 138, "catchment_type_diversity": 5, "is_food_desert": false, "store_count": 12, "type_diversity": 4, "barri_name": "el Poble-sec", "income_index": 18196.5, "c1_density": 0.46621621621621623, "c2_diversity": 0.83333333333333337, "c3_pressure": 0.79739385626335768, "c4_deprivation": 0.20260614373664232, "food_access_score": 55.315315315315317 }, "geometry": { "type": "Polygon", "coordinates": [ [ [ 2.152496770619157, 41.377114359878533 ], [ 2.152825663014974, 41.375336113775937 ], [ 2.154997047041737, 41.37476733467004 ], [ 2.15683963417993, 41.375976810228288 ], [ 2.156510811892309, 41.377755090269524 ], [ 2.154339332355414, 41.378323860814447 ], [ 2.152496770619157, 41.377114359878533 ] ] ] } },
{ "type": "Feature", "properties": { "h3_index": "89394462c6fffff", "catchment_store_count": 2, "catchment_type_diversity": 1, "is_food_desert": false, "store_count": 0, "type_diversity": 0, "barri_name": "Torre Baró", "income_index": 12819.0, "c1_density": 0.0067567567567567571, "c2_diversity": 0.16666666666666666, "c3_pressure": 0.96893042840281984, "c4_deprivation": 0.031069571597180132, "food_access_score": 23.603603603603602 }, "geometry": { "type": "Polygon", "coordinates": [ [ [ 2.170813279083538, 41.456908646617038 ], [ 2.171142150061402, 41.455131336397031 ], [ 2.173315810971852, 41.454563257683162 ], [ 2.175160696575133, 41.455772497708189 ], [ 2.17483189588207, 41.457549841783276 ], [ 2.172658139298031, 41.458117911978832 ], [ 2.170813279083538, 41.456908646617038 ] ] ] } },
{ "type": "Feature", "properties": { "h3_index": "893944605abffff", "catchment_store_count": 79, "catchment_type_diversity": 5, "is_food_desert": false, "store_count": 0, "type_diversity": 0, "barri_name": "el Carmel", "income_index": 16109.5, "c1_density": 0.26689189189189189, "c2_diversity": 0.83333333333333337, "c3_pressure": 0.86396695269386581, "c4_deprivation": 0.13603304730613416, "food_access_score": 47.342342342342349 }, "geometry": { "type": "Polygon", "coordinates": [ [ [ 2.149142068011182, 41.428744808645433 ], [ 2.149471221756794, 41.426967330096787 ], [ 2.151643888525492, 41.426399328332046 ], [ 2.153487497175488, 41.427608813677253 ], [ 2.153158413615513, 41.429386326128395 ], [ 2.150985651217039, 41.429954319332431 ], [ 2.149142068011182, 41.428744808645433 ] ] ] } },
{ "type": "Feature", "properties": { "h3_index": "89394462307ffff", "catchment_store_count": 0, "catchment_type_diversity": 0, "is_food_desert": true, "store_count": 0, "type_diversity": 0, "barri_name": "Montbau", "income_index": 20566.5, "c1_density": 0.0, "c2_diversity": 0.0, "c3_pressure": 0.72179335863982907, "c4_deprivation": 0.27820664136017098, "food_access_score": 20.0 }, "geometry": { "type": "Polygon", "coordinates": [ [ [ 2.13011323230258, 41.442172332173755 ], [ 2.130442782626164, 41.44039524820235 ], [ 2.132615556176823, 41.439827835938566 ], [ 2.134458875078622, 41.441037516239966 ], [ 2.134129394916986, 41.442814634125845 ], [ 2.131956525688747, 41.443382037796447 ], [ 2.13011323230258, 41.442172332173755 ] ] ] } },
{ "type": "Feature", "properties": { "h3_index": "89394461d43ffff", "catchment_store_count": 0, "catchment_type_diversity": 0, "is_food_desert": true, "store_count": 0, "type_diversity": 0, "barri_name": "el Poble-sec", "income_index": 18196.5, "c1_density": 0.0, "c2_diversity": 0.0, "c3_pressure": 0.79739385626335768, "c4_deprivation": 0.20260614373664232, "food_access_score": 20.0 }, "geometry": { "type": "Polygon", "coordinates": [ [ [ 2.16098349980303, 41.364737484200759 ], [ 2.161312190679758, 41.362958972200403 ], [ 2.163483363466683, 41.362389843141173 ], [ 2.16532594084848, 41.363599234630065 ], [ 2.164997320079958, 41.365377780568643 ], [ 2.162826051818551, 41.365946901080676 ], [ 2.16098349980303, 41.364737484200759 ] ] ] } },
{ "type": "Feature", "properties": { "h3_index": "8939446315bffff", "catchment_store_count": 0, "catchment_type_diversity": 0, "is_food_desert": true, "store_count": 0, "type_diversity": 0, "barri_name": "Vallvidrera, el Tibidabo i les Planes", "income_index": 32833.0, "c1_density": 0.0, "c2_diversity": 0.0, "c3_pressure": 0.33050496028581455, "c4_deprivation": 0.66949503971418545, "food_access_score": 20.0 }, "geometry": { "type": "Polygon", "coordinates": [ [ [ 2.076363340427448, 41.408859089922601 ], [ 2.076693732574883, 41.407082110207689 ], [ 2.078864976343468, 41.406515387945618 ], [ 2.08070592361272, 41.407725654092722 ], [ 2.080375601441928, 41.409502667811175 ], [ 2.078204262022347, 41.41006938137955 ], [ 2.076363340427448, 41.408859089922601 ] ] ] } },
{ "type": "Feature", "properties": { "h3_index": "89394462a2fffff", "catchment_store_count": 62, "catchment_type_diversity": 5, "is_food_desert": false, "store_count": 1, "type_diversity": 1, "barri_name": "la Sagrera", "income_index": 21169.0, "c1_density": 0.20945945945945946, "c2_diversity": 0.83333333333333337, "c3_pressure": 0.70257424479249742, "c4_deprivation": 0.29742575520750264, "food_access_score": 45.04504504504505 }, "geometry": { "type": "Polygon", "coordinates": [ [ [ 2.184765896091811, 41.426193709375788 ], [ 2.185094395088083, 41.424415813397438 ], [ 2.187267440975343, 41.423847017056815 ], [ 2.189112083454737, 41.425056125192221 ], [ 2.188783654725932, 41.426834055033019 ], [ 2.1866105132474, 41.427402842876539 ], [ 2.184765896091811, 41.426193709375788 ] ] ] } },
{ "type": "Feature", "properties": { "h3_index": "89394460a97ffff", "catchment_store_count": 13, "catchment_type_diversity": 2, "is_food_desert": false, "store_count": 0, "type_diversity": 0, "barri_name": "la Barceloneta", "income_index": 17877.0, "c1_density": 0.043918918918918921, "c2_diversity": 0.33333333333333331, "c3_pressure": 0.80758556891766886, "c4_deprivation": 0.19241443108233117, "food_access_score": 28.423423423423426 }, "geometry": { "type": "Polygon", "coordinates": [ [ [ 2.194162080634523, 41.386503906726702 ], [ 2.194490255604717, 41.384725347561094 ], [ 2.196662400062786, 41.384155808577454 ], [ 2.198506465040772, 41.385364837245078 ], [ 2.198178360294856, 41.387143430292831 ], [ 2.196006120343769, 41.387712960791404 ], [ 2.194162080634523, 41.386503906726702 ] ] ] } },
{ "type": "Feature", "properties": { "h3_index": "89394460cb3ffff", "catchment_store_count": 48, "catchment_type_diversity": 5, "is_food_desert": false, "store_count": 2, "type_diversity": 2, "barri_name": "Sant Martí de Provençals", "income_index": 19176.0, "c1_density": 0.16216216216216217, "c2_diversity": 0.83333333333333337, "c3_pressure": 0.76614884047338028, "c4_deprivation": 0.23385115952661967, "food_access_score": 43.153153153153156 }, "geometry": { "type": "Polygon", "coordinates": [ [ [ 2.193786653459141, 41.422140303318223 ], [ 2.194114973378894, 41.420362253363386 ], [ 2.196288027566489, 41.419793209240488 ], [ 2.198132857405244, 41.421002223554446 ], [ 2.197804607768002, 41.422780307364228 ], [ 2.195631458006631, 41.423349343005704 ], [ 2.193786653459141, 41.422140303318223 ] ] ] } },
{ "type": "Feature", "properties": { "h3_index": "89394461a53ffff", "catchment_store_count": 0, "catchment_type_diversity": 0, "is_food_desert": true, "store_count": 0, "type_diversity": 0, "barri_name": "la Marina del Prat Vermell", "income_index": 16015.0, "c1_density": 0.0, "c2_diversity": 0.0, "c3_pressure": 0.86698140291556347, "c4_deprivation": 0.1330185970844365, "food_access_score": 20.0 }, "geometry": { "type": "Polygon", "coordinates": [ [ [ 2.137303725277753, 41.325250268043014 ], [ 2.137632690984595, 41.323471452678795 ], [ 2.139802556529613, 41.322902288920474 ], [ 2.141643551772071, 41.324111949121274 ], [ 2.141314656051013, 41.325890798482263 ], [ 2.139144695098836, 41.326459953646278 ], [ 2.137303725277753, 41.325250268043014 ] ] ] } },
{ "type": "Feature", "properties": { "h3_index": "8939446007bffff", "catchment_store_count": 28, "catchment_type_diversity": 5, "is_food_desert": false, "store_count": 1, "type_diversity": 1, "barri_name": "Sant Gervasi - Galvany", "income_index": 35750.0, "c1_density": 0.0945945945945946, "c2_diversity": 0.83333333333333337, "c3_pressure": 0.23745574021499893, "c4_deprivation": 0.76254425978500107, "food_access_score": 40.450450450450461 }, "geometry": { "type": "Polygon", "coordinates": [ [ [ 2.132491562528056, 41.395885328277693 ], [ 2.132820889641029, 41.394107562243569 ], [ 2.134992504836173, 41.393539466107782 ], [ 2.136834888486249, 41.394749144601292 ], [ 2.136505631464239, 41.396526944583059 ], [ 2.134333920698312, 41.397095032124255 ], [ 2.132491562528056, 41.395885328277693 ] ] ] } },
{ "type": "Feature", "properties": { "h3_index": "89394460e1bffff", "catchment_store_count": 148, "catchment_type_diversity": 5, "is_food_desert": false, "store_count": 9, "type_diversity": 2, "barri_name": "la Dreta de l'Eixample", "income_index": 29588.0, "c1_density": 0.5, "c2_diversity": 0.83333333333333337, "c3_pressure": 0.43401703403617342, "c4_deprivation": 0.56598296596382658, "food_access_score": 56.666666666666664 }, "geometry": { "type": "Polygon", "coordinates": [ [ [ 2.174612967517143, 41.391627042194422 ], [ 2.174941516156336, 41.389848764676621 ], [ 2.17711354840594, 41.389279712431488 ], [ 2.178957127536072, 41.390488946224316 ], [ 2.178628649082484, 41.392267257643404 ], [ 2.176456521310299, 41.392836301369002 ], [ 2.174612967517143, 41.391627042194422 ] ] ] } },
{ "type": "Feature", "properties": { "h3_index": "893944602b7ffff", "catchment_store_count": 43, "catchment_type_diversity": 5, "is_food_desert": false, "store_count": 0, "type_diversity": 0, "barri_name": "les Corts", "income_index": 28740.0, "c1_density": 0.14527027027027026, "c2_diversity": 0.83333333333333337, "c3_pressure": 0.46106733867108995, "c4_deprivation": 0.53893266132891005, "food_access_score": 42.477477477477478 }, "geometry": { "type": "Polygon", "coordinates": [ [ [ 2.130978642779851, 41.392897840911473 ], [ 2.131307985627898, 41.391120048798278 ], [ 2.133479505257635, 41.39055194406486 ], [ 2.135321777601863, 41.391761640042851 ], [ 2.134992504836173, 41.393539466107782 ], [ 2.132820889641029, 41.394107562243569 ], [ 2.130978642779851, 41.392897840911473 ] ] ] } },
{ "type": "Feature", "properties": { "h3_index": "8939446012fffff", "catchment_store_count": 212, "catchment_type_diversity": 6, "is_food_desert": false, "store_count": 19, "type_diversity": 5, "barri_name": "la Sagrada Família", "income_index": 23450.5, "c1_density": 0.71621621621621623, "c2_diversity": 1.0, "c3_pressure": 0.62979680372579661, "c4_deprivation": 0.37020319627420334, "food_access_score": 68.64864864864866 }, "geometry": { "type": "Polygon", "coordinates": [ [ [ 2.174156521846772, 41.405283458391175 ], [ 2.174485131740637, 41.403505379245452 ], [ 2.176657508638775, 41.402936523338674 ], [ 2.178501371194044, 41.404145755096913 ], [ 2.178172831507317, 41.405923868133826 ], [ 2.176000359055342, 41.406492715521907 ], [ 2.174156521846772, 41.405283458391175 ] ] ] } },
{ "type": "Feature", "properties": { "h3_index": "89394460ecfffff", "catchment_store_count": 158, "catchment_type_diversity": 5, "is_food_desert": false, "store_count": 13, "type_diversity": 3, "barri_name": "la Dreta de l'Eixample", "income_index": 29588.0, "c1_density": 0.53378378378378377, "c2_diversity": 0.83333333333333337, "c3_pressure": 0.43401703403617342, "c4_deprivation": 0.56598296596382658, "food_access_score": 58.018018018018026 }, "geometry": { "type": "Polygon", "coordinates": [ [ [ 2.170597489158104, 41.390986706932573 ], [ 2.170926107972146, 41.389208463321253 ], [ 2.17309807371028, 41.388639487929574 ], [ 2.174941516156336, 41.389848764676621 ], [ 2.174612967517143, 41.391627042194422 ], [ 2.172440906254166, 41.392196009059298 ], [ 2.170597489158104, 41.390986706932573 ] ] ] } },
{ "type": "Feature", "properties": { "h3_index": "8939446295bffff", "catchment_store_count": 3, "catchment_type_diversity": 2, "is_food_desert": false, "store_count": 2, "type_diversity": 2, "barri_name": "el Bon Pastor", "income_index": 14841.0, "c1_density": 0.010135135135135136, "c2_diversity": 0.33333333333333331, "c3_pressure": 0.90443076334173345, "c4_deprivation": 0.09556923665826661, "food_access_score": 27.072072072072075 }, "geometry": { "type": "Polygon", "coordinates": [ [ [ 2.199400716845596, 41.447742089937712 ], [ 2.199729034406646, 41.44596434375012 ], [ 2.201902816031109, 41.445395529840738 ], [ 2.203748375718067, 41.446604470587729 ], [ 2.203420128495617, 41.4483822506038 ], [ 2.201246251244717, 41.448951056044976 ], [ 2.199400716845596, 41.447742089937712 ] ] ] } },
{ "type": "Feature", "properties": { "h3_index": "89394461c8fffff", "catchment_store_count": 90, "catchment_type_diversity": 5, "is_food_desert": false, "store_count": 3, "type_diversity": 2, "barri_name": "la Bordeta", "income_index": 21116.0, "c1_density": 0.30405405405405406, "c2_diversity": 0.83333333333333337, "c3_pressure": 0.70426488883217964, "c4_deprivation": 0.29573511116782036, "food_access_score": 48.828828828828833 }, "geometry": { "type": "Polygon", "coordinates": [ [ [ 2.138942928907628, 41.372203659728712 ], [ 2.139272047307478, 41.370425489448472 ], [ 2.141443136001068, 41.369856932106792 ], [ 2.143285201803399, 41.371066553631771 ], [ 2.142956153470879, 41.372844757870425 ], [ 2.140784969265852, 41.373413306626269 ], [ 2.138942928907628, 41.372203659728712 ] ] ] } },
{ "type": "Feature", "properties": { "h3_index": "89394461c6fffff", "catchment_store_count": 18, "catchment_type_diversity": 6, "is_food_desert": false, "store_count": 1, "type_diversity": 1, "barri_name": "la Marina del Prat Vermell", "income_index": 16015.0, "c1_density": 0.060810810810810814, "c2_diversity": 1.0, "c3_pressure": 0.86698140291556347, "c4_deprivation": 0.1330185970844365, "food_access_score": 42.432432432432435 }, "geometry": { "type": "Polygon", "coordinates": [ [ [ 2.145917125676018, 41.356839887965748 ], [ 2.146246058322649, 41.355061425831543 ], [ 2.148416840516425, 41.354492509964281 ], [ 2.150258785531155, 41.355702064806934 ], [ 2.14992992294328, 41.357480560903227 ], [ 2.14775904527906, 41.358049468195354 ], [ 2.145917125676018, 41.356839887965748 ] ] ] } },
{ "type": "Feature", "properties": { "h3_index": "89394460297ffff", "catchment_store_count": 35, "catchment_type_diversity": 5, "is_food_desert": false, "store_count": 0, "type_diversity": 0, "barri_name": "Sarrià", "income_index": 33795.0, "c1_density": 0.11824324324324324, "c2_diversity": 0.83333333333333337, "c3_pressure": 0.29981817601837379, "c4_deprivation": 0.70018182398162621, "food_access_score": 41.396396396396398 }, "geometry": { "type": "Polygon", "coordinates": [ [ [ 2.120450576878706, 41.393959761680343 ], [ 2.120780114199951, 41.392182097520482 ], [ 2.122951529210306, 41.391614231712573 ], [ 2.124793502473959, 41.392824038681518 ], [ 2.124464035211371, 41.394601736804681 ], [ 2.122292524623611, 41.395169593996179 ], [ 2.120450576878706, 41.393959761680343 ] ] ] } },
{ "type": "Feature", "properties": { "h3_index": "89394462a0fffff", "catchment_store_count": 71, "catchment_type_diversity": 6, "is_food_desert": false, "store_count": 6, "type_diversity": 3, "barri_name": "el Guinardó", "income_index": 21610.0, "c1_density": 0.23986486486486486, "c2_diversity": 1.0, "c3_pressure": 0.68850681042457496, "c4_deprivation": 0.31149318957542504, "food_access_score": 49.594594594594597 }, "geometry": { "type": "Polygon", "coordinates": [ [ [ 2.174229352983244, 41.42725898334254 ], [ 2.17455804688351, 41.425481215174784 ], [ 2.176730988758798, 41.424912658101839 ], [ 2.178575332334288, 41.426121877713115 ], [ 2.1782467086778, 41.427899679754937 ], [ 2.176073671199138, 41.428468228312013 ], [ 2.174229352983244, 41.42725898334254 ] ] ] } },
{ "type": "Feature", "properties": { "h3_index": "8939446034bffff", "catchment_store_count": 118, "catchment_type_diversity": 5, "is_food_desert": false, "store_count": 6, "type_diversity": 4, "barri_name": "Hostafrancs", "income_index": 20683.0, "c1_density": 0.39864864864864863, "c2_diversity": 0.83333333333333337, "c3_pressure": 0.71807713164694253, "c4_deprivation": 0.28192286835305752, "food_access_score": 52.612612612612608 }, "geometry": { "type": "Polygon", "coordinates": [ [ [ 2.141968931324547, 41.37817919855712 ], [ 2.142298018232192, 41.376401080335995 ], [ 2.144469297954048, 41.375832540162946 ], [ 2.146311586287537, 41.377042126791288 ], [ 2.145982569464435, 41.378820278962607 ], [ 2.143811194220419, 41.379388810555952 ], [ 2.141968931324547, 41.37817919855712 ] ] ] } },
{ "type": "Feature", "properties": { "h3_index": "89394462ac3ffff", "catchment_store_count": 50, "catchment_type_diversity": 5, "is_food_desert": false, "store_count": 3, "type_diversity": 3, "barri_name": "Vilapicina i la Torre Llobeta", "income_index": 20176.0, "c1_density": 0.16891891891891891, "c2_diversity": 0.83333333333333337, "c3_pressure": 0.73424989632843152, "c4_deprivation": 0.26575010367156848, "food_access_score": 43.423423423423422 }, "geometry": { "type": "Polygon", "coordinates": [ [ [ 2.161191715397624, 41.430669001507937 ], [ 2.161520658553981, 41.42889142126748 ], [ 2.163693525277949, 41.428323188860773 ], [ 2.165537544465754, 41.429532545233933 ], [ 2.165208671527374, 41.431310159361182 ], [ 2.163035709180331, 41.431878383229055 ], [ 2.161191715397624, 41.430669001507937 ] ] ] } },
{ "type": "Feature", "properties": { "h3_index": "89394461dd7ffff", "catchment_store_count": 150, "catchment_type_diversity": 5, "is_food_desert": false, "store_count": 17, "type_diversity": 4, "barri_name": "el Poble-sec", "income_index": 18196.5, "c1_density": 0.5067567567567568, "c2_diversity": 0.83333333333333337, "c3_pressure": 0.79739385626335768, "c4_deprivation": 0.20260614373664232, "food_access_score": 56.936936936936945 }, "geometry": { "type": "Polygon", "coordinates": [ [ [ 2.159011084779232, 41.375407954322661 ], [ 2.159339852734893, 41.373629614302651 ], [ 2.16151127438902, 41.373060673039632 ], [ 2.163354023584972, 41.374270080346676 ], [ 2.163025325750389, 41.37604845429896 ], [ 2.160853808595919, 41.376617387012523 ], [ 2.159011084779232, 41.375407954322661 ] ] ] } },
{ "type": "Feature", "properties": { "h3_index": "89394462b77ffff", "catchment_store_count": 9, "catchment_type_diversity": 3, "is_food_desert": false, "store_count": 0, "type_diversity": 0, "barri_name": "la Verneda i la Pau", "income_index": 17668.0, "c1_density": 0.030405405405405407, "c2_diversity": 0.5, "c3_pressure": 0.81425244824396315, "c4_deprivation": 0.18574755175603688, "food_access_score": 31.216216216216218 }, "geometry": { "type": "Polygon", "coordinates": [ [ [ 2.204856721817884, 41.429394237292193 ], [ 2.205184869369244, 41.42761617205398 ], [ 2.207358247591422, 41.427046990968215 ], [ 2.209203573839285, 41.428255883581919 ], [ 2.208875496609185, 41.430033982656383 ], [ 2.206702022807086, 41.430603155281496 ], [ 2.204856721817884, 41.429394237292193 ] ] ] } },
{ "type": "Feature", "properties": { "h3_index": "89394460203ffff", "catchment_store_count": 65, "catchment_type_diversity": 5, "is_food_desert": false, "store_count": 0, "type_diversity": 0, "barri_name": "la Maternitat i Sant Ramon", "income_index": 25111.0, "c1_density": 0.2195945945945946, "c2_diversity": 0.83333333333333337, "c3_pressure": 0.57682860697310923, "c4_deprivation": 0.42317139302689083, "food_access_score": 45.450450450450454 }, "geometry": { "type": "Polygon", "coordinates": [ [ [ 2.122427607673921, 41.383293346257133 ], [ 2.122757067747395, 41.381515509931987 ], [ 2.124928233993363, 41.380947456142195 ], [ 2.126770035714493, 41.382157247292291 ], [ 2.126440645686806, 41.383935117586702 ], [ 2.124269383889333, 41.384503162762336 ], [ 2.122427607673921, 41.383293346257133 ] ] ] } },
{ "type": "Feature", "properties": { "h3_index": "89394462c2bffff", "catchment_store_count": 3, "catchment_type_diversity": 2, "is_food_desert": false, "store_count": 1, "type_diversity": 1, "barri_name": "Ciutat Meridiana", "income_index": 11845.0, "c1_density": 0.010135135135135136, "c2_diversity": 0.33333333333333331, "c3_pressure": 1.0, "c4_deprivation": 0.0, "food_access_score": 27.072072072072075 }, "geometry": { "type": "Polygon", "coordinates": [ [ [ 2.17384541661141, 41.462881701153194 ], [ 2.174174255900927, 41.461104443508674 ], [ 2.176348108163878, 41.460536381828341 ], [ 2.178193216818708, 41.461745586305241 ], [ 2.17786444783124, 41.463522877796628 ], [ 2.175690499883995, 41.464090930964822 ], [ 2.17384541661141, 41.462881701153194 ] ] ] } },
{ "type": "Feature", "properties": { "h3_index": "89394460567ffff", "catchment_store_count": 62, "catchment_type_diversity": 5, "is_food_desert": false, "store_count": 0, "type_diversity": 0, "barri_name": "el Coll", "income_index": 20877.0, "c1_density": 0.20945945945945946, "c2_diversity": 0.83333333333333337, "c3_pressure": 0.71188873648282236, "c4_deprivation": 0.28811126351717758, "food_access_score": 45.045045045045043 }, "geometry": { "type": "Polygon", "coordinates": [ [ [ 2.15111679744521, 41.418079506044386 ], [ 2.151445873980086, 41.416301854992405 ], [ 2.153618291622033, 41.415733665259182 ], [ 2.155461728330073, 41.416943135137025 ], [ 2.155132721967942, 41.418720820097484 ], [ 2.152960208722116, 41.419289001272212 ], [ 2.15111679744521, 41.418079506044386 ] ] ] } },
{ "type": "Feature", "properties": { "h3_index": "8939446061bffff", "catchment_store_count": 0, "catchment_type_diversity": 0, "is_food_desert": true, "store_count": 0, "type_diversity": 0, "barri_name": "Pedralbes", "income_index": 42688.0, "c1_density": 0.0, "c2_diversity": 0.0, "c3_pressure": 0.016140865737344079, "c4_deprivation": 0.98385913426265592, "food_access_score": 20.0 }, "geometry": { "type": "Polygon", "coordinates": [ [ [ 2.100908038538345, 41.399067839809121 ], [ 2.101237948986886, 41.397290457721226 ], [ 2.103409249947706, 41.396723078318317 ], [ 2.105250736063743, 41.397933089654714 ], [ 2.104920895635052, 41.399710505724954 ], [ 2.10274949906757, 41.400277876477013 ], [ 2.100908038538345, 41.399067839809121 ] ] ] } },
{ "type": "Feature", "properties": { "h3_index": "89394462e47ffff", "catchment_store_count": 7, "catchment_type_diversity": 3, "is_food_desert": false, "store_count": 0, "type_diversity": 0, "barri_name": "Horta", "income_index": 21854.0, "c1_density": 0.02364864864864865, "c2_diversity": 0.5, "c3_pressure": 0.68072346805320749, "c4_deprivation": 0.31927653194679256, "food_access_score": 30.945945945945951 }, "geometry": { "type": "Polygon", "coordinates": [ [ [ 2.151183641983845, 41.440050796738028 ], [ 2.151512802768028, 41.438273456900603 ], [ 2.153685785410413, 41.437705566253506 ], [ 2.155529702919259, 41.438915024000082 ], [ 2.155200612344437, 41.440692397728824 ], [ 2.153027534048559, 41.441260279820256 ], [ 2.151183641983845, 41.440050796738028 ] ] ] } },
{ "type": "Feature", "properties": { "h3_index": "89394462377ffff", "catchment_store_count": 0, "catchment_type_diversity": 0, "is_food_desert": true, "store_count": 0, "type_diversity": 0, "barri_name": "Montbau", "income_index": 20566.5, "c1_density": 0.0, "c2_diversity": 0.0, "c3_pressure": 0.72179335863982907, "c4_deprivation": 0.27820664136017098, "food_access_score": 20.0 }, "geometry": { "type": "Polygon", "coordinates": [ [ [ 2.131101844617513, 41.436840993922651 ], [ 2.131431356286777, 41.435063823620169 ], [ 2.133604005280369, 41.434496317316757 ], [ 2.13544723826641, 41.435705989908456 ], [ 2.1351177967526, 41.437483194128376 ], [ 2.13294505209444, 41.438050691839742 ], [ 2.131101844617513, 41.436840993922651 ] ] ] } },
{ "type": "Feature", "properties": { "h3_index": "893944628c7ffff", "catchment_store_count": 10, "catchment_type_diversity": 3, "is_food_desert": false, "store_count": 0, "type_diversity": 0, "barri_name": "les Roquetes", "income_index": 13630.5, "c1_density": 0.033783783783783786, "c2_diversity": 0.5, "c3_pressure": 0.9430444352291939, "c4_deprivation": 0.056955564770806086, "food_access_score": 31.351351351351354 }, "geometry": { "type": "Polygon", "coordinates": [ [ [ 2.17581825936998, 41.452217723147747 ], [ 2.176147021473211, 41.450440292668183 ], [ 2.178320624272549, 41.449872043020449 ], [ 2.180165560624095, 41.451081232362789 ], [ 2.179836868809946, 41.452858696695145 ], [ 2.177663170352281, 41.453426937832965 ], [ 2.17581825936998, 41.452217723147747 ] ] ] } },
{ "type": "Feature", "properties": { "h3_index": "89394463117ffff", "catchment_store_count": 0, "catchment_type_diversity": 0, "is_food_desert": true, "store_count": 0, "type_diversity": 0, "barri_name": "Vallvidrera, el Tibidabo i les Planes", "income_index": 32833.0, "c1_density": 0.0, "c2_diversity": 0.0, "c3_pressure": 0.33050496028581455, "c4_deprivation": 0.66949503971418545, "food_access_score": 20.0 }, "geometry": { "type": "Polygon", "coordinates": [ [ [ 2.088921324137076, 41.419107678536484 ], [ 2.089251529374562, 41.417330709152182 ], [ 2.09142319402293, 41.416763859488292 ], [ 2.093264749093811, 41.417973987879172 ], [ 2.092934613880359, 41.419750991244307 ], [ 2.090762853569148, 41.420317832238304 ], [ 2.088921324137076, 41.419107678536484 ] ] ] } },
{ "type": "Feature", "properties": { "h3_index": "89394460a53ffff", "catchment_store_count": 4, "catchment_type_diversity": 2, "is_food_desert": false, "store_count": 0, "type_diversity": 0, "barri_name": "la Barceloneta", "income_index": 17877.0, "c1_density": 0.013513513513513514, "c2_diversity": 0.33333333333333331, "c3_pressure": 0.80758556891766886, "c4_deprivation": 0.19241443108233117, "food_access_score": 27.207207207207208 }, "geometry": { "type": "Polygon", "coordinates": [ [ [ 2.186584585650423, 41.371565315987809 ], [ 2.186912839878252, 41.369786626477669 ], [ 2.189084506951246, 41.369217045022545 ], [ 2.190928015259897, 41.370426161578585 ], [ 2.190599831213338, 41.37220488499139 ], [ 2.188428068674005, 41.372774457946086 ], [ 2.186584585650423, 41.371565315987809 ] ] ] } },
{ "type": "Feature", "properties": { "h3_index": "893944631cbffff", "catchment_store_count": 0, "catchment_type_diversity": 0, "is_food_desert": true, "store_count": 0, "type_diversity": 0, "barri_name": "Vallvidrera, el Tibidabo i les Planes", "income_index": 32833.0, "c1_density": 0.0, "c2_diversity": 0.0, "c3_pressure": 0.33050496028581455, "c4_deprivation": 0.66949503971418545, "food_access_score": 20.0 }, "geometry": { "type": "Polygon", "coordinates": [ [ [ 2.075372086537708, 41.414189856680203 ], [ 2.075702517409605, 41.412412963161763 ], [ 2.077873885502106, 41.411846335001165 ], [ 2.079714918383809, 41.413056609054401 ], [ 2.079384557494973, 41.41483353657339 ], [ 2.077213093738524, 41.41540015603919 ], [ 2.075372086537708, 41.414189856680203 ] ] ] } },
{ "type": "Feature", "properties": { "h3_index": "893944618a7ffff", "catchment_store_count": 0, "catchment_type_diversity": 0, "is_food_desert": true, "store_count": 0, "type_diversity": 0, "barri_name": "la Marina del Prat Vermell", "income_index": 16015.0, "c1_density": 0.0, "c2_diversity": 0.0, "c3_pressure": 0.86698140291556347, "c4_deprivation": 0.1330185970844365, "food_access_score": 20.0 }, "geometry": { "type": "Polygon", "coordinates": [ [ [ 2.16848284098049, 41.357694125166773 ], [ 2.168811368913506, 41.35591543333792 ], [ 2.170982454819963, 41.355346048271301 ], [ 2.172825108242248, 41.356555363568724 ], [ 2.172496650423857, 41.358334089332395 ], [ 2.170325469065681, 41.358903465864415 ], [ 2.16848284098049, 41.357694125166773 ] ] ] } },
{ "type": "Feature", "properties": { "h3_index": "89394460c6fffff", "catchment_store_count": 88, "catchment_type_diversity": 5, "is_food_desert": false, "store_count": 8, "type_diversity": 3, "barri_name": "el Parc i la Llacuna del Poblenou", "income_index": 24245.0, "c1_density": 0.29729729729729731, "c2_diversity": 0.83333333333333337, "c3_pressure": 0.6044530926026348, "c4_deprivation": 0.39554690739736514, "food_access_score": 48.558558558558559 }, "geometry": { "type": "Polygon", "coordinates": [ [ [ 2.195224840157293, 41.403149476224392 ], [ 2.195553060396836, 41.401371141511177 ], [ 2.197725645075119, 41.400801807232391 ], [ 2.199570105040596, 41.402010816148582 ], [ 2.199241955055507, 41.403789184729774 ], [ 2.197069274847627, 41.404358510527381 ], [ 2.195224840157293, 41.403149476224392 ] ] ] } },
{ "type": "Feature", "properties": { "h3_index": "8939446014fffff", "catchment_store_count": 258, "catchment_type_diversity": 6, "is_food_desert": false, "store_count": 19, "type_diversity": 5, "barri_name": "la Vila de Gràcia", "income_index": 24564.0, "c1_density": 0.8716216216216216, "c2_diversity": 1.0, "c3_pressure": 0.59427732942039624, "c4_deprivation": 0.40572267057960382, "food_access_score": 74.864864864864856 }, "geometry": { "type": "Polygon", "coordinates": [ [ [ 2.15657902796606, 41.399733230933144 ], [ 2.156907934371903, 41.397955261291621 ], [ 2.159079949468216, 41.397386704278588 ], [ 2.160923153713222, 41.39859612545856 ], [ 2.160594317462874, 41.400374129016349 ], [ 2.158422206809147, 41.400942677478483 ], [ 2.15657902796606, 41.399733230933144 ] ] ] } },
{ "type": "Feature", "properties": { "h3_index": "89394461a0fffff", "catchment_store_count": 0, "catchment_type_diversity": 0, "is_food_desert": true, "store_count": 0, "type_diversity": 0, "barri_name": "la Marina del Prat Vermell", "income_index": 16015.0, "c1_density": 0.0, "c2_diversity": 0.0, "c3_pressure": 0.86698140291556347, "c4_deprivation": 0.1330185970844365, "food_access_score": 20.0 }, "geometry": { "type": "Polygon", "coordinates": [ [ [ 2.149337126919506, 41.32717150113173 ], [ 2.149665882636816, 41.325392583792933 ], [ 2.151835947811406, 41.324823189930008 ], [ 2.153677352666306, 41.326032721978926 ], [ 2.153348666966961, 41.327811673298768 ], [ 2.151178506391878, 41.32838105858923 ], [ 2.149337126919506, 41.32717150113173 ] ] ] } },
{ "type": "Feature", "properties": { "h3_index": "89394460e3bffff", "catchment_store_count": 63, "catchment_type_diversity": 5, "is_food_desert": false, "store_count": 0, "type_diversity": 0, "barri_name": "Sant Pere, Santa Caterina i la Ribera", "income_index": 18968.0, "c1_density": 0.21283783783783783, "c2_diversity": 0.83333333333333337, "c3_pressure": 0.77278382085552966, "c4_deprivation": 0.22721617914447031, "food_access_score": 45.180180180180187 }, "geometry": { "type": "Polygon", "coordinates": [ [ [ 2.185145107307721, 41.390559801966198 ], [ 2.185473461204933, 41.388781396657002 ], [ 2.187645597374113, 41.388212105301712 ], [ 2.189489475153725, 41.38942122775692 ], [ 2.189161191465779, 41.391199666955771 ], [ 2.186988959786097, 41.39176894981032 ], [ 2.185145107307721, 41.390559801966198 ] ] ] } },
{ "type": "Feature", "properties": { "h3_index": "89394460037ffff", "catchment_store_count": 115, "catchment_type_diversity": 5, "is_food_desert": false, "store_count": 2, "type_diversity": 2, "barri_name": "el Putxet i el Farró", "income_index": 28725.0, "c1_density": 0.38851351351351349, "c2_diversity": 0.83333333333333337, "c3_pressure": 0.46154582283326417, "c4_deprivation": 0.53845417716673583, "food_access_score": 52.207207207207219 }, "geometry": { "type": "Polygon", "coordinates": [ [ [ 2.145060666949333, 41.406130588219575 ], [ 2.145389806587213, 41.404352832613228 ], [ 2.147561841867274, 41.403784608615339 ], [ 2.149404833089024, 41.404994148795197 ], [ 2.149075763589435, 41.406771938326436 ], [ 2.146903632726943, 41.407340153753516 ], [ 2.145060666949333, 41.406130588219575 ] ] ] } },
{ "type": "Feature", "properties": { "h3_index": "89394461ac3ffff", "catchment_store_count": 0, "catchment_type_diversity": 0, "is_food_desert": true, "store_count": 0, "type_diversity": 0, "barri_name": "la Marina del Prat Vermell", "income_index": 16015.0, "c1_density": 0.0, "c2_diversity": 0.0, "c3_pressure": 0.86698140291556347, "c4_deprivation": 0.1330185970844365, "food_access_score": 20.0 }, "geometry": { "type": "Polygon", "coordinates": [ [ [ 2.136316751075295, 41.330586542572853 ], [ 2.136645755323829, 41.328807812992963 ], [ 2.138815745115107, 41.328238743119897 ], [ 2.140656826075053, 41.329448411422717 ], [ 2.140327891818715, 41.331227174996378 ], [ 2.138157806607359, 41.331796236273995 ], [ 2.136316751075295, 41.330586542572853 ] ] ] } },
{ "type": "Feature", "properties": { "h3_index": "89394460dd7ffff", "catchment_store_count": 28, "catchment_type_diversity": 4, "is_food_desert": false, "store_count": 3, "type_diversity": 3, "barri_name": "el Besòs i el Maresme", "income_index": 13735.0, "c1_density": 0.0945945945945946, "c2_diversity": 0.66666666666666663, "c3_pressure": 0.93971099556604676, "c4_deprivation": 0.060289004433953235, "food_access_score": 37.117117117117118 }, "geometry": { "type": "Polygon", "coordinates": [ [ [ 2.208342488496647, 41.421712528826582 ], [ 2.208670543128986, 41.419934317278567 ], [ 2.21084376746896, 41.419364956880557 ], [ 2.212689032733104, 41.42057381648651 ], [ 2.212361048417666, 41.422352061872637 ], [ 2.210187728518331, 41.422921413815288 ], [ 2.208342488496647, 41.421712528826582 ] ] ] } },
{ "type": "Feature", "properties": { "h3_index": "89394462813ffff", "catchment_store_count": 7, "catchment_type_diversity": 2, "is_food_desert": false, "store_count": 0, "type_diversity": 0, "barri_name": "les Roquetes", "income_index": 13630.5, "c1_density": 0.02364864864864865, "c2_diversity": 0.33333333333333331, "c3_pressure": 0.9430444352291939, "c4_deprivation": 0.056955564770806086, "food_access_score": 27.612612612612615 }, "geometry": { "type": "Polygon", "coordinates": [ [ [ 2.179836868809946, 41.452858696695145 ], [ 2.180165560624095, 41.451081232362789 ], [ 2.182339230007232, 41.45051290575875 ], [ 2.184184303229433, 41.451722051990316 ], [ 2.183855681715144, 41.453499550170271 ], [ 2.181681916675912, 41.454067868271665 ], [ 2.179836868809946, 41.452858696695145 ] ] ] } },
{ "type": "Feature", "properties": { "h3_index": "89394462863ffff", "catchment_store_count": 20, "catchment_type_diversity": 3, "is_food_desert": false, "store_count": 0, "type_diversity": 0, "barri_name": "Sant Andreu", "income_index": 22418.0, "c1_density": 0.067567567567567571, "c2_diversity": 0.5, "c3_pressure": 0.66273246355545634, "c4_deprivation": 0.33726753644454366, "food_access_score": 32.702702702702709 }, "geometry": { "type": "Polygon", "coordinates": [ [ [ 2.185827217953121, 41.44283412918324 ], [ 2.186155762333434, 41.441056458260654 ], [ 2.188329248819725, 41.440487866784459 ], [ 2.190174286550733, 41.441696954724605 ], [ 2.18984581246808, 41.443474659495479 ], [ 2.187672230353884, 41.444043242478521 ], [ 2.185827217953121, 41.44283412918324 ] ] ] } },
{ "type": "Feature", "properties": { "h3_index": "89394460e8bffff", "catchment_store_count": 149, "catchment_type_diversity": 5, "is_food_desert": false, "store_count": 12, "type_diversity": 4, "barri_name": "la Dreta de l'Eixample", "income_index": 29588.0, "c1_density": 0.5033783783783784, "c2_diversity": 0.83333333333333337, "c3_pressure": 0.43401703403617342, "c4_deprivation": 0.56598296596382658, "food_access_score": 56.801801801801808 }, "geometry": { "type": "Polygon", "coordinates": [ [ [ 2.17362724452755, 41.396961702537226 ], [ 2.173955831703482, 41.395183511127648 ], [ 2.17612798849663, 41.394614552786493 ], [ 2.177971653646501, 41.39582379437617 ], [ 2.177643136662637, 41.397602019684037 ], [ 2.175470884333964, 41.39817096950452 ], [ 2.17362724452755, 41.396961702537226 ] ] ] } },
{ "type": "Feature", "properties": { "h3_index": "89394461c2bffff", "catchment_store_count": 2, "catchment_type_diversity": 2, "is_food_desert": false, "store_count": 0, "type_diversity": 0, "barri_name": "el Poble-sec", "income_index": 18196.5, "c1_density": 0.0067567567567567571, "c2_diversity": 0.33333333333333331, "c3_pressure": 0.79739385626335768, "c4_deprivation": 0.20260614373664232, "food_access_score": 26.936936936936938 }, "geometry": { "type": "Polygon", "coordinates": [ [ [ 2.148943258083288, 41.362815877314063 ], [ 2.149272159220084, 41.361037467159704 ], [ 2.151443132360106, 41.360468568439693 ], [ 2.153285299841592, 41.361678088443597 ], [ 2.152956468780755, 41.363456532551865 ], [ 2.150785400159581, 41.364025422702866 ], [ 2.148943258083288, 41.362815877314063 ] ] ] } },
{ "type": "Feature", "properties": { "h3_index": "89394460253ffff", "catchment_store_count": 24, "catchment_type_diversity": 5, "is_food_desert": false, "store_count": 4, "type_diversity": 3, "barri_name": "la Maternitat i Sant Ramon", "income_index": 25111.0, "c1_density": 0.081081081081081086, "c2_diversity": 0.83333333333333337, "c3_pressure": 0.57682860697310923, "c4_deprivation": 0.42317139302689083, "food_access_score": 39.909909909909913 }, "geometry": { "type": "Polygon", "coordinates": [ [ [ 2.112890350966259, 41.379021757204875 ], [ 2.113219966791268, 41.377243962804499 ], [ 2.115390903995229, 41.37667605386843 ], [ 2.117232320921849, 41.37788594796509 ], [ 2.116902775112512, 41.379663776349268 ], [ 2.114731742358009, 41.380231676653572 ], [ 2.112890350966259, 41.379021757204875 ] ] ] } },
{ "type": "Feature", "properties": { "h3_index": "89394460307ffff", "catchment_store_count": 173, "catchment_type_diversity": 5, "is_food_desert": false, "store_count": 8, "type_diversity": 5, "barri_name": "l'Antiga Esquerra de l'Eixample", "income_index": 28407.0, "c1_density": 0.58445945945945943, "c2_diversity": 0.83333333333333337, "c3_pressure": 0.47168968707135794, "c4_deprivation": 0.52831031292864206, "food_access_score": 60.045045045045043 }, "geometry": { "type": "Polygon", "coordinates": [ [ [ 2.154537608265244, 41.388424168188806 ], [ 2.154866507671176, 41.386646060255849 ], [ 2.157038207189641, 41.386077392195979 ], [ 2.158881102833066, 41.387286840625556 ], [ 2.158552273558966, 41.389064982485955 ], [ 2.156380478506731, 41.389633641989903 ], [ 2.154537608265244, 41.388424168188806 ] ] ] } },
{ "type": "Feature", "properties": { "h3_index": "8939446009bffff", "catchment_store_count": 6, "catchment_type_diversity": 2, "is_food_desert": false, "store_count": 0, "type_diversity": 0, "barri_name": "Sant Gervasi - la Bonanova", "income_index": 36213.5, "c1_density": 0.020270270270270271, "c2_diversity": 0.33333333333333331, "c3_pressure": 0.22267057960381509, "c4_deprivation": 0.77732942039618491, "food_access_score": 27.477477477477478 }, "geometry": { "type": "Polygon", "coordinates": [ [ [ 2.125512542995548, 41.411241888940673 ], [ 2.125842056071198, 41.40946441532126 ], [ 2.128013977876747, 41.40889667796889 ], [ 2.129856482215601, 41.41010642284175 ], [ 2.129527039239455, 41.411883930405097 ], [ 2.127355021822079, 41.412451659152254 ], [ 2.125512542995548, 41.411241888940673 ] ] ] } },
{ "type": "Feature", "properties": { "h3_index": "89394461d93ffff", "catchment_store_count": 210, "catchment_type_diversity": 6, "is_food_desert": false, "store_count": 6, "type_diversity": 4, "barri_name": "el Raval", "income_index": 13991.0, "c1_density": 0.70945945945945943, "c2_diversity": 1.0, "c3_pressure": 0.9315448658649399, "c4_deprivation": 0.068455134135060131, "food_access_score": 68.378378378378386 }, "geometry": { "type": "Polygon", "coordinates": [ [ [ 2.16203915516236, 41.381383404096795 ], [ 2.162367891539837, 41.37960511617694 ], [ 2.164539504199977, 41.379036192009778 ], [ 2.166382475990811, 41.380245564306378 ], [ 2.166053809751645, 41.382023886150293 ], [ 2.163882101580462, 41.382592801774138 ], [ 2.16203915516236, 41.381383404096795 ] ] ] } },
{ "type": "Feature", "properties": { "h3_index": "893944603bbffff", "catchment_store_count": 165, "catchment_type_diversity": 5, "is_food_desert": false, "store_count": 5, "type_diversity": 3, "barri_name": "l'Antiga Esquerra de l'Eixample", "income_index": 28407.0, "c1_density": 0.55743243243243246, "c2_diversity": 0.83333333333333337, "c3_pressure": 0.47168968707135794, "c4_deprivation": 0.52831031292864206, "food_access_score": 58.96396396396397 }, "geometry": { "type": "Polygon", "coordinates": [ [ [ 2.153550832910802, 41.393758319806714 ], [ 2.153879770885784, 41.391980297967137 ], [ 2.15605159488329, 41.391411723843071 ], [ 2.157894576449664, 41.392621180116208 ], [ 2.157565708612977, 41.394399235880236 ], [ 2.155393789068752, 41.394967801447251 ], [ 2.153550832910802, 41.393758319806714 ] ] ] } },
{ "type": "Feature", "properties": { "h3_index": "89394461e47ffff", "catchment_store_count": 0, "catchment_type_diversity": 0, "is_food_desert": true, "store_count": 0, "type_diversity": 0, "barri_name": "la Marina del Prat Vermell", "income_index": 16015.0, "c1_density": 0.0, "c2_diversity": 0.0, "c3_pressure": 0.86698140291556347, "c4_deprivation": 0.1330185970844365, "food_access_score": 20.0 }, "geometry": { "type": "Polygon", "coordinates": [ [ [ 2.126319943983751, 41.33997628834404 ], [ 2.126649165313364, 41.338197798402966 ], [ 2.128819270385735, 41.337629069726681 ], [ 2.130660249575934, 41.338838839604335 ], [ 2.130331098229907, 41.3406173635437 ], [ 2.128160897707214, 41.341186083607688 ], [ 2.126319943983751, 41.33997628834404 ] ] ] } },
{ "type": "Feature", "properties": { "h3_index": "89394461a73ffff", "catchment_store_count": 0, "catchment_type_diversity": 0, "is_food_desert": true, "store_count": 0, "type_diversity": 0, "barri_name": "la Marina del Prat Vermell", "income_index": 16015.0, "c1_density": 0.0, "c2_diversity": 0.0, "c3_pressure": 0.86698140291556347, "c4_deprivation": 0.1330185970844365, "food_access_score": 20.0 }, "geometry": { "type": "Polygon", "coordinates": [ [ [ 2.147824614312801, 41.324183009013311 ], [ 2.14815338577474, 41.322404065780944 ], [ 2.150323355554152, 41.321834663342486 ], [ 2.152164649263946, 41.323044212712496 ], [ 2.151835947811406, 41.324823189930008 ], [ 2.149665882636816, 41.325392583792933 ], [ 2.147824614312801, 41.324183009013311 ] ] ] } },
{ "type": "Feature", "properties": { "h3_index": "8939446046fffff", "catchment_store_count": 0, "catchment_type_diversity": 0, "is_food_desert": true, "store_count": 0, "type_diversity": 0, "barri_name": "Sarrià", "income_index": 33795.0, "c1_density": 0.0, "c2_diversity": 0.0, "c3_pressure": 0.29981817601837379, "c4_deprivation": 0.70018182398162621, "food_access_score": 20.0 }, "geometry": { "type": "Polygon", "coordinates": [ [ [ 2.121498250383025, 41.410599727822934 ], [ 2.121827833547433, 41.408822288152649 ], [ 2.123999688585944, 41.408254627595269 ], [ 2.125842056071198, 41.40946441532126 ], [ 2.125512542995548, 41.411241888940673 ], [ 2.123340592343005, 41.411809540885571 ], [ 2.121498250383025, 41.410599727822934 ] ] ] } },
{ "type": "Feature", "properties": { "h3_index": "89394460523ffff", "catchment_store_count": 94, "catchment_type_diversity": 5, "is_food_desert": false, "store_count": 16, "type_diversity": 5, "barri_name": "el Carmel", "income_index": 16109.5, "c1_density": 0.31756756756756754, "c2_diversity": 0.83333333333333337, "c3_pressure": 0.86396695269386581, "c4_deprivation": 0.13603304730613416, "food_access_score": 49.369369369369373 }, "geometry": { "type": "Polygon", "coordinates": [ [ [ 2.154145625691748, 41.424053702501453 ], [ 2.154474670649489, 41.4222761037826 ], [ 2.156647279504539, 41.421707931163233 ], [ 2.15849093901356, 41.422917365815621 ], [ 2.158161964245749, 41.424694998434724 ], [ 2.155989259776108, 41.425263162501786 ], [ 2.154145625691748, 41.424053702501453 ] ] ] } },
{ "type": "Feature", "properties": { "h3_index": "893944605d7ffff", "catchment_store_count": 16, "catchment_type_diversity": 4, "is_food_desert": false, "store_count": 0, "type_diversity": 0, "barri_name": "Sant Genís dels Agudells", "income_index": 19094.0, "c1_density": 0.054054054054054057, "c2_diversity": 0.66666666666666663, "c3_pressure": 0.76876455389326614, "c4_deprivation": 0.23123544610673386, "food_access_score": 35.495495495495497 }, "geometry": { "type": "Polygon", "coordinates": [ [ [ 2.134592338447251, 41.429164539762446 ], [ 2.134921757075916, 41.427387223050637 ], [ 2.137094252632942, 41.42681953728345 ], [ 2.138937425202461, 41.428029176815379 ], [ 2.138608076724965, 41.429806527446473 ], [ 2.136435485523905, 41.430374204626922 ], [ 2.134592338447251, 41.429164539762446 ] ] ] } },
{ "type": "Feature", "properties": { "h3_index": "89394461377ffff", "catchment_store_count": 2, "catchment_type_diversity": 1, "is_food_desert": false, "store_count": 0, "type_diversity": 0, "barri_name": "la Marina del Prat Vermell", "income_index": 16015.0, "c1_density": 0.0067567567567567571, "c2_diversity": 0.16666666666666666, "c3_pressure": 0.86698140291556347, "c4_deprivation": 0.1330185970844365, "food_access_score": 23.603603603603602 }, "geometry": { "type": "Polygon", "coordinates": [ [ [ 2.106267222483467, 41.336769122007446 ], [ 2.106596793569842, 41.33499080213619 ], [ 2.108766565213827, 41.334422456817272 ], [ 2.110606861229843, 41.335632440018834 ], [ 2.110277360073318, 41.337410793914501 ], [ 2.108107492968061, 41.33797913058477 ], [ 2.106267222483467, 41.336769122007446 ] ] ] } },
{ "type": "Feature", "properties": { "h3_index": "89394462e03ffff", "catchment_store_count": 0, "catchment_type_diversity": 0, "is_food_desert": true, "store_count": 0, "type_diversity": 0, "barri_name": "Horta", "income_index": 21854.0, "c1_density": 0.0, "c2_diversity": 0.0, "c3_pressure": 0.68072346805320749, "c4_deprivation": 0.31927653194679256, "food_access_score": 20.0 }, "geometry": { "type": "Polygon", "coordinates": [ [ [ 2.154213263390354, 41.446024346222899 ], [ 2.154542392580713, 41.444247058843118 ], [ 2.156715566535437, 41.443679185304227 ], [ 2.158559706961117, 41.444888607695127 ], [ 2.158230647997347, 41.446665928957984 ], [ 2.156057378378425, 41.44723379394744 ], [ 2.154213263390354, 41.446024346222899 ] ] ] } },
{ "type": "Feature", "properties": { "h3_index": "89394462eb7ffff", "catchment_store_count": 0, "catchment_type_diversity": 0, "is_food_desert": true, "store_count": 0, "type_diversity": 0, "barri_name": "Torre Baró", "income_index": 12819.0, "c1_density": 0.0, "c2_diversity": 0.0, "c3_pressure": 0.96893042840281984, "c4_deprivation": 0.031069571597180132, "food_access_score": 20.0 }, "geometry": { "type": "Polygon", "coordinates": [ [ [ 2.162776656147711, 41.455625896172194 ], [ 2.163105667662846, 41.453848653678037 ], [ 2.165279195292697, 41.453280728848405 ], [ 2.167123807082613, 41.454490055046428 ], [ 2.166794865830741, 41.456267331406124 ], [ 2.164621242522817, 41.456835247702863 ], [ 2.162776656147711, 41.455625896172194 ] ] ] } },
{ "type": "Feature", "properties": { "h3_index": "89394462333ffff", "catchment_store_count": 0, "catchment_type_diversity": 0, "is_food_desert": true, "store_count": 0, "type_diversity": 0, "barri_name": "Montbau", "income_index": 20566.5, "c1_density": 0.0, "c2_diversity": 0.0, "c3_pressure": 0.72179335863982907, "c4_deprivation": 0.27820664136017098, "food_access_score": 20.0 }, "geometry": { "type": "Polygon", "coordinates": [ [ [ 2.134129394916986, 41.442814634125845 ], [ 2.134458875078622, 41.441037516239966 ], [ 2.136631715406757, 41.440470027117563 ], [ 2.138475171245715, 41.441679664467472 ], [ 2.138145761256778, 41.443456816262582 ], [ 2.1359728252533, 41.444024296799114 ], [ 2.134129394916986, 41.442814634125845 ] ] ] } },
{ "type": "Feature", "properties": { "h3_index": "89394463187ffff", "catchment_store_count": 1, "catchment_type_diversity": 1, "is_food_desert": false, "store_count": 0, "type_diversity": 0, "barri_name": "Vallvidrera, el Tibidabo i les Planes", "income_index": 32833.0, "c1_density": 0.0033783783783783786, "c2_diversity": 0.16666666666666666, "c3_pressure": 0.33050496028581455, "c4_deprivation": 0.66949503971418545, "food_access_score": 23.468468468468469 }, "geometry": { "type": "Polygon", "coordinates": [ [ [ 2.087930631002379, 41.424438414203095 ], [ 2.088260874951739, 41.42266153106484 ], [ 2.090432663988823, 41.422094775493164 ], [ 2.092274304749472, 41.423304911731307 ], [ 2.091944130830536, 41.425081828847375 ], [ 2.089772246117675, 41.425648575748042 ], [ 2.087930631002379, 41.424438414203095 ] ] ] } },
{ "type": "Feature", "properties": { "h3_index": "89394460ac3ffff", "catchment_store_count": 25, "catchment_type_diversity": 4, "is_food_desert": false, "store_count": 2, "type_diversity": 1, "barri_name": "la Barceloneta", "income_index": 17877.0, "c1_density": 0.084459459459459457, "c2_diversity": 0.66666666666666663, "c3_pressure": 0.80758556891766886, "c4_deprivation": 0.19241443108233117, "food_access_score": 36.711711711711715 }, "geometry": { "type": "Polygon", "coordinates": [ [ [ 2.185599745973529, 41.376901212505089 ], [ 2.18592803869882, 41.375122609004428 ], [ 2.188099830289184, 41.374553121405995 ], [ 2.189943424630653, 41.375762245810378 ], [ 2.18961520209306, 41.377540883210727 ], [ 2.187443315023427, 41.378110362307588 ], [ 2.185599745973529, 41.376901212505089 ] ] ] } },
{ "type": "Feature", "properties": { "h3_index": "89394460cd3ffff", "catchment_store_count": 148, "catchment_type_diversity": 6, "is_food_desert": false, "store_count": 10, "type_diversity": 4, "barri_name": "el Camp de l'Arpa del Clot", "income_index": 22131.0, "c1_density": 0.5, "c2_diversity": 1.0, "c3_pressure": 0.67188746052505666, "c4_deprivation": 0.3281125394749434, "food_access_score": 60.000000000000007 }, "geometry": { "type": "Polygon", "coordinates": [ [ [ 2.17620132357224, 41.416591943068084 ], [ 2.17652994035256, 41.414814002413493 ], [ 2.178702632972084, 41.414245257465616 ], [ 2.180546804385892, 41.415454461686558 ], [ 2.180218257836431, 41.417232436221191 ], [ 2.178045469639416, 41.417801172655423 ], [ 2.17620132357224, 41.416591943068084 ] ] ] } },
{ "type": "Feature", "properties": { "h3_index": "89394461863ffff", "catchment_store_count": 0, "catchment_type_diversity": 0, "is_food_desert": true, "store_count": 0, "type_diversity": 0, "barri_name": "la Marina del Prat Vermell", "income_index": 16015.0, "c1_density": 0.0, "c2_diversity": 0.0, "c3_pressure": 0.86698140291556347, "c4_deprivation": 0.1330185970844365, "food_access_score": 20.0 }, "geometry": { "type": "Polygon", "coordinates": [ [ [ 2.160914166704817, 41.342753441099589 ], [ 2.161242773574267, 41.340974619408343 ], [ 2.163413382302284, 41.340405191622942 ], [ 2.165255479582965, 41.341614594079239 ], [ 2.164926942785141, 41.343393449725788 ], [ 2.162756238632145, 41.343962868961299 ], [ 2.160914166704817, 41.342753441099589 ] ] ] } },
{ "type": "Feature", "properties": { "h3_index": "89394460c2bffff", "catchment_store_count": 72, "catchment_type_diversity": 5, "is_food_desert": false, "store_count": 0, "type_diversity": 0, "barri_name": "el Poblenou", "income_index": 23813.0, "c1_density": 0.24324324324324326, "c2_diversity": 0.83333333333333337, "c3_pressure": 0.61823343647325268, "c4_deprivation": 0.38176656352674726, "food_access_score": 46.396396396396398 }, "geometry": { "type": "Polygon", "coordinates": [ [ [ 2.198257428092568, 41.409124118145556 ], [ 2.198585616582219, 41.407345835731157 ], [ 2.200758392325034, 41.406776518411611 ], [ 2.202603075115608, 41.407985491982046 ], [ 2.202274956897613, 41.409763808256187 ], [ 2.200102085614533, 41.410333117100741 ], [ 2.198257428092568, 41.409124118145556 ] ] ] } },
{ "type": "Feature", "properties": { "h3_index": "893944600a7ffff", "catchment_store_count": 71, "catchment_type_diversity": 5, "is_food_desert": false, "store_count": 3, "type_diversity": 2, "barri_name": "el Putxet i el Farró", "income_index": 28725.0, "c1_density": 0.23986486486486486, "c2_diversity": 0.83333333333333337, "c3_pressure": 0.46154582283326417, "c4_deprivation": 0.53845417716673583, "food_access_score": 46.261261261261268 }, "geometry": { "type": "Polygon", "coordinates": [ [ [ 2.144073170833599, 41.411463682683618 ], [ 2.144402349073257, 41.409686013257684 ], [ 2.146574508858412, 41.409117883235282 ], [ 2.148417585996402, 41.4103274312113 ], [ 2.148088477901476, 41.412105134559127 ], [ 2.145916222520952, 41.41267325600964 ], [ 2.144073170833599, 41.411463682683618 ] ] ] } },
{ "type": "Feature", "properties": { "h3_index": "89394460e47ffff", "catchment_store_count": 158, "catchment_type_diversity": 6, "is_food_desert": false, "store_count": 13, "type_diversity": 4, "barri_name": "el Barri Gòtic", "income_index": 18972.0, "c1_density": 0.53378378378378377, "c2_diversity": 1.0, "c3_pressure": 0.77265622507894993, "c4_deprivation": 0.22734377492105012, "food_access_score": 61.351351351351347 }, "geometry": { "type": "Polygon", "coordinates": [ [ [ 2.175598574903092, 41.386292123553055 ], [ 2.175927085012123, 41.384513759953151 ], [ 2.178098992731173, 41.383944613812673 ], [ 2.179942485847972, 41.385153839791109 ], [ 2.179614045918086, 41.386932237295255 ], [ 2.17744204268939, 41.387501374917321 ], [ 2.175598574903092, 41.386292123553055 ] ] ] } },
{ "type": "Feature", "properties": { "h3_index": "8939446015bffff", "catchment_store_count": 232, "catchment_type_diversity": 6, "is_food_desert": false, "store_count": 18, "type_diversity": 5, "barri_name": "la Vila de Gràcia", "income_index": 24564.0, "c1_density": 0.78378378378378377, "c2_diversity": 1.0, "c3_pressure": 0.59427732942039624, "c4_deprivation": 0.40572267057960382, "food_access_score": 71.351351351351354 }, "geometry": { "type": "Polygon", "coordinates": [ [ [ 2.150062933497996, 41.401438483569663 ], [ 2.150391964408821, 41.399660607881167 ], [ 2.152563941836082, 41.399092213092167 ], [ 2.154406983916869, 41.400301702554628 ], [ 2.154078023148639, 41.402079612165743 ], [ 2.151905950154123, 41.402647998392361 ], [ 2.150062933497996, 41.401438483569663 ] ] ] } },
{ "type": "Feature", "properties": { "h3_index": "89394463397ffff", "catchment_store_count": 0, "catchment_type_diversity": 0, "is_food_desert": true, "store_count": 0, "type_diversity": 0, "barri_name": "Vallvidrera, el Tibidabo i les Planes", "income_index": 32833.0, "c1_density": 0.0, "c2_diversity": 0.0, "c3_pressure": 0.33050496028581455, "c4_deprivation": 0.66949503971418545, "food_access_score": 20.0 }, "geometry": { "type": "Polygon", "coordinates": [ [ [ 2.074852922257093, 41.405871801359403 ], [ 2.075183330027441, 41.404094795560496 ], [ 2.077354478150427, 41.40352806460168 ], [ 2.07919531414576, 41.404738348139077 ], [ 2.078864976343468, 41.406515387945618 ], [ 2.076693732574883, 41.407082110207689 ], [ 2.074852922257093, 41.405871801359403 ] ] ] } },
{ "type": "Feature", "properties": { "h3_index": "893944628d3ffff", "catchment_store_count": 3, "catchment_type_diversity": 2, "is_food_desert": false, "store_count": 0, "type_diversity": 0, "barri_name": "Torre Baró", "income_index": 12819.0, "c1_density": 0.010135135135135136, "c2_diversity": 0.33333333333333331, "c3_pressure": 0.96893042840281984, "c4_deprivation": 0.031069571597180132, "food_access_score": 27.072072072072075 }, "geometry": { "type": "Polygon", "coordinates": [ [ [ 2.169297401361493, 41.453922053278795 ], [ 2.169626288177101, 41.452144716785014 ], [ 2.171799853419352, 41.451576629549734 ], [ 2.173644627511307, 41.452785887330194 ], [ 2.173315810971852, 41.454563257683162 ], [ 2.171142150061402, 41.455131336397031 ], [ 2.169297401361493, 41.453922053278795 ] ] ] } },
{ "type": "Feature", "properties": { "h3_index": "8939446020fffff", "catchment_store_count": 125, "catchment_type_diversity": 6, "is_food_desert": false, "store_count": 4, "type_diversity": 2, "barri_name": "la Maternitat i Sant Ramon", "income_index": 25111.0, "c1_density": 0.42229729729729731, "c2_diversity": 1.0, "c3_pressure": 0.57682860697310923, "c4_deprivation": 0.42317139302689083, "food_access_score": 56.891891891891902 }, "geometry": { "type": "Polygon", "coordinates": [ [ [ 2.124928233993363, 41.380947456142195 ], [ 2.125257639739081, 41.379169559806051 ], [ 2.127428777160849, 41.378601420651272 ], [ 2.129270604377969, 41.379811186443149 ], [ 2.128941268680212, 41.381589116747456 ], [ 2.126770035714493, 41.382157247292291 ], [ 2.124928233993363, 41.380947456142195 ] ] ] } },
{ "type": "Feature", "properties": { "h3_index": "89394461c9bffff", "catchment_store_count": 130, "catchment_type_diversity": 6, "is_food_desert": false, "store_count": 5, "type_diversity": 3, "barri_name": "Sants", "income_index": 22462.0, "c1_density": 0.4391891891891892, "c2_diversity": 1.0, "c3_pressure": 0.66132891001307859, "c4_deprivation": 0.33867108998692141, "food_access_score": 57.567567567567579 }, "geometry": { "type": "Polygon", "coordinates": [ [ [ 2.132429614018431, 41.373908913579918 ], [ 2.13275885679391, 41.372130837248889 ], [ 2.134929907697775, 41.371562442018771 ], [ 2.136771811344516, 41.372772131717575 ], [ 2.13644263862345, 41.374550242013385 ], [ 2.13427149219834, 41.37511862864617 ], [ 2.132429614018431, 41.373908913579918 ] ] ] } },
{ "type": "Feature", "properties": { "h3_index": "893944602c3ffff", "catchment_store_count": 11, "catchment_type_diversity": 4, "is_food_desert": false, "store_count": 0, "type_diversity": 0, "barri_name": "la Maternitat i Sant Ramon", "income_index": 25111.0, "c1_density": 0.037162162162162164, "c2_diversity": 0.66666666666666663, "c3_pressure": 0.57682860697310923, "c4_deprivation": 0.42317139302689083, "food_access_score": 34.81981981981982 }, "geometry": { "type": "Polygon", "coordinates": [ [ [ 2.111901426225955, 41.38435496831373 ], [ 2.112231080684328, 41.38257725996241 ], [ 2.114402142225233, 41.382009445024522 ], [ 2.116243644868358, 41.383219347071439 ], [ 2.115914060432081, 41.384997089403619 ], [ 2.113742903327708, 41.385564895708598 ], [ 2.111901426225955, 41.38435496831373 ] ] ] } },
{ "type": "Feature", "properties": { "h3_index": "89394462a3bffff", "catchment_store_count": 71, "catchment_type_diversity": 6, "is_food_desert": false, "store_count": 2, "type_diversity": 1, "barri_name": "Vilapicina i la Torre Llobeta", "income_index": 20176.0, "c1_density": 0.23986486486486486, "c2_diversity": 1.0, "c3_pressure": 0.73424989632843152, "c4_deprivation": 0.26575010367156848, "food_access_score": 49.594594594594597 }, "geometry": { "type": "Polygon", "coordinates": [ [ [ 2.1782467086778, 41.427899679754937 ], [ 2.178575332334288, 41.426121877713115 ], [ 2.180748340761411, 41.425553243724849 ], [ 2.182592821130277, 41.426762420287588 ], [ 2.182264267728327, 41.428540256198247 ], [ 2.180091163700091, 41.429108881677919 ], [ 2.1782467086778, 41.427899679754937 ] ] ] } },
{ "type": "Feature", "properties": { "h3_index": "89394461d4fffff", "catchment_store_count": 0, "catchment_type_diversity": 0, "is_food_desert": true, "store_count": 0, "type_diversity": 0, "barri_name": "la Marina del Prat Vermell", "income_index": 16015.0, "c1_density": 0.0, "c2_diversity": 0.0, "c3_pressure": 0.86698140291556347, "c4_deprivation": 0.1330185970844365, "food_access_score": 20.0 }, "geometry": { "type": "Polygon", "coordinates": [ [ [ 2.163483363466683, 41.362389843141173 ], [ 2.163812000026637, 41.360611271191594 ], [ 2.16598314386095, 41.360042056793283 ], [ 2.167825746599302, 41.361251422888095 ], [ 2.16749718014967, 41.36303002877473 ], [ 2.16532594084848, 41.363599234630065 ], [ 2.163483363466683, 41.362389843141173 ] ] ] } },
{ "type": "Feature", "properties": { "h3_index": "89394460377ffff", "catchment_store_count": 191, "catchment_type_diversity": 5, "is_food_desert": false, "store_count": 12, "type_diversity": 4, "barri_name": "la Nova Esquerra de l'Eixample", "income_index": 25694.0, "c1_density": 0.64527027027027029, "c2_diversity": 0.83333333333333337, "c3_pressure": 0.55823152253660402, "c4_deprivation": 0.44176847746339598, "food_access_score": 62.477477477477485 }, "geometry": { "type": "Polygon", "coordinates": [ [ [ 2.155524267919152, 41.383089758316899 ], [ 2.155853128762645, 41.381311564316732 ], [ 2.158024703815042, 41.380742802329671 ], [ 2.159867513541908, 41.381952242898159 ], [ 2.159538722823809, 41.383730470828759 ], [ 2.157367052250567, 41.384299224261007 ], [ 2.155524267919152, 41.383089758316899 ] ] ] } },
{ "type": "Feature", "properties": { "h3_index": "89394461e03ffff", "catchment_store_count": 1, "catchment_type_diversity": 1, "is_food_desert": false, "store_count": 0, "type_diversity": 0, "barri_name": "la Marina del Prat Vermell", "income_index": 16015.0, "c1_density": 0.0033783783783783786, "c2_diversity": 0.16666666666666666, "c3_pressure": 0.86698140291556347, "c4_deprivation": 0.1330185970844365, "food_access_score": 23.468468468468469 }, "geometry": { "type": "Polygon", "coordinates": [ [ [ 2.129343567057528, 41.345952763647446 ], [ 2.129672756971428, 41.344174325568162 ], [ 2.131843052949771, 41.343605614113407 ], [ 2.13368425447237, 41.344815349344685 ], [ 2.133355134559216, 41.346593821414046 ], [ 2.13118474311985, 41.347162524262629 ], [ 2.129343567057528, 41.345952763647446 ] ] ] } },
{ "type": "Feature", "properties": { "h3_index": "8939446ad8fffff", "catchment_store_count": 3, "catchment_type_diversity": 2, "is_food_desert": false, "store_count": 0, "type_diversity": 0, "barri_name": "la Marina del Prat Vermell", "income_index": 16015.0, "c1_density": 0.010135135135135136, "c2_diversity": 0.33333333333333331, "c3_pressure": 0.86698140291556347, "c4_deprivation": 0.1330185970844365, "food_access_score": 27.072072072072075 }, "geometry": { "type": "Polygon", "coordinates": [ [ [ 2.117775129589848, 41.330370030642513 ], [ 2.118104467958224, 41.328591496994662 ], [ 2.120274220054125, 41.328022819129181 ], [ 2.122114729215233, 41.329232683540852 ], [ 2.121785460793936, 41.331011251204522 ], [ 2.119615613261612, 41.331579920441257 ], [ 2.117775129589848, 41.330370030642513 ] ] ] } },
{ "type": "Feature", "properties": { "h3_index": "8939446042bffff", "catchment_store_count": 0, "catchment_type_diversity": 0, "is_food_desert": true, "store_count": 0, "type_diversity": 0, "barri_name": "Sant Gervasi - la Bonanova", "income_index": 36213.5, "c1_density": 0.0, "c2_diversity": 0.0, "c3_pressure": 0.22267057960381509, "c4_deprivation": 0.77732942039618491, "food_access_score": 20.0 }, "geometry": { "type": "Polygon", "coordinates": [ [ [ 2.124523926488653, 41.416574137392374 ], [ 2.124853478205011, 41.414796749979139 ], [ 2.127025524476927, 41.414229106643702 ], [ 2.128868114654407, 41.415438859328432 ], [ 2.128538633043993, 41.417216280682595 ], [ 2.126366491147309, 41.417783915411704 ], [ 2.124523926488653, 41.416574137392374 ] ] ] } },
{ "type": "Feature", "properties": { "h3_index": "89394461eb7ffff", "catchment_store_count": 36, "catchment_type_diversity": 6, "is_food_desert": false, "store_count": 0, "type_diversity": 0, "barri_name": "la Marina del Prat Vermell", "income_index": 16015.0, "c1_density": 0.12162162162162163, "c2_diversity": 1.0, "c3_pressure": 0.86698140291556347, "c4_deprivation": 0.1330185970844365, "food_access_score": 44.86486486486487 }, "geometry": { "type": "Polygon", "coordinates": [ [ [ 2.137892140863667, 41.35555818348405 ], [ 2.138221213595574, 41.353779789289746 ], [ 2.140391862595815, 41.3532110269119 ], [ 2.142233534336164, 41.354420667318607 ], [ 2.141904531641516, 41.356199095485472 ], [ 2.13973378716641, 41.356767849273616 ], [ 2.137892140863667, 41.35555818348405 ] ] ] } },
{ "type": "Feature", "properties": { "h3_index": "89394460593ffff", "catchment_store_count": 2, "catchment_type_diversity": 2, "is_food_desert": false, "store_count": 0, "type_diversity": 0, "barri_name": "Montbau", "income_index": 20566.5, "c1_density": 0.0067567567567567571, "c2_diversity": 0.33333333333333331, "c3_pressure": 0.72179335863982907, "c4_deprivation": 0.27820664136017098, "food_access_score": 26.936936936936938 }, "geometry": { "type": "Polygon", "coordinates": [ [ [ 2.137619954024527, 41.435138406752749 ], [ 2.137949341136726, 41.433361142418057 ], [ 2.140122027987192, 41.432793473821242 ], [ 2.14196542337737, 41.434003078140279 ], [ 2.141636106433579, 41.43578037638607 ], [ 2.139463323928323, 41.436348036402293 ], [ 2.137619954024527, 41.435138406752749 ] ] ] } },
{ "type": "Feature", "properties": { "h3_index": "89394460647ffff", "catchment_store_count": 0, "catchment_type_diversity": 0, "is_food_desert": true, "store_count": 0, "type_diversity": 0, "barri_name": "Pedralbes", "income_index": 42688.0, "c1_density": 0.0, "c2_diversity": 0.0, "c3_pressure": 0.016140865737344079, "c4_deprivation": 0.98385913426265592, "food_access_score": 20.0 }, "geometry": { "type": "Polygon", "coordinates": [ [ [ 2.101897731216519, 41.393735607418122 ], [ 2.102227602999048, 41.391958139208718 ], [ 2.104398779609963, 41.391390665769137 ], [ 2.106240180029189, 41.392600669189264 ], [ 2.105910378260064, 41.394378171383977 ], [ 2.103739106055437, 41.394945636173823 ], [ 2.101897731216519, 41.393735607418122 ] ] ] } },
{ "type": "Feature", "properties": { "h3_index": "89394462e73ffff", "catchment_store_count": 13, "catchment_type_diversity": 4, "is_food_desert": false, "store_count": 0, "type_diversity": 0, "barri_name": "Horta", "income_index": 21854.0, "c1_density": 0.043918918918918921, "c2_diversity": 0.66666666666666663, "c3_pressure": 0.68072346805320749, "c4_deprivation": 0.31927653194679256, "food_access_score": 35.090090090090101 }, "geometry": { "type": "Polygon", "coordinates": [ [ [ 2.155200612344437, 41.440692397728824 ], [ 2.155529702919259, 41.438915024000082 ], [ 2.157702752239282, 41.438347056459634 ], [ 2.159546806632837, 41.439556471196838 ], [ 2.159217786278133, 41.441333878811648 ], [ 2.157044641306872, 41.441901837803755 ], [ 2.155200612344437, 41.440692397728824 ] ] ] } },
{ "type": "Feature", "properties": { "h3_index": "89394463143ffff", "catchment_store_count": 0, "catchment_type_diversity": 0, "is_food_desert": true, "store_count": 0, "type_diversity": 0, "barri_name": "Vallvidrera, el Tibidabo i les Planes", "income_index": 32833.0, "c1_density": 0.0, "c2_diversity": 0.0, "c3_pressure": 0.33050496028581455, "c4_deprivation": 0.66949503971418545, "food_access_score": 20.0 }, "geometry": { "type": "Polygon", "coordinates": [ [ [ 2.080375601441928, 41.409502667811175 ], [ 2.08070592361272, 41.407725654092722 ], [ 2.082877234351786, 41.407158855119768 ], [ 2.084718318566, 41.408369078552248 ], [ 2.084388066382643, 41.410146126269034 ], [ 2.082216659994772, 41.410712916555575 ], [ 2.080375601441928, 41.409502667811175 ] ] ] } },
{ "type": "Feature", "properties": { "h3_index": "893944618d3ffff", "catchment_store_count": 17, "catchment_type_diversity": 6, "is_food_desert": false, "store_count": 0, "type_diversity": 0, "barri_name": "la Marina del Prat Vermell", "income_index": 16015.0, "c1_density": 0.057432432432432436, "c2_diversity": 1.0, "c3_pressure": 0.86698140291556347, "c4_deprivation": 0.1330185970844365, "food_access_score": 42.297297297297298 }, "geometry": { "type": "Polygon", "coordinates": [ [ [ 2.144404249941832, 41.353851828200135 ], [ 2.144733198336983, 41.35207334009003 ], [ 2.146903885065647, 41.351504415644548 ], [ 2.148745718861389, 41.352713987887952 ], [ 2.148416840516425, 41.354492509964281 ], [ 2.146246058322649, 41.355061425831543 ], [ 2.144404249941832, 41.353851828200135 ] ] ] } },
{ "type": "Feature", "properties": { "h3_index": "89394460c9bffff", "catchment_store_count": 111, "catchment_type_diversity": 6, "is_food_desert": false, "store_count": 3, "type_diversity": 2, "barri_name": "Navas", "income_index": 21622.0, "c1_density": 0.375, "c2_diversity": 1.0, "c3_pressure": 0.68812402309483556, "c4_deprivation": 0.31187597690516444, "food_access_score": 55.000000000000007 }, "geometry": { "type": "Polygon", "coordinates": [ [ [ 2.181734009968546, 41.420219571139235 ], [ 2.182062540671243, 41.418441622780719 ], [ 2.184235395392011, 41.417872809436609 ], [ 2.186079814987802, 41.41908195295489 ], [ 2.185751354535336, 41.42085993518409 ], [ 2.183578404233992, 41.421428740024929 ], [ 2.181734009968546, 41.420219571139235 ] ] ] } },
{ "type": "Feature", "properties": { "h3_index": "89394460d4fffff", "catchment_store_count": 16, "catchment_type_diversity": 4, "is_food_desert": false, "store_count": 0, "type_diversity": 0, "barri_name": "Diagonal Mar i el Front Marítim del Poblenou", "income_index": 25619.0, "c1_density": 0.054054054054054057, "c2_diversity": 0.66666666666666663, "c3_pressure": 0.56062394334747512, "c4_deprivation": 0.43937605665252483, "food_access_score": 35.495495495495497 }, "geometry": { "type": "Polygon", "coordinates": [ [ [ 2.212811576375308, 41.408694896298385 ], [ 2.21313949962533, 41.406916452305921 ], [ 2.215312445390322, 41.406346818765158 ], [ 2.217157563428272, 41.407555637666384 ], [ 2.216829710484297, 41.409334115501728 ], [ 2.214656669193479, 41.409903740593563 ], [ 2.212811576375308, 41.408694896298385 ] ] ] } },
{ "type": "Feature", "properties": { "h3_index": "89394460063ffff", "catchment_store_count": 53, "catchment_type_diversity": 5, "is_food_desert": false, "store_count": 0, "type_diversity": 0, "barri_name": "Sant Gervasi - Galvany", "income_index": 35750.0, "c1_density": 0.17905405405405406, "c2_diversity": 0.83333333333333337, "c3_pressure": 0.23745574021499893, "c4_deprivation": 0.76254425978500107, "food_access_score": 43.828828828828833 }, "geometry": { "type": "Polygon", "coordinates": [ [ [ 2.136505631464239, 41.396526944583059 ], [ 2.136834888486249, 41.394749144601292 ], [ 2.139006570374979, 41.394180971673144 ], [ 2.140849090807379, 41.395390607314674 ], [ 2.140519903887062, 41.397168441238826 ], [ 2.138348126429792, 41.397736605579674 ], [ 2.136505631464239, 41.396526944583059 ] ] ] } },
{ "type": "Feature", "properties": { "h3_index": "89394461857ffff", "catchment_store_count": 0, "catchment_type_diversity": 0, "is_food_desert": true, "store_count": 0, "type_diversity": 0, "barri_name": "la Marina del Prat Vermell", "income_index": 16015.0, "c1_density": 0.0, "c2_diversity": 0.0, "c3_pressure": 0.86698140291556347, "c4_deprivation": 0.1330185970844365, "food_access_score": 20.0 }, "geometry": { "type": "Polygon", "coordinates": [ [ [ 2.151902905762349, 41.346809154761239 ], [ 2.152231691272086, 41.345030486859628 ], [ 2.15440229132453, 41.34446130645285 ], [ 2.156244201306728, 41.345670802513808 ], [ 2.155915485853611, 41.34744950437824 ], [ 2.153744790358794, 41.348018676219432 ], [ 2.151902905762349, 41.346809154761239 ] ] ] } },
{ "type": "Feature", "properties": { "h3_index": "89394460e03ffff", "catchment_store_count": 131, "catchment_type_diversity": 5, "is_food_desert": false, "store_count": 5, "type_diversity": 3, "barri_name": "la Dreta de l'Eixample", "income_index": 29588.0, "c1_density": 0.44256756756756754, "c2_diversity": 0.83333333333333337, "c3_pressure": 0.43401703403617342, "c4_deprivation": 0.56598296596382658, "food_access_score": 54.36936936936938 }, "geometry": { "type": "Polygon", "coordinates": [ [ [ 2.178628649082484, 41.392267257643404 ], [ 2.178957127536072, 41.390488946224316 ], [ 2.181129226279758, 41.38991981711758 ], [ 2.182972942087342, 41.391129007942759 ], [ 2.182644533830103, 41.392907353257876 ], [ 2.180472339566088, 41.393476473852367 ], [ 2.178628649082484, 41.392267257643404 ] ] ] } },
{ "type": "Feature", "properties": { "h3_index": "89394460117ffff", "catchment_store_count": 156, "catchment_type_diversity": 5, "is_food_desert": false, "store_count": 8, "type_diversity": 3, "barri_name": "el Camp d'en Grassot i Gràcia Nova", "income_index": 25106.0, "c1_density": 0.52702702702702697, "c2_diversity": 0.83333333333333337, "c3_pressure": 0.57698810169383385, "c4_deprivation": 0.42301189830616609, "food_access_score": 57.747747747747745 }, "geometry": { "type": "Polygon", "coordinates": [ [ [ 2.162636943847982, 41.411682529010072 ], [ 2.162965787064348, 41.409904663876631 ], [ 2.165138184422517, 41.40933614104874 ], [ 2.166981834140338, 41.410545491893451 ], [ 2.166653061113928, 41.412323390926737 ], [ 2.164480568176891, 41.41289190521605 ], [ 2.162636943847982, 41.411682529010072 ] ] ] } },
{ "type": "Feature", "properties": { "h3_index": "8939446288fffff", "catchment_store_count": 4, "catchment_type_diversity": 2, "is_food_desert": false, "store_count": 0, "type_diversity": 0, "barri_name": "les Roquetes", "income_index": 13630.5, "c1_density": 0.013513513513513514, "c2_diversity": 0.33333333333333331, "c3_pressure": 0.9430444352291939, "c4_deprivation": 0.056955564770806086, "food_access_score": 27.207207207207208 }, "geometry": { "type": "Polygon", "coordinates": [ [ [ 2.181353240721116, 41.455845306327255 ], [ 2.181681916675912, 41.454067868271665 ], [ 2.183855681715144, 41.453499550170271 ], [ 2.185700866458126, 41.454708678624613 ], [ 2.185372260811815, 41.456486150523681 ], [ 2.183198400111149, 41.457054460125526 ], [ 2.181353240721116, 41.455845306327255 ] ] ] } },
{ "type": "Feature", "properties": { "h3_index": "89394460eb7ffff", "catchment_store_count": 66, "catchment_type_diversity": 5, "is_food_desert": false, "store_count": 2, "type_diversity": 1, "barri_name": "el Parc i la Llacuna del Poblenou", "income_index": 24245.0, "c1_density": 0.22297297297297297, "c2_diversity": 0.83333333333333337, "c3_pressure": 0.6044530926026348, "c4_deprivation": 0.39554690739736514, "food_access_score": 45.585585585585591 }, "geometry": { "type": "Polygon", "coordinates": [ [ [ 2.187191219752115, 41.401869699369108 ], [ 2.187519580468283, 41.400091432407578 ], [ 2.189692032258939, 41.399522251936673 ], [ 2.191536218864691, 41.400731346923628 ], [ 2.191207928381462, 41.402509647763623 ], [ 2.189035381056676, 41.403078819738802 ], [ 2.187191219752115, 41.401869699369108 ] ] ] } },
{ "type": "Feature", "properties": { "h3_index": "893944601cbffff", "catchment_store_count": 159, "catchment_type_diversity": 6, "is_food_desert": false, "store_count": 9, "type_diversity": 3, "barri_name": "la Vila de Gràcia", "income_index": 24564.0, "c1_density": 0.53716216216216217, "c2_diversity": 1.0, "c3_pressure": 0.59427732942039624, "c4_deprivation": 0.40572267057960382, "food_access_score": 61.486486486486491 }, "geometry": { "type": "Polygon", "coordinates": [ [ [ 2.149075763589435, 41.406771938326436 ], [ 2.149404833089024, 41.404994148795197 ], [ 2.151576935021307, 41.404425847966699 ], [ 2.153420063031322, 41.405635345233527 ], [ 2.153091063680794, 41.407413168684407 ], [ 2.150918866168307, 41.407981460949387 ], [ 2.149075763589435, 41.406771938326436 ] ] ] } },
{ "type": "Feature", "properties": { "h3_index": "89394461c57ffff", "catchment_store_count": 68, "catchment_type_diversity": 5, "is_food_desert": false, "store_count": 10, "type_diversity": 3, "barri_name": "la Marina de Port", "income_index": 18227.0, "c1_density": 0.22972972972972974, "c2_diversity": 0.83333333333333337, "c3_pressure": 0.79642093846693673, "c4_deprivation": 0.20357906153306327, "food_access_score": 45.855855855855857 }, "geometry": { "type": "Polygon", "coordinates": [ [ [ 2.134404877735307, 41.363240025623185 ], [ 2.1347340433415, 41.361461777324294 ], [ 2.136904845532884, 41.360893194206646 ], [ 2.138746577610604, 41.362102867983538 ], [ 2.138417482045943, 41.363881150253142 ], [ 2.136246584359197, 41.364449724775746 ], [ 2.134404877735307, 41.363240025623185 ] ] ] } },
{ "type": "Feature", "properties": { "h3_index": "89394461d0bffff", "catchment_store_count": 35, "catchment_type_diversity": 6, "is_food_desert": false, "store_count": 0, "type_diversity": 0, "barri_name": "el Poble-sec", "income_index": 18196.5, "c1_density": 0.11824324324324324, "c2_diversity": 1.0, "c3_pressure": 0.79739385626335768, "c4_deprivation": 0.20260614373664232, "food_access_score": 44.729729729729726 }, "geometry": { "type": "Polygon", "coordinates": [ [ [ 2.166511403755804, 41.368365674503629 ], [ 2.166840008728654, 41.366587154585417 ], [ 2.169011343502078, 41.366017957269996 ], [ 2.170854168777347, 41.367227288410199 ], [ 2.170525633932031, 41.369005842257273 ], [ 2.16835420368104, 41.369575031035858 ], [ 2.166511403755804, 41.368365674503629 ] ] ] } },
{ "type": "Feature", "properties": { "h3_index": "89394460333ffff", "catchment_store_count": 164, "catchment_type_diversity": 5, "is_food_desert": false, "store_count": 8, "type_diversity": 4, "barri_name": "l'Antiga Esquerra de l'Eixample", "income_index": 28407.0, "c1_density": 0.55405405405405406, "c2_diversity": 0.83333333333333337, "c3_pressure": 0.47168968707135794, "c4_deprivation": 0.52831031292864206, "food_access_score": 58.828828828828826 }, "geometry": { "type": "Polygon", "coordinates": [ [ [ 2.158552273558966, 41.389064982485955 ], [ 2.158881102833066, 41.387286840625556 ], [ 2.161052868932493, 41.386718095745017 ], [ 2.162895901286508, 41.387927501274113 ], [ 2.162567142155022, 41.389705677056725 ], [ 2.160395280524041, 41.39027441338861 ], [ 2.158552273558966, 41.389064982485955 ] ] ] } },
{ "type": "Feature", "properties": { "h3_index": "89394462aabffff", "catchment_store_count": 54, "catchment_type_diversity": 6, "is_food_desert": false, "store_count": 3, "type_diversity": 3, "barri_name": "Porta", "income_index": 18299.5, "c1_density": 0.18243243243243243, "c2_diversity": 1.0, "c3_pressure": 0.79410826501642795, "c4_deprivation": 0.20589173498357205, "food_access_score": 47.297297297297298 }, "geometry": { "type": "Polygon", "coordinates": [ [ [ 2.177260760582955, 41.433232913315059 ], [ 2.17758942280286, 41.431455197558826 ], [ 2.179762555890262, 41.430886657514549 ], [ 2.181607122368986, 41.43209584173681 ], [ 2.181278530410106, 41.433873591358918 ], [ 2.179105301708612, 41.434442122893472 ], [ 2.177260760582955, 41.433232913315059 ] ] ] } },
{ "type": "Feature", "properties": { "h3_index": "89394461e73ffff", "catchment_store_count": 1, "catchment_type_diversity": 1, "is_food_desert": false, "store_count": 0, "type_diversity": 0, "barri_name": "la Marina del Prat Vermell", "income_index": 16015.0, "c1_density": 0.0033783783783783786, "c2_diversity": 0.16666666666666666, "c3_pressure": 0.86698140291556347, "c4_deprivation": 0.1330185970844365, "food_access_score": 23.468468468468469 }, "geometry": { "type": "Polygon", "coordinates": [ [ [ 2.130331098229907, 41.3406173635437 ], [ 2.130660249575934, 41.338838839604335 ], [ 2.132830421282096, 41.338270034231982 ], [ 2.134671537087462, 41.339479761404611 ], [ 2.134342455735756, 41.341258319337044 ], [ 2.132172188581488, 41.341827116104362 ], [ 2.130331098229907, 41.3406173635437 ] ] ] } },
{ "type": "Feature", "properties": { "h3_index": "8939446049bffff", "catchment_store_count": 0, "catchment_type_diversity": 0, "is_food_desert": true, "store_count": 0, "type_diversity": 0, "barri_name": "Vallvidrera, el Tibidabo i les Planes", "income_index": 32833.0, "c1_density": 0.0, "c2_diversity": 0.0, "c3_pressure": 0.33050496028581455, "c4_deprivation": 0.66949503971418545, "food_access_score": 20.0 }, "geometry": { "type": "Polygon", "coordinates": [ [ [ 2.108000169141572, 41.427654291751438 ], [ 2.108330062830905, 41.425877238776181 ], [ 2.110502186406432, 41.425310099344777 ], [ 2.112344511954571, 41.426520021523814 ], [ 2.112014688349577, 41.428297108450813 ], [ 2.109842469109209, 41.428864239247595 ], [ 2.108000169141572, 41.427654291751438 ] ] ] } },
{ "type": "Feature", "properties": { "h3_index": "8939446054fffff", "catchment_store_count": 47, "catchment_type_diversity": 5, "is_food_desert": false, "store_count": 1, "type_diversity": 1, "barri_name": "Vallcarca i els Penitents", "income_index": 27507.0, "c1_density": 0.15878378378378377, "c2_diversity": 0.83333333333333337, "c3_pressure": 0.50039873680181191, "c4_deprivation": 0.49960126319818815, "food_access_score": 43.018018018018026 }, "geometry": { "type": "Polygon", "coordinates": [ [ [ 2.139070244924103, 41.416154845160314 ], [ 2.139399531912568, 41.414377295865066 ], [ 2.141571749520367, 41.413809336661842 ], [ 2.143414775747367, 41.415018935334764 ], [ 2.143085558899305, 41.416796518554143 ], [ 2.140913245680971, 41.417364469177073 ], [ 2.139070244924103, 41.416154845160314 ] ] ] } },
{ "type": "Feature", "properties": { "h3_index": "89394460603ffff", "catchment_store_count": 0, "catchment_type_diversity": 0, "is_food_desert": true, "store_count": 0, "type_diversity": 0, "barri_name": "Pedralbes", "income_index": 42688.0, "c1_density": 0.0, "c2_diversity": 0.0, "c3_pressure": 0.016140865737344079, "c4_deprivation": 0.98385913426265592, "food_access_score": 20.0 }, "geometry": { "type": "Polygon", "coordinates": [ [ [ 2.104920895635052, 41.399710505724954 ], [ 2.105250736063743, 41.397933089654714 ], [ 2.107422103867491, 41.397365633511512 ], [ 2.109263726844161, 41.398575602082673 ], [ 2.108933956446093, 41.400353052130022 ], [ 2.106762493037848, 41.400920499629649 ], [ 2.104920895635052, 41.399710505724954 ] ] ] } },
{ "type": "Feature", "properties": { "h3_index": "893944606b7ffff", "catchment_store_count": 0, "catchment_type_diversity": 0, "is_food_desert": true, "store_count": 0, "type_diversity": 0, "barri_name": "Sarrià", "income_index": 33795.0, "c1_density": 0.0, "c2_diversity": 0.0, "c3_pressure": 0.29981817601837379, "c4_deprivation": 0.70018182398162621, "food_access_score": 20.0 }, "geometry": { "type": "Polygon", "coordinates": [ [ [ 2.113470276147871, 41.40931504671407 ], [ 2.113799999457461, 41.407537674957744 ], [ 2.115971720909857, 41.406970167965689 ], [ 2.117813814668217, 41.40818004135761 ], [ 2.117484161425852, 41.409957447073516 ], [ 2.115312344355028, 41.41052494543851 ], [ 2.113470276147871, 41.40931504671407 ] ] ] } },
{ "type": "Feature", "properties": { "h3_index": "89394462e2fffff", "catchment_store_count": 25, "catchment_type_diversity": 3, "is_food_desert": false, "store_count": 1, "type_diversity": 1, "barri_name": "la Guineueta", "income_index": 19848.0, "c1_density": 0.084459459459459457, "c2_diversity": 0.5, "c3_pressure": 0.74471275000797466, "c4_deprivation": 0.25528724999202529, "food_access_score": 33.378378378378379 }, "geometry": { "type": "Polygon", "coordinates": [ [ [ 2.167252744768729, 41.442616481166773 ], [ 2.167581624650871, 41.44083900579551 ], [ 2.169754873899321, 41.440270807525643 ], [ 2.171599338907259, 41.441480093154112 ], [ 2.171270529277572, 41.443257602395768 ], [ 2.169097184384595, 41.44382579213913 ], [ 2.167252744768729, 41.442616481166773 ] ] ] } },
{ "type": "Feature", "properties": { "h3_index": "893944608d3ffff", "catchment_store_count": 79, "catchment_type_diversity": 5, "is_food_desert": false, "store_count": 4, "type_diversity": 2, "barri_name": "el Parc i la Llacuna del Poblenou", "income_index": 24245.0, "c1_density": 0.26689189189189189, "c2_diversity": 0.83333333333333337, "c3_pressure": 0.6044530926026348, "c4_deprivation": 0.39554690739736514, "food_access_score": 47.342342342342349 }, "geometry": { "type": "Polygon", "coordinates": [ [ [ 2.193708737107882, 41.400162089552893 ], [ 2.194036973215938, 41.398383728704253 ], [ 2.196209462369995, 41.397814385941246 ], [ 2.198053810937342, 41.399023412511667 ], [ 2.197725645075119, 41.400801807232391 ], [ 2.195553060396836, 41.401371141511177 ], [ 2.193708737107882, 41.400162089552893 ] ] ] } },
{ "type": "Feature", "properties": { "h3_index": "893944631b3ffff", "catchment_store_count": 1, "catchment_type_diversity": 1, "is_food_desert": false, "store_count": 0, "type_diversity": 0, "barri_name": "Vallvidrera, el Tibidabo i les Planes", "income_index": 32833.0, "c1_density": 0.0033783783783783786, "c2_diversity": 0.16666666666666666, "c3_pressure": 0.33050496028581455, "c4_deprivation": 0.66949503971418545, "food_access_score": 23.468468468468469 }, "geometry": { "type": "Polygon", "coordinates": [ [ [ 2.091944130830536, 41.425081828847375 ], [ 2.092274304749472, 41.423304911731307 ], [ 2.09444616072889, 41.422738079404134 ], [ 2.096287938460085, 41.423948172857344 ], [ 2.095957834582395, 41.42572512394603 ], [ 2.093785882929376, 41.426291947609457 ], [ 2.091944130830536, 41.425081828847375 ] ] ] } },
{ "type": "Feature", "properties": { "h3_index": "8939446188fffff", "catchment_store_count": 0, "catchment_type_diversity": 0, "is_food_desert": true, "store_count": 0, "type_diversity": 0, "barri_name": "la Marina del Prat Vermell", "income_index": 16015.0, "c1_density": 0.0, "c2_diversity": 0.0, "c3_pressure": 0.86698140291556347, "c4_deprivation": 0.1330185970844365, "food_access_score": 20.0 }, "geometry": { "type": "Polygon", "coordinates": [ [ [ 2.156442631255672, 41.355773514833736 ], [ 2.156771369468077, 41.353994924840705 ], [ 2.158942255863698, 41.35342577012149 ], [ 2.160784499502453, 41.354635213952278 ], [ 2.160455831372441, 41.356413837895836 ], [ 2.1582848495184, 41.356982984058654 ], [ 2.156442631255672, 41.355773514833736 ] ] ] } },
{ "type": "Feature", "properties": { "h3_index": "89394460c57ffff", "catchment_store_count": 147, "catchment_type_diversity": 5, "is_food_desert": false, "store_count": 13, "type_diversity": 4, "barri_name": "el Clot", "income_index": 21704.0, "c1_density": 0.4966216216216216, "c2_diversity": 0.83333333333333337, "c3_pressure": 0.68550830967494969, "c4_deprivation": 0.31449169032505025, "food_access_score": 56.531531531531542 }, "geometry": { "type": "Polygon", "coordinates": [ [ [ 2.183705001469866, 41.409551449893776 ], [ 2.184033455091782, 41.407773329117859 ], [ 2.186206060557105, 41.407204327943724 ], [ 2.188050307952331, 41.408413456047143 ], [ 2.187721924567711, 41.410191610699691 ], [ 2.185549223547715, 41.410760603372779 ], [ 2.183705001469866, 41.409551449893776 ] ] ] } },
{ "type": "Feature", "properties": { "h3_index": "89394460d0bffff", "catchment_store_count": 8, "catchment_type_diversity": 3, "is_food_desert": false, "store_count": 5, "type_diversity": 3, "barri_name": "el Besòs i el Maresme", "income_index": 13735.0, "c1_density": 0.027027027027027029, "c2_diversity": 0.5, "c3_pressure": 0.93971099556604676, "c4_deprivation": 0.060289004433953235, "food_access_score": 31.081081081081084 }, "geometry": { "type": "Polygon", "coordinates": [ [ [ 2.215846074696568, 41.414669376627096 ], [ 2.216173966119186, 41.41289098498499 ], [ 2.218347102941161, 41.412321368339029 ], [ 2.220192443874151, 41.413530151778495 ], [ 2.219864622774834, 41.415308577255274 ], [ 2.217691390416354, 41.415878185458475 ], [ 2.215846074696568, 41.414669376627096 ] ] ] } },
{ "type": "Feature", "properties": { "h3_index": "89394461aabffff", "catchment_store_count": 0, "catchment_type_diversity": 0, "is_food_desert": true, "store_count": 0, "type_diversity": 0, "barri_name": "la Marina del Prat Vermell", "income_index": 16015.0, "c1_density": 0.0, "c2_diversity": 0.0, "c3_pressure": 0.86698140291556347, "c4_deprivation": 0.1330185970844365, "food_access_score": 20.0 }, "geometry": { "type": "Polygon", "coordinates": [ [ [ 2.152362532838451, 41.333148355671675 ], [ 2.152691257053776, 41.33136949014807 ], [ 2.154861513034717, 41.330800113427038 ], [ 2.156703140208684, 41.33200961079654 ], [ 2.156374486028515, 41.333788510293019 ], [ 2.154204134636379, 41.334357878447676 ], [ 2.152362532838451, 41.333148355671675 ] ] ] } },
{ "type": "Feature", "properties": { "h3_index": "893944600d3ffff", "catchment_store_count": 6, "catchment_type_diversity": 4, "is_food_desert": false, "store_count": 0, "type_diversity": 0, "barri_name": "Sarrià", "income_index": 33795.0, "c1_density": 0.020270270270270271, "c2_diversity": 0.66666666666666663, "c3_pressure": 0.29981817601837379, "c4_deprivation": 0.70018182398162621, "food_access_score": 34.144144144144143 }, "geometry": { "type": "Polygon", "coordinates": [ [ [ 2.119985602922335, 41.407612457586985 ], [ 2.120315201804366, 41.40583499180218 ], [ 2.122486961234224, 41.4052673226292 ], [ 2.124329217387835, 41.406477127857222 ], [ 2.123999688585944, 41.408254627595269 ], [ 2.121827833547433, 41.408822288152649 ], [ 2.119985602922335, 41.407612457586985 ] ] ] } },
{ "type": "Feature", "properties": { "h3_index": "8939446284bffff", "catchment_store_count": 39, "catchment_type_diversity": 3, "is_food_desert": false, "store_count": 1, "type_diversity": 1, "barri_name": "Porta", "income_index": 18299.5, "c1_density": 0.13175675675675674, "c2_diversity": 0.5, "c3_pressure": 0.79410826501642795, "c4_deprivation": 0.20589173498357205, "food_access_score": 35.270270270270274 }, "geometry": { "type": "Polygon", "coordinates": [ [ [ 2.173772654763684, 41.440911817958039 ], [ 2.174101409972375, 41.439134248611765 ], [ 2.176274696784725, 41.438565887966227 ], [ 2.178119324020162, 41.439775105182576 ], [ 2.177790639076822, 41.441552708392855 ], [ 2.175617256629808, 41.442121060523384 ], [ 2.173772654763684, 41.440911817958039 ] ] ] } },
{ "type": "Feature", "properties": { "h3_index": "89394460e73ffff", "catchment_store_count": 123, "catchment_type_diversity": 5, "is_food_desert": false, "store_count": 14, "type_diversity": 5, "barri_name": "Sant Pere, Santa Caterina i la Ribera", "income_index": 18968.0, "c1_density": 0.41554054054054052, "c2_diversity": 0.83333333333333337, "c3_pressure": 0.77278382085552966, "c4_deprivation": 0.22721617914447031, "food_access_score": 53.2882882882883 }, "geometry": { "type": "Polygon", "coordinates": [ [ [ 2.179614045918086, 41.386932237295255 ], [ 2.179942485847972, 41.385153839791109 ], [ 2.182114460048219, 41.384584616795394 ], [ 2.183958089823097, 41.385793799815538 ], [ 2.183629720083104, 41.387572231218677 ], [ 2.181457650375456, 41.388141445703276 ], [ 2.179614045918086, 41.386932237295255 ] ] ] } },
{ "type": "Feature", "properties": { "h3_index": "89394460187ffff", "catchment_store_count": 60, "catchment_type_diversity": 5, "is_food_desert": false, "store_count": 2, "type_diversity": 1, "barri_name": "Can Baró", "income_index": 20590.0, "c1_density": 0.20270270270270271, "c2_diversity": 0.83333333333333337, "c3_pressure": 0.72104373345242267, "c4_deprivation": 0.27895626654757727, "food_access_score": 44.774774774774777 }, "geometry": { "type": "Polygon", "coordinates": [ [ [ 2.161650337048335, 41.417015952002465 ], [ 2.161979218840718, 41.415238173075913 ], [ 2.164151740768599, 41.414669744199166 ], [ 2.165995476493033, 41.415879102789262 ], [ 2.16566666489707, 41.417656915612703 ], [ 2.163494047377388, 41.418225335949749 ], [ 2.161650337048335, 41.417015952002465 ] ] ] } },
{ "type": "Feature", "properties": { "h3_index": "89394461c13ffff", "catchment_store_count": 83, "catchment_type_diversity": 5, "is_food_desert": false, "store_count": 5, "type_diversity": 2, "barri_name": "la Marina de Port", "income_index": 18227.0, "c1_density": 0.28040540540540543, "c2_diversity": 0.83333333333333337, "c3_pressure": 0.79642093846693673, "c4_deprivation": 0.20357906153306327, "food_access_score": 47.882882882882889 }, "geometry": { "type": "Polygon", "coordinates": [ [ [ 2.137430118203658, 41.369215825120179 ], [ 2.137759252343221, 41.367437628824391 ], [ 2.139930245530718, 41.36686906289377 ], [ 2.141772200081883, 41.368078701848468 ], [ 2.141443136001068, 41.369856932106792 ], [ 2.139272047307478, 41.370425489448472 ], [ 2.137430118203658, 41.369215825120179 ] ] ] } },
{ "type": "Feature", "properties": { "h3_index": "8939446023bffff", "catchment_store_count": 161, "catchment_type_diversity": 6, "is_food_desert": false, "store_count": 8, "type_diversity": 4, "barri_name": "Sants", "income_index": 22462.0, "c1_density": 0.54391891891891897, "c2_diversity": 1.0, "c3_pressure": 0.66132891001307859, "c4_deprivation": 0.33867108998692141, "food_access_score": 61.756756756756772 }, "geometry": { "type": "Polygon", "coordinates": [ [ [ 2.128941268680212, 41.381589116747456 ], [ 2.129270604377969, 41.379811186443149 ], [ 2.131441808504362, 41.379242970532403 ], [ 2.133283772471861, 41.380452693529172 ], [ 2.132954506832812, 41.382230657796399 ], [ 2.130783207164671, 41.382798865104483 ], [ 2.128941268680212, 41.381589116747456 ] ] ] } },
{ "type": "Feature", "properties": { "h3_index": "89394461cc7ffff", "catchment_store_count": 74, "catchment_type_diversity": 5, "is_food_desert": false, "store_count": 3, "type_diversity": 1, "barri_name": "la Bordeta", "income_index": 21116.0, "c1_density": 0.25, "c2_diversity": 0.83333333333333337, "c3_pressure": 0.70426488883217964, "c4_deprivation": 0.29573511116782036, "food_access_score": 46.666666666666664 }, "geometry": { "type": "Polygon", "coordinates": [ [ [ 2.133417303755476, 41.368574598583997 ], [ 2.133746507943022, 41.366796436255939 ], [ 2.135917434484193, 41.366227947077753 ], [ 2.137759252343221, 41.367437628824391 ], [ 2.137430118203658, 41.369215825120179 ], [ 2.135259096154196, 41.369784305702176 ], [ 2.133417303755476, 41.368574598583997 ] ] ] } },
{ "type": "Feature", "properties": { "h3_index": "89394462a67ffff", "catchment_store_count": 102, "catchment_type_diversity": 6, "is_food_desert": false, "store_count": 15, "type_diversity": 5, "barri_name": "el Guinardó", "income_index": 21610.0, "c1_density": 0.34459459459459457, "c2_diversity": 1.0, "c3_pressure": 0.68850681042457496, "c4_deprivation": 0.31149318957542504, "food_access_score": 53.78378378378379 }, "geometry": { "type": "Polygon", "coordinates": [ [ [ 2.179232541089027, 41.42256618736419 ], [ 2.179561126188716, 41.42078829906292 ], [ 2.181734009968546, 41.420219571139235 ], [ 2.183578404233992, 41.421428740024929 ], [ 2.183249889382371, 41.42320666219802 ], [ 2.181076910014358, 41.42377538161422 ], [ 2.179232541089027, 41.42256618736419 ] ] ] } },
{ "type": "Feature", "properties": { "h3_index": "89394461d7bffff", "catchment_store_count": 0, "catchment_type_diversity": 0, "is_food_desert": true, "store_count": 0, "type_diversity": 0, "barri_name": "la Marina del Prat Vermell", "income_index": 16015.0, "c1_density": 0.0, "c2_diversity": 0.0, "c3_pressure": 0.86698140291556347, "c4_deprivation": 0.1330185970844365, "food_access_score": 20.0 }, "geometry": { "type": "Polygon", "coordinates": [ [ [ 2.16749718014967, 41.36303002877473 ], [ 2.167825746599302, 41.361251422888095 ], [ 2.169996956932767, 41.360682131692769 ], [ 2.171839696278341, 41.361891454920354 ], [ 2.171511199949778, 41.363670094738815 ], [ 2.169339894151687, 41.364239377398455 ], [ 2.16749718014967, 41.36303002877473 ] ] ] } },
{ "type": "Feature", "properties": { "h3_index": "8939446ad07ffff", "catchment_store_count": 0, "catchment_type_diversity": 0, "is_food_desert": true, "store_count": 0, "type_diversity": 0, "barri_name": "la Marina del Prat Vermell", "income_index": 16015.0, "c1_density": 0.0, "c2_diversity": 0.0, "c3_pressure": 0.86698140291556347, "c4_deprivation": 0.1330185970844365, "food_access_score": 20.0 }, "geometry": { "type": "Polygon", "coordinates": [ [ [ 2.122773227488804, 41.325675462420641 ], [ 2.123102457342606, 41.323896808969899 ], [ 2.125272151888567, 41.323327960526534 ], [ 2.127112711999219, 41.32453777415482 ], [ 2.126783552096845, 41.326316461619122 ], [ 2.124613762129533, 41.326885301442147 ], [ 2.122773227488804, 41.325675462420641 ] ] ] } },
{ "type": "Feature", "properties": { "h3_index": "893944603a3ffff", "catchment_store_count": 161, "catchment_type_diversity": 5, "is_food_desert": false, "store_count": 2, "type_diversity": 2, "barri_name": "l'Antiga Esquerra de l'Eixample", "income_index": 28407.0, "c1_density": 0.54391891891891897, "c2_diversity": 0.83333333333333337, "c3_pressure": 0.47168968707135794, "c4_deprivation": 0.52831031292864206, "food_access_score": 58.423423423423436 }, "geometry": { "type": "Polygon", "coordinates": [ [ [ 2.157565708612977, 41.394399235880236 ], [ 2.157894576449664, 41.392621180116208 ], [ 2.160066467041029, 41.392052529165106 ], [ 2.161909585337356, 41.393261942528419 ], [ 2.161580787649724, 41.395040032211682 ], [ 2.159408801513856, 41.395608674613008 ], [ 2.157565708612977, 41.394399235880236 ] ] ] } },
{ "type": "Feature", "properties": { "h3_index": "89394462b1bffff", "catchment_store_count": 12, "catchment_type_diversity": 4, "is_food_desert": false, "store_count": 0, "type_diversity": 0, "barri_name": "el Bon Pastor", "income_index": 14841.0, "c1_density": 0.040540540540540543, "c2_diversity": 0.66666666666666663, "c3_pressure": 0.90443076334173345, "c4_deprivation": 0.09556923665826661, "food_access_score": 34.954954954954957 }, "geometry": { "type": "Polygon", "coordinates": [ [ [ 2.195834840263798, 41.433448206363821 ], [ 2.196163166956354, 41.431670295099728 ], [ 2.198336537008702, 41.431101361847603 ], [ 2.200181675963064, 41.432310348336543 ], [ 2.199853419576742, 41.434088293444383 ], [ 2.197679953926961, 41.434657218220138 ], [ 2.195834840263798, 41.433448206363821 ] ] ] } },
{ "type": "Feature", "properties": { "h3_index": "89394461e2fffff", "catchment_store_count": 1, "catchment_type_diversity": 1, "is_food_desert": false, "store_count": 0, "type_diversity": 0, "barri_name": "la Marina del Prat Vermell", "income_index": 16015.0, "c1_density": 0.0033783783783783786, "c2_diversity": 0.16666666666666666, "c3_pressure": 0.86698140291556347, "c4_deprivation": 0.1330185970844365, "food_access_score": 23.468468468468469 }, "geometry": { "type": "Polygon", "coordinates": [ [ [ 2.142365780431055, 41.342539872618367 ], [ 2.142694721761885, 41.340761246715495 ], [ 2.144865093265559, 41.340192211205846 ], [ 2.146706618876995, 41.341401810182873 ], [ 2.146377747572711, 41.343180470063139 ], [ 2.144207280627585, 41.343749496989567 ], [ 2.142365780431055, 41.342539872618367 ] ] ] } },
{ "type": "Feature", "properties": { "h3_index": "8939446adbbffff", "catchment_store_count": 2, "catchment_type_diversity": 1, "is_food_desert": false, "store_count": 0, "type_diversity": 0, "barri_name": "la Marina del Prat Vermell", "income_index": 16015.0, "c1_density": 0.0067567567567567571, "c2_diversity": 0.16666666666666666, "c3_pressure": 0.86698140291556347, "c4_deprivation": 0.1330185970844365, "food_access_score": 23.603603603603602 }, "geometry": { "type": "Polygon", "coordinates": [ [ [ 2.121785460793936, 41.331011251204522 ], [ 2.122114729215233, 41.329232683540852 ], [ 2.124284547968808, 41.328663929009316 ], [ 2.126125193732484, 41.32987375076349 ], [ 2.125795995269043, 41.331652352437722 ], [ 2.123626081081226, 41.332221098347787 ], [ 2.121785460793936, 41.331011251204522 ] ] ] } },
{ "type": "Feature", "properties": { "h3_index": "89394460457ffff", "catchment_store_count": 3, "catchment_type_diversity": 2, "is_food_desert": false, "store_count": 0, "type_diversity": 0, "barri_name": "Vallvidrera, el Tibidabo i les Planes", "income_index": 32833.0, "c1_density": 0.010135135135135136, "c2_diversity": 0.33333333333333331, "c3_pressure": 0.33050496028581455, "c4_deprivation": 0.66949503971418545, "food_access_score": 27.072072072072075 }, "geometry": { "type": "Polygon", "coordinates": [ [ [ 2.109979337882603, 41.416991542609452 ], [ 2.110309154219059, 41.415214317138293 ], [ 2.112481028900584, 41.414646989594345 ], [ 2.1143231828817, 41.415856896154501 ], [ 2.113993436616715, 41.417634155583379 ], [ 2.111821466296238, 41.41820147449495 ], [ 2.109979337882603, 41.416991542609452 ] ] ] } },
{ "type": "Feature", "properties": { "h3_index": "89394462bcfffff", "catchment_store_count": 27, "catchment_type_diversity": 5, "is_food_desert": false, "store_count": 0, "type_diversity": 0, "barri_name": "el Bon Pastor", "income_index": 14841.0, "c1_density": 0.091216216216216214, "c2_diversity": 0.83333333333333337, "c3_pressure": 0.90443076334173345, "c4_deprivation": 0.09556923665826661, "food_access_score": 40.315315315315324 }, "geometry": { "type": "Polygon", "coordinates": [ [ [ 2.191816464214566, 41.432807999208919 ], [ 2.192144861202574, 41.431030121793825 ], [ 2.194318164775064, 41.430461265497129 ], [ 2.196163166956354, 41.431670295099728 ], [ 2.195834840263798, 41.433448206363821 ], [ 2.193661441091634, 41.434017054176884 ], [ 2.191816464214566, 41.432807999208919 ] ] ] } },
{ "type": "Feature", "properties": { "h3_index": "89394462327ffff", "catchment_store_count": 0, "catchment_type_diversity": 0, "is_food_desert": true, "store_count": 0, "type_diversity": 0, "barri_name": "Montbau", "income_index": 20566.5, "c1_density": 0.0, "c2_diversity": 0.0, "c3_pressure": 0.72179335863982907, "c4_deprivation": 0.27820664136017098, "food_access_score": 20.0 }, "geometry": { "type": "Polygon", "coordinates": [ [ [ 2.140648078333954, 41.4411120984782 ], [ 2.14097743391261, 41.439334886557916 ], [ 2.143150312078007, 41.438767235119165 ], [ 2.14499393032742, 41.439976804175693 ], [ 2.144664644934403, 41.441754049998856 ], [ 2.142491671103465, 41.44232169286321 ], [ 2.140648078333954, 41.4411120984782 ] ] ] } },
{ "type": "Feature", "properties": { "h3_index": "8939446050bffff", "catchment_store_count": 60, "catchment_type_diversity": 5, "is_food_desert": false, "store_count": 4, "type_diversity": 3, "barri_name": "Vallcarca i els Penitents", "income_index": 27507.0, "c1_density": 0.20270270270270271, "c2_diversity": 0.83333333333333337, "c3_pressure": 0.50039873680181191, "c4_deprivation": 0.49960126319818815, "food_access_score": 44.774774774774784 }, "geometry": { "type": "Polygon", "coordinates": [ [ [ 2.142097831126679, 41.422129095752823 ], [ 2.142427086589708, 41.420351598766082 ], [ 2.144599495423943, 41.419783656720398 ], [ 2.146442744413584, 41.420993220236191 ], [ 2.146113559108199, 41.422770751138849 ], [ 2.143941054652681, 41.423338684610385 ], [ 2.142097831126679, 41.422129095752823 ] ] ] } },
{ "type": "Feature", "properties": { "h3_index": "89394460673ffff", "catchment_store_count": 0, "catchment_type_diversity": 0, "is_food_desert": true, "store_count": 0, "type_diversity": 0, "barri_name": "Pedralbes", "income_index": 42688.0, "c1_density": 0.0, "c2_diversity": 0.0, "c3_pressure": 0.016140865737344079, "c4_deprivation": 0.98385913426265592, "food_access_score": 20.0 }, "geometry": { "type": "Polygon", "coordinates": [ [ [ 2.105910378260064, 41.394378171383977 ], [ 2.106240180029189, 41.392600669189264 ], [ 2.108411423470085, 41.392033119015736 ], [ 2.110252960730586, 41.393243079679934 ], [ 2.10992322898566, 41.395020615854733 ], [ 2.107751889953206, 41.395588157385824 ], [ 2.105910378260064, 41.394378171383977 ] ] ] } },
{ "type": "Feature", "properties": { "h3_index": "8939446088fffff", "catchment_store_count": 73, "catchment_type_diversity": 5, "is_food_desert": false, "store_count": 2, "type_diversity": 2, "barri_name": "el Poblenou", "income_index": 23813.0, "c1_density": 0.24662162162162163, "c2_diversity": 0.83333333333333337, "c3_pressure": 0.61823343647325268, "c4_deprivation": 0.38176656352674726, "food_access_score": 46.531531531531535 }, "geometry": { "type": "Polygon", "coordinates": [ [ [ 2.205760070268172, 41.402080882694811 ], [ 2.206088095606511, 41.400302420245673 ], [ 2.20826078396817, 41.399732846731276 ], [ 2.210105542506065, 41.400941744129007 ], [ 2.209777587445802, 41.402720240434505 ], [ 2.207604803566702, 41.403289805486516 ], [ 2.205760070268172, 41.402080882694811 ] ] ] } },
{ "type": "Feature", "properties": { "h3_index": "89394460c13ffff", "catchment_store_count": 103, "catchment_type_diversity": 5, "is_food_desert": false, "store_count": 9, "type_diversity": 3, "barri_name": "el Clot", "income_index": 21704.0, "c1_density": 0.34797297297297297, "c2_diversity": 0.83333333333333337, "c3_pressure": 0.68550830967494969, "c4_deprivation": 0.31449169032505025, "food_access_score": 50.585585585585591 }, "geometry": { "type": "Polygon", "coordinates": [ [ [ 2.186736697354032, 41.415525902265934 ], [ 2.187065119269298, 41.413747833811982 ], [ 2.189237915849313, 41.413178849636878 ], [ 2.191082386076561, 41.41438794241116 ], [ 2.190754034415808, 41.416166044733522 ], [ 2.188581142270432, 41.416735020413753 ], [ 2.186736697354032, 41.415525902265934 ] ] ] } },
{ "type": "Feature", "properties": { "h3_index": "89394460cc7ffff", "catchment_store_count": 130, "catchment_type_diversity": 5, "is_food_desert": false, "store_count": 1, "type_diversity": 1, "barri_name": "el Clot", "income_index": 21704.0, "c1_density": 0.4391891891891892, "c2_diversity": 0.83333333333333337, "c3_pressure": 0.68550830967494969, "c4_deprivation": 0.31449169032505025, "food_access_score": 54.234234234234236 }, "geometry": { "type": "Polygon", "coordinates": [ [ [ 2.182719563531444, 41.414885639836086 ], [ 2.183048055690442, 41.413107605255796 ], [ 2.185220785776997, 41.412538697992375 ], [ 2.187065119269298, 41.413747833811982 ], [ 2.186736697354032, 41.415525902265934 ], [ 2.184563871699866, 41.416094801027185 ], [ 2.182719563531444, 41.414885639836086 ] ] ] } },
{ "type": "Feature", "properties": { "h3_index": "89394460d7bffff", "catchment_store_count": 12, "catchment_type_diversity": 4, "is_food_desert": false, "store_count": 0, "type_diversity": 0, "barri_name": "Diagonal Mar i el Front Marítim del Poblenou", "income_index": 25619.0, "c1_density": 0.040540540540540543, "c2_diversity": 0.66666666666666663, "c3_pressure": 0.56062394334747512, "c4_deprivation": 0.43937605665252483, "food_access_score": 34.954954954954957 }, "geometry": { "type": "Polygon", "coordinates": [ [ [ 2.216829710484297, 41.409334115501728 ], [ 2.217157563428272, 41.407555637666384 ], [ 2.219330575538944, 41.406985927169394 ], [ 2.221175830226331, 41.40819470294997 ], [ 2.220848047599182, 41.409973214622958 ], [ 2.218674939964948, 41.410542916678303 ], [ 2.216829710484297, 41.409334115501728 ] ] ] } },
{ "type": "Feature", "properties": { "h3_index": "8939446008fffff", "catchment_store_count": 51, "catchment_type_diversity": 5, "is_food_desert": false, "store_count": 1, "type_diversity": 1, "barri_name": "Sant Gervasi - la Bonanova", "income_index": 36213.5, "c1_density": 0.17229729729729729, "c2_diversity": 0.83333333333333337, "c3_pressure": 0.22267057960381509, "c4_deprivation": 0.77732942039618491, "food_access_score": 43.558558558558566 }, "geometry": { "type": "Polygon", "coordinates": [ [ [ 2.132028470770862, 41.409538608686198 ], [ 2.132357859380158, 41.407761041057285 ], [ 2.134529819065753, 41.407193141496556 ], [ 2.136372485741184, 41.408402818159026 ], [ 2.136043167244341, 41.410180419725499 ], [ 2.13387111195672, 41.410748310692483 ], [ 2.132028470770862, 41.409538608686198 ] ] ] } },
{ "type": "Feature", "properties": { "h3_index": "8939446089bffff", "catchment_store_count": 95, "catchment_type_diversity": 5, "is_food_desert": false, "store_count": 16, "type_diversity": 5, "barri_name": "el Poblenou", "income_index": 23813.0, "c1_density": 0.32094594594594594, "c2_diversity": 0.83333333333333337, "c3_pressure": 0.61823343647325268, "c4_deprivation": 0.38176656352674726, "food_access_score": 49.504504504504503 }, "geometry": { "type": "Polygon", "coordinates": [ [ [ 2.199241955055507, 41.403789184729774 ], [ 2.199570105040596, 41.402010816148582 ], [ 2.201742756136586, 41.401441404953559 ], [ 2.203587352771926, 41.402650370814222 ], [ 2.203259273052011, 41.404428773258147 ], [ 2.201086526428716, 41.40499817597928 ], [ 2.199241955055507, 41.403789184729774 ] ] ] } },
{ "type": "Feature", "properties": { "h3_index": "89394462807ffff", "catchment_store_count": 4, "catchment_type_diversity": 1, "is_food_desert": false, "store_count": 0, "type_diversity": 0, "barri_name": "la Trinitat Nova", "income_index": 14232.0, "c1_density": 0.013513513513513514, "c2_diversity": 0.16666666666666666, "c3_pressure": 0.92385722032600726, "c4_deprivation": 0.076142779673992786, "food_access_score": 23.873873873873876 }, "geometry": { "type": "Polygon", "coordinates": [ [ [ 2.186358039178955, 41.45115364842178 ], [ 2.186686606254921, 41.44937609012382 ], [ 2.188860313107202, 41.448807601091431 ], [ 2.190705548526808, 41.450016678848741 ], [ 2.190377051763626, 41.451794270987911 ], [ 2.188203249265157, 41.452362751529144 ], [ 2.186358039178955, 41.45115364842178 ] ] ] } },
{ "type": "Feature", "properties": { "h3_index": "89394460e2fffff", "catchment_store_count": 22, "catchment_type_diversity": 4, "is_food_desert": false, "store_count": 2, "type_diversity": 2, "barri_name": "la Barceloneta", "income_index": 17877.0, "c1_density": 0.074324324324324328, "c2_diversity": 0.66666666666666663, "c3_pressure": 0.80758556891766886, "c4_deprivation": 0.19241443108233117, "food_access_score": 36.306306306306304 }, "geometry": { "type": "Polygon", "coordinates": [ [ [ 2.191661677767081, 41.388851859522717 ], [ 2.191989907095057, 41.387073360337304 ], [ 2.194162080634523, 41.386503906726702 ], [ 2.196006120343769, 41.387712960791404 ], [ 2.195677961237918, 41.389491493860099 ], [ 2.193505692197822, 41.390060938981385 ], [ 2.191661677767081, 41.388851859522717 ] ] ] } },
{ "type": "Feature", "properties": { "h3_index": "89394460143ffff", "catchment_store_count": 270, "catchment_type_diversity": 6, "is_food_desert": false, "store_count": 18, "type_diversity": 4, "barri_name": "la Vila de Gràcia", "income_index": 24564.0, "c1_density": 0.91216216216216217, "c2_diversity": 1.0, "c3_pressure": 0.59427732942039624, "c4_deprivation": 0.40572267057960382, "food_access_score": 76.486486486486484 }, "geometry": { "type": "Polygon", "coordinates": [ [ [ 2.154078023148639, 41.402079612165743 ], [ 2.154406983916869, 41.400301702554628 ], [ 2.15657902796606, 41.399733230933144 ], [ 2.158422206809147, 41.400942677478483 ], [ 2.158093316194271, 41.402720621006992 ], [ 2.155921176580051, 41.403289084073364 ], [ 2.154078023148639, 41.402079612165743 ] ] ] } },
{ "type": "Feature", "properties": { "h3_index": "893944628bbffff", "catchment_store_count": 5, "catchment_type_diversity": 2, "is_food_desert": false, "store_count": 0, "type_diversity": 0, "barri_name": "Torre Baró", "income_index": 12819.0, "c1_density": 0.016891891891891893, "c2_diversity": 0.33333333333333331, "c3_pressure": 0.96893042840281984, "c4_deprivation": 0.031069571597180132, "food_access_score": 27.342342342342345 }, "geometry": { "type": "Polygon", "coordinates": [ [ [ 2.185372260811815, 41.456486150523681 ], [ 2.185700866458126, 41.454708678624613 ], [ 2.187874698061492, 41.454140283551432 ], [ 2.189720019674839, 41.455349368870166 ], [ 2.189391484347786, 41.457126874607468 ], [ 2.187217557085251, 41.457695261188391 ], [ 2.185372260811815, 41.456486150523681 ] ] ] } },
{ "type": "Feature", "properties": { "h3_index": "89394461c83ffff", "catchment_store_count": 119, "catchment_type_diversity": 6, "is_food_desert": false, "store_count": 4, "type_diversity": 3, "barri_name": "la Bordeta", "income_index": 21116.0, "c1_density": 0.40202702702702703, "c2_diversity": 1.0, "c3_pressure": 0.70426488883217964, "c4_deprivation": 0.29573511116782036, "food_access_score": 56.081081081081088 }, "geometry": { "type": "Polygon", "coordinates": [ [ [ 2.13644263862345, 41.374550242013385 ], [ 2.136771811344516, 41.372772131717575 ], [ 2.138942928907628, 41.372203659728712 ], [ 2.140784969265852, 41.373413306626269 ], [ 2.140455866609957, 41.375191450881594 ], [ 2.138284653527825, 41.375759914280422 ], [ 2.13644263862345, 41.374550242013385 ] ] ] } },
{ "type": "Feature", "properties": { "h3_index": "893944602abffff", "catchment_store_count": 91, "catchment_type_diversity": 5, "is_food_desert": false, "store_count": 4, "type_diversity": 3, "barri_name": "les Corts", "income_index": 28740.0, "c1_density": 0.30743243243243246, "c2_diversity": 0.83333333333333337, "c3_pressure": 0.46106733867108995, "c4_deprivation": 0.53893266132891005, "food_access_score": 48.96396396396397 }, "geometry": { "type": "Polygon", "coordinates": [ [ [ 2.127953184373115, 41.386922735544246 ], [ 2.128282558678521, 41.385144891300911 ], [ 2.130453887193536, 41.384576769362951 ], [ 2.132295936954968, 41.385786500272708 ], [ 2.131966632714722, 41.387564378475986 ], [ 2.129795208645015, 41.388132491810147 ], [ 2.127953184373115, 41.386922735544246 ] ] ] } },
{ "type": "Feature", "properties": { "h3_index": "89394462a23ffff", "catchment_store_count": 66, "catchment_type_diversity": 6, "is_food_desert": false, "store_count": 3, "type_diversity": 2, "barri_name": "Vilapicina i la Torre Llobeta", "income_index": 20176.0, "c1_density": 0.22297297297297297, "c2_diversity": 1.0, "c3_pressure": 0.73424989632843152, "c4_deprivation": 0.26575010367156848, "food_access_score": 48.918918918918926 }, "geometry": { "type": "Polygon", "coordinates": [ [ [ 2.182264267728327, 41.428540256198247 ], [ 2.182592821130277, 41.426762420287588 ], [ 2.184765896091811, 41.426193709375788 ], [ 2.1866105132474, 41.427402842876539 ], [ 2.186282030110779, 41.429180712650805 ], [ 2.184108859550355, 41.429749415061288 ], [ 2.182264267728327, 41.428540256198247 ] ] ] } },
{ "type": "Feature", "properties": { "h3_index": "89394462ad7ffff", "catchment_store_count": 54, "catchment_type_diversity": 5, "is_food_desert": false, "store_count": 0, "type_diversity": 0, "barri_name": "el Turó de la Peira", "income_index": 15471.5, "c1_density": 0.18243243243243243, "c2_diversity": 0.83333333333333337, "c3_pressure": 0.88431847905834315, "c4_deprivation": 0.11568152094165683, "food_access_score": 43.963963963963963 }, "geometry": { "type": "Polygon", "coordinates": [ [ [ 2.162706781836105, 41.433655937266188 ], [ 2.163035709180331, 41.431878383229055 ], [ 2.165208671527374, 41.431310159361182 ], [ 2.167052802155768, 41.432519498066796 ], [ 2.166723945038135, 41.434297085986614 ], [ 2.16455088706264, 41.43486530131873 ], [ 2.162706781836105, 41.433655937266188 ] ] ] } },
{ "type": "Feature", "properties": { "h3_index": "89394460413ffff", "catchment_store_count": 0, "catchment_type_diversity": 0, "is_food_desert": true, "store_count": 0, "type_diversity": 0, "barri_name": "Vallvidrera, el Tibidabo i les Planes", "income_index": 32833.0, "c1_density": 0.0, "c2_diversity": 0.0, "c3_pressure": 0.33050496028581455, "c4_deprivation": 0.66949503971418545, "food_access_score": 20.0 }, "geometry": { "type": "Polygon", "coordinates": [ [ [ 2.113004120489793, 41.422965761400015 ], [ 2.113333905421495, 41.421188588209034 ], [ 2.115505971386282, 41.420621277926777 ], [ 2.117348348066201, 41.421831149462307 ], [ 2.117018633223185, 41.423608356602806 ], [ 2.114846471608705, 41.424175658258854 ], [ 2.113004120489793, 41.422965761400015 ] ] ] } },
{ "type": "Feature", "properties": { "h3_index": "89394462b8bffff", "catchment_store_count": 15, "catchment_type_diversity": 4, "is_food_desert": false, "store_count": 0, "type_diversity": 0, "barri_name": "el Bon Pastor", "income_index": 14841.0, "c1_density": 0.050675675675675678, "c2_diversity": 0.66666666666666663, "c3_pressure": 0.90443076334173345, "c4_deprivation": 0.09556923665826661, "food_access_score": 35.360360360360367 }, "geometry": { "type": "Polygon", "coordinates": [ [ [ 2.194849783112546, 41.438781767537861 ], [ 2.195178148342611, 41.437003942585775 ], [ 2.197351643119857, 41.436435103253281 ], [ 2.199196868274515, 41.437644097350883 ], [ 2.198868573357132, 41.439421956143732 ], [ 2.196694982969517, 41.43999078699877 ], [ 2.194849783112546, 41.438781767537861 ] ] ] } },
{ "type": "Feature", "properties": { "h3_index": "893944604c7ffff", "catchment_store_count": 0, "catchment_type_diversity": 0, "is_food_desert": true, "store_count": 0, "type_diversity": 0, "barri_name": "Vallvidrera, el Tibidabo i les Planes", "income_index": 32833.0, "c1_density": 0.0, "c2_diversity": 0.0, "c3_pressure": 0.33050496028581455, "c4_deprivation": 0.66949503971418545, "food_access_score": 20.0 }, "geometry": { "type": "Polygon", "coordinates": [ [ [ 2.108989811528396, 41.422323046558908 ], [ 2.109319666538002, 41.420545907322634 ], [ 2.11149166566004, 41.419978673830684 ], [ 2.113333905421495, 41.421188588209034 ], [ 2.113004120489793, 41.422965761400015 ], [ 2.110832025715866, 41.423532986258479 ], [ 2.108989811528396, 41.422323046558908 ] ] ] } },
{ "type": "Feature", "properties": { "h3_index": "8939446057bffff", "catchment_store_count": 58, "catchment_type_diversity": 5, "is_food_desert": false, "store_count": 0, "type_diversity": 0, "barri_name": "Vallcarca i els Penitents", "income_index": 27507.0, "c1_density": 0.19594594594594594, "c2_diversity": 0.83333333333333337, "c3_pressure": 0.50039873680181191, "c4_deprivation": 0.49960126319818815, "food_access_score": 44.504504504504503 }, "geometry": { "type": "Polygon", "coordinates": [ [ [ 2.143085558899305, 41.416796518554143 ], [ 2.143414775747367, 41.415018935334764 ], [ 2.14558706005056, 41.414450899296412 ], [ 2.147430223111185, 41.415660455051096 ], [ 2.147101076414331, 41.417438072189391 ], [ 2.144928696502804, 41.418006099654697 ], [ 2.143085558899305, 41.416796518554143 ] ] ] } },
{ "type": "Feature", "properties": { "h3_index": "8939446062fffff", "catchment_store_count": 38, "catchment_type_diversity": 5, "is_food_desert": false, "store_count": 1, "type_diversity": 1, "barri_name": "Pedralbes", "income_index": 42688.0, "c1_density": 0.12837837837837837, "c2_diversity": 0.83333333333333337, "c3_pressure": 0.016140865737344079, "c4_deprivation": 0.98385913426265592, "food_access_score": 41.801801801801808 }, "geometry": { "type": "Polygon", "coordinates": [ [ [ 2.117949541387462, 41.396305146224371 ], [ 2.118279133051677, 41.394527542105045 ], [ 2.120450576878706, 41.393959761680343 ], [ 2.122292524623611, 41.395169593996179 ], [ 2.121963003015891, 41.39694723207996 ], [ 2.119791463603899, 41.397515003884017 ], [ 2.117949541387462, 41.396305146224371 ] ] ] } },
{ "type": "Feature", "properties": { "h3_index": "89394462e5bffff", "catchment_store_count": 2, "catchment_type_diversity": 1, "is_food_desert": false, "store_count": 0, "type_diversity": 0, "barri_name": "Montbau", "income_index": 20566.5, "c1_density": 0.0067567567567567571, "c2_diversity": 0.16666666666666666, "c3_pressure": 0.72179335863982907, "c4_deprivation": 0.27820664136017098, "food_access_score": 23.603603603603602 }, "geometry": { "type": "Polygon", "coordinates": [ [ [ 2.143150312078007, 41.438767235119165 ], [ 2.143479613248566, 41.436989963080052 ], [ 2.14565246248358, 41.436422226195084 ], [ 2.147496106203116, 41.437631769920031 ], [ 2.147166875220368, 41.439409075860929 ], [ 2.14499393032742, 41.439976804175693 ], [ 2.143150312078007, 41.438767235119165 ] ] ] } },
{ "type": "Feature", "properties": { "h3_index": "89394461537ffff", "catchment_store_count": 14, "catchment_type_diversity": 4, "is_food_desert": false, "store_count": 0, "type_diversity": 0, "barri_name": "la Maternitat i Sant Ramon", "income_index": 25111.0, "c1_density": 0.0472972972972973, "c2_diversity": 0.66666666666666663, "c3_pressure": 0.57682860697310923, "c4_deprivation": 0.42317139302689083, "food_access_score": 35.22522522522523 }, "geometry": { "type": "Polygon", "coordinates": [ [ [ 2.106377491038502, 41.38072506583822 ], [ 2.106707231187523, 41.378947365442372 ], [ 2.108878130381302, 41.378379618590721 ], [ 2.110719384983466, 41.379589580778749 ], [ 2.110389714837201, 41.381367315164759 ], [ 2.108218720083122, 41.381935053373162 ], [ 2.106377491038502, 41.38072506583822 ] ] ] } },
{ "type": "Feature", "properties": { "h3_index": "8939446312bffff", "catchment_store_count": 3, "catchment_type_diversity": 2, "is_food_desert": false, "store_count": 0, "type_diversity": 0, "barri_name": "Vallvidrera, el Tibidabo i les Planes", "income_index": 32833.0, "c1_density": 0.010135135135135136, "c2_diversity": 0.33333333333333331, "c3_pressure": 0.33050496028581455, "c4_deprivation": 0.66949503971418545, "food_access_score": 27.072072072072075 }, "geometry": { "type": "Polygon", "coordinates": [ [ [ 2.096426684524, 41.412075784841711 ], [ 2.096756726680415, 41.410298635161247 ], [ 2.098928305128426, 41.409731529262501 ], [ 2.100769937057285, 41.410941581702133 ], [ 2.10043996493142, 41.41271876536009 ], [ 2.098268290843287, 41.413285862601526 ], [ 2.096426684524, 41.412075784841711 ] ] ] } },
{ "type": "Feature", "properties": { "h3_index": "89394461807ffff", "catchment_store_count": 0, "catchment_type_diversity": 0, "is_food_desert": true, "store_count": 0, "type_diversity": 0, "barri_name": "la Marina del Prat Vermell", "income_index": 16015.0, "c1_density": 0.0, "c2_diversity": 0.0, "c3_pressure": 0.86698140291556347, "c4_deprivation": 0.1330185970844365, "food_access_score": 20.0 }, "geometry": { "type": "Polygon", "coordinates": [ [ [ 2.161441797238076, 41.351077880149298 ], [ 2.161770426845139, 41.34929917029568 ], [ 2.163941255373466, 41.348729844926858 ], [ 2.165783549735099, 41.349939237960193 ], [ 2.165454990214725, 41.351717981762064 ], [ 2.163284066243137, 41.352287298582908 ], [ 2.161441797238076, 41.351077880149298 ] ] ] } },
{ "type": "Feature", "properties": { "h3_index": "89394462eabffff", "catchment_store_count": 0, "catchment_type_diversity": 0, "is_food_desert": true, "store_count": 0, "type_diversity": 0, "barri_name": "Canyelles", "income_index": 19957.0, "c1_density": 0.0, "c2_diversity": 0.0, "c3_pressure": 0.74123576509617539, "c4_deprivation": 0.25876423490382466, "food_access_score": 20.0 }, "geometry": { "type": "Polygon", "coordinates": [ [ [ 2.15974585674408, 41.449652628668382 ], [ 2.160074899895928, 41.447875333652448 ], [ 2.162248236185743, 41.447307391747749 ], [ 2.164092624988186, 41.448516753398671 ], [ 2.163763652082342, 41.450294082288366 ], [ 2.161590220125186, 41.450862015653996 ], [ 2.15974585674408, 41.449652628668382 ] ] ] } },
{ "type": "Feature", "properties": { "h3_index": "893944618bbffff", "catchment_store_count": 0, "catchment_type_diversity": 0, "is_food_desert": true, "store_count": 0, "type_diversity": 0, "barri_name": "la Marina del Prat Vermell", "income_index": 16015.0, "c1_density": 0.0, "c2_diversity": 0.0, "c3_pressure": 0.86698140291556347, "c4_deprivation": 0.1330185970844365, "food_access_score": 20.0 }, "geometry": { "type": "Polygon", "coordinates": [ [ [ 2.160455831372441, 41.356413837895836 ], [ 2.160784499502453, 41.354635213952278 ], [ 2.162955452419032, 41.354065982458799 ], [ 2.164797832658905, 41.355275383458569 ], [ 2.164469234622018, 41.357054041347389 ], [ 2.162298186249258, 41.357623264291739 ], [ 2.160455831372441, 41.356413837895836 ] ] ] } },
{ "type": "Feature", "properties": { "h3_index": "89394460c83ffff", "catchment_store_count": 84, "catchment_type_diversity": 5, "is_food_desert": false, "store_count": 4, "type_diversity": 1, "barri_name": "Navas", "income_index": 21622.0, "c1_density": 0.28378378378378377, "c2_diversity": 0.83333333333333337, "c3_pressure": 0.68812402309483556, "c4_deprivation": 0.31187597690516444, "food_access_score": 48.018018018018019 }, "geometry": { "type": "Polygon", "coordinates": [ [ [ 2.185751354535336, 41.42085993518409 ], [ 2.186079814987802, 41.41908195295489 ], [ 2.188252736214923, 41.418513062692703 ], [ 2.190097292565045, 41.419722163156315 ], [ 2.189768902373567, 41.42150017925097 ], [ 2.187595885568116, 41.422069061017147 ], [ 2.185751354535336, 41.42085993518409 ] ] ] } },
{ "type": "Feature", "properties": { "h3_index": "8939446004bffff", "catchment_store_count": 37, "catchment_type_diversity": 5, "is_food_desert": false, "store_count": 6, "type_diversity": 3, "barri_name": "les Tres Torres", "income_index": 43194.0, "c1_density": 0.125, "c2_diversity": 0.83333333333333337, "c3_pressure": 0.0, "c4_deprivation": 1.0, "food_access_score": 41.666666666666671 }, "geometry": { "type": "Polygon", "coordinates": [ [ [ 2.124464035211371, 41.394601736804681 ], [ 2.124793502473959, 41.392824038681518 ], [ 2.126964984229933, 41.392256096105847 ], [ 2.128807094295613, 41.393465860263085 ], [ 2.128477697102468, 41.39524359234435 ], [ 2.126306119771302, 41.395811526310858 ], [ 2.124464035211371, 41.394601736804681 ] ] ] } },
{ "type": "Feature", "properties": { "h3_index": "89394461ad7ffff", "catchment_store_count": 0, "catchment_type_diversity": 0, "is_food_desert": true, "store_count": 0, "type_diversity": 0, "barri_name": "la Marina del Prat Vermell", "income_index": 16015.0, "c1_density": 0.0, "c2_diversity": 0.0, "c3_pressure": 0.86698140291556347, "c4_deprivation": 0.1330185970844365, "food_access_score": 20.0 }, "geometry": { "type": "Polygon", "coordinates": [ [ [ 2.137828818081862, 41.333574939948647 ], [ 2.138157806607359, 41.331796236273995 ], [ 2.140327891818715, 41.331227174996378 ], [ 2.142169083927134, 41.332436825986377 ], [ 2.141840165402414, 41.334215563650702 ], [ 2.139669984765626, 41.334784616335931 ], [ 2.137828818081862, 41.333574939948647 ] ] ] } },
{ "type": "Feature", "properties": { "h3_index": "89394462877ffff", "catchment_store_count": 10, "catchment_type_diversity": 2, "is_food_desert": false, "store_count": 0, "type_diversity": 0, "barri_name": "Sant Andreu", "income_index": 22418.0, "c1_density": 0.033783783783783786, "c2_diversity": 0.33333333333333331, "c3_pressure": 0.66273246355545634, "c4_deprivation": 0.33726753644454366, "food_access_score": 28.018018018018019 }, "geometry": { "type": "Polygon", "coordinates": [ [ [ 2.18734370184166, 41.445820887149296 ], [ 2.187672230353884, 41.444043242478521 ], [ 2.18984581246808, 41.443474659495479 ], [ 2.19169096170043, 41.444683729673855 ], [ 2.191362503494485, 41.446461408188817 ], [ 2.189188825747055, 41.447029982681791 ], [ 2.18734370184166, 41.445820887149296 ] ] ] } },
{ "type": "Feature", "properties": { "h3_index": "893944601b3ffff", "catchment_store_count": 67, "catchment_type_diversity": 5, "is_food_desert": false, "store_count": 2, "type_diversity": 1, "barri_name": "el Baix Guinardó", "income_index": 22432.0, "c1_density": 0.22635135135135134, "c2_diversity": 0.83333333333333337, "c3_pressure": 0.66228587833742703, "c4_deprivation": 0.33771412166257297, "food_access_score": 45.72072072072072 }, "geometry": { "type": "Polygon", "coordinates": [ [ [ 2.16566666489707, 41.417656915612703 ], [ 2.165995476493033, 41.415879102789262 ], [ 2.168168065014288, 41.415310597035457 ], [ 2.170011937526278, 41.416519912638066 ], [ 2.169683196137487, 41.418297759353131 ], [ 2.167510512026662, 41.41886625657451 ], [ 2.16566666489707, 41.417656915612703 ] ] ] } },
{ "type": "Feature", "properties": { "h3_index": "89394460267ffff", "catchment_store_count": 139, "catchment_type_diversity": 6, "is_food_desert": false, "store_count": 18, "type_diversity": 5, "barri_name": "Sants - Badal", "income_index": 19943.0, "c1_density": 0.46959459459459457, "c2_diversity": 1.0, "c3_pressure": 0.7416823503142046, "c4_deprivation": 0.2583176496857954, "food_access_score": 58.783783783783782 }, "geometry": { "type": "Polygon", "coordinates": [ [ [ 2.129929237170999, 41.376255239793956 ], [ 2.130258534267715, 41.374477223454868 ], [ 2.132429614018431, 41.373908913579918 ], [ 2.13427149219834, 41.37511862864617 ], [ 2.133942265153913, 41.376896678951148 ], [ 2.13177108987439, 41.377464980224566 ], [ 2.129929237170999, 41.376255239793956 ] ] ] } },
{ "type": "Feature", "properties": { "h3_index": "8939446031bffff", "catchment_store_count": 153, "catchment_type_diversity": 5, "is_food_desert": false, "store_count": 5, "type_diversity": 3, "barri_name": "la Nova Esquerra de l'Eixample", "income_index": 25694.0, "c1_density": 0.51689189189189189, "c2_diversity": 0.83333333333333337, "c3_pressure": 0.55823152253660402, "c4_deprivation": 0.44176847746339598, "food_access_score": 57.342342342342349 }, "geometry": { "type": "Polygon", "coordinates": [ [ [ 2.146508887680642, 41.387142180501854 ], [ 2.146837927318012, 41.385364140439478 ], [ 2.14900949362243, 41.384795625996333 ], [ 2.150852115824851, 41.386005160186613 ], [ 2.150523146297812, 41.387783234186898 ], [ 2.148351484455159, 41.388351740059541 ], [ 2.146508887680642, 41.387142180501854 ] ] ] } },
{ "type": "Feature", "properties": { "h3_index": "89394462a93ffff", "catchment_store_count": 28, "catchment_type_diversity": 4, "is_food_desert": false, "store_count": 2, "type_diversity": 2, "barri_name": "la Guineueta", "income_index": 19848.0, "c1_density": 0.0945945945945946, "c2_diversity": 0.66666666666666663, "c3_pressure": 0.74471275000797466, "c4_deprivation": 0.25528724999202529, "food_access_score": 37.117117117117118 }, "geometry": { "type": "Polygon", "coordinates": [ [ [ 2.16573729650775, 41.439629677117338 ], [ 2.166066192214859, 41.437852175514806 ], [ 2.168239345824138, 41.437283968715356 ], [ 2.170083699362594, 41.438493272048611 ], [ 2.169754873899321, 41.440270807525643 ], [ 2.167581624650871, 41.44083900579551 ], [ 2.16573729650775, 41.439629677117338 ] ] ] } },
{ "type": "Feature", "properties": { "h3_index": "8939446ad33ffff", "catchment_store_count": 0, "catchment_type_diversity": 0, "is_food_desert": true, "store_count": 0, "type_diversity": 0, "barri_name": "la Marina del Prat Vermell", "income_index": 16015.0, "c1_density": 0.0, "c2_diversity": 0.0, "c3_pressure": 0.86698140291556347, "c4_deprivation": 0.1330185970844365, "food_access_score": 20.0 }, "geometry": { "type": "Polygon", "coordinates": [ [ [ 2.126783552096845, 41.326316461619122 ], [ 2.127112711999219, 41.32453777415482 ], [ 2.129282473172678, 41.323968849043567 ], [ 2.131123169860027, 41.325178620010263 ], [ 2.1307940799198, 41.326957341482888 ], [ 2.128624223327201, 41.327526257981091 ], [ 2.126783552096845, 41.326316461619122 ] ] ] } },
{ "type": "Feature", "properties": { "h3_index": "893944603cfffff", "catchment_store_count": 139, "catchment_type_diversity": 5, "is_food_desert": false, "store_count": 8, "type_diversity": 3, "barri_name": "la Nova Esquerra de l'Eixample", "income_index": 25694.0, "c1_density": 0.46959459459459457, "c2_diversity": 0.83333333333333337, "c3_pressure": 0.55823152253660402, "c4_deprivation": 0.44176847746339598, "food_access_score": 55.450450450450461 }, "geometry": { "type": "Polygon", "coordinates": [ [ [ 2.142494832437692, 41.386501007155289 ], [ 2.142823942174631, 41.384723001036072 ], [ 2.144995441845996, 41.384154563388982 ], [ 2.146837927318012, 41.385364140439478 ], [ 2.146508887680642, 41.387142180501854 ], [ 2.144337292468821, 41.387710609571165 ], [ 2.142494832437692, 41.386501007155289 ] ] ] } },
{ "type": "Feature", "properties": { "h3_index": "89394462b47ffff", "catchment_store_count": 17, "catchment_type_diversity": 3, "is_food_desert": false, "store_count": 0, "type_diversity": 0, "barri_name": "la Verneda i la Pau", "income_index": 17668.0, "c1_density": 0.057432432432432436, "c2_diversity": 0.5, "c3_pressure": 0.81425244824396315, "c4_deprivation": 0.18574755175603688, "food_access_score": 32.297297297297298 }, "geometry": { "type": "Polygon", "coordinates": [ [ [ 2.196819781809024, 41.42811438627983 ], [ 2.197148069970636, 41.426336388729823 ], [ 2.199321315311142, 41.425767361566692 ], [ 2.201166368071658, 41.426976340429405 ], [ 2.200838150209795, 41.428754371826145 ], [ 2.198664809284811, 41.429323390514028 ], [ 2.196819781809024, 41.42811438627983 ] ] ] } },
{ "type": "Feature", "properties": { "h3_index": "89394461e5bffff", "catchment_store_count": 1, "catchment_type_diversity": 1, "is_food_desert": false, "store_count": 0, "type_diversity": 0, "barri_name": "la Marina del Prat Vermell", "income_index": 16015.0, "c1_density": 0.0033783783783783786, "c2_diversity": 0.16666666666666666, "c3_pressure": 0.86698140291556347, "c4_deprivation": 0.1330185970844365, "food_access_score": 23.468468468468469 }, "geometry": { "type": "Polygon", "coordinates": [ [ [ 2.118298245365998, 41.338693779812232 ], [ 2.118627606630555, 41.33691535788342 ], [ 2.120797578383444, 41.336346782574658 ], [ 2.122638284323612, 41.337556637822118 ], [ 2.122308993021157, 41.339335093759665 ], [ 2.120138925813566, 41.3399036604416 ], [ 2.118298245365998, 41.338693779812232 ] ] ] } },
{ "type": "Feature", "properties": { "h3_index": "89394460483ffff", "catchment_store_count": 0, "catchment_type_diversity": 0, "is_food_desert": true, "store_count": 0, "type_diversity": 0, "barri_name": "Vallvidrera, el Tibidabo i les Planes", "income_index": 32833.0, "c1_density": 0.0, "c2_diversity": 0.0, "c3_pressure": 0.33050496028581455, "c4_deprivation": 0.66949503971418545, "food_access_score": 20.0 }, "geometry": { "type": "Polygon", "coordinates": [ [ [ 2.112014688349577, 41.428297108450813 ], [ 2.112344511954571, 41.426520021523814 ], [ 2.114516702385776, 41.425952805295765 ], [ 2.116359164871778, 41.427162684622658 ], [ 2.116029411361902, 41.428939805496199 ], [ 2.113857125268028, 41.429507013096888 ], [ 2.112014688349577, 41.428297108450813 ] ] ] } },
{ "type": "Feature", "properties": { "h3_index": "89394460537ffff", "catchment_store_count": 85, "catchment_type_diversity": 5, "is_food_desert": false, "store_count": 6, "type_diversity": 3, "barri_name": "el Carmel", "income_index": 16109.5, "c1_density": 0.28716216216216217, "c2_diversity": 0.83333333333333337, "c3_pressure": 0.86396695269386581, "c4_deprivation": 0.13603304730613416, "food_access_score": 48.153153153153156 }, "geometry": { "type": "Polygon", "coordinates": [ [ [ 2.155660230613325, 41.42704073504008 ], [ 2.155989259776108, 41.425263162501786 ], [ 2.158161964245749, 41.424694998434724 ], [ 2.160005735169694, 41.425904415455769 ], [ 2.15967677620549, 41.427682021890206 ], [ 2.157503976115879, 41.428250177408039 ], [ 2.155660230613325, 41.42704073504008 ] ] ] } },
{ "type": "Feature", "properties": { "h3_index": "89394462e17ffff", "catchment_store_count": 0, "catchment_type_diversity": 0, "is_food_desert": true, "store_count": 0, "type_diversity": 0, "barri_name": "Horta", "income_index": 21854.0, "c1_density": 0.0, "c2_diversity": 0.0, "c3_pressure": 0.68072346805320749, "c4_deprivation": 0.31927653194679256, "food_access_score": 20.0 }, "geometry": { "type": "Polygon", "coordinates": [ [ [ 2.155728264991377, 41.449011055084398 ], [ 2.156057378378425, 41.44723379394744 ], [ 2.158230647997347, 41.446665928957984 ], [ 2.160074899895928, 41.447875333652448 ], [ 2.15974585674408, 41.449652628668382 ], [ 2.157572491455583, 41.450220485111473 ], [ 2.155728264991377, 41.449011055084398 ] ] ] } },
{ "type": "Feature", "properties": { "h3_index": "89394462ecbffff", "catchment_store_count": 0, "catchment_type_diversity": 0, "is_food_desert": true, "store_count": 0, "type_diversity": 0, "barri_name": "Horta", "income_index": 21854.0, "c1_density": 0.0, "c2_diversity": 0.0, "c3_pressure": 0.68072346805320749, "c4_deprivation": 0.31927653194679256, "food_access_score": 20.0 }, "geometry": { "type": "Polygon", "coordinates": [ [ [ 2.142162331298009, 41.444098878562336 ], [ 2.142491671103465, 41.44232169286321 ], [ 2.144664644934403, 41.441754049998856 ], [ 2.146508374627876, 41.442963601405516 ], [ 2.146179105016676, 41.444740821003407 ], [ 2.144006035514844, 41.445308455296448 ], [ 2.142162331298009, 41.444098878562336 ] ] ] } },
{ "type": "Feature", "properties": { "h3_index": "893944615a7ffff", "catchment_store_count": 6, "catchment_type_diversity": 3, "is_food_desert": false, "store_count": 0, "type_diversity": 0, "barri_name": "Pedralbes", "income_index": 42688.0, "c1_density": 0.020270270270270271, "c2_diversity": 0.5, "c3_pressure": 0.016140865737344079, "c4_deprivation": 0.98385913426265592, "food_access_score": 30.810810810810814 }, "geometry": { "type": "Polygon", "coordinates": [ [ [ 2.105388193300282, 41.3860579949163 ], [ 2.105717972095615, 41.38428038057809 ], [ 2.107888995613396, 41.383712727738434 ], [ 2.109730335906236, 41.384922697881954 ], [ 2.109400627120067, 41.386700346207341 ], [ 2.107229508029038, 41.387267990402606 ], [ 2.105388193300282, 41.3860579949163 ] ] ] } },
{ "type": "Feature", "properties": { "h3_index": "893944608bbffff", "catchment_store_count": 44, "catchment_type_diversity": 5, "is_food_desert": false, "store_count": 0, "type_diversity": 0, "barri_name": "Diagonal Mar i el Front Marítim del Poblenou", "income_index": 25619.0, "c1_density": 0.14864864864864866, "c2_diversity": 0.83333333333333337, "c3_pressure": 0.56062394334747512, "c4_deprivation": 0.43937605665252483, "food_access_score": 42.612612612612615 }, "geometry": { "type": "Polygon", "coordinates": [ [ [ 2.209777587445802, 41.402720240434505 ], [ 2.210105542506065, 41.400941744129007 ], [ 2.212278297235407, 41.400372093681121 ], [ 2.214123192416766, 41.401580947994432 ], [ 2.213795307645317, 41.403359478151032 ], [ 2.211622457400821, 41.403929120143808 ], [ 2.209777587445802, 41.402720240434505 ] ] ] } },
{ "type": "Feature", "properties": { "h3_index": "8939446319bffff", "catchment_store_count": 1, "catchment_type_diversity": 1, "is_food_desert": false, "store_count": 0, "type_diversity": 0, "barri_name": "Vallvidrera, el Tibidabo i les Planes", "income_index": 32833.0, "c1_density": 0.0033783783783783786, "c2_diversity": 0.16666666666666666, "c3_pressure": 0.33050496028581455, "c4_deprivation": 0.66949503971418545, "food_access_score": 23.468468468468469 }, "geometry": { "type": "Polygon", "coordinates": [ [ [ 2.07990424321251, 41.423151226364304 ], [ 2.080234627190384, 41.421374411197341 ], [ 2.082406282290895, 41.420807809111935 ], [ 2.084247649090768, 41.422018030879627 ], [ 2.083917335121752, 41.423794880034841 ], [ 2.081745584341133, 41.424361473434679 ], [ 2.07990424321251, 41.423151226364304 ] ] ] } },
{ "type": "Feature", "properties": { "h3_index": "89394460ad7ffff", "catchment_store_count": 32, "catchment_type_diversity": 4, "is_food_desert": false, "store_count": 10, "type_diversity": 3, "barri_name": "la Barceloneta", "income_index": 17877.0, "c1_density": 0.10810810810810811, "c2_diversity": 0.66666666666666663, "c3_pressure": 0.80758556891766886, "c4_deprivation": 0.19241443108233117, "food_access_score": 37.657657657657658 }, "geometry": { "type": "Polygon", "coordinates": [ [ [ 2.187115038141061, 41.379888939743466 ], [ 2.187443315023427, 41.378110362307588 ], [ 2.18961520209306, 41.377540883210727 ], [ 2.191458907762066, 41.378749990048817 ], [ 2.191130701075979, 41.380528601380284 ], [ 2.188958718521747, 41.381098071978627 ], [ 2.187115038141061, 41.379888939743466 ] ] ] } },
{ "type": "Feature", "properties": { "h3_index": "89394460007ffff", "catchment_store_count": 63, "catchment_type_diversity": 5, "is_food_desert": false, "store_count": 4, "type_diversity": 2, "barri_name": "Sant Gervasi - Galvany", "income_index": 35750.0, "c1_density": 0.21283783783783783, "c2_diversity": 0.83333333333333337, "c3_pressure": 0.23745574021499893, "c4_deprivation": 0.76254425978500107, "food_access_score": 45.180180180180187 }, "geometry": { "type": "Polygon", "coordinates": [ [ [ 2.137031084118754, 41.404847528845835 ], [ 2.137360364000919, 41.403069841104916 ], [ 2.139532265924476, 41.402501770743662 ], [ 2.141374983549858, 41.403711396709241 ], [ 2.141045773784449, 41.405489118385503 ], [ 2.138873776274037, 41.406057180161412 ], [ 2.137031084118754, 41.404847528845835 ] ] ] } },
{ "type": "Feature", "properties": { "h3_index": "89394461a93ffff", "catchment_store_count": 1, "catchment_type_diversity": 1, "is_food_desert": false, "store_count": 0, "type_diversity": 0, "barri_name": "la Marina del Prat Vermell", "income_index": 16015.0, "c1_density": 0.0033783783783783786, "c2_diversity": 0.16666666666666666, "c3_pressure": 0.86698140291556347, "c4_deprivation": 0.1330185970844365, "food_access_score": 23.468468468468469 }, "geometry": { "type": "Polygon", "coordinates": [ [ [ 2.140853332745899, 41.339551604993169 ], [ 2.141182289812535, 41.337772953157021 ], [ 2.143352565880063, 41.33720390906111 ], [ 2.145193980314237, 41.338413525388212 ], [ 2.144865093265559, 41.340192211205846 ], [ 2.142694721761885, 41.340761246715495 ], [ 2.140853332745899, 41.339551604993169 ] ] ] } },
{ "type": "Feature", "properties": { "h3_index": "893944600bbffff", "catchment_store_count": 59, "catchment_type_diversity": 5, "is_food_desert": false, "store_count": 5, "type_diversity": 4, "barri_name": "el Putxet i el Farró", "income_index": 28725.0, "c1_density": 0.19932432432432431, "c2_diversity": 0.83333333333333337, "c3_pressure": 0.46154582283326417, "c4_deprivation": 0.53845417716673583, "food_access_score": 44.639639639639647 }, "geometry": { "type": "Polygon", "coordinates": [ [ [ 2.136043167244341, 41.410180419725499 ], [ 2.136372485741184, 41.408402818159026 ], [ 2.13854451214399, 41.407834841785942 ], [ 2.14038731564686, 41.409044475566375 ], [ 2.140058067273226, 41.410822111065208 ], [ 2.137885945270615, 41.411390078851809 ], [ 2.136043167244341, 41.410180419725499 ] ] ] } },
{ "type": "Feature", "properties": { "h3_index": "89394462833ffff", "catchment_store_count": 4, "catchment_type_diversity": 1, "is_food_desert": false, "store_count": 1, "type_diversity": 1, "barri_name": "la Trinitat Vella", "income_index": 13022.0, "c1_density": 0.013513513513513514, "c2_diversity": 0.16666666666666666, "c3_pressure": 0.96245494274139531, "c4_deprivation": 0.037545057258604742, "food_access_score": 23.873873873873876 }, "geometry": { "type": "Polygon", "coordinates": [ [ [ 2.190377051763626, 41.451794270987911 ], [ 2.190705548526808, 41.450016678848741 ], [ 2.192879321912846, 41.449448112842731 ], [ 2.194724694176764, 41.450657147460348 ], [ 2.194396267737125, 41.452434773435463 ], [ 2.192222398707145, 41.453003330957614 ], [ 2.190377051763626, 41.451794270987911 ] ] ] } },
{ "type": "Feature", "properties": { "h3_index": "89394460e5bffff", "catchment_store_count": 173, "catchment_type_diversity": 6, "is_food_desert": false, "store_count": 10, "type_diversity": 4, "barri_name": "el Raval", "income_index": 13991.0, "c1_density": 0.58445945945945943, "c2_diversity": 1.0, "c3_pressure": 0.9315448658649399, "c4_deprivation": 0.068455134135060131, "food_access_score": 63.378378378378386 }, "geometry": { "type": "Polygon", "coordinates": [ [ [ 2.167568242419295, 41.385011536698769 ], [ 2.167896892854359, 41.383233240923033 ], [ 2.170068667558881, 41.382664248468501 ], [ 2.171911887339574, 41.383873560323238 ], [ 2.171583307062166, 41.38565189001369 ], [ 2.169411436843506, 41.386220873935244 ], [ 2.167568242419295, 41.385011536698769 ] ] ] } },
{ "type": "Feature", "properties": { "h3_index": "8939446016fffff", "catchment_store_count": 175, "catchment_type_diversity": 5, "is_food_desert": false, "store_count": 6, "type_diversity": 4, "barri_name": "la Dreta de l'Eixample", "income_index": 29588.0, "c1_density": 0.59121621621621623, "c2_diversity": 0.83333333333333337, "c3_pressure": 0.43401703403617342, "c4_deprivation": 0.56598296596382658, "food_access_score": 60.315315315315324 }, "geometry": { "type": "Polygon", "coordinates": [ [ [ 2.167110724644417, 41.398668159146922 ], [ 2.167439436363972, 41.396890061656322 ], [ 2.169611555631014, 41.396321265561788 ], [ 2.171455058720983, 41.39753057549062 ], [ 2.171126417180605, 41.399308706885897 ], [ 2.168954202368186, 41.399877494448269 ], [ 2.167110724644417, 41.398668159146922 ] ] ] } },
{ "type": "Feature", "properties": { "h3_index": "89394460223ffff", "catchment_store_count": 152, "catchment_type_diversity": 6, "is_food_desert": false, "store_count": 12, "type_diversity": 4, "barri_name": "Sants", "income_index": 22462.0, "c1_density": 0.51351351351351349, "c2_diversity": 1.0, "c3_pressure": 0.66132891001307859, "c4_deprivation": 0.33867108998692141, "food_access_score": 60.540540540540547 }, "geometry": { "type": "Polygon", "coordinates": [ [ [ 2.132954506832812, 41.382230657796399 ], [ 2.133283772471861, 41.380452693529172 ], [ 2.135455043285561, 41.37988440085423 ], [ 2.137297143996858, 41.381094081042463 ], [ 2.136967948427261, 41.382872079267393 ], [ 2.134796582074039, 41.383440363346942 ], [ 2.132954506832812, 41.382230657796399 ] ] ] } },
{ "type": "Feature", "properties": { "h3_index": "89394461cafffff", "catchment_store_count": 53, "catchment_type_diversity": 5, "is_food_desert": false, "store_count": 0, "type_diversity": 0, "barri_name": "la Font de la Guatlla", "income_index": 21527.0, "c1_density": 0.17905405405405406, "c2_diversity": 0.83333333333333337, "c3_pressure": 0.69115442278860573, "c4_deprivation": 0.30884557721139433, "food_access_score": 43.828828828828833 }, "geometry": { "type": "Polygon", "coordinates": [ [ [ 2.149469781547889, 41.371138787344819 ], [ 2.149798705478967, 41.369360489177154 ], [ 2.151969898501497, 41.368791692940171 ], [ 2.153812263089526, 41.37000120343852 ], [ 2.153483409249435, 41.371779535553017 ], [ 2.151312120727459, 41.372348323222916 ], [ 2.149469781547889, 41.371138787344819 ] ] ] } },
{ "type": "Feature", "properties": { "h3_index": "893944605cbffff", "catchment_store_count": 18, "catchment_type_diversity": 5, "is_food_desert": false, "store_count": 0, "type_diversity": 0, "barri_name": "Vallcarca i els Penitents", "income_index": 27507.0, "c1_density": 0.060810810810810814, "c2_diversity": 0.83333333333333337, "c3_pressure": 0.50039873680181191, "c4_deprivation": 0.49960126319818815, "food_access_score": 39.099099099099099 }, "geometry": { "type": "Polygon", "coordinates": [ [ [ 2.13156523149082, 41.423190497681119 ], [ 2.131894681618892, 41.421413128629496 ], [ 2.134066985903939, 41.420845425679566 ], [ 2.135909935691346, 41.422055100374749 ], [ 2.13558055569725, 41.4238325033539 ], [ 2.133408155778881, 41.424400197710931 ], [ 2.13156523149082, 41.423190497681119 ] ] ] } },
{ "type": "Feature", "properties": { "h3_index": "893944602d7ffff", "catchment_store_count": 9, "catchment_type_diversity": 3, "is_food_desert": false, "store_count": 1, "type_diversity": 1, "barri_name": "la Maternitat i Sant Ramon", "income_index": 25111.0, "c1_density": 0.030405405405405407, "c2_diversity": 0.5, "c3_pressure": 0.57682860697310923, "c4_deprivation": 0.42317139302689083, "food_access_score": 31.216216216216218 }, "geometry": { "type": "Polygon", "coordinates": [ [ [ 2.113413264561479, 41.387342578015925 ], [ 2.113742903327708, 41.385564895708598 ], [ 2.115914060432081, 41.384997089403619 ], [ 2.117755674336206, 41.386206974036376 ], [ 2.11742610560068, 41.387984690320451 ], [ 2.115254852927452, 41.38855248799559 ], [ 2.113413264561479, 41.387342578015925 ] ] ] } },
{ "type": "Feature", "properties": { "h3_index": "89394462a4fffff", "catchment_store_count": 47, "catchment_type_diversity": 6, "is_food_desert": false, "store_count": 0, "type_diversity": 0, "barri_name": "Can Baró", "income_index": 20590.0, "c1_density": 0.15878378378378377, "c2_diversity": 1.0, "c3_pressure": 0.72104373345242267, "c4_deprivation": 0.27895626654757727, "food_access_score": 46.351351351351347 }, "geometry": { "type": "Polygon", "coordinates": [ [ [ 2.167181716247308, 41.420644043228947 ], [ 2.167510512026662, 41.41886625657451 ], [ 2.169683196137487, 41.418297759353131 ], [ 2.171527180060996, 41.419507057316068 ], [ 2.171198454497447, 41.421284877858028 ], [ 2.169025674791696, 41.421853366550089 ], [ 2.167181716247308, 41.420644043228947 ] ] ] } },
{ "type": "Feature", "properties": { "h3_index": "89394461d63ffff", "catchment_store_count": 0, "catchment_type_diversity": 0, "is_food_desert": true, "store_count": 0, "type_diversity": 0, "barri_name": "la Marina del Prat Vermell", "income_index": 16015.0, "c1_density": 0.0, "c2_diversity": 0.0, "c3_pressure": 0.86698140291556347, "c4_deprivation": 0.1330185970844365, "food_access_score": 20.0 }, "geometry": { "type": "Polygon", "coordinates": [ [ [ 2.171511199949778, 41.363670094738815 ], [ 2.171839696278341, 41.361891454920354 ], [ 2.174010973093573, 41.361322086919813 ], [ 2.175853849039782, 41.362531367266769 ], [ 2.175525422843016, 41.364310041011827 ], [ 2.173354050565397, 41.364879400483936 ], [ 2.171511199949778, 41.363670094738815 ] ] ] } },
{ "type": "Feature", "properties": { "h3_index": "8939446038bffff", "catchment_store_count": 148, "catchment_type_diversity": 5, "is_food_desert": false, "store_count": 3, "type_diversity": 2, "barri_name": "l'Antiga Esquerra de l'Eixample", "income_index": 28407.0, "c1_density": 0.5, "c2_diversity": 0.83333333333333337, "c3_pressure": 0.47168968707135794, "c4_deprivation": 0.52831031292864206, "food_access_score": 56.666666666666664 }, "geometry": { "type": "Polygon", "coordinates": [ [ [ 2.145521691606125, 41.39247612851991 ], [ 2.145850769825443, 41.390698174544966 ], [ 2.148022460583079, 41.390129754050349 ], [ 2.149865168669723, 41.391339296102842 ], [ 2.149536160567212, 41.393117284012732 ], [ 2.147364374258369, 41.393685695935723 ], [ 2.145521691606125, 41.39247612851991 ] ] ] } },
{ "type": "Feature", "properties": { "h3_index": "89394462b03ffff", "catchment_store_count": 6, "catchment_type_diversity": 1, "is_food_desert": false, "store_count": 1, "type_diversity": 1, "barri_name": "el Bon Pastor", "income_index": 14841.0, "c1_density": 0.020270270270270271, "c2_diversity": 0.16666666666666666, "c3_pressure": 0.90443076334173345, "c4_deprivation": 0.09556923665826661, "food_access_score": 24.144144144144146 }, "geometry": { "type": "Polygon", "coordinates": [ [ [ 2.199853419576742, 41.434088293444383 ], [ 2.200181675963064, 41.432310348336543 ], [ 2.202355112477873, 41.431741338120808 ], [ 2.204200388198643, 41.432950281482604 ], [ 2.203872202129325, 41.434728260428969 ], [ 2.201698670019354, 41.435297262175624 ], [ 2.199853419576742, 41.434088293444383 ] ] ] } },
{ "type": "Feature", "properties": { "h3_index": "8939446ada3ffff", "catchment_store_count": 0, "catchment_type_diversity": 0, "is_food_desert": true, "store_count": 0, "type_diversity": 0, "barri_name": "la Marina del Prat Vermell", "income_index": 16015.0, "c1_density": 0.0, "c2_diversity": 0.0, "c3_pressure": 0.86698140291556347, "c4_deprivation": 0.1330185970844365, "food_access_score": 20.0 }, "geometry": { "type": "Polygon", "coordinates": [ [ [ 2.125795995269043, 41.331652352437722 ], [ 2.126125193732484, 41.32987375076349 ], [ 2.128295079126462, 41.329304919557707 ], [ 2.130135861486164, 41.33051469864094 ], [ 2.129806732991304, 41.332293334320575 ], [ 2.127636752165285, 41.332862156912121 ], [ 2.125795995269043, 41.331652352437722 ] ] ] } },
{ "type": "Feature", "properties": { "h3_index": "89394462c6bffff", "catchment_store_count": 1, "catchment_type_diversity": 1, "is_food_desert": false, "store_count": 0, "type_diversity": 0, "barri_name": "Torre Baró", "income_index": 12819.0, "c1_density": 0.0033783783783783786, "c2_diversity": 0.16666666666666666, "c3_pressure": 0.96893042840281984, "c4_deprivation": 0.031069571597180132, "food_access_score": 23.468468468468469 }, "geometry": { "type": "Polygon", "coordinates": [ [ [ 2.166794865830741, 41.456267331406124 ], [ 2.167123807082613, 41.454490055046428 ], [ 2.169297401361493, 41.453922053278795 ], [ 2.171142150061402, 41.455131336397031 ], [ 2.170813279083538, 41.456908646617038 ], [ 2.168639589128847, 41.457476639859074 ], [ 2.166794865830741, 41.456267331406124 ] ] ] } },
{ "type": "Feature", "properties": { "h3_index": "893944605a7ffff", "catchment_store_count": 52, "catchment_type_diversity": 5, "is_food_desert": false, "store_count": 0, "type_diversity": 0, "barri_name": "la Clota", "income_index": 20747.0, "c1_density": 0.17567567567567569, "c2_diversity": 0.83333333333333337, "c3_pressure": 0.71603559922166582, "c4_deprivation": 0.28396440077833424, "food_access_score": 43.693693693693703 }, "geometry": { "type": "Polygon", "coordinates": [ [ [ 2.154673065921882, 41.432373280096272 ], [ 2.155002133686949, 41.430595793840233 ], [ 2.157174962752329, 41.430027723756453 ], [ 2.159018819682718, 41.431237148479646 ], [ 2.158689822122687, 41.433014668628857 ], [ 2.156516897424382, 41.433582730162293 ], [ 2.154673065921882, 41.432373280096272 ] ] ] } },
{ "type": "Feature", "properties": { "h3_index": "8939446224fffff", "catchment_store_count": 1, "catchment_type_diversity": 1, "is_food_desert": false, "store_count": 0, "type_diversity": 0, "barri_name": "Vallvidrera, el Tibidabo i les Planes", "income_index": 32833.0, "c1_density": 0.0033783783783783786, "c2_diversity": 0.16666666666666666, "c3_pressure": 0.33050496028581455, "c4_deprivation": 0.66949503971418545, "food_access_score": 23.468468468468469 }, "geometry": { "type": "Polygon", "coordinates": [ [ [ 2.093455724676109, 41.428068838577445 ], [ 2.093785882929376, 41.426291947609457 ], [ 2.095957834582395, 41.42572512394603 ], [ 2.097799723658247, 41.426935199911796 ], [ 2.097469635454812, 41.42871212484831 ], [ 2.095297588122811, 41.429278939851088 ], [ 2.093455724676109, 41.428068838577445 ] ] ] } },
{ "type": "Feature", "properties": { "h3_index": "89394463157ffff", "catchment_store_count": 0, "catchment_type_diversity": 0, "is_food_desert": true, "store_count": 0, "type_diversity": 0, "barri_name": "Vallvidrera, el Tibidabo i les Planes", "income_index": 32833.0, "c1_density": 0.0, "c2_diversity": 0.0, "c3_pressure": 0.33050496028581455, "c4_deprivation": 0.66949503971418545, "food_access_score": 20.0 }, "geometry": { "type": "Polygon", "coordinates": [ [ [ 2.081886353459765, 41.412489904176624 ], [ 2.082216659994772, 41.410712916555575 ], [ 2.084388066382643, 41.410146126269034 ], [ 2.086229261886866, 41.411356332287454 ], [ 2.085899025347901, 41.413133353902708 ], [ 2.083727523305785, 41.413700135505913 ], [ 2.081886353459765, 41.412489904176624 ] ] ] } },
{ "type": "Feature", "properties": { "h3_index": "89394460a93ffff", "catchment_store_count": 32, "catchment_type_diversity": 3, "is_food_desert": false, "store_count": 0, "type_diversity": 0, "barri_name": "la Barceloneta", "income_index": 17877.0, "c1_density": 0.10810810810810811, "c2_diversity": 0.5, "c3_pressure": 0.80758556891766886, "c4_deprivation": 0.19241443108233117, "food_access_score": 34.32432432432433 }, "geometry": { "type": "Polygon", "coordinates": [ [ [ 2.190146004023932, 41.385864263274016 ], [ 2.190474249207669, 41.38408573799579 ], [ 2.19264632725185, 41.383516275892859 ], [ 2.194490255604717, 41.384725347561094 ], [ 2.194162080634523, 41.386503906726702 ], [ 2.191989907095057, 41.387073360337304 ], [ 2.190146004023932, 41.385864263274016 ] ] ] } },
{ "type": "Feature", "properties": { "h3_index": "89394460517ffff", "catchment_store_count": 60, "catchment_type_diversity": 5, "is_food_desert": false, "store_count": 0, "type_diversity": 0, "barri_name": "la Vall d'Hebron", "income_index": 22643.5, "c1_density": 0.20270270270270271, "c2_diversity": 0.83333333333333337, "c3_pressure": 0.65553925165077032, "c4_deprivation": 0.34446074834922963, "food_access_score": 44.77477477477477 }, "geometry": { "type": "Polygon", "coordinates": [ [ [ 2.145125925963308, 41.42810317132917 ], [ 2.145455149883797, 41.426325726688248 ], [ 2.147627749965974, 41.425757801787768 ], [ 2.149471221756794, 41.426967330096787 ], [ 2.149142068011182, 41.428744808645433 ], [ 2.146969372297, 41.429312724977919 ], [ 2.145125925963308, 41.42810317132917 ] ] ] } },
{ "type": "Feature", "properties": { "h3_index": "89394461833ffff", "catchment_store_count": 0, "catchment_type_diversity": 0, "is_food_desert": true, "store_count": 0, "type_diversity": 0, "barri_name": "la Marina del Prat Vermell", "income_index": 16015.0, "c1_density": 0.0, "c2_diversity": 0.0, "c3_pressure": 0.86698140291556347, "c4_deprivation": 0.1330185970844365, "food_access_score": 20.0 }, "geometry": { "type": "Polygon", "coordinates": [ [ [ 2.165454990214725, 41.351717981762064 ], [ 2.165783549735099, 41.349939237960193 ], [ 2.167954444754146, 41.349369835815267 ], [ 2.169796875690966, 41.350579186013476 ], [ 2.169468386268008, 41.352357963758344 ], [ 2.167297395807935, 41.352927357362574 ], [ 2.165454990214725, 41.351717981762064 ] ] ] } },
{ "type": "Feature", "properties": { "h3_index": "89394460cafffff", "catchment_store_count": 59, "catchment_type_diversity": 5, "is_food_desert": false, "store_count": 1, "type_diversity": 1, "barri_name": "Sant Martí de Provençals", "income_index": 19176.0, "c1_density": 0.19932432432432431, "c2_diversity": 0.83333333333333337, "c3_pressure": 0.76614884047338028, "c4_deprivation": 0.23385115952661967, "food_access_score": 44.63963963963964 }, "geometry": { "type": "Polygon", "coordinates": [ [ [ 2.198789318160498, 41.417445969695393 ], [ 2.19911752927997, 41.415667799651942 ], [ 2.201290525235842, 41.415098584692586 ], [ 2.203135405627933, 41.416307548250288 ], [ 2.20280726479525, 41.418085752146425 ], [ 2.200634173280815, 41.418654958632757 ], [ 2.198789318160498, 41.417445969695393 ] ] ] } },
{ "type": "Feature", "properties": { "h3_index": "89394460d63ffff", "catchment_store_count": 6, "catchment_type_diversity": 3, "is_food_desert": false, "store_count": 0, "type_diversity": 0, "barri_name": "Diagonal Mar i el Front Marítim del Poblenou", "income_index": 25619.0, "c1_density": 0.020270270270270271, "c2_diversity": 0.5, "c3_pressure": 0.56062394334747512, "c4_deprivation": 0.43937605665252483, "food_access_score": 30.810810810810814 }, "geometry": { "type": "Polygon", "coordinates": [ [ [ 2.220848047599182, 41.409973214622958 ], [ 2.221175830226331, 41.40819470294997 ], [ 2.223348908665261, 41.407624915488555 ], [ 2.225194299995403, 41.408833648135044 ], [ 2.224866587695792, 41.410612193640404 ], [ 2.222693413735606, 41.411181972667478 ], [ 2.220848047599182, 41.409973214622958 ] ] ] } },
{ "type": "Feature", "properties": { "h3_index": "89394460077ffff", "catchment_store_count": 68, "catchment_type_diversity": 5, "is_food_desert": false, "store_count": 2, "type_diversity": 2, "barri_name": "Sant Gervasi - Galvany", "income_index": 35750.0, "c1_density": 0.22972972972972974, "c2_diversity": 0.83333333333333337, "c3_pressure": 0.23745574021499893, "c4_deprivation": 0.76254425978500107, "food_access_score": 45.855855855855864 }, "geometry": { "type": "Polygon", "coordinates": [ [ [ 2.138018885155712, 41.399514379468926 ], [ 2.138348126429792, 41.397736605579674 ], [ 2.140519903887062, 41.397168441238826 ], [ 2.142362535641328, 41.398378059372057 ], [ 2.142033364477564, 41.400155867199615 ], [ 2.139861491446356, 41.400724022956233 ], [ 2.138018885155712, 41.399514379468926 ] ] ] } },
{ "type": "Feature", "properties": { "h3_index": "89394460e17ffff", "catchment_store_count": 94, "catchment_type_diversity": 5, "is_food_desert": false, "store_count": 5, "type_diversity": 4, "barri_name": "el Fort Pienc", "income_index": 24528.0, "c1_density": 0.31756756756756754, "c2_diversity": 0.83333333333333337, "c3_pressure": 0.59542569140961432, "c4_deprivation": 0.40457430859038568, "food_access_score": 49.369369369369373 }, "geometry": { "type": "Polygon", "coordinates": [ [ [ 2.180143876946634, 41.395254759167038 ], [ 2.180472339566088, 41.393476473852367 ], [ 2.182644533830103, 41.392907353257876 ], [ 2.184488360997497, 41.394116526487799 ], [ 2.184159968583018, 41.395894845694386 ], [ 2.181987678793308, 41.396463957779716 ], [ 2.180143876946634, 41.395254759167038 ] ] ] } },
{ "type": "Feature", "properties": { "h3_index": "89394462bdbffff", "catchment_store_count": 43, "catchment_type_diversity": 6, "is_food_desert": false, "store_count": 2, "type_diversity": 2, "barri_name": "Sant Andreu", "income_index": 22418.0, "c1_density": 0.14527027027027026, "c2_diversity": 1.0, "c3_pressure": 0.66273246355545634, "c4_deprivation": 0.33726753644454366, "food_access_score": 45.810810810810821 }, "geometry": { "type": "Polygon", "coordinates": [ [ [ 2.185296503601453, 41.434514149396307 ], [ 2.185625025288534, 41.432736365913563 ], [ 2.187798291453184, 41.432167672001313 ], [ 2.18964313153745, 41.433376770067483 ], [ 2.189314680132934, 41.435154587405592 ], [ 2.187141318358718, 41.435723272822713 ], [ 2.185296503601453, 41.434514149396307 ] ] ] } },
{ "type": "Feature", "properties": { "h3_index": "8939446012bffff", "catchment_store_count": 223, "catchment_type_diversity": 6, "is_food_desert": false, "store_count": 15, "type_diversity": 4, "barri_name": "la Sagrada Família", "income_index": 23450.5, "c1_density": 0.7533783783783784, "c2_diversity": 1.0, "c3_pressure": 0.62979680372579661, "c4_deprivation": 0.37020319627420334, "food_access_score": 70.135135135135144 }, "geometry": { "type": "Polygon", "coordinates": [ [ [ 2.170140415461169, 41.404642928785513 ], [ 2.170469095551409, 41.402864883536239 ], [ 2.172641405914554, 41.402296104502931 ], [ 2.174485131740637, 41.403505379245452 ], [ 2.174156521846772, 41.405283458391175 ], [ 2.171984115927567, 41.40585222889851 ], [ 2.170140415461169, 41.404642928785513 ] ] ] } },
{ "type": "Feature", "properties": { "h3_index": "893944628a3ffff", "catchment_store_count": 2, "catchment_type_diversity": 2, "is_food_desert": false, "store_count": 0, "type_diversity": 0, "barri_name": "la Trinitat Vella", "income_index": 13022.0, "c1_density": 0.0067567567567567571, "c2_diversity": 0.33333333333333331, "c3_pressure": 0.96245494274139531, "c4_deprivation": 0.037545057258604742, "food_access_score": 26.936936936936938 }, "geometry": { "type": "Polygon", "coordinates": [ [ [ 2.189391484347786, 41.457126874607468 ], [ 2.189720019674839, 41.455349368870166 ], [ 2.191893917824883, 41.454780896817006 ], [ 2.193739376301899, 41.45598993898669 ], [ 2.193410911304895, 41.457767478556974 ], [ 2.191236917497919, 41.458335942125174 ], [ 2.189391484347786, 41.457126874607468 ] ] ] } },
{ "type": "Feature", "properties": { "h3_index": "89394460ecbffff", "catchment_store_count": 160, "catchment_type_diversity": 5, "is_food_desert": false, "store_count": 3, "type_diversity": 2, "barri_name": "la Dreta de l'Eixample", "income_index": 29588.0, "c1_density": 0.54054054054054057, "c2_diversity": 0.83333333333333337, "c3_pressure": 0.43401703403617342, "c4_deprivation": 0.56598296596382658, "food_access_score": 58.288288288288292 }, "geometry": { "type": "Polygon", "coordinates": [ [ [ 2.166582214029395, 41.390346251879478 ], [ 2.166910903007542, 41.388568042179891 ], [ 2.169082802216805, 41.387999143633436 ], [ 2.170926107972146, 41.389208463321253 ], [ 2.170597489158104, 41.390986706932573 ], [ 2.16842549442175, 41.391555596944926 ], [ 2.166582214029395, 41.390346251879478 ] ] ] } },
{ "type": "Feature", "properties": { "h3_index": "89394461c6bffff", "catchment_store_count": 34, "catchment_type_diversity": 6, "is_food_desert": false, "store_count": 0, "type_diversity": 0, "barri_name": "la Marina del Prat Vermell", "income_index": 16015.0, "c1_density": 0.11486486486486487, "c2_diversity": 1.0, "c3_pressure": 0.86698140291556347, "c4_deprivation": 0.1330185970844365, "food_access_score": 44.594594594594597 }, "geometry": { "type": "Polygon", "coordinates": [ [ [ 2.141904531641516, 41.356199095485472 ], [ 2.142233534336164, 41.354420667318607 ], [ 2.144404249941832, 41.353851828200135 ], [ 2.146246058322649, 41.355061425831543 ], [ 2.145917125676018, 41.356839887965748 ], [ 2.1437463145977, 41.35740871850178 ], [ 2.141904531641516, 41.356199095485472 ] ] ] } },
{ "type": "Feature", "properties": { "h3_index": "89394460293ffff", "catchment_store_count": 35, "catchment_type_diversity": 5, "is_food_desert": false, "store_count": 0, "type_diversity": 0, "barri_name": "Pedralbes", "income_index": 42688.0, "c1_density": 0.11824324324324324, "c2_diversity": 0.83333333333333337, "c3_pressure": 0.016140865737344079, "c4_deprivation": 0.98385913426265592, "food_access_score": 41.396396396396398 }, "geometry": { "type": "Polygon", "coordinates": [ [ [ 2.116437322128353, 41.393317666992978 ], [ 2.116766929497485, 41.391540036801651 ], [ 2.118938277744935, 41.390972247753275 ], [ 2.120780114199951, 41.392182097520482 ], [ 2.120450576878706, 41.393959761680343 ], [ 2.118279133051677, 41.394527542105045 ], [ 2.116437322128353, 41.393317666992978 ] ] ] } },
{ "type": "Feature", "properties": { "h3_index": "89394460463ffff", "catchment_store_count": 0, "catchment_type_diversity": 0, "is_food_desert": true, "store_count": 0, "type_diversity": 0, "barri_name": "Sarrià", "income_index": 33795.0, "c1_density": 0.0, "c2_diversity": 0.0, "c3_pressure": 0.29981817601837379, "c4_deprivation": 0.70018182398162621, "food_access_score": 20.0 }, "geometry": { "type": "Polygon", "coordinates": [ [ [ 2.118996728983592, 41.412944682569901 ], [ 2.119326366512678, 41.411167302973759 ], [ 2.121498250383025, 41.410599727822934 ], [ 2.123340592343005, 41.411809540885571 ], [ 2.123011024900511, 41.413586954431985 ], [ 2.120839045408561, 41.414154520966093 ], [ 2.118996728983592, 41.412944682569901 ] ] ] } },
{ "type": "Feature", "properties": { "h3_index": "89394462a0bffff", "catchment_store_count": 50, "catchment_type_diversity": 6, "is_food_desert": false, "store_count": 1, "type_diversity": 1, "barri_name": "el Guinardó", "income_index": 21610.0, "c1_density": 0.16891891891891891, "c2_diversity": 1.0, "c3_pressure": 0.68850681042457496, "c4_deprivation": 0.31149318957542504, "food_access_score": 46.756756756756765 }, "geometry": { "type": "Polygon", "coordinates": [ [ [ 2.170212200668711, 41.426618166982678 ], [ 2.17054096480202, 41.424840432694225 ], [ 2.172713840108051, 41.424271952528414 ], [ 2.17455804688351, 41.425481215174784 ], [ 2.174229352983244, 41.42725898334254 ], [ 2.172056382071575, 41.427827454985177 ], [ 2.170212200668711, 41.426618166982678 ] ] ] } },
{ "type": "Feature", "properties": { "h3_index": "8939446adc7ffff", "catchment_store_count": 2, "catchment_type_diversity": 1, "is_food_desert": false, "store_count": 0, "type_diversity": 0, "barri_name": "la Marina del Prat Vermell", "income_index": 16015.0, "c1_density": 0.0067567567567567571, "c2_diversity": 0.16666666666666666, "c3_pressure": 0.86698140291556347, "c4_deprivation": 0.1330185970844365, "food_access_score": 23.603603603603602 }, "geometry": { "type": "Polygon", "coordinates": [ [ [ 2.112254174049042, 41.326740241460094 ], [ 2.112583598025323, 41.324961715952661 ], [ 2.114753188012986, 41.324393106105951 ], [ 2.116593449454767, 41.325603030406349 ], [ 2.116264095406259, 41.327381589938909 ], [ 2.114094409985331, 41.327950191146535 ], [ 2.112254174049042, 41.326740241460094 ] ] ] } },
{ "type": "Feature", "properties": { "h3_index": "89394460347ffff", "catchment_store_count": 144, "catchment_type_diversity": 5, "is_food_desert": false, "store_count": 6, "type_diversity": 4, "barri_name": "la Nova Esquerra de l'Eixample", "income_index": 25694.0, "c1_density": 0.48648648648648651, "c2_diversity": 0.83333333333333337, "c3_pressure": 0.55823152253660402, "c4_deprivation": 0.44176847746339598, "food_access_score": 56.126126126126131 }, "geometry": { "type": "Polygon", "coordinates": [ [ [ 2.147495968015929, 41.38180797424765 ], [ 2.147824969077948, 41.380029848124011 ], [ 2.149996410942105, 41.379461239740941 ], [ 2.151838947266681, 41.380670766051473 ], [ 2.151510016308546, 41.382448926115991 ], [ 2.149338478919095, 41.383017525929695 ], [ 2.147495968015929, 41.38180797424765 ] ] ] } },
{ "type": "Feature", "properties": { "h3_index": "89394461e3bffff", "catchment_store_count": 1, "catchment_type_diversity": 1, "is_food_desert": false, "store_count": 1, "type_diversity": 1, "barri_name": "la Marina del Prat Vermell", "income_index": 16015.0, "c1_density": 0.0033783783783783786, "c2_diversity": 0.16666666666666666, "c3_pressure": 0.86698140291556347, "c4_deprivation": 0.1330185970844365, "food_access_score": 23.468468468468469 }, "geometry": { "type": "Polygon", "coordinates": [ [ [ 2.135854617080084, 41.344246561179318 ], [ 2.136183682708902, 41.342468029181312 ], [ 2.138354016477432, 41.341899155702478 ], [ 2.140195380065558, 41.343108822816909 ], [ 2.139866384450411, 41.344887388798675 ], [ 2.137695955230623, 41.345456253682819 ], [ 2.135854617080084, 41.344246561179318 ] ] ] } },
{ "type": "Feature", "properties": { "h3_index": "89394461dd3ffff", "catchment_store_count": 125, "catchment_type_diversity": 5, "is_food_desert": false, "store_count": 7, "type_diversity": 3, "barri_name": "el Poble-sec", "income_index": 18196.5, "c1_density": 0.42229729729729731, "c2_diversity": 0.83333333333333337, "c3_pressure": 0.79739385626335768, "c4_deprivation": 0.20260614373664232, "food_access_score": 53.558558558558559 }, "geometry": { "type": "Polygon", "coordinates": [ [ [ 2.154997047041737, 41.37476733467004 ], [ 2.155325885107726, 41.372989028587511 ], [ 2.157497240204453, 41.372420164125153 ], [ 2.159339852734893, 41.373629614302651 ], [ 2.159011084779232, 41.375407954322661 ], [ 2.15683963417993, 41.375976810228288 ], [ 2.154997047041737, 41.37476733467004 ] ] ] } },
{ "type": "Feature", "properties": { "h3_index": "89394462b73ffff", "catchment_store_count": 14, "catchment_type_diversity": 4, "is_food_desert": false, "store_count": 0, "type_diversity": 0, "barri_name": "la Verneda i la Pau", "income_index": 17668.0, "c1_density": 0.0472972972972973, "c2_diversity": 0.66666666666666663, "c3_pressure": 0.81425244824396315, "c4_deprivation": 0.18574755175603688, "food_access_score": 35.22522522522523 }, "geometry": { "type": "Polygon", "coordinates": [ [ [ 2.200838150209795, 41.428754371826145 ], [ 2.201166368071658, 41.426976340429405 ], [ 2.203339679861708, 41.426407236309039 ], [ 2.205184869369244, 41.42761617205398 ], [ 2.204856721817884, 41.429394237292193 ], [ 2.202683314445626, 41.429963332944595 ], [ 2.200838150209795, 41.428754371826145 ] ] ] } },
{ "type": "Feature", "properties": { "h3_index": "893944604afffff", "catchment_store_count": 0, "catchment_type_diversity": 0, "is_food_desert": true, "store_count": 0, "type_diversity": 0, "barri_name": "Sant Genís dels Agudells", "income_index": 19094.0, "c1_density": 0.0, "c2_diversity": 0.0, "c3_pressure": 0.76876455389326614, "c4_deprivation": 0.23123544610673386, "food_access_score": 20.0 }, "geometry": { "type": "Polygon", "coordinates": [ [ [ 2.125048269910305, 41.424893188006706 ], [ 2.125377844543604, 41.423115912982837 ], [ 2.1275501109326, 41.422548372280367 ], [ 2.12939289832848, 41.423758115206766 ], [ 2.12906339381618, 41.425535424164494 ], [ 2.126891031784117, 41.426102956262575 ], [ 2.125048269910305, 41.424893188006706 ] ] ] } },
{ "type": "Feature", "properties": { "h3_index": "89394462c27ffff", "catchment_store_count": 2, "catchment_type_diversity": 2, "is_food_desert": false, "store_count": 0, "type_diversity": 0, "barri_name": "Vallbona", "income_index": 13420.0, "c1_density": 0.0067567567567567571, "c2_diversity": 0.33333333333333331, "c3_pressure": 0.94975916297170559, "c4_deprivation": 0.050240837028294363, "food_access_score": 26.936936936936938 }, "geometry": { "type": "Polygon", "coordinates": [ [ [ 2.179380914898082, 41.466509329666408 ], [ 2.179709668026313, 41.464732064480856 ], [ 2.181883682580953, 41.464163934336334 ], [ 2.183729039691876, 41.465373077879704 ], [ 2.183400356885083, 41.467150376902786 ], [ 2.181226246643058, 41.467718498545544 ], [ 2.179380914898082, 41.466509329666408 ] ] ] } },
{ "type": "Feature", "properties": { "h3_index": "89394460563ffff", "catchment_store_count": 52, "catchment_type_diversity": 5, "is_food_desert": false, "store_count": 6, "type_diversity": 5, "barri_name": "Vallcarca i els Penitents", "income_index": 27507.0, "c1_density": 0.17567567567567569, "c2_diversity": 0.83333333333333337, "c3_pressure": 0.50039873680181191, "c4_deprivation": 0.49960126319818815, "food_access_score": 43.693693693693703 }, "geometry": { "type": "Polygon", "coordinates": [ [ [ 2.147101076414331, 41.417438072189391 ], [ 2.147430223111185, 41.415660455051096 ], [ 2.149602574092458, 41.415092342169416 ], [ 2.151445873980086, 41.416301854992405 ], [ 2.15111679744521, 41.418079506044386 ], [ 2.148944350857843, 41.41864761036031 ], [ 2.147101076414331, 41.417438072189391 ] ] ] } },
{ "type": "Feature", "properties": { "h3_index": "89394460617ffff", "catchment_store_count": 0, "catchment_type_diversity": 0, "is_food_desert": true, "store_count": 0, "type_diversity": 0, "barri_name": "Sarrià", "income_index": 33795.0, "c1_density": 0.0, "c2_diversity": 0.0, "c3_pressure": 0.29981817601837379, "c4_deprivation": 0.70018182398162621, "food_access_score": 20.0 }, "geometry": { "type": "Polygon", "coordinates": [ [ [ 2.106432668292473, 41.402697889616299 ], [ 2.106762493037848, 41.400920499629649 ], [ 2.108933956446093, 41.400353052130022 ], [ 2.110775690715924, 41.401563003258104 ], [ 2.110445936009753, 41.403340427217763 ], [ 2.108274376991659, 41.403907866076899 ], [ 2.106432668292473, 41.402697889616299 ] ] ] } },
{ "type": "Feature", "properties": { "h3_index": "89394462e43ffff", "catchment_store_count": 3, "catchment_type_diversity": 3, "is_food_desert": false, "store_count": 0, "type_diversity": 0, "barri_name": "Montbau", "income_index": 20566.5, "c1_density": 0.010135135135135136, "c2_diversity": 0.5, "c3_pressure": 0.72179335863982907, "c4_deprivation": 0.27820664136017098, "food_access_score": 30.405405405405411 }, "geometry": { "type": "Polygon", "coordinates": [ [ [ 2.147166875220368, 41.439409075860929 ], [ 2.147496106203116, 41.437631769920031 ], [ 2.149669022150529, 41.437063956158113 ], [ 2.151512802768028, 41.438273456900603 ], [ 2.151183641983845, 41.440050796738028 ], [ 2.149010630380725, 41.440618601937018 ], [ 2.147166875220368, 41.439409075860929 ] ] ] } },
{ "type": "Feature", "properties": { "h3_index": "893944603afffff", "catchment_store_count": 132, "catchment_type_diversity": 5, "is_food_desert": false, "store_count": 13, "type_diversity": 3, "barri_name": "l'Antiga Esquerra de l'Eixample", "income_index": 28407.0, "c1_density": 0.44594594594594594, "c2_diversity": 0.83333333333333337, "c3_pressure": 0.47168968707135794, "c4_deprivation": 0.52831031292864206, "food_access_score": 54.504504504504503 }, "geometry": { "type": "Polygon", "coordinates": [ [ [ 2.160066467041029, 41.392052529165106 ], [ 2.160395280524041, 41.39027441338861 ], [ 2.162567142155022, 41.389705677056725 ], [ 2.164410285837041, 41.390915065047487 ], [ 2.164081542505247, 41.392693214742103 ], [ 2.161909585337356, 41.393261942528419 ], [ 2.160066467041029, 41.392052529165106 ] ] ] } },
{ "type": "Feature", "properties": { "h3_index": "89394462373ffff", "catchment_store_count": 0, "catchment_type_diversity": 0, "is_food_desert": true, "store_count": 0, "type_diversity": 0, "barri_name": "Montbau", "income_index": 20566.5, "c1_density": 0.0, "c2_diversity": 0.0, "c3_pressure": 0.72179335863982907, "c4_deprivation": 0.27820664136017098, "food_access_score": 20.0 }, "geometry": { "type": "Polygon", "coordinates": [ [ [ 2.127086096199441, 41.436198673938932 ], [ 2.127415678013395, 41.434421537559118 ], [ 2.129588260225119, 41.433854108099794 ], [ 2.131431356286777, 41.435063823620169 ], [ 2.131101844617513, 41.436840993922651 ], [ 2.128929166738998, 41.437408414782659 ], [ 2.127086096199441, 41.436198673938932 ] ] ] } },
{ "type": "Feature", "properties": { "h3_index": "8939446ad13ffff", "catchment_store_count": 2, "catchment_type_diversity": 1, "is_food_desert": false, "store_count": 0, "type_diversity": 0, "barri_name": "la Marina del Prat Vermell", "income_index": 16015.0, "c1_density": 0.0067567567567567571, "c2_diversity": 0.16666666666666666, "c3_pressure": 0.86698140291556347, "c4_deprivation": 0.1330185970844365, "food_access_score": 23.603603603603602 }, "geometry": { "type": "Polygon", "coordinates": [ [ [ 2.116264095406259, 41.327381589938909 ], [ 2.116593449454767, 41.325603030406349 ], [ 2.118763106119591, 41.325034343909046 ], [ 2.120603504164106, 41.326244225576701 ], [ 2.120274220054125, 41.328022819129181 ], [ 2.118104467958224, 41.328591496994662 ], [ 2.116264095406259, 41.327381589938909 ] ] ] } },
{ "type": "Feature", "properties": { "h3_index": "89394463113ffff", "catchment_store_count": 0, "catchment_type_diversity": 0, "is_food_desert": true, "store_count": 0, "type_diversity": 0, "barri_name": "Vallvidrera, el Tibidabo i les Planes", "income_index": 32833.0, "c1_density": 0.0, "c2_diversity": 0.0, "c3_pressure": 0.33050496028581455, "c4_deprivation": 0.66949503971418545, "food_access_score": 20.0 }, "geometry": { "type": "Polygon", "coordinates": [ [ [ 2.084908238309004, 41.418464246320333 ], [ 2.085238513559693, 41.416687310922057 ], [ 2.087410111261408, 41.416120537999099 ], [ 2.089251529374562, 41.417330709152182 ], [ 2.088921324137076, 41.419107678536484 ], [ 2.086749630770367, 41.419674442782267 ], [ 2.084908238309004, 41.418464246320333 ] ] ] } },
{ "type": "Feature", "properties": { "h3_index": "89394461d87ffff", "catchment_store_count": 182, "catchment_type_diversity": 6, "is_food_desert": false, "store_count": 10, "type_diversity": 3, "barri_name": "el Raval", "income_index": 13991.0, "c1_density": 0.61486486486486491, "c2_diversity": 1.0, "c3_pressure": 0.9315448658649399, "c4_deprivation": 0.068455134135060131, "food_access_score": 64.594594594594597 }, "geometry": { "type": "Polygon", "coordinates": [ [ [ 2.16855415518654, 41.379676563315812 ], [ 2.168882767085099, 41.37789818149011 ], [ 2.171054417297822, 41.377329095136119 ], [ 2.172897551110314, 41.378538399140247 ], [ 2.172569009362928, 41.380316814883621 ], [ 2.170397263648999, 41.38088589270577 ], [ 2.16855415518654, 41.379676563315812 ] ] ] } },
{ "type": "Feature", "properties": { "h3_index": "893944631c7ffff", "catchment_store_count": 0, "catchment_type_diversity": 0, "is_food_desert": true, "store_count": 0, "type_diversity": 0, "barri_name": "Vallvidrera, el Tibidabo i les Planes", "income_index": 32833.0, "c1_density": 0.0, "c2_diversity": 0.0, "c3_pressure": 0.33050496028581455, "c4_deprivation": 0.66949503971418545, "food_access_score": 20.0 }, "geometry": { "type": "Polygon", "coordinates": [ [ [ 2.080895356419936, 41.417820694617561 ], [ 2.081225701673075, 41.416043793210498 ], [ 2.083397232410816, 41.415477097020258 ], [ 2.085238513559693, 41.416687310922057 ], [ 2.084908238309004, 41.418464246320333 ], [ 2.082736611904109, 41.41903093382615 ], [ 2.080895356419936, 41.417820694617561 ] ] ] } },
{ "type": "Feature", "properties": { "h3_index": "89394462a73ffff", "catchment_store_count": 78, "catchment_type_diversity": 6, "is_food_desert": false, "store_count": 4, "type_diversity": 2, "barri_name": "el Guinardó", "income_index": 21610.0, "c1_density": 0.26351351351351349, "c2_diversity": 1.0, "c3_pressure": 0.68850681042457496, "c4_deprivation": 0.31149318957542504, "food_access_score": 50.540540540540547 }, "geometry": { "type": "Polygon", "coordinates": [ [ [ 2.172713840108051, 41.424271952528414 ], [ 2.173042549842107, 41.422494158168902 ], [ 2.175215396119351, 41.421925592576983 ], [ 2.177059628257692, 41.423134829864154 ], [ 2.176730988758798, 41.424912658101839 ], [ 2.17455804688351, 41.425481215174784 ], [ 2.172713840108051, 41.424271952528414 ] ] ] } },
{ "type": "Feature", "properties": { "h3_index": "893944618a3ffff", "catchment_store_count": 0, "catchment_type_diversity": 0, "is_food_desert": true, "store_count": 0, "type_diversity": 0, "barri_name": "la Marina del Prat Vermell", "income_index": 16015.0, "c1_density": 0.0, "c2_diversity": 0.0, "c3_pressure": 0.86698140291556347, "c4_deprivation": 0.1330185970844365, "food_access_score": 20.0 }, "geometry": { "type": "Polygon", "coordinates": [ [ [ 2.164469234622018, 41.357054041347389 ], [ 2.164797832658905, 41.355275383458569 ], [ 2.166968852079108, 41.354706075182619 ], [ 2.168811368913506, 41.35591543333792 ], [ 2.16848284098049, 41.357694125166773 ], [ 2.166311726106342, 41.358263424900876 ], [ 2.164469234622018, 41.357054041347389 ] ] ] } },
{ "type": "Feature", "properties": { "h3_index": "89394460c6bffff", "catchment_store_count": 72, "catchment_type_diversity": 5, "is_food_desert": false, "store_count": 0, "type_diversity": 0, "barri_name": "el Parc i la Llacuna del Poblenou", "income_index": 24245.0, "c1_density": 0.24324324324324326, "c2_diversity": 0.83333333333333337, "c3_pressure": 0.6044530926026348, "c4_deprivation": 0.39554690739736514, "food_access_score": 46.396396396396398 }, "geometry": { "type": "Polygon", "coordinates": [ [ [ 2.191207928381462, 41.402509647763623 ], [ 2.191536218864691, 41.400731346923628 ], [ 2.193708737107882, 41.400162089552893 ], [ 2.195553060396836, 41.401371141511177 ], [ 2.195224840157293, 41.403149476224392 ], [ 2.193052226382253, 41.403718725106692 ], [ 2.191207928381462, 41.402509647763623 ] ] ] } },
{ "type": "Feature", "properties": { "h3_index": "89394461a0bffff", "catchment_store_count": 0, "catchment_type_diversity": 0, "is_food_desert": true, "store_count": 0, "type_diversity": 0, "barri_name": "la Marina del Prat Vermell", "income_index": 16015.0, "c1_density": 0.0, "c2_diversity": 0.0, "c3_pressure": 0.86698140291556347, "c4_deprivation": 0.1330185970844365, "food_access_score": 20.0 }, "geometry": { "type": "Polygon", "coordinates": [ [ [ 2.145325789939552, 41.326531209519011 ], [ 2.145654615664117, 41.324752326166525 ], [ 2.147824614312801, 41.324183009013311 ], [ 2.149665882636816, 41.325392583792933 ], [ 2.149337126919506, 41.32717150113173 ], [ 2.147167032868068, 41.327740809705176 ], [ 2.145325789939552, 41.326531209519011 ] ] ] } },
{ "type": "Feature", "properties": { "h3_index": "89394460033ffff", "catchment_store_count": 86, "catchment_type_diversity": 5, "is_food_desert": false, "store_count": 3, "type_diversity": 2, "barri_name": "Sant Gervasi - Galvany", "income_index": 35750.0, "c1_density": 0.29054054054054052, "c2_diversity": 0.83333333333333337, "c3_pressure": 0.23745574021499893, "c4_deprivation": 0.76254425978500107, "food_access_score": 48.288288288288292 }, "geometry": { "type": "Polygon", "coordinates": [ [ [ 2.141045773784449, 41.405489118385503 ], [ 2.141374983549858, 41.403711396709241 ], [ 2.14354695216036, 41.403143249533784 ], [ 2.145389806587213, 41.404352832613228 ], [ 2.145060666949333, 41.406130588219575 ], [ 2.142888602754187, 41.406698726816977 ], [ 2.141045773784449, 41.405489118385503 ] ] ] } },
{ "type": "Feature", "properties": { "h3_index": "89394460dd3ffff", "catchment_store_count": 41, "catchment_type_diversity": 5, "is_food_desert": false, "store_count": 3, "type_diversity": 2, "barri_name": "la Verneda i la Pau", "income_index": 17668.0, "c1_density": 0.13851351351351351, "c2_diversity": 0.83333333333333337, "c3_pressure": 0.81425244824396315, "c4_deprivation": 0.18574755175603688, "food_access_score": 42.207207207207212 }, "geometry": { "type": "Polygon", "coordinates": [ [ [ 2.204324131698371, 41.421072875691458 ], [ 2.204652256636849, 41.419294697986757 ], [ 2.206825414572764, 41.418725414548682 ], [ 2.208670543128986, 41.419934317278567 ], [ 2.208342488496647, 41.421712528826582 ], [ 2.206169234999097, 41.422281803802008 ], [ 2.204324131698371, 41.421072875691458 ] ] ] } },
{ "type": "Feature", "properties": { "h3_index": "89394460e87ffff", "catchment_store_count": 125, "catchment_type_diversity": 6, "is_food_desert": false, "store_count": 4, "type_diversity": 3, "barri_name": "el Fort Pienc", "income_index": 24528.0, "c1_density": 0.42229729729729731, "c2_diversity": 1.0, "c3_pressure": 0.59542569140961432, "c4_deprivation": 0.40457430859038568, "food_access_score": 56.891891891891888 }, "geometry": { "type": "Polygon", "coordinates": [ [ [ 2.179158412029067, 41.400589442865275 ], [ 2.179486913178849, 41.398811243676406 ], [ 2.181659232012271, 41.398242216980641 ], [ 2.183503145231656, 41.399451397984627 ], [ 2.1831747142933, 41.401229631062456 ], [ 2.181002299921259, 41.40179864924793 ], [ 2.179158412029067, 41.400589442865275 ] ] ] } },
{ "type": "Feature", "properties": { "h3_index": "8939446019bffff", "catchment_store_count": 68, "catchment_type_diversity": 5, "is_food_desert": false, "store_count": 0, "type_diversity": 0, "barri_name": "la Salut", "income_index": 26080.0, "c1_density": 0.22972972972972974, "c2_diversity": 0.83333333333333337, "c3_pressure": 0.54591853009665381, "c4_deprivation": 0.45408146990334619, "food_access_score": 45.855855855855857 }, "geometry": { "type": "Polygon", "coordinates": [ [ [ 2.153618291622033, 41.415733665259182 ], [ 2.15394731377494, 41.413955954142054 ], [ 2.15611970246391, 41.413387678994845 ], [ 2.157963164593359, 41.414597123519627 ], [ 2.157634212615314, 41.416374868544082 ], [ 2.155461728330073, 41.416943135137025 ], [ 2.153618291622033, 41.415733665259182 ] ] ] } },
{ "type": "Feature", "properties": { "h3_index": "89394461c27ffff", "catchment_store_count": 2, "catchment_type_diversity": 2, "is_food_desert": false, "store_count": 0, "type_diversity": 0, "barri_name": "el Poble-sec", "income_index": 18196.5, "c1_density": 0.0067567567567567571, "c2_diversity": 0.33333333333333331, "c3_pressure": 0.79739385626335768, "c4_deprivation": 0.20260614373664232, "food_access_score": 26.936936936936938 }, "geometry": { "type": "Polygon", "coordinates": [ [ [ 2.154469932219094, 41.36644445321798 ], [ 2.154798747510054, 41.364666035117786 ], [ 2.156969882695323, 41.364097068187966 ], [ 2.158812298071025, 41.365306527917589 ], [ 2.158483552875368, 41.367084979962385 ], [ 2.156312322205837, 41.367653938333525 ], [ 2.154469932219094, 41.36644445321798 ] ] ] } },
{ "type": "Feature", "properties": { "h3_index": "89394460303ffff", "catchment_store_count": 162, "catchment_type_diversity": 5, "is_food_desert": false, "store_count": 11, "type_diversity": 5, "barri_name": "la Nova Esquerra de l'Eixample", "income_index": 25694.0, "c1_density": 0.54729729729729726, "c2_diversity": 0.83333333333333337, "c3_pressure": 0.55823152253660402, "c4_deprivation": 0.44176847746339598, "food_access_score": 58.558558558558559 }, "geometry": { "type": "Polygon", "coordinates": [ [ [ 2.150523146297812, 41.387783234186898 ], [ 2.150852115824851, 41.386005160186613 ], [ 2.153023748744959, 41.385436568939191 ], [ 2.154866507671176, 41.386646060255849 ], [ 2.154537608265244, 41.388424168188806 ], [ 2.152365879809117, 41.388992750873008 ], [ 2.150523146297812, 41.387783234186898 ] ] ] } },
{ "type": "Feature", "properties": { "h3_index": "89394462a7bffff", "catchment_store_count": 89, "catchment_type_diversity": 6, "is_food_desert": false, "store_count": 6, "type_diversity": 3, "barri_name": "el Guinardó", "income_index": 21610.0, "c1_density": 0.30067567567567566, "c2_diversity": 1.0, "c3_pressure": 0.68850681042457496, "c4_deprivation": 0.31149318957542504, "food_access_score": 52.027027027027032 }, "geometry": { "type": "Polygon", "coordinates": [ [ [ 2.171198454497447, 41.421284877858028 ], [ 2.171527180060996, 41.419507057316068 ], [ 2.173699930745579, 41.418938483202119 ], [ 2.175544051456374, 41.420147738152757 ], [ 2.175215396119351, 41.421925592576983 ], [ 2.173042549842107, 41.422494158168902 ], [ 2.171198454497447, 41.421284877858028 ] ] ] } },
{ "type": "Feature", "properties": { "h3_index": "89394461d8fffff", "catchment_store_count": 154, "catchment_type_diversity": 6, "is_food_desert": false, "store_count": 8, "type_diversity": 5, "barri_name": "el Poble-sec", "income_index": 18196.5, "c1_density": 0.52027027027027029, "c2_diversity": 1.0, "c3_pressure": 0.79739385626335768, "c4_deprivation": 0.20260614373664232, "food_access_score": 60.810810810810814 }, "geometry": { "type": "Polygon", "coordinates": [ [ [ 2.167039769931256, 41.376688834577315 ], [ 2.167368397633988, 41.37491042669803 ], [ 2.169539952350875, 41.374341331809127 ], [ 2.171382974857979, 41.375550653335019 ], [ 2.171054417297822, 41.377329095136119 ], [ 2.168882767085099, 41.37789818149011 ], [ 2.167039769931256, 41.376688834577315 ] ] ] } },
{ "type": "Feature", "properties": { "h3_index": "8939446ad1bffff", "catchment_store_count": 2, "catchment_type_diversity": 1, "is_food_desert": false, "store_count": 0, "type_diversity": 0, "barri_name": "la Marina del Prat Vermell", "income_index": 16015.0, "c1_density": 0.0067567567567567571, "c2_diversity": 0.16666666666666666, "c3_pressure": 0.86698140291556347, "c4_deprivation": 0.1330185970844365, "food_access_score": 23.603603603603602 }, "geometry": { "type": "Polygon", "coordinates": [ [ [ 2.114753188012986, 41.324393106105951 ], [ 2.115082557737383, 41.322614520698011 ], [ 2.117252118976489, 41.322045825565851 ], [ 2.119092405914044, 41.323255724477079 ], [ 2.118763106119591, 41.325034343909046 ], [ 2.116593449454767, 41.325603030406349 ], [ 2.114753188012986, 41.324393106105951 ] ] ] } },
{ "type": "Feature", "properties": { "h3_index": "893944603b7ffff", "catchment_store_count": 212, "catchment_type_diversity": 5, "is_food_desert": false, "store_count": 2, "type_diversity": 2, "barri_name": "la Dreta de l'Eixample", "income_index": 29588.0, "c1_density": 0.71621621621621623, "c2_diversity": 0.83333333333333337, "c3_pressure": 0.43401703403617342, "c4_deprivation": 0.56598296596382658, "food_access_score": 65.315315315315331 }, "geometry": { "type": "Polygon", "coordinates": [ [ [ 2.159079949468216, 41.397386704278588 ], [ 2.159408801513856, 41.395608674613008 ], [ 2.161580787649724, 41.395040032211682 ], [ 2.16342401728693, 41.396249428023246 ], [ 2.163095235398957, 41.398027491603948 ], [ 2.160923153713222, 41.39859612545856 ], [ 2.159079949468216, 41.397386704278588 ] ] ] } },
{ "type": "Feature", "properties": { "h3_index": "89394461e43ffff", "catchment_store_count": 0, "catchment_type_diversity": 0, "is_food_desert": true, "store_count": 0, "type_diversity": 0, "barri_name": "la Marina del Prat Vermell", "income_index": 16015.0, "c1_density": 0.0, "c2_diversity": 0.0, "c3_pressure": 0.86698140291556347, "c4_deprivation": 0.1330185970844365, "food_access_score": 20.0 }, "geometry": { "type": "Polygon", "coordinates": [ [ [ 2.122308993021157, 41.339335093759665 ], [ 2.122638284323612, 41.337556637822118 ], [ 2.124808322744887, 41.336987985833687 ], [ 2.126649165313364, 41.338197798402966 ], [ 2.126319943983751, 41.33997628834404 ], [ 2.124149810109966, 41.340544931712898 ], [ 2.122308993021157, 41.339335093759665 ] ] ] } },
{ "type": "Feature", "properties": { "h3_index": "8939446046bffff", "catchment_store_count": 0, "catchment_type_diversity": 0, "is_food_desert": true, "store_count": 0, "type_diversity": 0, "barri_name": "Sarrià", "income_index": 33795.0, "c1_density": 0.0, "c2_diversity": 0.0, "c3_pressure": 0.29981817601837379, "c4_deprivation": 0.70018182398162621, "food_access_score": 20.0 }, "geometry": { "type": "Polygon", "coordinates": [ [ [ 2.117484161425852, 41.409957447073516 ], [ 2.117813814668217, 41.40818004135761 ], [ 2.119985602922335, 41.407612457586985 ], [ 2.121827833547433, 41.408822288152649 ], [ 2.121498250383025, 41.410599727822934 ], [ 2.119326366512678, 41.411167302973759 ], [ 2.117484161425852, 41.409957447073516 ] ] ] } },
{ "type": "Feature", "properties": { "h3_index": "893944605d3ffff", "catchment_store_count": 0, "catchment_type_diversity": 0, "is_food_desert": true, "store_count": 0, "type_diversity": 0, "barri_name": "Sant Genís dels Agudells", "income_index": 19094.0, "c1_density": 0.0, "c2_diversity": 0.0, "c3_pressure": 0.76876455389326614, "c4_deprivation": 0.23123544610673386, "food_access_score": 20.0 }, "geometry": { "type": "Polygon", "coordinates": [ [ [ 2.130576803826083, 41.428522432313095 ], [ 2.130906292595162, 41.426745149525821 ], [ 2.133078721398388, 41.426177540597308 ], [ 2.134921757075916, 41.427387223050637 ], [ 2.134592338447251, 41.429164539762446 ], [ 2.132419813997771, 41.429732140096938 ], [ 2.130576803826083, 41.428522432313095 ] ] ] } },
{ "type": "Feature", "properties": { "h3_index": "89394462d4bffff", "catchment_store_count": 2, "catchment_type_diversity": 2, "is_food_desert": false, "store_count": 0, "type_diversity": 0, "barri_name": "la Trinitat Vella", "income_index": 13022.0, "c1_density": 0.0067567567567567571, "c2_diversity": 0.33333333333333331, "c3_pressure": 0.96245494274139531, "c4_deprivation": 0.037545057258604742, "food_access_score": 26.936936936936938 }, "geometry": { "type": "Polygon", "coordinates": [ [ [ 2.184386366720461, 41.461818393376745 ], [ 2.184715010943732, 41.460041007902646 ], [ 2.186888967311186, 41.459472706797257 ], [ 2.188734375124687, 41.460681799659902 ], [ 2.188405801227166, 41.462459218969265 ], [ 2.186231749187558, 41.463027511581295 ], [ 2.184386366720461, 41.461818393376745 ] ] ] } },
{ "type": "Feature", "properties": { "h3_index": "89394461373ffff", "catchment_store_count": 1, "catchment_type_diversity": 1, "is_food_desert": false, "store_count": 0, "type_diversity": 0, "barri_name": "la Marina del Prat Vermell", "income_index": 16015.0, "c1_density": 0.0033783783783783786, "c2_diversity": 0.16666666666666666, "c3_pressure": 0.86698140291556347, "c4_deprivation": 0.1330185970844365, "food_access_score": 23.468468468468469 }, "geometry": { "type": "Polygon", "coordinates": [ [ [ 2.102257288296356, 41.336127330823771 ], [ 2.102586929301852, 41.334349044982133 ], [ 2.104756634208305, 41.333780776310114 ], [ 2.106596793569842, 41.33499080213619 ], [ 2.106267222483467, 41.336769122007446 ], [ 2.104097422113556, 41.337337382023563 ], [ 2.102257288296356, 41.336127330823771 ] ] ] } },
{ "type": "Feature", "properties": { "h3_index": "89394460687ffff", "catchment_store_count": 2, "catchment_type_diversity": 2, "is_food_desert": false, "store_count": 0, "type_diversity": 0, "barri_name": "Sarrià", "income_index": 33795.0, "c1_density": 0.0067567567567567571, "c2_diversity": 0.33333333333333331, "c3_pressure": 0.29981817601837379, "c4_deprivation": 0.70018182398162621, "food_access_score": 26.936936936936938 }, "geometry": { "type": "Polygon", "coordinates": [ [ [ 2.105443116725198, 41.408029887251722 ], [ 2.105772980136873, 41.406252583430231 ], [ 2.107944567933828, 41.405685229970643 ], [ 2.109786387939063, 41.406895188974744 ], [ 2.109456594573046, 41.408672526766253 ], [ 2.107284911153258, 41.409239871584219 ], [ 2.105443116725198, 41.408029887251722 ] ] ] } },
{ "type": "Feature", "properties": { "h3_index": "8939446227bffff", "catchment_store_count": 0, "catchment_type_diversity": 0, "is_food_desert": true, "store_count": 0, "type_diversity": 0, "barri_name": "Vallvidrera, el Tibidabo i les Planes", "income_index": 32833.0, "c1_density": 0.0, "c2_diversity": 0.0, "c3_pressure": 0.33050496028581455, "c4_deprivation": 0.66949503971418545, "food_access_score": 20.0 }, "geometry": { "type": "Polygon", "coordinates": [ [ [ 2.097469635454812, 41.42871212484831 ], [ 2.097799723658247, 41.426935199911796 ], [ 2.099971742234106, 41.426368299477375 ], [ 2.101813768280444, 41.427578332633388 ], [ 2.101483750137605, 41.429355291533177 ], [ 2.099311635884969, 41.429922183314247 ], [ 2.097469635454812, 41.42871212484831 ] ] ] } },
{ "type": "Feature", "properties": { "h3_index": "893944608a3ffff", "catchment_store_count": 7, "catchment_type_diversity": 3, "is_food_desert": false, "store_count": 0, "type_diversity": 0, "barri_name": "Diagonal Mar i el Front Marítim del Poblenou", "income_index": 25619.0, "c1_density": 0.02364864864864865, "c2_diversity": 0.5, "c3_pressure": 0.56062394334747512, "c4_deprivation": 0.43937605665252483, "food_access_score": 30.945945945945947 }, "geometry": { "type": "Polygon", "coordinates": [ [ [ 2.213795307645317, 41.403359478151032 ], [ 2.214123192416766, 41.401580947994432 ], [ 2.216296013496349, 41.401011220604879 ], [ 2.218141045314515, 41.402220031820335 ], [ 2.217813230842629, 41.403998595822777 ], [ 2.215640314250165, 41.404568314764504 ], [ 2.213795307645317, 41.403359478151032 ] ] ] } },
{ "type": "Feature", "properties": { "h3_index": "8939446232fffff", "catchment_store_count": 1, "catchment_type_diversity": 1, "is_food_desert": false, "store_count": 0, "type_diversity": 0, "barri_name": "Montbau", "income_index": 20566.5, "c1_density": 0.0033783783783783786, "c2_diversity": 0.16666666666666666, "c3_pressure": 0.72179335863982907, "c4_deprivation": 0.27820664136017098, "food_access_score": 23.468468468468469 }, "geometry": { "type": "Polygon", "coordinates": [ [ [ 2.139133952580759, 41.438125274534443 ], [ 2.139463323928323, 41.436348036402293 ], [ 2.141636106433579, 41.43578037638607 ], [ 2.143479613248566, 41.436989963080052 ], [ 2.143150312078007, 41.438767235119165 ], [ 2.14097743391261, 41.439334886557916 ], [ 2.139133952580759, 41.438125274534443 ] ] ] } },
{ "type": "Feature", "properties": { "h3_index": "89394463183ffff", "catchment_store_count": 1, "catchment_type_diversity": 1, "is_food_desert": false, "store_count": 0, "type_diversity": 0, "barri_name": "Vallvidrera, el Tibidabo i les Planes", "income_index": 32833.0, "c1_density": 0.0033783783783783786, "c2_diversity": 0.16666666666666666, "c3_pressure": 0.33050496028581455, "c4_deprivation": 0.66949503971418545, "food_access_score": 23.468468468468469 }, "geometry": { "type": "Polygon", "coordinates": [ [ [ 2.083917335121752, 41.423794880034841 ], [ 2.084247649090768, 41.422018030879627 ], [ 2.086419371168226, 41.4214513520552 ], [ 2.088260874951739, 41.42266153106484 ], [ 2.087930631002379, 41.424438414203095 ], [ 2.08575881324697, 41.425005084349223 ], [ 2.083917335121752, 41.423794880034841 ] ] ] } },
{ "type": "Feature", "properties": { "h3_index": "89394460c27ffff", "catchment_store_count": 40, "catchment_type_diversity": 4, "is_food_desert": false, "store_count": 0, "type_diversity": 0, "barri_name": "Provençals del Poblenou", "income_index": 19617.0, "c1_density": 0.13513513513513514, "c2_diversity": 0.66666666666666663, "c3_pressure": 0.75208140610545793, "c4_deprivation": 0.2479185938945421, "food_access_score": 38.738738738738746 }, "geometry": { "type": "Polygon", "coordinates": [ [ [ 2.203791648787164, 41.412751054241724 ], [ 2.204119751115168, 41.410972764135103 ], [ 2.206292688809127, 41.410403378352484 ], [ 2.208137619715561, 41.41161229114168 ], [ 2.207809587678607, 41.413390615098706 ], [ 2.205636554441307, 41.413959992416721 ], [ 2.203791648787164, 41.412751054241724 ] ] ] } },
{ "type": "Feature", "properties": { "h3_index": "89394460cdbffff", "catchment_store_count": 167, "catchment_type_diversity": 5, "is_food_desert": false, "store_count": 3, "type_diversity": 3, "barri_name": "la Sagrada Família", "income_index": 23450.5, "c1_density": 0.56418918918918914, "c2_diversity": 0.83333333333333337, "c3_pressure": 0.62979680372579661, "c4_deprivation": 0.37020319627420334, "food_access_score": 59.234234234234236 }, "geometry": { "type": "Polygon", "coordinates": [ [ [ 2.174685905700014, 41.413604755176138 ], [ 2.175014538314242, 41.411826788358873 ], [ 2.177187135361625, 41.411258034894253 ], [ 2.179031195364085, 41.412467256764209 ], [ 2.178702632972084, 41.414245257465616 ], [ 2.17652994035256, 41.414814002413493 ], [ 2.174685905700014, 41.413604755176138 ] ] ] } },
{ "type": "Feature", "properties": { "h3_index": "893944600a3ffff", "catchment_store_count": 55, "catchment_type_diversity": 5, "is_food_desert": false, "store_count": 6, "type_diversity": 4, "barri_name": "el Putxet i el Farró", "income_index": 28725.0, "c1_density": 0.1858108108108108, "c2_diversity": 0.83333333333333337, "c3_pressure": 0.46154582283326417, "c4_deprivation": 0.53845417716673583, "food_access_score": 44.099099099099107 }, "geometry": { "type": "Polygon", "coordinates": [ [ [ 2.140058067273226, 41.410822111065208 ], [ 2.14038731564686, 41.409044475566375 ], [ 2.142559408749524, 41.408476422372736 ], [ 2.144402349073257, 41.409686013257684 ], [ 2.144073170833599, 41.411463682683618 ], [ 2.141900982133344, 41.412031727298071 ], [ 2.140058067273226, 41.410822111065208 ] ] ] } },
{ "type": "Feature", "properties": { "h3_index": "89394463507ffff", "catchment_store_count": 0, "catchment_type_diversity": 0, "is_food_desert": true, "store_count": 0, "type_diversity": 0, "barri_name": "Vallvidrera, el Tibidabo i les Planes", "income_index": 32833.0, "c1_density": 0.0, "c2_diversity": 0.0, "c3_pressure": 0.33050496028581455, "c4_deprivation": 0.66949503971418545, "food_access_score": 20.0 }, "geometry": { "type": "Polygon", "coordinates": [ [ [ 2.073908360267952, 41.433167536371322 ], [ 2.074238891726073, 41.431390927750265 ], [ 2.076410728570775, 41.430824590643638 ], [ 2.078252129662656, 41.432034870853762 ], [ 2.077921668215445, 41.433811513462288 ], [ 2.075749735662557, 41.434377841873832 ], [ 2.073908360267952, 41.433167536371322 ] ] ] } },
{ "type": "Feature", "properties": { "h3_index": "8939446281bffff", "catchment_store_count": 14, "catchment_type_diversity": 3, "is_food_desert": false, "store_count": 0, "type_diversity": 0, "barri_name": "les Roquetes", "income_index": 13630.5, "c1_density": 0.0472972972972973, "c2_diversity": 0.5, "c3_pressure": 0.9430444352291939, "c4_deprivation": 0.056955564770806086, "food_access_score": 31.891891891891895 }, "geometry": { "type": "Polygon", "coordinates": [ [ [ 2.178320624272549, 41.449872043020449 ], [ 2.178649331941753, 41.448094552420635 ], [ 2.180822905674167, 41.447526217310845 ], [ 2.182667867385215, 41.448735381307223 ], [ 2.182339230007232, 41.45051290575875 ], [ 2.180165560624095, 41.451081232362789 ], [ 2.178320624272549, 41.449872043020449 ] ] ] } },
{ "type": "Feature", "properties": { "h3_index": "89394460e43ffff", "catchment_store_count": 184, "catchment_type_diversity": 6, "is_food_desert": false, "store_count": 9, "type_diversity": 4, "barri_name": "el Barri Gòtic", "income_index": 18972.0, "c1_density": 0.6216216216216216, "c2_diversity": 1.0, "c3_pressure": 0.77265622507894993, "c4_deprivation": 0.22734377492105012, "food_access_score": 64.86486486486487 }, "geometry": { "type": "Polygon", "coordinates": [ [ [ 2.171583307062166, 41.38565189001369 ], [ 2.171911887339574, 41.383873560323238 ], [ 2.174083728560051, 41.38330449102984 ], [ 2.175927085012123, 41.384513759953151 ], [ 2.175598574903092, 41.386292123553055 ], [ 2.173426638170729, 41.386861184320779 ], [ 2.171583307062166, 41.38565189001369 ] ] ] } },
{ "type": "Feature", "properties": { "h3_index": "89394460193ffff", "catchment_store_count": 61, "catchment_type_diversity": 5, "is_food_desert": false, "store_count": 3, "type_diversity": 3, "barri_name": "la Salut", "income_index": 26080.0, "c1_density": 0.20608108108108109, "c2_diversity": 0.83333333333333337, "c3_pressure": 0.54591853009665381, "c4_deprivation": 0.45408146990334619, "food_access_score": 44.909909909909913 }, "geometry": { "type": "Polygon", "coordinates": [ [ [ 2.155132721967942, 41.418720820097484 ], [ 2.155461728330073, 41.416943135137025 ], [ 2.157634212615314, 41.416374868544082 ], [ 2.159477786137181, 41.417584295463364 ], [ 2.159148849958528, 41.419362014327035 ], [ 2.156976270071656, 41.419930272368809 ], [ 2.155132721967942, 41.418720820097484 ] ] ] } },
{ "type": "Feature", "properties": { "h3_index": "89394460157ffff", "catchment_store_count": 296, "catchment_type_diversity": 6, "is_food_desert": false, "store_count": 21, "type_diversity": 6, "barri_name": "la Vila de Gràcia", "income_index": 24564.0, "c1_density": 1.0, "c2_diversity": 1.0, "c3_pressure": 0.59427732942039624, "c4_deprivation": 0.40572267057960382, "food_access_score": 80.0 }, "geometry": { "type": "Polygon", "coordinates": [ [ [ 2.15559223159844, 41.405066967566214 ], [ 2.155921176580051, 41.403289084073364 ], [ 2.158093316194271, 41.402720621006992 ], [ 2.159936606394365, 41.403930049986101 ], [ 2.15960773157471, 41.405707967392246 ], [ 2.157435496390139, 41.406276421906583 ], [ 2.15559223159844, 41.405066967566214 ] ] ] } },
{ "type": "Feature", "properties": { "h3_index": "893944628cfffff", "catchment_store_count": 17, "catchment_type_diversity": 3, "is_food_desert": false, "store_count": 2, "type_diversity": 1, "barri_name": "les Roquetes", "income_index": 13630.5, "c1_density": 0.057432432432432436, "c2_diversity": 0.5, "c3_pressure": 0.9430444352291939, "c4_deprivation": 0.056955564770806086, "food_access_score": 32.297297297297298 }, "geometry": { "type": "Polygon", "coordinates": [ [ [ 2.174302221998969, 41.449231060228549 ], [ 2.174630999948655, 41.447453603485648 ], [ 2.176804507094977, 41.446885345324851 ], [ 2.178649331941753, 41.448094552420635 ], [ 2.178320624272549, 41.449872043020449 ], [ 2.176147021473211, 41.450440292668183 ], [ 2.174302221998969, 41.449231060228549 ] ] ] } },
{ "type": "Feature", "properties": { "h3_index": "8939446020bffff", "catchment_store_count": 83, "catchment_type_diversity": 5, "is_food_desert": false, "store_count": 0, "type_diversity": 0, "barri_name": "la Maternitat i Sant Ramon", "income_index": 25111.0, "c1_density": 0.28040540540540543, "c2_diversity": 0.83333333333333337, "c3_pressure": 0.57682860697310923, "c4_deprivation": 0.42317139302689083, "food_access_score": 47.882882882882896 }, "geometry": { "type": "Polygon", "coordinates": [ [ [ 2.120915402796167, 41.380305676002251 ], [ 2.12124487857906, 41.378527813639487 ], [ 2.123415949278888, 41.377959751232467 ], [ 2.125257639739081, 41.379169559806051 ], [ 2.124928233993363, 41.380947456142195 ], [ 2.122757067747395, 41.381515509931987 ], [ 2.120915402796167, 41.380305676002251 ] ] ] } },
{ "type": "Feature", "properties": { "h3_index": "89394461c97ffff", "catchment_store_count": 132, "catchment_type_diversity": 6, "is_food_desert": false, "store_count": 2, "type_diversity": 2, "barri_name": "Hostafrancs", "income_index": 20683.0, "c1_density": 0.44594594594594594, "c2_diversity": 1.0, "c3_pressure": 0.71807713164694253, "c4_deprivation": 0.28192286835305752, "food_access_score": 57.837837837837846 }, "geometry": { "type": "Polygon", "coordinates": [ [ [ 2.137955496546399, 41.377537998546089 ], [ 2.138284653527825, 41.375759914280422 ], [ 2.140455866609957, 41.375191450881594 ], [ 2.142298018232192, 41.376401080335995 ], [ 2.141968931324547, 41.37817919855712 ], [ 2.139797622718008, 41.378747653368947 ], [ 2.137955496546399, 41.377537998546089 ] ] ] } },
{ "type": "Feature", "properties": { "h3_index": "89394462a37ffff", "catchment_store_count": 45, "catchment_type_diversity": 6, "is_food_desert": false, "store_count": 5, "type_diversity": 2, "barri_name": "Sant Andreu", "income_index": 22418.0, "c1_density": 0.15202702702702703, "c2_diversity": 1.0, "c3_pressure": 0.66273246355545634, "c4_deprivation": 0.33726753644454366, "food_access_score": 46.081081081081088 }, "geometry": { "type": "Polygon", "coordinates": [ [ [ 2.183780322003712, 41.431527224762647 ], [ 2.184108859550355, 41.429749415061288 ], [ 2.186282030110779, 41.429180712650805 ], [ 2.188126758725885, 41.430389828440475 ], [ 2.187798291453184, 41.432167672001313 ], [ 2.185625025288534, 41.432736365913563 ], [ 2.183780322003712, 41.431527224762647 ] ] ] } },
{ "type": "Feature", "properties": { "h3_index": "89394462857ffff", "catchment_store_count": 23, "catchment_type_diversity": 3, "is_food_desert": false, "store_count": 3, "type_diversity": 2, "barri_name": "la Prosperitat", "income_index": 16819.0, "c1_density": 0.0777027027027027, "c2_diversity": 0.5, "c3_pressure": 0.84133465182302469, "c4_deprivation": 0.15866534817697533, "food_access_score": 33.108108108108105 }, "geometry": { "type": "Polygon", "coordinates": [ [ [ 2.176804507094977, 41.446885345324851 ], [ 2.177133230614969, 41.445107828466909 ], [ 2.179306708701997, 41.444539484848313 ], [ 2.181151558911531, 41.445748666597105 ], [ 2.180822905674167, 41.447526217310845 ], [ 2.178649331941753, 41.448094552420635 ], [ 2.176804507094977, 41.446885345324851 ] ] ] } },
{ "type": "Feature", "properties": { "h3_index": "89394461d4bffff", "catchment_store_count": 0, "catchment_type_diversity": 0, "is_food_desert": true, "store_count": 0, "type_diversity": 0, "barri_name": "el Poble-sec", "income_index": 18196.5, "c1_density": 0.0, "c2_diversity": 0.0, "c3_pressure": 0.79739385626335768, "c4_deprivation": 0.20260614373664232, "food_access_score": 20.0 }, "geometry": { "type": "Polygon", "coordinates": [ [ [ 2.159469749924788, 41.36174953785973 ], [ 2.15979845658432, 41.359970999852472 ], [ 2.161969533902134, 41.359401862242983 ], [ 2.163812000026637, 41.360611271191594 ], [ 2.163483363466683, 41.362389843141173 ], [ 2.161312190679758, 41.362958972200403 ], [ 2.159469749924788, 41.36174953785973 ] ] ] } },
{ "type": "Feature", "properties": { "h3_index": "89394460373ffff", "catchment_store_count": 162, "catchment_type_diversity": 5, "is_food_desert": false, "store_count": 8, "type_diversity": 3, "barri_name": "la Nova Esquerra de l'Eixample", "income_index": 25694.0, "c1_density": 0.54729729729729726, "c2_diversity": 0.83333333333333337, "c3_pressure": 0.55823152253660402, "c4_deprivation": 0.44176847746339598, "food_access_score": 58.558558558558559 }, "geometry": { "type": "Polygon", "coordinates": [ [ [ 2.151510016308546, 41.382448926115991 ], [ 2.151838947266681, 41.380670766051473 ], [ 2.154010455733627, 41.380102080870508 ], [ 2.155853128762645, 41.381311564316732 ], [ 2.155524267919152, 41.383089758316899 ], [ 2.15335266392913, 41.383658434935789 ], [ 2.151510016308546, 41.382448926115991 ] ] ] } },
{ "type": "Feature", "properties": { "h3_index": "8939446ad8bffff", "catchment_store_count": 4, "catchment_type_diversity": 2, "is_food_desert": false, "store_count": 2, "type_diversity": 1, "barri_name": "la Marina del Prat Vermell", "income_index": 16015.0, "c1_density": 0.013513513513513514, "c2_diversity": 0.33333333333333331, "c3_pressure": 0.86698140291556347, "c4_deprivation": 0.1330185970844365, "food_access_score": 27.207207207207208 }, "geometry": { "type": "Polygon", "coordinates": [ [ [ 2.113765001680616, 41.329728690773344 ], [ 2.114094409985331, 41.327950191146535 ], [ 2.116264095406259, 41.327381589938909 ], [ 2.118104467958224, 41.328591496994662 ], [ 2.117775129589848, 41.330370030642513 ], [ 2.115605348730292, 41.330938623214124 ], [ 2.113765001680616, 41.329728690773344 ] ] ] } },
{ "type": "Feature", "properties": { "h3_index": "89394460427ffff", "catchment_store_count": 4, "catchment_type_diversity": 3, "is_food_desert": false, "store_count": 0, "type_diversity": 0, "barri_name": "Sant Gervasi - la Bonanova", "income_index": 36213.5, "c1_density": 0.013513513513513514, "c2_diversity": 0.5, "c3_pressure": 0.22267057960381509, "c4_deprivation": 0.77732942039618491, "food_access_score": 30.540540540540544 }, "geometry": { "type": "Polygon", "coordinates": [ [ [ 2.130051868710669, 41.420203411035651 ], [ 2.130381334582018, 41.418426015828082 ], [ 2.13255354323916, 41.417858304282177 ], [ 2.134396381649983, 41.419067996540385 ], [ 2.134066985903939, 41.420845425679566 ], [ 2.131894681618892, 41.421413128629496 ], [ 2.130051868710669, 41.420203411035651 ] ] ] } },
{ "type": "Feature", "properties": { "h3_index": "89394461eb3ffff", "catchment_store_count": 34, "catchment_type_diversity": 5, "is_food_desert": false, "store_count": 0, "type_diversity": 0, "barri_name": "la Marina del Prat Vermell", "income_index": 16015.0, "c1_density": 0.11486486486486487, "c2_diversity": 0.83333333333333337, "c3_pressure": 0.86698140291556347, "c4_deprivation": 0.1330185970844365, "food_access_score": 41.261261261261261 }, "geometry": { "type": "Polygon", "coordinates": [ [ [ 2.133879953366383, 41.354917151983052 ], [ 2.1342090961248, 41.353138791766554 ], [ 2.136379678502296, 41.352570106121121 ], [ 2.138221213595574, 41.353779789289746 ], [ 2.137892140863667, 41.35555818348405 ], [ 2.135721463009078, 41.356126860532484 ], [ 2.133879953366383, 41.354917151983052 ] ] ] } },
{ "type": "Feature", "properties": { "h3_index": "893944604dbffff", "catchment_store_count": 1, "catchment_type_diversity": 1, "is_food_desert": false, "store_count": 0, "type_diversity": 0, "barri_name": "Vallvidrera, el Tibidabo i les Planes", "income_index": 32833.0, "c1_density": 0.0033783783783783786, "c2_diversity": 0.16666666666666666, "c3_pressure": 0.33050496028581455, "c4_deprivation": 0.66949503971418545, "food_access_score": 23.468468468468469 }, "geometry": { "type": "Polygon", "coordinates": [ [ [ 2.100961805017109, 41.421037258048287 ], [ 2.101291800150193, 41.419260186737162 ], [ 2.103463665534741, 41.418693106801101 ], [ 2.105305631439601, 41.419903106824805 ], [ 2.104975706362868, 41.42168021210108 ], [ 2.102803745322042, 41.422247283389083 ], [ 2.100961805017109, 41.421037258048287 ] ] ] } },
{ "type": "Feature", "properties": { "h3_index": "8939446058fffff", "catchment_store_count": 27, "catchment_type_diversity": 5, "is_food_desert": false, "store_count": 1, "type_diversity": 1, "barri_name": "la Vall d'Hebron", "income_index": 22643.5, "c1_density": 0.091216216216216214, "c2_diversity": 0.83333333333333337, "c3_pressure": 0.65553925165077032, "c4_deprivation": 0.34446074834922963, "food_access_score": 40.315315315315317 }, "geometry": { "type": "Polygon", "coordinates": [ [ [ 2.142624018635256, 41.430448395343518 ], [ 2.142953296950816, 41.428671010798354 ], [ 2.145125925963308, 41.42810317132917 ], [ 2.146969372297, 41.429312724977919 ], [ 2.146640164154165, 41.431090143431952 ], [ 2.144467439502059, 41.431657974328971 ], [ 2.142624018635256, 41.430448395343518 ] ] ] } },
{ "type": "Feature", "properties": { "h3_index": "89394460dcbffff", "catchment_store_count": 39, "catchment_type_diversity": 4, "is_food_desert": false, "store_count": 2, "type_diversity": 2, "barri_name": "Provençals del Poblenou", "income_index": 19617.0, "c1_density": 0.13175675675675674, "c2_diversity": 0.66666666666666663, "c3_pressure": 0.75208140610545793, "c4_deprivation": 0.2479185938945421, "food_access_score": 38.603603603603609 }, "geometry": { "type": "Polygon", "coordinates": [ [ [ 2.205308468007584, 41.415738256346486 ], [ 2.205636554441307, 41.413959992416721 ], [ 2.207809587678607, 41.413390615098706 ], [ 2.209654630027981, 41.414599510172593 ], [ 2.209326613893925, 41.416377807948656 ], [ 2.207153485107947, 41.416947176805131 ], [ 2.205308468007584, 41.415738256346486 ] ] ] } },
{ "type": "Feature", "properties": { "h3_index": "8939446132fffff", "catchment_store_count": 2, "catchment_type_diversity": 1, "is_food_desert": false, "store_count": 0, "type_diversity": 0, "barri_name": "la Marina del Prat Vermell", "income_index": 16015.0, "c1_density": 0.0067567567567567571, "c2_diversity": 0.16666666666666666, "c3_pressure": 0.86698140291556347, "c4_deprivation": 0.1330185970844365, "food_access_score": 23.603603603603602 }, "geometry": { "type": "Polygon", "coordinates": [ [ [ 2.11428770104212, 41.338052346523284 ], [ 2.114617132258025, 41.336273958608444 ], [ 2.116787037325212, 41.335705459971159 ], [ 2.118627606630555, 41.33691535788342 ], [ 2.118298245365998, 41.338693779812232 ], [ 2.116128244841901, 41.3392622698154 ], [ 2.11428770104212, 41.338052346523284 ] ] ] } },
{ "type": "Feature", "properties": { "h3_index": "89394461ab7ffff", "catchment_store_count": 0, "catchment_type_diversity": 0, "is_food_desert": true, "store_count": 0, "type_diversity": 0, "barri_name": "la Marina del Prat Vermell", "income_index": 16015.0, "c1_density": 0.0, "c2_diversity": 0.0, "c3_pressure": 0.86698140291556347, "c4_deprivation": 0.1330185970844365, "food_access_score": 20.0 }, "geometry": { "type": "Polygon", "coordinates": [ [ [ 2.155388446457267, 41.339125037137343 ], [ 2.15571713915353, 41.337346223466319 ], [ 2.157887585962221, 41.336776863874931 ], [ 2.159729435493655, 41.337986326515377 ], [ 2.159400812849694, 41.339765174151054 ], [ 2.157230270619124, 41.340334525182215 ], [ 2.155388446457267, 41.339125037137343 ] ] ] } },
{ "type": "Feature", "properties": { "h3_index": "89394460643ffff", "catchment_store_count": 0, "catchment_type_diversity": 0, "is_food_desert": true, "store_count": 0, "type_diversity": 0, "barri_name": "Pedralbes", "income_index": 42688.0, "c1_density": 0.0, "c2_diversity": 0.0, "c3_pressure": 0.016140865737344079, "c4_deprivation": 0.98385913426265592, "food_access_score": 20.0 }, "geometry": { "type": "Polygon", "coordinates": [ [ [ 2.097885287878816, 41.393092923978813 ], [ 2.098215229664011, 41.39131548975994 ], [ 2.100386339427602, 41.390748093046085 ], [ 2.102227602999048, 41.391958139208718 ], [ 2.101897731216519, 41.393735607418122 ], [ 2.099726525857009, 41.394302995474952 ], [ 2.097885287878816, 41.393092923978813 ] ] ] } },
{ "type": "Feature", "properties": { "h3_index": "89394462e6fffff", "catchment_store_count": 38, "catchment_type_diversity": 5, "is_food_desert": false, "store_count": 3, "type_diversity": 2, "barri_name": "el Turó de la Peira", "income_index": 15471.5, "c1_density": 0.12837837837837837, "c2_diversity": 0.83333333333333337, "c3_pressure": 0.88431847905834315, "c4_deprivation": 0.11568152094165683, "food_access_score": 41.801801801801801 }, "geometry": { "type": "Polygon", "coordinates": [ [ [ 2.160204808738294, 41.436001569635529 ], [ 2.16053379049051, 41.434224075694857 ], [ 2.162706781836105, 41.433655937266188 ], [ 2.16455088706264, 41.43486530131873 ], [ 2.164221975534854, 41.436642829143253 ], [ 2.162048888553218, 41.437210959031944 ], [ 2.160204808738294, 41.436001569635529 ] ] ] } },
{ "type": "Feature", "properties": { "h3_index": "8939446181bffff", "catchment_store_count": 0, "catchment_type_diversity": 0, "is_food_desert": true, "store_count": 0, "type_diversity": 0, "barri_name": "la Marina del Prat Vermell", "income_index": 16015.0, "c1_density": 0.0, "c2_diversity": 0.0, "c3_pressure": 0.86698140291556347, "c4_deprivation": 0.1330185970844365, "food_access_score": 20.0 }, "geometry": { "type": "Polygon", "coordinates": [ [ [ 2.153416020610575, 41.349797318160853 ], [ 2.153744790358794, 41.348018676219432 ], [ 2.155915485853611, 41.34744950437824 ], [ 2.157757507045062, 41.34865898304156 ], [ 2.157428807362049, 41.350437658941701 ], [ 2.155258016419498, 41.351006822220377 ], [ 2.153416020610575, 41.349797318160853 ] ] ] } },
{ "type": "Feature", "properties": { "h3_index": "893944618cfffff", "catchment_store_count": 0, "catchment_type_diversity": 0, "is_food_desert": true, "store_count": 0, "type_diversity": 0, "barri_name": "la Marina del Prat Vermell", "income_index": 16015.0, "c1_density": 0.0, "c2_diversity": 0.0, "c3_pressure": 0.86698140291556347, "c4_deprivation": 0.1330185970844365, "food_access_score": 20.0 }, "geometry": { "type": "Polygon", "coordinates": [ [ [ 2.149403437007602, 41.349156857828348 ], [ 2.149732276810302, 41.34737824985087 ], [ 2.151902905762349, 41.346809154761239 ], [ 2.153744790358794, 41.348018676219432 ], [ 2.153416020610575, 41.349797318160853 ], [ 2.151245296208578, 41.350366404680699 ], [ 2.149403437007602, 41.349156857828348 ] ] ] } },
{ "type": "Feature", "properties": { "h3_index": "89394460c97ffff", "catchment_store_count": 64, "catchment_type_diversity": 5, "is_food_desert": false, "store_count": 0, "type_diversity": 0, "barri_name": "la Sagrera", "income_index": 21169.0, "c1_density": 0.21621621621621623, "c2_diversity": 0.83333333333333337, "c3_pressure": 0.70257424479249742, "c4_deprivation": 0.29742575520750264, "food_access_score": 45.315315315315317 }, "geometry": { "type": "Polygon", "coordinates": [ [ [ 2.187267440975343, 41.423847017056815 ], [ 2.187595885568116, 41.422069061017147 ], [ 2.189768902373567, 41.42150017925097 ], [ 2.191613570167041, 41.422709262017939 ], [ 2.19128519584384, 41.424487251918954 ], [ 2.189112083454737, 41.425056125192221 ], [ 2.187267440975343, 41.423847017056815 ] ] ] } },
{ "type": "Feature", "properties": { "h3_index": "89394460d4bffff", "catchment_store_count": 29, "catchment_type_diversity": 4, "is_food_desert": false, "store_count": 4, "type_diversity": 3, "barri_name": "Diagonal Mar i el Front Marítim del Poblenou", "income_index": 25619.0, "c1_density": 0.097972972972972971, "c2_diversity": 0.66666666666666663, "c3_pressure": 0.56062394334747512, "c4_deprivation": 0.43937605665252483, "food_access_score": 37.252252252252255 }, "geometry": { "type": "Polygon", "coordinates": [ [ [ 2.208793645296363, 41.408055557034501 ], [ 2.209121638841684, 41.406277146890154 ], [ 2.211294518243538, 41.40570759029746 ], [ 2.21313949962533, 41.406916452305921 ], [ 2.212811576375308, 41.408694896298385 ], [ 2.210638601445345, 41.409264444434861 ], [ 2.208793645296363, 41.408055557034501 ] ] ] } },
{ "type": "Feature", "properties": { "h3_index": "89394460113ffff", "catchment_store_count": 161, "catchment_type_diversity": 6, "is_food_desert": false, "store_count": 6, "type_diversity": 2, "barri_name": "la Vila de Gràcia", "income_index": 24564.0, "c1_density": 0.54391891891891897, "c2_diversity": 1.0, "c3_pressure": 0.59427732942039624, "c4_deprivation": 0.40572267057960382, "food_access_score": 61.756756756756758 }, "geometry": { "type": "Polygon", "coordinates": [ [ [ 2.158621029965464, 41.411041547260957 ], [ 2.158949943360992, 41.409263716032584 ], [ 2.161122274121326, 41.408695270067199 ], [ 2.162965787064348, 41.409904663876631 ], [ 2.162636943847982, 41.411682529010072 ], [ 2.160464517506562, 41.412250966429603 ], [ 2.158621029965464, 41.411041547260957 ] ] ] } },
{ "type": "Feature", "properties": { "h3_index": "8939446002bffff", "catchment_store_count": 107, "catchment_type_diversity": 5, "is_food_desert": false, "store_count": 8, "type_diversity": 2, "barri_name": "Sant Gervasi - Galvany", "income_index": 35750.0, "c1_density": 0.36148648648648651, "c2_diversity": 0.83333333333333337, "c3_pressure": 0.23745574021499893, "c4_deprivation": 0.76254425978500107, "food_access_score": 51.126126126126138 }, "geometry": { "type": "Polygon", "coordinates": [ [ [ 2.142033364477564, 41.400155867199615 ], [ 2.142362535641328, 41.398378059372057 ], [ 2.144534379772633, 41.397809818223351 ], [ 2.146377148308991, 41.399019393479776 ], [ 2.146048047266315, 41.400797235240418 ], [ 2.143876107563311, 41.401365467812141 ], [ 2.142033364477564, 41.400155867199615 ] ] ] } },
{ "type": "Feature", "properties": { "h3_index": "89394463577ffff", "catchment_store_count": 0, "catchment_type_diversity": 0, "is_food_desert": true, "store_count": 0, "type_diversity": 0, "barri_name": "Vallvidrera, el Tibidabo i les Planes", "income_index": 32833.0, "c1_density": 0.0, "c2_diversity": 0.0, "c3_pressure": 0.33050496028581455, "c4_deprivation": 0.66949503971418545, "food_access_score": 20.0 }, "geometry": { "type": "Polygon", "coordinates": [ [ [ 2.074899915896466, 41.42783762421309 ], [ 2.075230408610222, 41.426060929302771 ], [ 2.077402121079237, 41.425494498067877 ], [ 2.079243436526863, 41.426704770437844 ], [ 2.078913013817621, 41.428481499338623 ], [ 2.076741205653364, 41.429047921879544 ], [ 2.074899915896466, 41.42783762421309 ] ] ] } },
{ "type": "Feature", "properties": { "h3_index": "8939446288bffff", "catchment_store_count": 6, "catchment_type_diversity": 2, "is_food_desert": false, "store_count": 0, "type_diversity": 0, "barri_name": "Torre Baró", "income_index": 12819.0, "c1_density": 0.020270270270270271, "c2_diversity": 0.33333333333333331, "c3_pressure": 0.96893042840281984, "c4_deprivation": 0.031069571597180132, "food_access_score": 27.477477477477478 }, "geometry": { "type": "Polygon", "coordinates": [ [ [ 2.177334424099764, 41.455204342039877 ], [ 2.177663170352281, 41.453426937832965 ], [ 2.179836868809946, 41.452858696695145 ], [ 2.181681916675912, 41.454067868271665 ], [ 2.181353240721116, 41.455845306327255 ], [ 2.179179446599741, 41.456413538958238 ], [ 2.177334424099764, 41.455204342039877 ] ] ] } },
{ "type": "Feature", "properties": { "h3_index": "89394460eb3ffff", "catchment_store_count": 91, "catchment_type_diversity": 5, "is_food_desert": false, "store_count": 1, "type_diversity": 1, "barri_name": "el Fort Pienc", "income_index": 24528.0, "c1_density": 0.30743243243243246, "c2_diversity": 0.83333333333333337, "c3_pressure": 0.59542569140961432, "c4_deprivation": 0.40457430859038568, "food_access_score": 48.96396396396397 }, "geometry": { "type": "Polygon", "coordinates": [ [ [ 2.1831747142933, 41.401229631062456 ], [ 2.183503145231656, 41.399451397984627 ], [ 2.18567553055238, 41.398882294405396 ], [ 2.187519580468283, 41.400091432407578 ], [ 2.187191219752115, 41.401869699369108 ], [ 2.185018738894994, 41.402438794445324 ], [ 2.1831747142933, 41.401229631062456 ] ] ] } },
{ "type": "Feature", "properties": { "h3_index": "89394461a03ffff", "catchment_store_count": 0, "catchment_type_diversity": 0, "is_food_desert": true, "store_count": 0, "type_diversity": 0, "barri_name": "la Marina del Prat Vermell", "income_index": 16015.0, "c1_density": 0.0, "c2_diversity": 0.0, "c3_pressure": 0.86698140291556347, "c4_deprivation": 0.1330185970844365, "food_access_score": 20.0 }, "geometry": { "type": "Polygon", "coordinates": [ [ [ 2.146838222883801, 41.32951966715887 ], [ 2.147167032868068, 41.327740809705176 ], [ 2.149337126919506, 41.32717150113173 ], [ 2.151178506391878, 41.32838105858923 ], [ 2.150849766423444, 41.330159950025106 ], [ 2.148679576963922, 41.330729250021861 ], [ 2.146838222883801, 41.32951966715887 ] ] ] } },
{ "type": "Feature", "properties": { "h3_index": "893944601c7ffff", "catchment_store_count": 172, "catchment_type_diversity": 6, "is_food_desert": false, "store_count": 9, "type_diversity": 3, "barri_name": "la Vila de Gràcia", "income_index": 24564.0, "c1_density": 0.58108108108108103, "c2_diversity": 1.0, "c3_pressure": 0.59427732942039624, "c4_deprivation": 0.40572267057960382, "food_access_score": 63.243243243243242 }, "geometry": { "type": "Polygon", "coordinates": [ [ [ 2.154605319490362, 41.410400445701022 ], [ 2.154934303054337, 41.408622648382973 ], [ 2.157106567199413, 41.408054279271873 ], [ 2.158949943360992, 41.409263716032584 ], [ 2.158621029965464, 41.411041547260957 ], [ 2.156448670237038, 41.4116099078189 ], [ 2.154605319490362, 41.410400445701022 ] ] ] } },
{ "type": "Feature", "properties": { "h3_index": "8939446027bffff", "catchment_store_count": 85, "catchment_type_diversity": 6, "is_food_desert": false, "store_count": 3, "type_diversity": 2, "barri_name": "Sants - Badal", "income_index": 19943.0, "c1_density": 0.28716216216216217, "c2_diversity": 1.0, "c3_pressure": 0.7416823503142046, "c4_deprivation": 0.2583176496857954, "food_access_score": 51.486486486486484 }, "geometry": { "type": "Polygon", "coordinates": [ [ [ 2.121903791529505, 41.374972002879254 ], [ 2.122233228698502, 41.373194054487648 ], [ 2.124404175048473, 41.372625898103735 ], [ 2.126245779759789, 41.373835698728136 ], [ 2.125916412621562, 41.375613681096127 ], [ 2.123745370738368, 41.37618182886392 ], [ 2.121903791529505, 41.374972002879254 ] ] ] } },
{ "type": "Feature", "properties": { "h3_index": "89394461d07ffff", "catchment_store_count": 47, "catchment_type_diversity": 6, "is_food_desert": false, "store_count": 0, "type_diversity": 0, "barri_name": "la Marina del Prat Vermell", "income_index": 16015.0, "c1_density": 0.15878378378378377, "c2_diversity": 1.0, "c3_pressure": 0.86698140291556347, "c4_deprivation": 0.1330185970844365, "food_access_score": 46.351351351351354 }, "geometry": { "type": "Polygon", "coordinates": [ [ [ 2.172040051453422, 41.371993683714827 ], [ 2.172368570490192, 41.370215155901562 ], [ 2.174540067233614, 41.36964589030412 ], [ 2.176383140418079, 41.370855161047032 ], [ 2.176054691528192, 41.372633722779831 ], [ 2.173883099304089, 41.373202979850767 ], [ 2.172040051453422, 41.371993683714827 ] ] ] } },
{ "type": "Feature", "properties": { "h3_index": "8939446032fffff", "catchment_store_count": 182, "catchment_type_diversity": 6, "is_food_desert": false, "store_count": 13, "type_diversity": 5, "barri_name": "el Raval", "income_index": 13991.0, "c1_density": 0.61486486486486491, "c2_diversity": 1.0, "c3_pressure": 0.9315448658649399, "c4_deprivation": 0.068455134135060131, "food_access_score": 64.594594594594597 }, "geometry": { "type": "Polygon", "coordinates": [ [ [ 2.163553380998508, 41.384371063629914 ], [ 2.163882101580462, 41.382592801774138 ], [ 2.166053809751645, 41.382023886150293 ], [ 2.167896892854359, 41.383233240923033 ], [ 2.167568242419295, 41.385011536698769 ], [ 2.165396438731759, 41.385580443782374 ], [ 2.163553380998508, 41.384371063629914 ] ] ] } },
{ "type": "Feature", "properties": { "h3_index": "89394462aa7ffff", "catchment_store_count": 41, "catchment_type_diversity": 6, "is_food_desert": false, "store_count": 1, "type_diversity": 1, "barri_name": "Porta", "income_index": 18299.5, "c1_density": 0.13851351351351351, "c2_diversity": 1.0, "c3_pressure": 0.79410826501642795, "c4_deprivation": 0.20589173498357205, "food_access_score": 45.54054054054054 }, "geometry": { "type": "Polygon", "coordinates": [ [ [ 2.182794632251259, 41.436860481266301 ], [ 2.183123208354896, 41.435082757868066 ], [ 2.185296503601453, 41.434514149396307 ], [ 2.187141318358718, 41.435723272822713 ], [ 2.186812812535493, 41.437501030077492 ], [ 2.184639421671739, 41.438069630049924 ], [ 2.182794632251259, 41.436860481266301 ] ] ] } },
{ "type": "Feature", "properties": { "h3_index": "89394461dbbffff", "catchment_store_count": 129, "catchment_type_diversity": 6, "is_food_desert": false, "store_count": 3, "type_diversity": 2, "barri_name": "el Raval", "income_index": 13991.0, "c1_density": 0.4358108108108108, "c2_diversity": 1.0, "c3_pressure": 0.9315448658649399, "c4_deprivation": 0.068455134135060131, "food_access_score": 57.432432432432435 }, "geometry": { "type": "Polygon", "coordinates": [ [ [ 2.171054417297822, 41.377329095136119 ], [ 2.171382974857979, 41.375550653335019 ], [ 2.17355459608016, 41.374981481620907 ], [ 2.175397755232925, 41.376190760236099 ], [ 2.175069267826101, 41.377969235953742 ], [ 2.172897551110314, 41.378538399140247 ], [ 2.171054417297822, 41.377329095136119 ] ] ] } },
{ "type": "Feature", "properties": { "h3_index": "89394462b5bffff", "catchment_store_count": 36, "catchment_type_diversity": 4, "is_food_desert": false, "store_count": 3, "type_diversity": 2, "barri_name": "la Sagrera", "income_index": 21169.0, "c1_density": 0.12162162162162163, "c2_diversity": 0.66666666666666663, "c3_pressure": 0.70257424479249742, "c4_deprivation": 0.29742575520750264, "food_access_score": 38.198198198198199 }, "geometry": { "type": "Polygon", "coordinates": [ [ [ 2.188783654725932, 41.426834055033019 ], [ 2.189112083454737, 41.425056125192221 ], [ 2.19128519584384, 41.424487251918954 ], [ 2.193129975090304, 41.425696316976897 ], [ 2.192801616639712, 41.427474280674907 ], [ 2.190628408661605, 41.428043145458368 ], [ 2.188783654725932, 41.426834055033019 ] ] ] } },
{ "type": "Feature", "properties": { "h3_index": "89394461e6fffff", "catchment_store_count": 0, "catchment_type_diversity": 0, "is_food_desert": true, "store_count": 0, "type_diversity": 0, "barri_name": "la Marina del Prat Vermell", "income_index": 16015.0, "c1_density": 0.0, "c2_diversity": 0.0, "c3_pressure": 0.86698140291556347, "c4_deprivation": 0.1330185970844365, "food_access_score": 20.0 }, "geometry": { "type": "Polygon", "coordinates": [ [ [ 2.135329661234542, 41.335922559697075 ], [ 2.135658704031361, 41.334143915927811 ], [ 2.137828818081862, 41.333574939948647 ], [ 2.139669984765626, 41.334784616335931 ], [ 2.139341011967441, 41.336563294096031 ], [ 2.137170802483958, 41.337132261478573 ], [ 2.135329661234542, 41.335922559697075 ] ] ] } },
{ "type": "Feature", "properties": { "h3_index": "8939446054bffff", "catchment_store_count": 35, "catchment_type_diversity": 5, "is_food_desert": false, "store_count": 0, "type_diversity": 0, "barri_name": "el Putxet i el Farró", "income_index": 28725.0, "c1_density": 0.11824324324324324, "c2_diversity": 0.83333333333333337, "c3_pressure": 0.46154582283326417, "c4_deprivation": 0.53845417716673583, "food_access_score": 41.396396396396398 }, "geometry": { "type": "Polygon", "coordinates": [ [ [ 2.135055134512653, 41.415513052029524 ], [ 2.135384491630804, 41.413735536663644 ], [ 2.137556642525819, 41.413167654287335 ], [ 2.139399531912568, 41.414377295865066 ], [ 2.139070244924103, 41.416154845160314 ], [ 2.136897998416328, 41.416722718949039 ], [ 2.135055134512653, 41.415513052029524 ] ] ] } },
{ "type": "Feature", "properties": { "h3_index": "89394460c63ffff", "catchment_store_count": 77, "catchment_type_diversity": 5, "is_food_desert": false, "store_count": 3, "type_diversity": 2, "barri_name": "el Parc i la Llacuna del Poblenou", "income_index": 24245.0, "c1_density": 0.26013513513513514, "c2_diversity": 0.83333333333333337, "c3_pressure": 0.6044530926026348, "c4_deprivation": 0.39554690739736514, "food_access_score": 47.072072072072075 }, "geometry": { "type": "Polygon", "coordinates": [ [ [ 2.192723951763214, 41.405496999806047 ], [ 2.193052226382253, 41.403718725106692 ], [ 2.195224840157293, 41.403149476224392 ], [ 2.197069274847627, 41.404358510527381 ], [ 2.196741070480893, 41.406136819095849 ], [ 2.194568361168641, 41.406706059492798 ], [ 2.192723951763214, 41.405496999806047 ] ] ] } },
{ "type": "Feature", "properties": { "h3_index": "893944606b3ffff", "catchment_store_count": 2, "catchment_type_diversity": 2, "is_food_desert": false, "store_count": 0, "type_diversity": 0, "barri_name": "Sarrià", "income_index": 33795.0, "c1_density": 0.0067567567567567571, "c2_diversity": 0.33333333333333331, "c3_pressure": 0.29981817601837379, "c4_deprivation": 0.70018182398162621, "food_access_score": 26.936936936936938 }, "geometry": { "type": "Polygon", "coordinates": [ [ [ 2.109456594573046, 41.408672526766253 ], [ 2.109786387939063, 41.406895188974744 ], [ 2.111958042572389, 41.406327758753022 ], [ 2.113799999457461, 41.407537674957744 ], [ 2.113470276147871, 41.40931504671407 ], [ 2.111298525893917, 41.409882468301433 ], [ 2.109456594573046, 41.408672526766253 ] ] ] } },
{ "type": "Feature", "properties": { "h3_index": "89394462e2bffff", "catchment_store_count": 17, "catchment_type_diversity": 4, "is_food_desert": false, "store_count": 2, "type_diversity": 1, "barri_name": "la Guineueta", "income_index": 19848.0, "c1_density": 0.057432432432432436, "c2_diversity": 0.66666666666666663, "c3_pressure": 0.74471275000797466, "c4_deprivation": 0.25528724999202529, "food_access_score": 35.630630630630627 }, "geometry": { "type": "Polygon", "coordinates": [ [ [ 2.16323516376091, 41.441975239964854 ], [ 2.163564113884711, 41.4401977984692 ], [ 2.16573729650775, 41.439629677117338 ], [ 2.167581624650871, 41.44083900579551 ], [ 2.167252744768729, 41.442616481166773 ], [ 2.165079466498933, 41.443184593984839 ], [ 2.16323516376091, 41.441975239964854 ] ] ] } },
{ "type": "Feature", "properties": { "h3_index": "8939446081bffff", "catchment_store_count": 48, "catchment_type_diversity": 5, "is_food_desert": false, "store_count": 0, "type_diversity": 0, "barri_name": "el Poblenou", "income_index": 23813.0, "c1_density": 0.16216216216216217, "c2_diversity": 0.83333333333333337, "c3_pressure": 0.61823343647325268, "c4_deprivation": 0.38176656352674726, "food_access_score": 43.153153153153156 }, "geometry": { "type": "Polygon", "coordinates": [ [ [ 2.202727004460658, 41.396106033056043 ], [ 2.203055061574874, 41.394327518339416 ], [ 2.205227558917669, 41.393757927891016 ], [ 2.207072094650123, 41.394966860628351 ], [ 2.206744107796759, 41.396745409209537 ], [ 2.204571514947218, 41.39731499118939 ], [ 2.202727004460658, 41.396106033056043 ] ] ] } },
{ "type": "Feature", "properties": { "h3_index": "893944608cfffff", "catchment_store_count": 56, "catchment_type_diversity": 5, "is_food_desert": false, "store_count": 2, "type_diversity": 2, "barri_name": "la Vila Olímpica del Poblenou", "income_index": 32434.0, "c1_density": 0.1891891891891892, "c2_diversity": 0.83333333333333337, "c3_pressure": 0.34323263899964906, "c4_deprivation": 0.65676736100035094, "food_access_score": 44.234234234234236 }, "geometry": { "type": "Polygon", "coordinates": [ [ [ 2.198710104162432, 41.395466536938351 ], [ 2.199038231526774, 41.393688056091548 ], [ 2.201210662479892, 41.393118542553886 ], [ 2.203055061574874, 41.394327518339416 ], [ 2.202727004460658, 41.396106033056043 ], [ 2.200554477998489, 41.396675538117861 ], [ 2.198710104162432, 41.395466536938351 ] ] ] } },
{ "type": "Feature", "properties": { "h3_index": "893944631afffff", "catchment_store_count": 1, "catchment_type_diversity": 1, "is_food_desert": false, "store_count": 0, "type_diversity": 0, "barri_name": "Vallvidrera, el Tibidabo i les Planes", "income_index": 32833.0, "c1_density": 0.0033783783783783786, "c2_diversity": 0.16666666666666666, "c3_pressure": 0.33050496028581455, "c4_deprivation": 0.66949503971418545, "food_access_score": 23.468468468468469 }, "geometry": { "type": "Polygon", "coordinates": [ [ [ 2.096948107514986, 41.420394184422136 ], [ 2.097278172693642, 41.418617147081406 ], [ 2.099449971183447, 41.418050143910961 ], [ 2.101291800150193, 41.419260186737162 ], [ 2.100961805017109, 41.421037258048287 ], [ 2.098789910868838, 41.421604252563398 ], [ 2.096948107514986, 41.420394184422136 ] ] ] } },
{ "type": "Feature", "properties": { "h3_index": "8939446188bffff", "catchment_store_count": 1, "catchment_type_diversity": 1, "is_food_desert": false, "store_count": 0, "type_diversity": 0, "barri_name": "el Poble-sec", "income_index": 18196.5, "c1_density": 0.0033783783783783786, "c2_diversity": 0.16666666666666666, "c3_pressure": 0.79739385626335768, "c4_deprivation": 0.20260614373664232, "food_access_score": 23.468468468468469 }, "geometry": { "type": "Polygon", "coordinates": [ [ [ 2.152429634295681, 41.355133072182667 ], [ 2.152758442579739, 41.35335451614538 ], [ 2.15492926243705, 41.352785438192264 ], [ 2.156771369468077, 41.353994924840705 ], [ 2.156442631255672, 41.355773514833736 ], [ 2.154271715937692, 41.356342584223178 ], [ 2.152429634295681, 41.355133072182667 ] ] ] } },
{ "type": "Feature", "properties": { "h3_index": "89394460c53ffff", "catchment_store_count": 191, "catchment_type_diversity": 6, "is_food_desert": false, "store_count": 13, "type_diversity": 4, "barri_name": "la Sagrada Família", "income_index": 23450.5, "c1_density": 0.64527027027027029, "c2_diversity": 1.0, "c3_pressure": 0.62979680372579661, "c4_deprivation": 0.37020319627420334, "food_access_score": 65.810810810810821 }, "geometry": { "type": "Polygon", "coordinates": [ [ [ 2.179688281603021, 41.408911169162955 ], [ 2.180016805451429, 41.407133082268899 ], [ 2.182189344418783, 41.406564157991909 ], [ 2.184033455091782, 41.407773329117859 ], [ 2.183705001469866, 41.409551449893776 ], [ 2.181532366945593, 41.410120365662451 ], [ 2.179688281603021, 41.408911169162955 ] ] ] } },
{ "type": "Feature", "properties": { "h3_index": "8939446001bffff", "catchment_store_count": 39, "catchment_type_diversity": 5, "is_food_desert": false, "store_count": 1, "type_diversity": 1, "barri_name": "les Tres Torres", "income_index": 43194.0, "c1_density": 0.13175675675675674, "c2_diversity": 0.83333333333333337, "c3_pressure": 0.0, "c4_deprivation": 1.0, "food_access_score": 41.936936936936945 }, "geometry": { "type": "Polygon", "coordinates": [ [ [ 2.129002315380656, 41.403563990736323 ], [ 2.129331735464062, 41.401786370881752 ], [ 2.131503503961694, 41.401218454124269 ], [ 2.133345947964335, 41.402428165821867 ], [ 2.133016597976177, 41.404205819622227 ], [ 2.130844733887254, 41.404773727779805 ], [ 2.129002315380656, 41.403563990736323 ] ] ] } },
{ "type": "Feature", "properties": { "h3_index": "89394461aa7ffff", "catchment_store_count": 0, "catchment_type_diversity": 0, "is_food_desert": true, "store_count": 0, "type_diversity": 0, "barri_name": "la Marina del Prat Vermell", "income_index": 16015.0, "c1_density": 0.0, "c2_diversity": 0.0, "c3_pressure": 0.86698140291556347, "c4_deprivation": 0.1330185970844365, "food_access_score": 20.0 }, "geometry": { "type": "Polygon", "coordinates": [ [ [ 2.157887585962221, 41.336776863874931 ], [ 2.158216224376419, 41.334997990304196 ], [ 2.160386642270432, 41.334428545409793 ], [ 2.16222851716173, 41.335637982642751 ], [ 2.161899948802, 41.33741689017701 ], [ 2.159729435493655, 41.337986326515377 ], [ 2.157887585962221, 41.336776863874931 ] ] ] } },
{ "type": "Feature", "properties": { "h3_index": "893944600cfffff", "catchment_store_count": 37, "catchment_type_diversity": 5, "is_food_desert": false, "store_count": 2, "type_diversity": 2, "barri_name": "les Tres Torres", "income_index": 43194.0, "c1_density": 0.125, "c2_diversity": 0.83333333333333337, "c3_pressure": 0.0, "c4_deprivation": 1.0, "food_access_score": 41.666666666666671 }, "geometry": { "type": "Polygon", "coordinates": [ [ [ 2.12498823635612, 41.402922042209767 ], [ 2.125317726523996, 41.401144456306206 ], [ 2.127489428282663, 41.400576616338299 ], [ 2.129331735464062, 41.401786370881752 ], [ 2.129002315380656, 41.403563990736323 ], [ 2.126830518028507, 41.404131822097042 ], [ 2.12498823635612, 41.402922042209767 ] ] ] } },
{ "type": "Feature", "properties": { "h3_index": "89394462847ffff", "catchment_store_count": 27, "catchment_type_diversity": 3, "is_food_desert": false, "store_count": 0, "type_diversity": 0, "barri_name": "la Prosperitat", "income_index": 16819.0, "c1_density": 0.091216216216216214, "c2_diversity": 0.5, "c3_pressure": 0.84133465182302469, "c4_deprivation": 0.15866534817697533, "food_access_score": 33.648648648648646 }, "geometry": { "type": "Polygon", "coordinates": [ [ [ 2.179306708701997, 41.444539484848313 ], [ 2.179635377794493, 41.442761907881632 ], [ 2.181808826814664, 41.442193478808484 ], [ 2.183653702377204, 41.443402635207221 ], [ 2.183325103569464, 41.445180246028571 ], [ 2.181151558911531, 41.445748666597105 ], [ 2.179306708701997, 41.444539484848313 ] ] ] } },
{ "type": "Feature", "properties": { "h3_index": "89394460e6fffff", "catchment_store_count": 70, "catchment_type_diversity": 5, "is_food_desert": false, "store_count": 5, "type_diversity": 3, "barri_name": "la Barceloneta", "income_index": 17877.0, "c1_density": 0.23648648648648649, "c2_diversity": 0.83333333333333337, "c3_pressure": 0.80758556891766886, "c4_deprivation": 0.19241443108233117, "food_access_score": 46.126126126126124 }, "geometry": { "type": "Polygon", "coordinates": [ [ [ 2.184614790791003, 41.382236850941574 ], [ 2.184943122020344, 41.380458333476575 ], [ 2.187115038141061, 41.379888939743466 ], [ 2.188958718521747, 41.381098071978627 ], [ 2.188630457486574, 41.382876623340366 ], [ 2.186458445873666, 41.383446008570765 ], [ 2.184614790791003, 41.382236850941574 ] ] ] } },
{ "type": "Feature", "properties": { "h3_index": "89394460183ffff", "catchment_store_count": 56, "catchment_type_diversity": 5, "is_food_desert": false, "store_count": 3, "type_diversity": 2, "barri_name": "la Salut", "income_index": 26080.0, "c1_density": 0.1891891891891892, "c2_diversity": 0.83333333333333337, "c3_pressure": 0.54591853009665381, "c4_deprivation": 0.45408146990334619, "food_access_score": 44.234234234234236 }, "geometry": { "type": "Polygon", "coordinates": [ [ [ 2.157634212615314, 41.416374868544082 ], [ 2.157963164593359, 41.414597123519627 ], [ 2.160135619910474, 41.414028771511738 ], [ 2.161979218840718, 41.415238173075913 ], [ 2.161650337048335, 41.417015952002465 ], [ 2.159477786137181, 41.417584295463364 ], [ 2.157634212615314, 41.416374868544082 ] ] ] } },
{ "type": "Feature", "properties": { "h3_index": "8939446189bffff", "catchment_store_count": 1, "catchment_type_diversity": 1, "is_food_desert": false, "store_count": 0, "type_diversity": 0, "barri_name": "el Poble-sec", "income_index": 18196.5, "c1_density": 0.0033783783783783786, "c2_diversity": 0.16666666666666666, "c3_pressure": 0.79739385626335768, "c4_deprivation": 0.20260614373664232, "food_access_score": 23.468468468468469 }, "geometry": { "type": "Polygon", "coordinates": [ [ [ 2.14992992294328, 41.357480560903227 ], [ 2.150258785531155, 41.355702064806934 ], [ 2.152429634295681, 41.355133072182667 ], [ 2.154271715937692, 41.356342584223178 ], [ 2.153942923419335, 41.358121114276358 ], [ 2.151771979186593, 41.358690098332744 ], [ 2.14992992294328, 41.357480560903227 ] ] ] } },
{ "type": "Feature", "properties": { "h3_index": "89394461c0fffff", "catchment_store_count": 61, "catchment_type_diversity": 5, "is_food_desert": false, "store_count": 0, "type_diversity": 0, "barri_name": "la Marina de Port", "income_index": 18227.0, "c1_density": 0.20608108108108109, "c2_diversity": 0.83333333333333337, "c3_pressure": 0.79642093846693673, "c4_deprivation": 0.20357906153306327, "food_access_score": 44.909909909909913 }, "geometry": { "type": "Polygon", "coordinates": [ [ [ 2.142430289673575, 41.364522155349221 ], [ 2.142759315185921, 41.362743839114124 ], [ 2.144930250626869, 41.362175102496181 ], [ 2.146772256043551, 41.363384690694424 ], [ 2.146443300594258, 41.365163040889804 ], [ 2.144272269662368, 41.36573176892724 ], [ 2.142430289673575, 41.364522155349221 ] ] ] } },
{ "type": "Feature", "properties": { "h3_index": "89394460237ffff", "catchment_store_count": 130, "catchment_type_diversity": 5, "is_food_desert": false, "store_count": 11, "type_diversity": 3, "barri_name": "les Corts", "income_index": 28740.0, "c1_density": 0.4391891891891892, "c2_diversity": 0.83333333333333337, "c3_pressure": 0.46106733867108995, "c4_deprivation": 0.53893266132891005, "food_access_score": 54.234234234234243 }, "geometry": { "type": "Polygon", "coordinates": [ [ [ 2.134467332170202, 41.385218301564208 ], [ 2.134796582074039, 41.383440363346942 ], [ 2.136967948427261, 41.382872079267393 ], [ 2.138810160418672, 41.38408174199801 ], [ 2.138480980592887, 41.385859714168873 ], [ 2.136309518694779, 41.386427989656113 ], [ 2.134467332170202, 41.385218301564208 ] ] ] } },
{ "type": "Feature", "properties": { "h3_index": "89394462a63ffff", "catchment_store_count": 97, "catchment_type_diversity": 6, "is_food_desert": false, "store_count": 5, "type_diversity": 4, "barri_name": "el Guinardó", "income_index": 21610.0, "c1_density": 0.32770270270270269, "c2_diversity": 1.0, "c3_pressure": 0.68850681042457496, "c4_deprivation": 0.31149318957542504, "food_access_score": 53.108108108108112 }, "geometry": { "type": "Polygon", "coordinates": [ [ [ 2.175215396119351, 41.421925592576983 ], [ 2.175544051456374, 41.420147738152757 ], [ 2.177716868697276, 41.419579087138025 ], [ 2.179561126188716, 41.42078829906292 ], [ 2.179232541089027, 41.42256618736419 ], [ 2.177059628257692, 41.423134829864154 ], [ 2.175215396119351, 41.421925592576983 ] ] ] } },
{ "type": "Feature", "properties": { "h3_index": "89394461d77ffff", "catchment_store_count": 2, "catchment_type_diversity": 1, "is_food_desert": false, "store_count": 0, "type_diversity": 0, "barri_name": "la Marina del Prat Vermell", "income_index": 16015.0, "c1_density": 0.0067567567567567571, "c2_diversity": 0.16666666666666666, "c3_pressure": 0.86698140291556347, "c4_deprivation": 0.1330185970844365, "food_access_score": 23.603603603603602 }, "geometry": { "type": "Polygon", "coordinates": [ [ [ 2.173025570045431, 41.366658014283196 ], [ 2.173354050565397, 41.364879400483936 ], [ 2.175525422843016, 41.364310041011827 ], [ 2.177368410065593, 41.365519303864914 ], [ 2.177039999686039, 41.367297951586664 ], [ 2.174868531940666, 41.367867302533412 ], [ 2.173025570045431, 41.366658014283196 ] ] ] } },
{ "type": "Feature", "properties": { "h3_index": "8939446ad03ffff", "catchment_store_count": 2, "catchment_type_diversity": 1, "is_food_desert": false, "store_count": 0, "type_diversity": 0, "barri_name": "la Marina del Prat Vermell", "income_index": 16015.0, "c1_density": 0.0067567567567567571, "c2_diversity": 0.16666666666666666, "c3_pressure": 0.86698140291556347, "c4_deprivation": 0.1330185970844365, "food_access_score": 23.603603603603602 }, "geometry": { "type": "Polygon", "coordinates": [ [ [ 2.118763106119591, 41.325034343909046 ], [ 2.119092405914044, 41.323255724477079 ], [ 2.121262033815239, 41.322686952693424 ], [ 2.123102457342606, 41.323896808969899 ], [ 2.122773227488804, 41.325675462420641 ], [ 2.120603504164106, 41.326244225576701 ], [ 2.118763106119591, 41.325034343909046 ] ] ] } },
{ "type": "Feature", "properties": { "h3_index": "89394462b17ffff", "catchment_store_count": 7, "catchment_type_diversity": 1, "is_food_desert": false, "store_count": 3, "type_diversity": 1, "barri_name": "el Bon Pastor", "income_index": 14841.0, "c1_density": 0.02364864864864865, "c2_diversity": 0.16666666666666666, "c3_pressure": 0.90443076334173345, "c4_deprivation": 0.09556923665826661, "food_access_score": 24.279279279279283 }, "geometry": { "type": "Polygon", "coordinates": [ [ [ 2.201370429527094, 41.437075181048407 ], [ 2.201698670019354, 41.435297262175624 ], [ 2.203872202129325, 41.434728260428969 ], [ 2.205717589344672, 41.43593718602169 ], [ 2.205389419178019, 41.437715138728869 ], [ 2.203215791467543, 41.438284132009528 ], [ 2.201370429527094, 41.437075181048407 ] ] ] } },
{ "type": "Feature", "properties": { "h3_index": "89394461e2bffff", "catchment_store_count": 1, "catchment_type_diversity": 1, "is_food_desert": false, "store_count": 0, "type_diversity": 0, "barri_name": "la Marina del Prat Vermell", "income_index": 16015.0, "c1_density": 0.0033783783783783786, "c2_diversity": 0.16666666666666666, "c3_pressure": 0.86698140291556347, "c4_deprivation": 0.1330185970844365, "food_access_score": 23.468468468468469 }, "geometry": { "type": "Polygon", "coordinates": [ [ [ 2.138354016477432, 41.341899155702478 ], [ 2.138683027824074, 41.3401205637822 ], [ 2.140853332745899, 41.339551604993169 ], [ 2.142694721761885, 41.340761246715495 ], [ 2.142365780431055, 41.342539872618367 ], [ 2.140195380065558, 41.343108822816909 ], [ 2.138354016477432, 41.341899155702478 ] ] ] } },
{ "type": "Feature", "properties": { "h3_index": "8939446adb7ffff", "catchment_store_count": 0, "catchment_type_diversity": 0, "is_food_desert": true, "store_count": 0, "type_diversity": 0, "barri_name": "la Marina del Prat Vermell", "income_index": 16015.0, "c1_density": 0.0, "c2_diversity": 0.0, "c3_pressure": 0.86698140291556347, "c4_deprivation": 0.1330185970844365, "food_access_score": 20.0 }, "geometry": { "type": "Polygon", "coordinates": [ [ [ 2.127307569403402, 41.3346407326841 ], [ 2.127636752165285, 41.332862156912121 ], [ 2.129806732991304, 41.332293334320575 ], [ 2.131647626489952, 41.333503096112672 ], [ 2.131318513705241, 41.335281705885905 ], [ 2.129148437441819, 41.335850519866334 ], [ 2.127307569403402, 41.3346407326841 ] ] ] } },
{ "type": "Feature", "properties": { "h3_index": "89394460453ffff", "catchment_store_count": 3, "catchment_type_diversity": 2, "is_food_desert": false, "store_count": 0, "type_diversity": 0, "barri_name": "Vallvidrera, el Tibidabo i les Planes", "income_index": 32833.0, "c1_density": 0.010135135135135136, "c2_diversity": 0.33333333333333331, "c3_pressure": 0.33050496028581455, "c4_deprivation": 0.66949503971418545, "food_access_score": 27.072072072072075 }, "geometry": { "type": "Polygon", "coordinates": [ [ [ 2.105965442912027, 41.416348810034492 ], [ 2.106295329309198, 41.414571618526303 ], [ 2.108467137143577, 41.414004367758068 ], [ 2.110309154219059, 41.415214317138293 ], [ 2.109979337882603, 41.416991542609452 ], [ 2.107807434407065, 41.417558784738006 ], [ 2.105965442912027, 41.416348810034492 ] ] ] } },
{ "type": "Feature", "properties": { "h3_index": "89394462bcbffff", "catchment_store_count": 38, "catchment_type_diversity": 6, "is_food_desert": false, "store_count": 2, "type_diversity": 2, "barri_name": "Sant Andreu", "income_index": 22418.0, "c1_density": 0.12837837837837837, "c2_diversity": 1.0, "c3_pressure": 0.66273246355545634, "c4_deprivation": 0.33726753644454366, "food_access_score": 45.135135135135144 }, "geometry": { "type": "Polygon", "coordinates": [ [ [ 2.187798291453184, 41.432167672001313 ], [ 2.188126758725885, 41.430389828440475 ], [ 2.190299995801039, 41.429821049090961 ], [ 2.192144861202574, 41.431030121793825 ], [ 2.191816464214566, 41.432807999208919 ], [ 2.18964313153745, 41.433376770067483 ], [ 2.187798291453184, 41.432167672001313 ] ] ] } },
{ "type": "Feature", "properties": { "h3_index": "89394460507ffff", "catchment_store_count": 93, "catchment_type_diversity": 5, "is_food_desert": false, "store_count": 7, "type_diversity": 4, "barri_name": "la Teixonera", "income_index": 17848.0, "c1_density": 0.3141891891891892, "c2_diversity": 0.83333333333333337, "c3_pressure": 0.8085106382978724, "c4_deprivation": 0.19148936170212766, "food_access_score": 49.234234234234236 }, "geometry": { "type": "Polygon", "coordinates": [ [ [ 2.147627749965974, 41.425757801787768 ], [ 2.147956919493613, 41.423980297057447 ], [ 2.150129490637894, 41.423412286728947 ], [ 2.151972987876078, 41.424621789695124 ], [ 2.151643888525492, 41.426399328332046 ], [ 2.149471221756794, 41.426967330096787 ], [ 2.147627749965974, 41.425757801787768 ] ] ] } },
{ "type": "Feature", "properties": { "h3_index": "893944605bbffff", "catchment_store_count": 29, "catchment_type_diversity": 5, "is_food_desert": false, "store_count": 0, "type_diversity": 0, "barri_name": "la Vall d'Hebron", "income_index": 22643.5, "c1_density": 0.097972972972972971, "c2_diversity": 0.83333333333333337, "c3_pressure": 0.65553925165077032, "c4_deprivation": 0.34446074834922963, "food_access_score": 40.585585585585584 }, "geometry": { "type": "Polygon", "coordinates": [ [ [ 2.146640164154165, 41.431090143431952 ], [ 2.146969372297, 41.429312724977919 ], [ 2.149142068011182, 41.428744808645433 ], [ 2.150985651217039, 41.429954319332431 ], [ 2.150656513257713, 41.431731771690096 ], [ 2.148483721906151, 41.432299679457692 ], [ 2.146640164154165, 41.431090143431952 ] ] ] } },
{ "type": "Feature", "properties": { "h3_index": "8939446066fffff", "catchment_store_count": 8, "catchment_type_diversity": 3, "is_food_desert": false, "store_count": 0, "type_diversity": 0, "barri_name": "Pedralbes", "income_index": 42688.0, "c1_density": 0.027027027027027029, "c2_diversity": 0.5, "c3_pressure": 0.016140865737344079, "c4_deprivation": 0.98385913426265592, "food_access_score": 31.081081081081084 }, "geometry": { "type": "Polygon", "coordinates": [ [ [ 2.110912385572354, 41.389687921223185 ], [ 2.111242078670698, 41.387910298947027 ], [ 2.113413264561479, 41.387342578015925 ], [ 2.115254852927452, 41.38855248799559 ], [ 2.114925229857651, 41.390330144249589 ], [ 2.112753948390445, 41.390897856546637 ], [ 2.110912385572354, 41.389687921223185 ] ] ] } },
{ "type": "Feature", "properties": { "h3_index": "8939446088bffff", "catchment_store_count": 87, "catchment_type_diversity": 5, "is_food_desert": false, "store_count": 24, "type_diversity": 5, "barri_name": "el Poblenou", "income_index": 23813.0, "c1_density": 0.29391891891891891, "c2_diversity": 0.83333333333333337, "c3_pressure": 0.61823343647325268, "c4_deprivation": 0.38176656352674726, "food_access_score": 48.423423423423429 }, "geometry": { "type": "Polygon", "coordinates": [ [ [ 2.201742756136586, 41.401441404953559 ], [ 2.202070851742234, 41.399662976366017 ], [ 2.204243473718782, 41.39909347977693 ], [ 2.206088095606511, 41.400302420245673 ], [ 2.205760070268172, 41.402080882694811 ], [ 2.203587352771926, 41.402650370814222 ], [ 2.201742756136586, 41.401441404953559 ] ] ] } },
{ "type": "Feature", "properties": { "h3_index": "89394460c0fffff", "catchment_store_count": 84, "catchment_type_diversity": 5, "is_food_desert": false, "store_count": 4, "type_diversity": 3, "barri_name": "el Clot", "income_index": 21704.0, "c1_density": 0.28378378378378377, "c2_diversity": 0.83333333333333337, "c3_pressure": 0.68550830967494969, "c4_deprivation": 0.31449169032505025, "food_access_score": 48.018018018018019 }, "geometry": { "type": "Polygon", "coordinates": [ [ [ 2.191739050872438, 41.410831651559079 ], [ 2.192067364009028, 41.409053463035136 ], [ 2.194240102418072, 41.408484308042183 ], [ 2.196084623237806, 41.409693350060216 ], [ 2.19575638035997, 41.411471572450282 ], [ 2.193583546400785, 41.41204071895676 ], [ 2.191739050872438, 41.410831651559079 ] ] ] } },
{ "type": "Feature", "properties": { "h3_index": "89394460cc3ffff", "catchment_store_count": 161, "catchment_type_diversity": 5, "is_food_desert": false, "store_count": 11, "type_diversity": 3, "barri_name": "el Camp de l'Arpa del Clot", "income_index": 22131.0, "c1_density": 0.54391891891891897, "c2_diversity": 0.83333333333333337, "c3_pressure": 0.67188746052505666, "c4_deprivation": 0.3281125394749434, "food_access_score": 58.423423423423436 }, "geometry": { "type": "Polygon", "coordinates": [ [ [ 2.178702632972084, 41.414245257465616 ], [ 2.179031195364085, 41.412467256764209 ], [ 2.181203858939745, 41.411898426404278 ], [ 2.183048055690442, 41.413107605255796 ], [ 2.182719563531444, 41.414885639836086 ], [ 2.180546804385892, 41.415454461686558 ], [ 2.178702632972084, 41.414245257465616 ] ] ] } },
{ "type": "Feature", "properties": { "h3_index": "8939446008bffff", "catchment_store_count": 30, "catchment_type_diversity": 5, "is_food_desert": false, "store_count": 0, "type_diversity": 0, "barri_name": "Sant Gervasi - la Bonanova", "income_index": 36213.5, "c1_density": 0.10135135135135136, "c2_diversity": 0.83333333333333337, "c3_pressure": 0.22267057960381509, "c4_deprivation": 0.77732942039618491, "food_access_score": 40.720720720720728 }, "geometry": { "type": "Polygon", "coordinates": [ [ [ 2.128013977876747, 41.40889667796889 ], [ 2.128343436587739, 41.407119144282795 ], [ 2.130515329538748, 41.406551321526202 ], [ 2.132357859380158, 41.407761041057285 ], [ 2.132028470770862, 41.409538608686198 ], [ 2.129856482215601, 41.41010642284175 ], [ 2.128013977876747, 41.40889667796889 ] ] ] } },
{ "type": "Feature", "properties": { "h3_index": "89394462803ffff", "catchment_store_count": 9, "catchment_type_diversity": 2, "is_food_desert": false, "store_count": 2, "type_diversity": 1, "barri_name": "la Trinitat Nova", "income_index": 14232.0, "c1_density": 0.030405405405405407, "c2_diversity": 0.33333333333333331, "c3_pressure": 0.92385722032600726, "c4_deprivation": 0.076142779673992786, "food_access_score": 27.882882882882885 }, "geometry": { "type": "Polygon", "coordinates": [ [ [ 2.182339230007232, 41.45051290575875 ], [ 2.182667867385215, 41.448735381307223 ], [ 2.184841507686256, 41.448166969240255 ], [ 2.186686606254921, 41.44937609012382 ], [ 2.186358039178955, 41.45115364842178 ], [ 2.184184303229433, 41.451722051990316 ], [ 2.182339230007232, 41.45051290575875 ] ] ] } },
{ "type": "Feature", "properties": { "h3_index": "89394460e2bffff", "catchment_store_count": 48, "catchment_type_diversity": 5, "is_food_desert": false, "store_count": 0, "type_diversity": 0, "barri_name": "Sant Pere, Santa Caterina i la Ribera", "income_index": 18968.0, "c1_density": 0.16216216216216217, "c2_diversity": 0.83333333333333337, "c3_pressure": 0.77278382085552966, "c4_deprivation": 0.22721617914447031, "food_access_score": 43.153153153153156 }, "geometry": { "type": "Polygon", "coordinates": [ [ [ 2.187645597374113, 41.388212105301712 ], [ 2.187973896913473, 41.386433640004796 ], [ 2.190146004023932, 41.385864263274016 ], [ 2.191989907095057, 41.387073360337304 ], [ 2.191661677767081, 41.388851859522717 ], [ 2.189489475153725, 41.38942122775692 ], [ 2.187645597374113, 41.388212105301712 ] ] ] } },
{ "type": "Feature", "properties": { "h3_index": "893944602a7ffff", "catchment_store_count": 67, "catchment_type_diversity": 5, "is_food_desert": false, "store_count": 0, "type_diversity": 0, "barri_name": "les Corts", "income_index": 28740.0, "c1_density": 0.22635135135135134, "c2_diversity": 0.83333333333333337, "c3_pressure": 0.46106733867108995, "c4_deprivation": 0.53893266132891005, "food_access_score": 45.720720720720728 }, "geometry": { "type": "Polygon", "coordinates": [ [ [ 2.133479505257635, 41.39055194406486 ], [ 2.133808793762735, 41.388774091926088 ], [ 2.135980284530445, 41.388205901814118 ], [ 2.137822582347996, 41.389415572434935 ], [ 2.137493363927404, 41.391193458524349 ], [ 2.135321777601863, 41.391761640042851 ], [ 2.133479505257635, 41.39055194406486 ] ] ] } },
{ "type": "Feature", "properties": { "h3_index": "8939446035bffff", "catchment_store_count": 131, "catchment_type_diversity": 5, "is_food_desert": false, "store_count": 3, "type_diversity": 2, "barri_name": "Hostafrancs", "income_index": 20683.0, "c1_density": 0.44256756756756754, "c2_diversity": 0.83333333333333337, "c3_pressure": 0.71807713164694253, "c4_deprivation": 0.28192286835305752, "food_access_score": 54.36936936936938 }, "geometry": { "type": "Polygon", "coordinates": [ [ [ 2.139468481480484, 41.380525711595133 ], [ 2.139797622718008, 41.378747653368947 ], [ 2.141968931324547, 41.37817919855712 ], [ 2.143811194220419, 41.379388810555952 ], [ 2.143482123065269, 41.38116690273349 ], [ 2.141310718928998, 41.381735348961413 ], [ 2.139468481480484, 41.380525711595133 ] ] ] } },
{ "type": "Feature", "properties": { "h3_index": "89394462ad3ffff", "catchment_store_count": 45, "catchment_type_diversity": 5, "is_food_desert": false, "store_count": 0, "type_diversity": 0, "barri_name": "Horta", "income_index": 21854.0, "c1_density": 0.15202702702702703, "c2_diversity": 0.83333333333333337, "c3_pressure": 0.68072346805320749, "c4_deprivation": 0.31927653194679256, "food_access_score": 42.747747747747752 }, "geometry": { "type": "Polygon", "coordinates": [ [ [ 2.158689822122687, 41.433014668628857 ], [ 2.159018819682718, 41.431237148479646 ], [ 2.161191715397624, 41.430669001507937 ], [ 2.163035709180331, 41.431878383229055 ], [ 2.162706781836105, 41.433655937266188 ], [ 2.16053379049051, 41.434224075694857 ], [ 2.158689822122687, 41.433014668628857 ] ] ] } },
{ "type": "Feature", "properties": { "h3_index": "8939446040fffff", "catchment_store_count": 0, "catchment_type_diversity": 0, "is_food_desert": true, "store_count": 0, "type_diversity": 0, "barri_name": "Sant Gervasi - la Bonanova", "income_index": 36213.5, "c1_density": 0.0, "c2_diversity": 0.0, "c3_pressure": 0.22267057960381509, "c4_deprivation": 0.77732942039618491, "food_access_score": 20.0 }, "geometry": { "type": "Polygon", "coordinates": [ [ [ 2.118007739090484, 41.418276648934608 ], [ 2.118337415273238, 41.416499355553249 ], [ 2.120509423597014, 41.415931874433149 ], [ 2.122351851369733, 41.417141695312864 ], [ 2.122022245280024, 41.418919022641518 ], [ 2.119850141321682, 41.419486495143779 ], [ 2.118007739090484, 41.418276648934608 ] ] ] } },
{ "type": "Feature", "properties": { "h3_index": "89394462b87ffff", "catchment_store_count": 7, "catchment_type_diversity": 2, "is_food_desert": false, "store_count": 0, "type_diversity": 0, "barri_name": "el Bon Pastor", "income_index": 14841.0, "c1_density": 0.02364864864864865, "c2_diversity": 0.33333333333333331, "c3_pressure": 0.90443076334173345, "c4_deprivation": 0.09556923665826661, "food_access_score": 27.612612612612619 }, "geometry": { "type": "Polygon", "coordinates": [ [ [ 2.200385630989577, 41.442408765013475 ], [ 2.200713910012944, 41.440630932470235 ], [ 2.202887566873649, 41.440062024637925 ], [ 2.204733040321583, 41.441270957816528 ], [ 2.204404831630332, 41.443048824191209 ], [ 2.202231079156145, 41.443617723556436 ], [ 2.200385630989577, 41.442408765013475 ] ] ] } },
{ "type": "Feature", "properties": { "h3_index": "893944604c3ffff", "catchment_store_count": 1, "catchment_type_diversity": 1, "is_food_desert": false, "store_count": 0, "type_diversity": 0, "barri_name": "Vallvidrera, el Tibidabo i les Planes", "income_index": 32833.0, "c1_density": 0.0033783783783783786, "c2_diversity": 0.16666666666666666, "c3_pressure": 0.33050496028581455, "c4_deprivation": 0.66949503971418545, "food_access_score": 23.468468468468469 }, "geometry": { "type": "Polygon", "coordinates": [ [ [ 2.104975706362868, 41.42168021210108 ], [ 2.105305631439601, 41.419903106824805 ], [ 2.107477563701567, 41.419335950114892 ], [ 2.109319666538002, 41.420545907322634 ], [ 2.108989811528396, 41.422323046558908 ], [ 2.106817783612352, 41.422890194627996 ], [ 2.104975706362868, 41.42168021210108 ] ] ] } },
{ "type": "Feature", "properties": { "h3_index": "89394460577ffff", "catchment_store_count": 86, "catchment_type_diversity": 5, "is_food_desert": false, "store_count": 5, "type_diversity": 3, "barri_name": "el Coll", "income_index": 20877.0, "c1_density": 0.29054054054054052, "c2_diversity": 0.83333333333333337, "c3_pressure": 0.71188873648282236, "c4_deprivation": 0.28811126351717758, "food_access_score": 48.288288288288292 }, "geometry": { "type": "Polygon", "coordinates": [ [ [ 2.14861521993882, 41.420425201340827 ], [ 2.148944350857843, 41.41864761036031 ], [ 2.15111679744521, 41.418079506044386 ], [ 2.152960208722116, 41.419289001272212 ], [ 2.152631147973668, 41.4210666261623 ], [ 2.150458605774829, 41.421634721915567 ], [ 2.14861521993882, 41.420425201340827 ] ] ] } },
{ "type": "Feature", "properties": { "h3_index": "8939446062bffff", "catchment_store_count": 16, "catchment_type_diversity": 4, "is_food_desert": false, "store_count": 0, "type_diversity": 0, "barri_name": "Pedralbes", "income_index": 42688.0, "c1_density": 0.054054054054054057, "c2_diversity": 0.66666666666666663, "c3_pressure": 0.016140865737344079, "c4_deprivation": 0.98385913426265592, "food_access_score": 35.495495495495497 }, "geometry": { "type": "Polygon", "coordinates": [ [ [ 2.113936283369433, 41.395662940808755 ], [ 2.114265945079343, 41.393885370659071 ], [ 2.116437322128353, 41.393317666992978 ], [ 2.118279133051677, 41.394527542105045 ], [ 2.117949541387462, 41.396305146224371 ], [ 2.115778068751318, 41.396872841262564 ], [ 2.113936283369433, 41.395662940808755 ] ] ] } },
{ "type": "Feature", "properties": { "h3_index": "8939446310bffff", "catchment_store_count": 0, "catchment_type_diversity": 0, "is_food_desert": true, "store_count": 0, "type_diversity": 0, "barri_name": "Vallvidrera, el Tibidabo i les Planes", "income_index": 32833.0, "c1_density": 0.0, "c2_diversity": 0.0, "c3_pressure": 0.33050496028581455, "c4_deprivation": 0.66949503971418545, "food_access_score": 20.0 }, "geometry": { "type": "Polygon", "coordinates": [ [ [ 2.085899025347901, 41.413133353902708 ], [ 2.086229261886866, 41.411356332287454 ], [ 2.088400735225786, 41.410789465274526 ], [ 2.090242067674882, 41.411999628553495 ], [ 2.089911901142708, 41.413776684157789 ], [ 2.087740332151768, 41.414343542494656 ], [ 2.085899025347901, 41.413133353902708 ] ] ] } },
{ "type": "Feature", "properties": { "h3_index": "89394462e57ffff", "catchment_store_count": 2, "catchment_type_diversity": 2, "is_food_desert": false, "store_count": 0, "type_diversity": 0, "barri_name": "Horta", "income_index": 21854.0, "c1_density": 0.0067567567567567571, "c2_diversity": 0.33333333333333331, "c3_pressure": 0.68072346805320749, "c4_deprivation": 0.31927653194679256, "food_access_score": 26.936936936936938 }, "geometry": { "type": "Polygon", "coordinates": [ [ [ 2.148681415184129, 41.442395881657852 ], [ 2.149010630380725, 41.440618601937018 ], [ 2.151183641983845, 41.440050796738028 ], [ 2.153027534048559, 41.441260279820256 ], [ 2.152698389059148, 41.44303759343353 ], [ 2.150525281794962, 41.443605390072698 ], [ 2.148681415184129, 41.442395881657852 ] ] ] } },
{ "type": "Feature", "properties": { "h3_index": "89394463127ffff", "catchment_store_count": 3, "catchment_type_diversity": 2, "is_food_desert": false, "store_count": 1, "type_diversity": 1, "barri_name": "Vallvidrera, el Tibidabo i les Planes", "income_index": 32833.0, "c1_density": 0.010135135135135136, "c2_diversity": 0.33333333333333331, "c3_pressure": 0.33050496028581455, "c4_deprivation": 0.66949503971418545, "food_access_score": 27.072072072072075 }, "geometry": { "type": "Polygon", "coordinates": [ [ [ 2.101951751728909, 41.415705957880199 ], [ 2.102281708175978, 41.413928800340138 ], [ 2.104453449145896, 41.413361626339423 ], [ 2.106295329309198, 41.414571618526303 ], [ 2.105965442912027, 41.416348810034492 ], [ 2.103793606298781, 41.416915975388278 ], [ 2.101951751728909, 41.415705957880199 ] ] ] } },
{ "type": "Feature", "properties": { "h3_index": "89394461803ffff", "catchment_store_count": 0, "catchment_type_diversity": 0, "is_food_desert": true, "store_count": 0, "type_diversity": 0, "barri_name": "la Marina del Prat Vermell", "income_index": 16015.0, "c1_density": 0.0, "c2_diversity": 0.0, "c3_pressure": 0.86698140291556347, "c4_deprivation": 0.1330185970844365, "food_access_score": 20.0 }, "geometry": { "type": "Polygon", "coordinates": [ [ [ 2.157428807362049, 41.350437658941701 ], [ 2.157757507045062, 41.34865898304156 ], [ 2.159928269065296, 41.348089734440642 ], [ 2.161770426845139, 41.34929917029568 ], [ 2.161441797238076, 41.351077880149298 ], [ 2.159270939772341, 41.351647120194968 ], [ 2.157428807362049, 41.350437658941701 ] ] ] } },
{ "type": "Feature", "properties": { "h3_index": "893944618b7ffff", "catchment_store_count": 0, "catchment_type_diversity": 0, "is_food_desert": true, "store_count": 0, "type_diversity": 0, "barri_name": "la Marina del Prat Vermell", "income_index": 16015.0, "c1_density": 0.0, "c2_diversity": 0.0, "c3_pressure": 0.86698140291556347, "c4_deprivation": 0.1330185970844365, "food_access_score": 20.0 }, "geometry": { "type": "Polygon", "coordinates": [ [ [ 2.16598314386095, 41.360042056793283 ], [ 2.166311726106342, 41.358263424900876 ], [ 2.16848284098049, 41.357694125166773 ], [ 2.170325469065681, 41.358903465864415 ], [ 2.169996956932767, 41.360682131692769 ], [ 2.167825746599302, 41.361251422888095 ], [ 2.16598314386095, 41.360042056793283 ] ] ] } },
{ "type": "Feature", "properties": { "h3_index": "89394460047ffff", "catchment_store_count": 36, "catchment_type_diversity": 5, "is_food_desert": false, "store_count": 1, "type_diversity": 1, "barri_name": "Sant Gervasi - Galvany", "income_index": 35750.0, "c1_density": 0.12162162162162163, "c2_diversity": 0.83333333333333337, "c3_pressure": 0.23745574021499893, "c4_deprivation": 0.76254425978500107, "food_access_score": 41.531531531531542 }, "geometry": { "type": "Polygon", "coordinates": [ [ [ 2.129990537008424, 41.398231045024389 ], [ 2.130319918470848, 41.396453339027438 ], [ 2.132491562528056, 41.395885328277693 ], [ 2.134333920698312, 41.397095032124255 ], [ 2.134004609324677, 41.398872772069957 ], [ 2.131832869689129, 41.399440774220942 ], [ 2.129990537008424, 41.398231045024389 ] ] ] } },
{ "type": "Feature", "properties": { "h3_index": "89394461ad3ffff", "catchment_store_count": 0, "catchment_type_diversity": 0, "is_food_desert": true, "store_count": 0, "type_diversity": 0, "barri_name": "la Marina del Prat Vermell", "income_index": 16015.0, "c1_density": 0.0, "c2_diversity": 0.0, "c3_pressure": 0.86698140291556347, "c4_deprivation": 0.1330185970844365, "food_access_score": 20.0 }, "geometry": { "type": "Polygon", "coordinates": [ [ [ 2.133817673936862, 41.332934196831403 ], [ 2.13414673245243, 41.331155527151672 ], [ 2.136316751075295, 41.330586542572853 ], [ 2.138157806607359, 41.331796236273995 ], [ 2.137828818081862, 41.333574939948647 ], [ 2.135658704031361, 41.334143915927811 ], [ 2.133817673936862, 41.332934196831403 ] ] ] } },
{ "type": "Feature", "properties": { "h3_index": "89394462873ffff", "catchment_store_count": 22, "catchment_type_diversity": 3, "is_food_desert": false, "store_count": 0, "type_diversity": 0, "barri_name": "Sant Andreu", "income_index": 22418.0, "c1_density": 0.074324324324324328, "c2_diversity": 0.5, "c3_pressure": 0.66273246355545634, "c4_deprivation": 0.33726753644454366, "food_access_score": 32.972972972972983 }, "geometry": { "type": "Polygon", "coordinates": [ [ [ 2.183325103569464, 41.445180246028571 ], [ 2.183653702377204, 41.443402635207221 ], [ 2.185827217953121, 41.44283412918324 ], [ 2.187672230353884, 41.444043242478521 ], [ 2.18734370184166, 41.445820887149296 ], [ 2.185170090630257, 41.446389384675932 ], [ 2.183325103569464, 41.445180246028571 ] ] ] } },
{ "type": "Feature", "properties": { "h3_index": "89394460e9bffff", "catchment_store_count": 178, "catchment_type_diversity": 6, "is_food_desert": false, "store_count": 8, "type_diversity": 3, "barri_name": "la Dreta de l'Eixample", "income_index": 29588.0, "c1_density": 0.60135135135135132, "c2_diversity": 1.0, "c3_pressure": 0.43401703403617342, "c4_deprivation": 0.56598296596382658, "food_access_score": 64.054054054054049 }, "geometry": { "type": "Polygon", "coordinates": [ [ [ 2.171126417180605, 41.399308706885897 ], [ 2.171455058720983, 41.39753057549062 ], [ 2.17362724452755, 41.396961702537226 ], [ 2.175470884333964, 41.39817096950452 ], [ 2.175142312983485, 41.399949134799222 ], [ 2.172970031633812, 41.400517999227766 ], [ 2.171126417180605, 41.399308706885897 ] ] ] } },
{ "type": "Feature", "properties": { "h3_index": "893944601afffff", "catchment_store_count": 157, "catchment_type_diversity": 5, "is_food_desert": false, "store_count": 5, "type_diversity": 2, "barri_name": "el Baix Guinardó", "income_index": 22432.0, "c1_density": 0.53040540540540537, "c2_diversity": 0.83333333333333337, "c3_pressure": 0.66228587833742703, "c4_deprivation": 0.33771412166257297, "food_access_score": 57.882882882882882 }, "geometry": { "type": "Polygon", "coordinates": [ [ [ 2.170669381739283, 41.412964132989309 ], [ 2.170998084564967, 41.411186200061394 ], [ 2.173170615066693, 41.410617523483893 ], [ 2.175014538314242, 41.411826788358873 ], [ 2.174685905700014, 41.413604755176138 ], [ 2.172513279623912, 41.414173423229627 ], [ 2.170669381739283, 41.412964132989309 ] ] ] } },
{ "type": "Feature", "properties": { "h3_index": "8939446236bffff", "catchment_store_count": 0, "catchment_type_diversity": 0, "is_food_desert": true, "store_count": 0, "type_diversity": 0, "barri_name": "Sant Genís dels Agudells", "income_index": 19094.0, "c1_density": 0.0, "c2_diversity": 0.0, "c3_pressure": 0.76876455389326614, "c4_deprivation": 0.23123544610673386, "food_access_score": 20.0 }, "geometry": { "type": "Polygon", "coordinates": [ [ [ 2.128074802985719, 41.430867178491688 ], [ 2.128404346145546, 41.429089955809857 ], [ 2.130576803826083, 41.428522432313095 ], [ 2.132419813997771, 41.429732140096938 ], [ 2.132090340976166, 41.431509396704421 ], [ 2.129917787641798, 41.432076911602969 ], [ 2.128074802985719, 41.430867178491688 ] ] ] } },
{ "type": "Feature", "properties": { "h3_index": "89394461c3bffff", "catchment_store_count": 10, "catchment_type_diversity": 5, "is_food_desert": false, "store_count": 0, "type_diversity": 0, "barri_name": "el Poble-sec", "income_index": 18196.5, "c1_density": 0.033783783783783786, "c2_diversity": 0.83333333333333337, "c3_pressure": 0.79739385626335768, "c4_deprivation": 0.20260614373664232, "food_access_score": 38.018018018018019 }, "geometry": { "type": "Polygon", "coordinates": [ [ [ 2.146443300594258, 41.365163040889804 ], [ 2.146772256043551, 41.363384690694424 ], [ 2.148943258083288, 41.362815877314063 ], [ 2.150785400159581, 41.364025422702866 ], [ 2.150456514784085, 41.365803806853265 ], [ 2.148285417255629, 41.366372611660417 ], [ 2.146443300594258, 41.365163040889804 ] ] ] } },
{ "type": "Feature", "properties": { "h3_index": "89394460263ffff", "catchment_store_count": 117, "catchment_type_diversity": 6, "is_food_desert": false, "store_count": 23, "type_diversity": 5, "barri_name": "Sants - Badal", "income_index": 19943.0, "c1_density": 0.39527027027027029, "c2_diversity": 1.0, "c3_pressure": 0.7416823503142046, "c4_deprivation": 0.2583176496857954, "food_access_score": 55.810810810810807 }, "geometry": { "type": "Polygon", "coordinates": [ [ [ 2.125916412621562, 41.375613681096127 ], [ 2.126245779759789, 41.373835698728136 ], [ 2.128416792818796, 41.373267465602815 ], [ 2.130258534267715, 41.374477223454868 ], [ 2.129929237170999, 41.376255239793956 ], [ 2.127758128580968, 41.376823464310476 ], [ 2.125916412621562, 41.375613681096127 ] ] ] } },
{ "type": "Feature", "properties": { "h3_index": "89394460317ffff", "catchment_store_count": 154, "catchment_type_diversity": 5, "is_food_desert": false, "store_count": 8, "type_diversity": 4, "barri_name": "l'Antiga Esquerra de l'Eixample", "income_index": 28407.0, "c1_density": 0.52027027027027029, "c2_diversity": 0.83333333333333337, "c3_pressure": 0.47168968707135794, "c4_deprivation": 0.52831031292864206, "food_access_score": 57.477477477477493 }, "geometry": { "type": "Polygon", "coordinates": [ [ [ 2.152036926055978, 41.390770798797597 ], [ 2.152365879809117, 41.388992750873008 ], [ 2.154537608265244, 41.388424168188806 ], [ 2.156380478506731, 41.389633641989903 ], [ 2.15605159488329, 41.391411723843071 ], [ 2.153879770885784, 41.391980297967137 ], [ 2.152036926055978, 41.390770798797597 ] ] ] } },
{ "type": "Feature", "properties": { "h3_index": "89394462a8fffff", "catchment_store_count": 37, "catchment_type_diversity": 5, "is_food_desert": false, "store_count": 4, "type_diversity": 2, "barri_name": "el Turó de la Peira", "income_index": 15471.5, "c1_density": 0.125, "c2_diversity": 0.83333333333333337, "c3_pressure": 0.88431847905834315, "c4_deprivation": 0.11568152094165683, "food_access_score": 41.666666666666664 }, "geometry": { "type": "Polygon", "coordinates": [ [ [ 2.170741311704704, 41.434938114768485 ], [ 2.171070098584991, 41.433160492971197 ], [ 2.173243194144086, 41.43259211528639 ], [ 2.17508759844395, 41.433801367920658 ], [ 2.174758881811786, 41.435579023590172 ], [ 2.172585690628748, 41.436147392753782 ], [ 2.170741311704704, 41.434938114768485 ] ] ] } },
{ "type": "Feature", "properties": { "h3_index": "89394461da3ffff", "catchment_store_count": 89, "catchment_type_diversity": 6, "is_food_desert": false, "store_count": 5, "type_diversity": 2, "barri_name": "el Raval", "income_index": 13991.0, "c1_density": 0.30067567567567566, "c2_diversity": 1.0, "c3_pressure": 0.9315448658649399, "c4_deprivation": 0.068455134135060131, "food_access_score": 52.027027027027039 }, "geometry": { "type": "Polygon", "coordinates": [ [ [ 2.175069267826101, 41.377969235953742 ], [ 2.175397755232925, 41.376190760236099 ], [ 2.177569442943056, 41.375621511688578 ], [ 2.179412738734836, 41.376830747379636 ], [ 2.179084321492091, 41.378609257008577 ], [ 2.176912538290596, 41.379178497035767 ], [ 2.175069267826101, 41.377969235953742 ] ] ] } },
{ "type": "Feature", "properties": { "h3_index": "8939446ad2fffff", "catchment_store_count": 0, "catchment_type_diversity": 0, "is_food_desert": true, "store_count": 0, "type_diversity": 0, "barri_name": "la Marina del Prat Vermell", "income_index": 16015.0, "c1_density": 0.0, "c2_diversity": 0.0, "c3_pressure": 0.86698140291556347, "c4_deprivation": 0.1330185970844365, "food_access_score": 20.0 }, "geometry": { "type": "Polygon", "coordinates": [ [ [ 2.131781311190951, 41.321621091292357 ], [ 2.132110362583117, 41.319842284052953 ], [ 2.134280066146298, 41.319273188375185 ], [ 2.136120813718474, 41.320482908542047 ], [ 2.135791832292777, 41.322261749787543 ], [ 2.133622033325576, 41.322830836860675 ], [ 2.131781311190951, 41.321621091292357 ] ] ] } },
{ "type": "Feature", "properties": { "h3_index": "893944603cbffff", "catchment_store_count": 142, "catchment_type_diversity": 5, "is_food_desert": false, "store_count": 6, "type_diversity": 3, "barri_name": "Sants", "income_index": 22462.0, "c1_density": 0.47972972972972971, "c2_diversity": 0.83333333333333337, "c3_pressure": 0.66132891001307859, "c4_deprivation": 0.33867108998692141, "food_access_score": 55.855855855855864 }, "geometry": { "type": "Polygon", "coordinates": [ [ [ 2.138480980592887, 41.385859714168873 ], [ 2.138810160418672, 41.38408174199801 ], [ 2.140981593439621, 41.383513381138783 ], [ 2.142823942174631, 41.384723001036072 ], [ 2.142494832437692, 41.386501007155289 ], [ 2.140323303874042, 41.387069359429461 ], [ 2.138480980592887, 41.385859714168873 ] ] ] } },
{ "type": "Feature", "properties": { "h3_index": "89394462b43ffff", "catchment_store_count": 21, "catchment_type_diversity": 3, "is_food_desert": false, "store_count": 1, "type_diversity": 1, "barri_name": "la Sagrera", "income_index": 21169.0, "c1_density": 0.070945945945945943, "c2_diversity": 0.5, "c3_pressure": 0.70257424479249742, "c4_deprivation": 0.29742575520750264, "food_access_score": 32.837837837837846 }, "geometry": { "type": "Polygon", "coordinates": [ [ [ 2.192801616639712, 41.427474280674907 ], [ 2.193129975090304, 41.425696316976897 ], [ 2.195303153963807, 41.42512736676278 ], [ 2.197148069970636, 41.426336388729823 ], [ 2.196819781809024, 41.42811438627983 ], [ 2.194646507348756, 41.428683328011395 ], [ 2.192801616639712, 41.427474280674907 ] ] ] } },
{ "type": "Feature", "properties": { "h3_index": "89394461e57ffff", "catchment_store_count": 0, "catchment_type_diversity": 0, "is_food_desert": true, "store_count": 0, "type_diversity": 0, "barri_name": "la Marina del Prat Vermell", "income_index": 16015.0, "c1_density": 0.0, "c2_diversity": 0.0, "c3_pressure": 0.86698140291556347, "c4_deprivation": 0.1330185970844365, "food_access_score": 20.0 }, "geometry": { "type": "Polygon", "coordinates": [ [ [ 2.123820534504639, 41.342323361728333 ], [ 2.124149810109966, 41.340544931712898 ], [ 2.126319943983751, 41.33997628834404 ], [ 2.128160897707214, 41.341186083607688 ], [ 2.127831692083333, 41.342964547622543 ], [ 2.125661462751687, 41.343533182374905 ], [ 2.123820534504639, 41.342323361728333 ] ] ] } },
{ "type": "Feature", "properties": { "h3_index": "89394460533ffff", "catchment_store_count": 94, "catchment_type_diversity": 5, "is_food_desert": false, "store_count": 15, "type_diversity": 5, "barri_name": "la Teixonera", "income_index": 17848.0, "c1_density": 0.31756756756756754, "c2_diversity": 0.83333333333333337, "c3_pressure": 0.8085106382978724, "c4_deprivation": 0.19148936170212766, "food_access_score": 49.369369369369373 }, "geometry": { "type": "Polygon", "coordinates": [ [ [ 2.151643888525492, 41.426399328332046 ], [ 2.151972987876078, 41.424621789695124 ], [ 2.154145625691748, 41.424053702501453 ], [ 2.155989259776108, 41.425263162501786 ], [ 2.155660230613325, 41.42704073504008 ], [ 2.153487497175488, 41.427608813677253 ], [ 2.151643888525492, 41.426399328332046 ] ] ] } },
{ "type": "Feature", "properties": { "h3_index": "89394462e13ffff", "catchment_store_count": 0, "catchment_type_diversity": 0, "is_food_desert": true, "store_count": 0, "type_diversity": 0, "barri_name": "Horta", "income_index": 21854.0, "c1_density": 0.0, "c2_diversity": 0.0, "c3_pressure": 0.68072346805320749, "c4_deprivation": 0.31927653194679256, "food_access_score": 20.0 }, "geometry": { "type": "Polygon", "coordinates": [ [ [ 2.151710876848233, 41.448369361558072 ], [ 2.15204006045973, 41.446592134305334 ], [ 2.154213263390354, 41.446024346222899 ], [ 2.156057378378425, 41.44723379394744 ], [ 2.155728264991377, 41.449011055084398 ], [ 2.153554966388937, 41.449578834613177 ], [ 2.151710876848233, 41.448369361558072 ] ] ] } },
{ "type": "Feature", "properties": { "h3_index": "89394462ec7ffff", "catchment_store_count": 0, "catchment_type_diversity": 0, "is_food_desert": true, "store_count": 0, "type_diversity": 0, "barri_name": "Horta", "income_index": 21854.0, "c1_density": 0.0, "c2_diversity": 0.0, "c3_pressure": 0.68072346805320749, "c4_deprivation": 0.31927653194679256, "food_access_score": 20.0 }, "geometry": { "type": "Polygon", "coordinates": [ [ [ 2.147693692338744, 41.447727548111082 ], [ 2.148022946163868, 41.445950354747779 ], [ 2.150196082388795, 41.445382643564152 ], [ 2.15204006045973, 41.446592134305334 ], [ 2.151710876848233, 41.448369361558072 ], [ 2.149537644949295, 41.448937064180768 ], [ 2.147693692338744, 41.447727548111082 ] ] ] } },
{ "type": "Feature", "properties": { "h3_index": "89394460803ffff", "catchment_store_count": 35, "catchment_type_diversity": 5, "is_food_desert": false, "store_count": 0, "type_diversity": 0, "barri_name": "el Poblenou", "income_index": 23813.0, "c1_density": 0.11824324324324324, "c2_diversity": 0.83333333333333337, "c3_pressure": 0.61823343647325268, "c4_deprivation": 0.38176656352674726, "food_access_score": 41.396396396396398 }, "geometry": { "type": "Polygon", "coordinates": [ [ [ 2.206744107796759, 41.396745409209537 ], [ 2.207072094650123, 41.394966860628351 ], [ 2.209244658365163, 41.394397193261042 ], [ 2.211089330728422, 41.395606082936702 ], [ 2.21076141414665, 41.39738466537721 ], [ 2.208588754927122, 41.397954324283269 ], [ 2.206744107796759, 41.396745409209537 ] ] ] } },
{ "type": "Feature", "properties": { "h3_index": "893944615a3ffff", "catchment_store_count": 5, "catchment_type_diversity": 3, "is_food_desert": false, "store_count": 0, "type_diversity": 0, "barri_name": "Pedralbes", "income_index": 42688.0, "c1_density": 0.016891891891891893, "c2_diversity": 0.5, "c3_pressure": 0.016140865737344079, "c4_deprivation": 0.98385913426265592, "food_access_score": 30.675675675675677 }, "geometry": { "type": "Polygon", "coordinates": [ [ [ 2.101375963126012, 41.385415524164465 ], [ 2.101705811919753, 41.383637943818648 ], [ 2.103876768618266, 41.383070367699339 ], [ 2.105717972095615, 41.38428038057809 ], [ 2.105388193300282, 41.3860579949163 ], [ 2.10321714102633, 41.386625562383941 ], [ 2.101375963126012, 41.385415524164465 ] ] ] } },
{ "type": "Feature", "properties": { "h3_index": "893944608b7ffff", "catchment_store_count": 6, "catchment_type_diversity": 3, "is_food_desert": false, "store_count": 0, "type_diversity": 0, "barri_name": "Diagonal Mar i el Front Marítim del Poblenou", "income_index": 25619.0, "c1_density": 0.020270270270270271, "c2_diversity": 0.5, "c3_pressure": 0.56062394334747512, "c4_deprivation": 0.43937605665252483, "food_access_score": 30.810810810810814 }, "geometry": { "type": "Polygon", "coordinates": [ [ [ 2.215312445390322, 41.406346818765158 ], [ 2.215640314250165, 41.404568314764504 ], [ 2.217813230842629, 41.403998595822777 ], [ 2.2196583740906, 41.405207389327025 ], [ 2.219330575538944, 41.406985927169394 ], [ 2.217157563428272, 41.407555637666384 ], [ 2.215312445390322, 41.406346818765158 ] ] ] } },
{ "type": "Feature", "properties": { "h3_index": "8939446302fffff", "catchment_store_count": 0, "catchment_type_diversity": 0, "is_food_desert": true, "store_count": 0, "type_diversity": 0, "barri_name": "Vallvidrera, el Tibidabo i les Planes", "income_index": 32833.0, "c1_density": 0.0, "c2_diversity": 0.0, "c3_pressure": 0.33050496028581455, "c4_deprivation": 0.66949503971418545, "food_access_score": 20.0 }, "geometry": { "type": "Polygon", "coordinates": [ [ [ 2.072351283362996, 41.40821539262501 ], [ 2.072681745476292, 41.406438446918834 ], [ 2.074852922257093, 41.405871801359403 ], [ 2.076693732574883, 41.407082110207689 ], [ 2.076363340427448, 41.408859089922601 ], [ 2.074192067993487, 41.40942572678108 ], [ 2.072351283362996, 41.40821539262501 ] ] ] } },
{ "type": "Feature", "properties": { "h3_index": "89394463197ffff", "catchment_store_count": 1, "catchment_type_diversity": 1, "is_food_desert": false, "store_count": 1, "type_diversity": 1, "barri_name": "Vallvidrera, el Tibidabo i les Planes", "income_index": 32833.0, "c1_density": 0.0033783783783783786, "c2_diversity": 0.16666666666666666, "c3_pressure": 0.33050496028581455, "c4_deprivation": 0.66949503971418545, "food_access_score": 23.468468468468469 }, "geometry": { "type": "Polygon", "coordinates": [ [ [ 2.085428514926407, 41.426781907364536 ], [ 2.08575881324697, 41.425005084349223 ], [ 2.087930631002379, 41.424438414203095 ], [ 2.089772246117675, 41.425648575748042 ], [ 2.089442017825369, 41.427425432742282 ], [ 2.087270104386616, 41.427992094213216 ], [ 2.085428514926407, 41.426781907364536 ] ] ] } },
{ "type": "Feature", "properties": { "h3_index": "89394460c3bffff", "catchment_store_count": 52, "catchment_type_diversity": 5, "is_food_desert": false, "store_count": 0, "type_diversity": 0, "barri_name": "el Clot", "income_index": 21704.0, "c1_density": 0.17567567567567569, "c2_diversity": 0.83333333333333337, "c3_pressure": 0.68550830967494969, "c4_deprivation": 0.31449169032505025, "food_access_score": 43.693693693693696 }, "geometry": { "type": "Polygon", "coordinates": [ [ [ 2.19575638035997, 41.411471572450282 ], [ 2.196084623237806, 41.409693350060216 ], [ 2.198257428092568, 41.409124118145556 ], [ 2.200102085614533, 41.410333117100741 ], [ 2.199773913006247, 41.412111373351706 ], [ 2.197601012603596, 41.412680596787169 ], [ 2.19575638035997, 41.411471572450282 ] ] ] } },
{ "type": "Feature", "properties": { "h3_index": "89394460003ffff", "catchment_store_count": 46, "catchment_type_diversity": 5, "is_food_desert": false, "store_count": 11, "type_diversity": 4, "barri_name": "Sant Gervasi - la Bonanova", "income_index": 36213.5, "c1_density": 0.1554054054054054, "c2_diversity": 0.83333333333333337, "c3_pressure": 0.22267057960381509, "c4_deprivation": 0.77732942039618491, "food_access_score": 42.882882882882889 }, "geometry": { "type": "Polygon", "coordinates": [ [ [ 2.133016597976177, 41.404205819622227 ], [ 2.133345947964335, 41.402428165821867 ], [ 2.135517783183617, 41.401860172266609 ], [ 2.137360364000919, 41.403069841104916 ], [ 2.137031084118754, 41.404847528845835 ], [ 2.1348591533104, 41.405415513808485 ], [ 2.133016597976177, 41.404205819622227 ] ] ] } },
{ "type": "Feature", "properties": { "h3_index": "893944600b7ffff", "catchment_store_count": 50, "catchment_type_diversity": 5, "is_food_desert": false, "store_count": 2, "type_diversity": 2, "barri_name": "Vallcarca i els Penitents", "income_index": 27507.0, "c1_density": 0.16891891891891891, "c2_diversity": 0.83333333333333337, "c3_pressure": 0.50039873680181191, "c4_deprivation": 0.49960126319818815, "food_access_score": 43.423423423423422 }, "geometry": { "type": "Polygon", "coordinates": [ [ [ 2.141571749520367, 41.413809336661842 ], [ 2.141900982133344, 41.412031727298071 ], [ 2.144073170833599, 41.411463682683618 ], [ 2.145916222520952, 41.41267325600964 ], [ 2.14558706005056, 41.414450899296412 ], [ 2.143414775747367, 41.415018935334764 ], [ 2.141571749520367, 41.413809336661842 ] ] ] } },
{ "type": "Feature", "properties": { "h3_index": "8939446282fffff", "catchment_store_count": 6, "catchment_type_diversity": 3, "is_food_desert": false, "store_count": 0, "type_diversity": 0, "barri_name": "Sant Andreu", "income_index": 22418.0, "c1_density": 0.020270270270270271, "c2_diversity": 0.5, "c3_pressure": 0.66273246355545634, "c4_deprivation": 0.33726753644454366, "food_access_score": 30.810810810810814 }, "geometry": { "type": "Polygon", "coordinates": [ [ [ 2.195381508503841, 41.447101809125492 ], [ 2.195709896392718, 41.445324096771607 ], [ 2.197883611531203, 41.444755359845892 ], [ 2.199729034406646, 41.44596434375012 ], [ 2.199400716845596, 41.447742089937712 ], [ 2.197226906078391, 41.448310818387966 ], [ 2.195381508503841, 41.447101809125492 ] ] ] } },
{ "type": "Feature", "properties": { "h3_index": "89394460e57ffff", "catchment_store_count": 156, "catchment_type_diversity": 6, "is_food_desert": false, "store_count": 8, "type_diversity": 3, "barri_name": "el Barri Gòtic", "income_index": 18972.0, "c1_density": 0.52702702702702697, "c2_diversity": 1.0, "c3_pressure": 0.77265622507894993, "c4_deprivation": 0.22734377492105012, "food_access_score": 61.081081081081081 }, "geometry": { "type": "Polygon", "coordinates": [ [ [ 2.17309807371028, 41.388639487929574 ], [ 2.173426638170729, 41.386861184320779 ], [ 2.175598574903092, 41.386292123553055 ], [ 2.17744204268939, 41.387501374917321 ], [ 2.17711354840594, 41.389279712431488 ], [ 2.174941516156336, 41.389848764676621 ], [ 2.17309807371028, 41.388639487929574 ] ] ] } },
{ "type": "Feature", "properties": { "h3_index": "8939446016bffff", "catchment_store_count": 199, "catchment_type_diversity": 5, "is_food_desert": false, "store_count": 7, "type_diversity": 3, "barri_name": "la Dreta de l'Eixample", "income_index": 29588.0, "c1_density": 0.67229729729729726, "c2_diversity": 0.83333333333333337, "c3_pressure": 0.43401703403617342, "c4_deprivation": 0.56598296596382658, "food_access_score": 63.558558558558552 }, "geometry": { "type": "Polygon", "coordinates": [ [ [ 2.163095235398957, 41.398027491603948 ], [ 2.16342401728693, 41.396249428023246 ], [ 2.16559606999709, 41.395680708779423 ], [ 2.167439436363972, 41.396890061656322 ], [ 2.167110724644417, 41.398668159146922 ], [ 2.164938576386648, 41.399236869851329 ], [ 2.163095235398957, 41.398027491603948 ] ] ] } },
{ "type": "Feature", "properties": { "h3_index": "89394461cabffff", "catchment_store_count": 47, "catchment_type_diversity": 5, "is_food_desert": false, "store_count": 0, "type_diversity": 0, "barri_name": "la Font de la Guatlla", "income_index": 21527.0, "c1_density": 0.15878378378378377, "c2_diversity": 0.83333333333333337, "c3_pressure": 0.69115442278860573, "c4_deprivation": 0.30884557721139433, "food_access_score": 43.018018018018026 }, "geometry": { "type": "Polygon", "coordinates": [ [ [ 2.145456357123786, 41.370497919522215 ], [ 2.145785351135107, 41.368719655306606 ], [ 2.147956477563313, 41.3681509358466 ], [ 2.149798705478967, 41.369360489177154 ], [ 2.149469781547889, 41.371138787344819 ], [ 2.14729855961803, 41.371707498230464 ], [ 2.145456357123786, 41.370497919522215 ] ] ] } },
{ "type": "Feature", "properties": { "h3_index": "893944602d3ffff", "catchment_store_count": 6, "catchment_type_diversity": 3, "is_food_desert": false, "store_count": 5, "type_diversity": 3, "barri_name": "la Maternitat i Sant Ramon", "income_index": 25111.0, "c1_density": 0.020270270270270271, "c2_diversity": 0.5, "c3_pressure": 0.57682860697310923, "c4_deprivation": 0.42317139302689083, "food_access_score": 30.810810810810818 }, "geometry": { "type": "Polygon", "coordinates": [ [ [ 2.109400627120067, 41.386700346207341 ], [ 2.109730335906236, 41.384922697881954 ], [ 2.111901426225955, 41.38435496831373 ], [ 2.113742903327708, 41.385564895708598 ], [ 2.113413264561479, 41.387342578015925 ], [ 2.111242078670698, 41.387910298947027 ], [ 2.109400627120067, 41.386700346207341 ] ] ] } },
{ "type": "Feature", "properties": { "h3_index": "89394462a4bffff", "catchment_store_count": 46, "catchment_type_diversity": 5, "is_food_desert": false, "store_count": 0, "type_diversity": 0, "barri_name": "Can Baró", "income_index": 20590.0, "c1_density": 0.1554054054054054, "c2_diversity": 0.83333333333333337, "c3_pressure": 0.72104373345242267, "c4_deprivation": 0.27895626654757727, "food_access_score": 42.882882882882882 }, "geometry": { "type": "Polygon", "coordinates": [ [ [ 2.163165181392998, 41.420003088711411 ], [ 2.163494047377388, 41.418225335949749 ], [ 2.16566666489707, 41.417656915612703 ], [ 2.167510512026662, 41.41886625657451 ], [ 2.167181716247308, 41.420644043228947 ], [ 2.16500900313046, 41.421212455029391 ], [ 2.163165181392998, 41.420003088711411 ] ] ] } },
{ "type": "Feature", "properties": { "h3_index": "89394460387ffff", "catchment_store_count": 179, "catchment_type_diversity": 5, "is_food_desert": false, "store_count": 8, "type_diversity": 3, "barri_name": "l'Antiga Esquerra de l'Eixample", "income_index": 28407.0, "c1_density": 0.60472972972972971, "c2_diversity": 0.83333333333333337, "c3_pressure": 0.47168968707135794, "c4_deprivation": 0.52831031292864206, "food_access_score": 60.855855855855857 }, "geometry": { "type": "Polygon", "coordinates": [ [ [ 2.151049987646905, 41.396104770367259 ], [ 2.15137897997561, 41.394326808547625 ], [ 2.153550832910802, 41.393758319806714 ], [ 2.155393789068752, 41.394967801447251 ], [ 2.15506486687621, 41.396745797192466 ], [ 2.152892918386689, 41.397314277372139 ], [ 2.151049987646905, 41.396104770367259 ] ] ] } },
{ "type": "Feature", "properties": { "h3_index": "8939446043bffff", "catchment_store_count": 0, "catchment_type_diversity": 0, "is_food_desert": true, "store_count": 0, "type_diversity": 0, "barri_name": "Vallvidrera, el Tibidabo i les Planes", "income_index": 32833.0, "c1_density": 0.0, "c2_diversity": 0.0, "c3_pressure": 0.33050496028581455, "c4_deprivation": 0.66949503971418545, "food_access_score": 20.0 }, "geometry": { "type": "Polygon", "coordinates": [ [ [ 2.122022245280024, 41.418919022641518 ], [ 2.122351851369733, 41.417141695312864 ], [ 2.124523926488653, 41.416574137392374 ], [ 2.126366491147309, 41.417783915411704 ], [ 2.126036955161385, 41.419561276682423 ], [ 2.123864784410122, 41.420128825992343 ], [ 2.122022245280024, 41.418919022641518 ] ] ] } },
{ "type": "Feature", "properties": { "h3_index": "89394462bb3ffff", "catchment_store_count": 7, "catchment_type_diversity": 2, "is_food_desert": false, "store_count": 0, "type_diversity": 0, "barri_name": "el Bon Pastor", "income_index": 14841.0, "c1_density": 0.02364864864864865, "c2_diversity": 0.33333333333333331, "c3_pressure": 0.90443076334173345, "c4_deprivation": 0.09556923665826661, "food_access_score": 27.612612612612619 }, "geometry": { "type": "Polygon", "coordinates": [ [ [ 2.204404831630332, 41.443048824191209 ], [ 2.204733040321583, 41.441270957816528 ], [ 2.206906763637911, 41.440701972998767 ], [ 2.2087523738713, 41.441910863016048 ], [ 2.208424235522913, 41.443688763216898 ], [ 2.206250416595384, 41.44425773957488 ], [ 2.204404831630332, 41.443048824191209 ] ] ] } },
{ "type": "Feature", "properties": { "h3_index": "89394462c67ffff", "catchment_store_count": 3, "catchment_type_diversity": 2, "is_food_desert": false, "store_count": 1, "type_diversity": 1, "barri_name": "Torre Baró", "income_index": 12819.0, "c1_density": 0.010135135135135136, "c2_diversity": 0.33333333333333331, "c3_pressure": 0.96893042840281984, "c4_deprivation": 0.031069571597180132, "food_access_score": 27.072072072072075 }, "geometry": { "type": "Polygon", "coordinates": [ [ [ 2.172329284162192, 41.459895195915749 ], [ 2.172658139298031, 41.458117911978832 ], [ 2.17483189588207, 41.457549841783276 ], [ 2.176676893006294, 41.45875906404045 ], [ 2.176348108163878, 41.460536381828341 ], [ 2.174174255900927, 41.461104443508674 ], [ 2.172329284162192, 41.459895195915749 ] ] ] } },
{ "type": "Feature", "properties": { "h3_index": "893944605a3ffff", "catchment_store_count": 51, "catchment_type_diversity": 5, "is_food_desert": false, "store_count": 0, "type_diversity": 0, "barri_name": "la Clota", "income_index": 20747.0, "c1_density": 0.17229729729729729, "c2_diversity": 0.83333333333333337, "c3_pressure": 0.71603559922166582, "c4_deprivation": 0.28396440077833424, "food_access_score": 43.558558558558566 }, "geometry": { "type": "Polygon", "coordinates": [ [ [ 2.150656513257713, 41.431731771690096 ], [ 2.150985651217039, 41.429954319332431 ], [ 2.153158413615513, 41.429386326128395 ], [ 2.155002133686949, 41.430595793840233 ], [ 2.154673065921882, 41.432373280096272 ], [ 2.152500207888248, 41.432941264742681 ], [ 2.150656513257713, 41.431731771690096 ] ] ] } },
{ "type": "Feature", "properties": { "h3_index": "89394460657ffff", "catchment_store_count": 0, "catchment_type_diversity": 0, "is_food_desert": true, "store_count": 0, "type_diversity": 0, "barri_name": "Pedralbes", "income_index": 42688.0, "c1_density": 0.0, "c2_diversity": 0.0, "c3_pressure": 0.016140865737344079, "c4_deprivation": 0.98385913426265592, "food_access_score": 20.0 }, "geometry": { "type": "Polygon", "coordinates": [ [ [ 2.099396599738008, 41.396080403633029 ], [ 2.099726525857009, 41.394302995474952 ], [ 2.101897731216519, 41.393735607418122 ], [ 2.103739106055437, 41.394945636173823 ], [ 2.103409249947706, 41.396723078318317 ], [ 2.101237948986886, 41.397290457721226 ], [ 2.099396599738008, 41.396080403633029 ] ] ] } },
{ "type": "Feature", "properties": { "h3_index": "8939446224bffff", "catchment_store_count": 1, "catchment_type_diversity": 1, "is_food_desert": false, "store_count": 0, "type_diversity": 0, "barri_name": "Vallvidrera, el Tibidabo i les Planes", "income_index": 32833.0, "c1_density": 0.0033783783783783786, "c2_diversity": 0.16666666666666666, "c3_pressure": 0.33050496028581455, "c4_deprivation": 0.66949503971418545, "food_access_score": 23.468468468468469 }, "geometry": { "type": "Polygon", "coordinates": [ [ [ 2.089442017825369, 41.427425432742282 ], [ 2.089772246117675, 41.425648575748042 ], [ 2.091944130830536, 41.425081828847375 ], [ 2.093785882929376, 41.426291947609457 ], [ 2.093455724676109, 41.428068838577445 ], [ 2.091283744282085, 41.42863557681018 ], [ 2.089442017825369, 41.427425432742282 ] ] ] } },
{ "type": "Feature", "properties": { "h3_index": "89394463153ffff", "catchment_store_count": 0, "catchment_type_diversity": 0, "is_food_desert": true, "store_count": 0, "type_diversity": 0, "barri_name": "Vallvidrera, el Tibidabo i les Planes", "income_index": 32833.0, "c1_density": 0.0, "c2_diversity": 0.0, "c3_pressure": 0.33050496028581455, "c4_deprivation": 0.66949503971418545, "food_access_score": 20.0 }, "geometry": { "type": "Polygon", "coordinates": [ [ [ 2.077873885502106, 41.411846335001165 ], [ 2.078204262022347, 41.41006938137955 ], [ 2.080375601441928, 41.409502667811175 ], [ 2.082216659994772, 41.410712916555575 ], [ 2.081886353459765, 41.412489904176624 ], [ 2.079714918383809, 41.413056609054401 ], [ 2.077873885502106, 41.411846335001165 ] ] ] } },
{ "type": "Feature", "properties": { "h3_index": "89394461997ffff", "catchment_store_count": 0, "catchment_type_diversity": 0, "is_food_desert": true, "store_count": 0, "type_diversity": 0, "barri_name": "la Barceloneta", "income_index": 17877.0, "c1_density": 0.0, "c2_diversity": 0.0, "c3_pressure": 0.80758556891766886, "c4_deprivation": 0.19241443108233117, "food_access_score": 20.0 }, "geometry": { "type": "Polygon", "coordinates": [ [ [ 2.183554477812871, 41.365589574398172 ], [ 2.18388276371379, 41.363810832815624 ], [ 2.186054239870149, 41.36324123435039 ], [ 2.187897525578359, 41.364450385974877 ], [ 2.187569309841466, 41.366229161468297 ], [ 2.185397738229472, 41.366798751426927 ], [ 2.183554477812871, 41.365589574398172 ] ] ] } },
{ "type": "Feature", "properties": { "h3_index": "89394460cabffff", "catchment_store_count": 71, "catchment_type_diversity": 5, "is_food_desert": false, "store_count": 8, "type_diversity": 3, "barri_name": "Sant Martí de Provençals", "income_index": 19176.0, "c1_density": 0.23986486486486486, "c2_diversity": 0.83333333333333337, "c3_pressure": 0.76614884047338028, "c4_deprivation": 0.23385115952661967, "food_access_score": 46.261261261261268 }, "geometry": { "type": "Polygon", "coordinates": [ [ [ 2.194771574692652, 41.416806067217216 ], [ 2.195099856088143, 41.415027931031688 ], [ 2.197272785602825, 41.414458793008613 ], [ 2.19911752927997, 41.415667799651942 ], [ 2.198789318160498, 41.417445969695393 ], [ 2.196616293084981, 41.418015099238154 ], [ 2.194771574692652, 41.416806067217216 ] ] ] } },
{ "type": "Feature", "properties": { "h3_index": "89394460073ffff", "catchment_store_count": 44, "catchment_type_diversity": 5, "is_food_desert": false, "store_count": 0, "type_diversity": 0, "barri_name": "Sant Gervasi - Galvany", "income_index": 35750.0, "c1_density": 0.14864864864864866, "c2_diversity": 0.83333333333333337, "c3_pressure": 0.23745574021499893, "c4_deprivation": 0.76254425978500107, "food_access_score": 42.612612612612622 }, "geometry": { "type": "Polygon", "coordinates": [ [ [ 2.134004609324677, 41.398872772069957 ], [ 2.134333920698312, 41.397095032124255 ], [ 2.136505631464239, 41.396526944583059 ], [ 2.138348126429792, 41.397736605579674 ], [ 2.138018885155712, 41.399514379468926 ], [ 2.135847078813637, 41.400082458418609 ], [ 2.134004609324677, 41.398872772069957 ] ] ] } },
{ "type": "Feature", "properties": { "h3_index": "89394462e3bffff", "catchment_store_count": 11, "catchment_type_diversity": 3, "is_food_desert": false, "store_count": 0, "type_diversity": 0, "barri_name": "Canyelles", "income_index": 19957.0, "c1_density": 0.037162162162162164, "c2_diversity": 0.5, "c3_pressure": 0.74123576509617539, "c4_deprivation": 0.25876423490382466, "food_access_score": 31.486486486486488 }, "geometry": { "type": "Polygon", "coordinates": [ [ [ 2.160732947588988, 41.444320657248277 ], [ 2.161061952131669, 41.44254327586583 ], [ 2.16323516376091, 41.441975239964854 ], [ 2.165079466498933, 41.443184593984839 ], [ 2.164750532195752, 41.444962009244016 ], [ 2.162577224912169, 41.445530036607032 ], [ 2.160732947588988, 41.444320657248277 ] ] ] } },
{ "type": "Feature", "properties": { "h3_index": "89394460e13ffff", "catchment_store_count": 131, "catchment_type_diversity": 5, "is_food_desert": false, "store_count": 4, "type_diversity": 2, "barri_name": "la Dreta de l'Eixample", "income_index": 29588.0, "c1_density": 0.44256756756756754, "c2_diversity": 0.83333333333333337, "c3_pressure": 0.43401703403617342, "c4_deprivation": 0.56598296596382658, "food_access_score": 54.36936936936938 }, "geometry": { "type": "Polygon", "coordinates": [ [ [ 2.17612798849663, 41.394614552786493 ], [ 2.176456521310299, 41.392836301369002 ], [ 2.178628649082484, 41.392267257643404 ], [ 2.180472339566088, 41.393476473852367 ], [ 2.180143876946634, 41.395254759167038 ], [ 2.177971653646501, 41.39582379437617 ], [ 2.17612798849663, 41.394614552786493 ] ] ] } },
{ "type": "Feature", "properties": { "h3_index": "89394460127ffff", "catchment_store_count": 218, "catchment_type_diversity": 6, "is_food_desert": false, "store_count": 17, "type_diversity": 4, "barri_name": "la Sagrada Família", "income_index": 23450.5, "c1_density": 0.73648648648648651, "c2_diversity": 1.0, "c3_pressure": 0.62979680372579661, "c4_deprivation": 0.37020319627420334, "food_access_score": 69.459459459459467 }, "geometry": { "type": "Polygon", "coordinates": [ [ [ 2.175671764991174, 41.408270768528858 ], [ 2.176000359055342, 41.406492715521907 ], [ 2.178172831507317, 41.405923868133826 ], [ 2.180016805451429, 41.407133082268899 ], [ 2.179688281603021, 41.408911169162955 ], [ 2.177515713591863, 41.409480008035409 ], [ 2.175671764991174, 41.408270768528858 ] ] ] } },
{ "type": "Feature", "properties": { "h3_index": "89394460ec7ffff", "catchment_store_count": 146, "catchment_type_diversity": 5, "is_food_desert": false, "store_count": 7, "type_diversity": 3, "barri_name": "la Dreta de l'Eixample", "income_index": 29588.0, "c1_density": 0.49324324324324326, "c2_diversity": 0.83333333333333337, "c3_pressure": 0.43401703403617342, "c4_deprivation": 0.56598296596382658, "food_access_score": 56.396396396396398 }, "geometry": { "type": "Polygon", "coordinates": [ [ [ 2.17211230325705, 41.393974226574421 ], [ 2.172440906254166, 41.392196009059298 ], [ 2.174612967517143, 41.391627042194422 ], [ 2.176456521310299, 41.392836301369002 ], [ 2.17612798849663, 41.394614552786493 ], [ 2.173955831703482, 41.395183511127648 ], [ 2.17211230325705, 41.393974226574421 ] ] ] } },
{ "type": "Feature", "properties": { "h3_index": "893944601dbffff", "catchment_store_count": 93, "catchment_type_diversity": 5, "is_food_desert": false, "store_count": 7, "type_diversity": 3, "barri_name": "la Vila de Gràcia", "income_index": 24564.0, "c1_density": 0.3141891891891892, "c2_diversity": 0.83333333333333337, "c3_pressure": 0.59427732942039624, "c4_deprivation": 0.40572267057960382, "food_access_score": 49.234234234234236 }, "geometry": { "type": "Polygon", "coordinates": [ [ [ 2.146574508858412, 41.409117883235282 ], [ 2.146903632726943, 41.407340153753516 ], [ 2.149075763589435, 41.406771938326436 ], [ 2.150918866168307, 41.407981460949387 ], [ 2.150589812446686, 41.40975922435193 ], [ 2.148417585996402, 41.4103274312113 ], [ 2.146574508858412, 41.409117883235282 ] ] ] } },
{ "type": "Feature", "properties": { "h3_index": "89394461c67ffff", "catchment_store_count": 17, "catchment_type_diversity": 6, "is_food_desert": false, "store_count": 0, "type_diversity": 0, "barri_name": "la Marina de Port", "income_index": 18227.0, "c1_density": 0.057432432432432436, "c2_diversity": 1.0, "c3_pressure": 0.79642093846693673, "c4_deprivation": 0.20357906153306327, "food_access_score": 42.297297297297298 }, "geometry": { "type": "Polygon", "coordinates": [ [ [ 2.147430128385237, 41.3598279043443 ], [ 2.14775904527906, 41.358049468195354 ], [ 2.14992992294328, 41.357480560903227 ], [ 2.151771979186593, 41.358690098332744 ], [ 2.151443132360106, 41.360468568439693 ], [ 2.149272159220084, 41.361037467159704 ], [ 2.147430128385237, 41.3598279043443 ] ] ] } },
{ "type": "Feature", "properties": { "h3_index": "8939446028fffff", "catchment_store_count": 39, "catchment_type_diversity": 5, "is_food_desert": false, "store_count": 1, "type_diversity": 1, "barri_name": "la Maternitat i Sant Ramon", "income_index": 25111.0, "c1_density": 0.13175675675675674, "c2_diversity": 0.83333333333333337, "c3_pressure": 0.57682860697310923, "c4_deprivation": 0.42317139302689083, "food_access_score": 41.936936936936945 }, "geometry": { "type": "Polygon", "coordinates": [ [ [ 2.121439150213779, 41.38862668309924 ], [ 2.121768648907858, 41.38684893284367 ], [ 2.123939939529538, 41.386280973040506 ], [ 2.125781827018748, 41.387490772108798 ], [ 2.125452398376911, 41.389268556330677 ], [ 2.123281012190768, 41.389836507518538 ], [ 2.121439150213779, 41.38862668309924 ] ] ] } },
{ "type": "Feature", "properties": { "h3_index": "89394462a07ffff", "catchment_store_count": 57, "catchment_type_diversity": 5, "is_food_desert": false, "store_count": 1, "type_diversity": 1, "barri_name": "Vilapicina i la Torre Llobeta", "income_index": 20176.0, "c1_density": 0.19256756756756757, "c2_diversity": 0.83333333333333337, "c3_pressure": 0.73424989632843152, "c4_deprivation": 0.26575010367156848, "food_access_score": 44.369369369369366 }, "geometry": { "type": "Polygon", "coordinates": [ [ [ 2.17574499313689, 41.430245970278655 ], [ 2.176073671199138, 41.428468228312013 ], [ 2.1782467086778, 41.427899679754937 ], [ 2.180091163700091, 41.429108881677919 ], [ 2.179762555890262, 41.430886657514549 ], [ 2.17758942280286, 41.431455197558826 ], [ 2.17574499313689, 41.430245970278655 ] ] ] } },
{ "type": "Feature", "properties": { "h3_index": "89394461d1bffff", "catchment_store_count": 76, "catchment_type_diversity": 6, "is_food_desert": false, "store_count": 0, "type_diversity": 0, "barri_name": "el Poble-sec", "income_index": 18196.5, "c1_density": 0.25675675675675674, "c2_diversity": 1.0, "c3_pressure": 0.79739385626335768, "c4_deprivation": 0.20260614373664232, "food_access_score": 50.270270270270267 }, "geometry": { "type": "Polygon", "coordinates": [ [ [ 2.164011380716346, 41.370713246430064 ], [ 2.164340040014603, 41.368934786471534 ], [ 2.166511403755804, 41.368365674503629 ], [ 2.16835420368104, 41.369575031035858 ], [ 2.168025614508161, 41.371353524924373 ], [ 2.165854155281786, 41.371922628351236 ], [ 2.164011380716346, 41.370713246430064 ] ] ] } },
{ "type": "Feature", "properties": { "h3_index": "89394460343ffff", "catchment_store_count": 122, "catchment_type_diversity": 5, "is_food_desert": false, "store_count": 9, "type_diversity": 4, "barri_name": "Hostafrancs", "income_index": 20683.0, "c1_density": 0.41216216216216217, "c2_diversity": 0.83333333333333337, "c3_pressure": 0.71807713164694253, "c4_deprivation": 0.28192286835305752, "food_access_score": 53.153153153153163 }, "geometry": { "type": "Polygon", "coordinates": [ [ [ 2.143482123065269, 41.38116690273349 ], [ 2.143811194220419, 41.379388810555952 ], [ 2.145982569464435, 41.378820278962607 ], [ 2.147824969077948, 41.380029848124011 ], [ 2.147495968015929, 41.38180797424765 ], [ 2.145324497244395, 41.382376497264367 ], [ 2.143482123065269, 41.38116690273349 ] ] ] } },
{ "type": "Feature", "properties": { "h3_index": "89394462abbffff", "catchment_store_count": 42, "catchment_type_diversity": 5, "is_food_desert": false, "store_count": 0, "type_diversity": 0, "barri_name": "Porta", "income_index": 18299.5, "c1_density": 0.14189189189189189, "c2_diversity": 0.83333333333333337, "c3_pressure": 0.79410826501642795, "c4_deprivation": 0.20589173498357205, "food_access_score": 42.342342342342342 }, "geometry": { "type": "Polygon", "coordinates": [ [ [ 2.174758881811786, 41.435579023590172 ], [ 2.17508759844395, 41.433801367920658 ], [ 2.177260760582955, 41.433232913315059 ], [ 2.179105301708612, 41.434442122893472 ], [ 2.178776655335327, 41.436219812429989 ], [ 2.176603397574638, 41.436788258521673 ], [ 2.174758881811786, 41.435579023590172 ] ] ] } },
{ "type": "Feature", "properties": { "h3_index": "89394461dcfffff", "catchment_store_count": 67, "catchment_type_diversity": 5, "is_food_desert": false, "store_count": 0, "type_diversity": 0, "barri_name": "el Poble-sec", "income_index": 18196.5, "c1_density": 0.22635135135135134, "c2_diversity": 0.83333333333333337, "c3_pressure": 0.79739385626335768, "c4_deprivation": 0.20260614373664232, "food_access_score": 45.72072072072072 }, "geometry": { "type": "Polygon", "coordinates": [ [ [ 2.159997350101971, 41.370072848253514 ], [ 2.160326079514888, 41.368294422230221 ], [ 2.162497376728922, 41.367725387064787 ], [ 2.164340040014603, 41.368934786471534 ], [ 2.164011380716346, 41.370713246430064 ], [ 2.161839988014894, 41.371282273047171 ], [ 2.159997350101971, 41.370072848253514 ] ] ] } },
{ "type": "Feature", "properties": { "h3_index": "89394462b6fffff", "catchment_store_count": 29, "catchment_type_diversity": 4, "is_food_desert": false, "store_count": 3, "type_diversity": 2, "barri_name": "la Verneda i la Pau", "income_index": 17668.0, "c1_density": 0.097972972972972971, "c2_diversity": 0.66666666666666663, "c3_pressure": 0.81425244824396315, "c4_deprivation": 0.18574755175603688, "food_access_score": 37.252252252252262 }, "geometry": { "type": "Polygon", "coordinates": [ [ [ 2.20584112595912, 41.424059955305985 ], [ 2.206169234999097, 41.422281803802008 ], [ 2.208342488496647, 41.421712528826582 ], [ 2.210187728518331, 41.422921413815288 ], [ 2.209859689793129, 41.424699599158473 ], [ 2.207686340728599, 41.425268865674333 ], [ 2.20584112595912, 41.424059955305985 ] ] ] } },
{ "type": "Feature", "properties": { "h3_index": "893944604abffff", "catchment_store_count": 0, "catchment_type_diversity": 0, "is_food_desert": true, "store_count": 0, "type_diversity": 0, "barri_name": "Sant Genís dels Agudells", "income_index": 19094.0, "c1_density": 0.0, "c2_diversity": 0.0, "c3_pressure": 0.76876455389326614, "c4_deprivation": 0.23123544610673386, "food_access_score": 20.0 }, "geometry": { "type": "Polygon", "coordinates": [ [ [ 2.121033349704671, 41.424250832145589 ], [ 2.121362994448214, 41.422473591060793 ], [ 2.123535194046475, 41.421906127173273 ], [ 2.125377844543604, 41.423115912982837 ], [ 2.125048269910305, 41.424893188006706 ], [ 2.122875974666748, 41.425460643282563 ], [ 2.121033349704671, 41.424250832145589 ] ] ] } },
{ "type": "Feature", "properties": { "h3_index": "89394460613ffff", "catchment_store_count": 0, "catchment_type_diversity": 0, "is_food_desert": true, "store_count": 0, "type_diversity": 0, "barri_name": "Pedralbes", "income_index": 42688.0, "c1_density": 0.0, "c2_diversity": 0.0, "c3_pressure": 0.016140865737344079, "c4_deprivation": 0.98385913426265592, "food_access_score": 20.0 }, "geometry": { "type": "Polygon", "coordinates": [ [ [ 2.102419604293727, 41.402055232485431 ], [ 2.10274949906757, 41.400277876477013 ], [ 2.104920895635052, 41.399710505724954 ], [ 2.106762493037848, 41.400920499629649 ], [ 2.106432668292473, 41.402697889616299 ], [ 2.104261176112943, 41.40326525172059 ], [ 2.102419604293727, 41.402055232485431 ] ] ] } },
{ "type": "Feature", "properties": { "h3_index": "8939446236fffff", "catchment_store_count": 1, "catchment_type_diversity": 1, "is_food_desert": false, "store_count": 0, "type_diversity": 0, "barri_name": "Sant Genís dels Agudells", "income_index": 19094.0, "c1_density": 0.0033783783783783786, "c2_diversity": 0.16666666666666666, "c3_pressure": 0.76876455389326614, "c4_deprivation": 0.23123544610673386, "food_access_score": 23.468468468468469 }, "geometry": { "type": "Polygon", "coordinates": [ [ [ 2.132090340976166, 41.431509396704421 ], [ 2.132419813997771, 41.429732140096938 ], [ 2.134592338447251, 41.429164539762446 ], [ 2.136435485523905, 41.430374204626922 ], [ 2.136106082651313, 41.43215149515482 ], [ 2.133933462550223, 41.432719086898402 ], [ 2.132090340976166, 41.431509396704421 ] ] ] } },
{ "type": "Feature", "properties": { "h3_index": "8939446310fffff", "catchment_store_count": 0, "catchment_type_diversity": 0, "is_food_desert": true, "store_count": 0, "type_diversity": 0, "barri_name": "Vallvidrera, el Tibidabo i les Planes", "income_index": 32833.0, "c1_density": 0.0, "c2_diversity": 0.0, "c3_pressure": 0.33050496028581455, "c4_deprivation": 0.66949503971418545, "food_access_score": 20.0 }, "geometry": { "type": "Polygon", "coordinates": [ [ [ 2.089911901142708, 41.413776684157789 ], [ 2.090242067674882, 41.411999628553495 ], [ 2.092413607947532, 41.41143268480598 ], [ 2.094255077334967, 41.412642805332084 ], [ 2.093924980820386, 41.414419894920165 ], [ 2.091753344897885, 41.414986829998924 ], [ 2.089911901142708, 41.413776684157789 ] ] ] } },
{ "type": "Feature", "properties": { "h3_index": "89394460c67ffff", "catchment_store_count": 91, "catchment_type_diversity": 5, "is_food_desert": false, "store_count": 3, "type_diversity": 2, "barri_name": "el Poblenou", "income_index": 23813.0, "c1_density": 0.30743243243243246, "c2_diversity": 0.83333333333333337, "c3_pressure": 0.61823343647325268, "c4_deprivation": 0.38176656352674726, "food_access_score": 48.96396396396397 }, "geometry": { "type": "Polygon", "coordinates": [ [ [ 2.196741070480893, 41.406136819095849 ], [ 2.197069274847627, 41.404358510527381 ], [ 2.199241955055507, 41.403789184729774 ], [ 2.201086526428716, 41.40499817597928 ], [ 2.200758392325034, 41.406776518411611 ], [ 2.198585616582219, 41.407345835731157 ], [ 2.196741070480893, 41.406136819095849 ] ] ] } },
{ "type": "Feature", "properties": { "h3_index": "8939446060fffff", "catchment_store_count": 0, "catchment_type_diversity": 0, "is_food_desert": true, "store_count": 0, "type_diversity": 0, "barri_name": "Pedralbes", "income_index": 42688.0, "c1_density": 0.0, "c2_diversity": 0.0, "c3_pressure": 0.016140865737344079, "c4_deprivation": 0.98385913426265592, "food_access_score": 20.0 }, "geometry": { "type": "Polygon", "coordinates": [ [ [ 2.107422103867491, 41.397365633511512 ], [ 2.107751889953206, 41.395588157385824 ], [ 2.10992322898566, 41.395020615854733 ], [ 2.111764877526457, 41.396230559089275 ], [ 2.111435161473532, 41.398008069190958 ], [ 2.109263726844161, 41.398575602082673 ], [ 2.107422103867491, 41.397365633511512 ] ] ] } },
{ "type": "Feature", "properties": { "h3_index": "89394461a07ffff", "catchment_store_count": 0, "catchment_type_diversity": 0, "is_food_desert": true, "store_count": 0, "type_diversity": 0, "barri_name": "la Marina del Prat Vermell", "income_index": 16015.0, "c1_density": 0.0, "c2_diversity": 0.0, "c3_pressure": 0.86698140291556347, "c4_deprivation": 0.1330185970844365, "food_access_score": 20.0 }, "geometry": { "type": "Polygon", "coordinates": [ [ [ 2.150849766423444, 41.330159950025106 ], [ 2.151178506391878, 41.32838105858923 ], [ 2.153348666966961, 41.327811673298768 ], [ 2.155190182976595, 41.329021188014195 ], [ 2.154861513034717, 41.330800113427038 ], [ 2.152691257053776, 41.33136949014807 ], [ 2.150849766423444, 41.330159950025106 ] ] ] } },
{ "type": "Feature", "properties": { "h3_index": "89394460d1bffff", "catchment_store_count": 15, "catchment_type_diversity": 4, "is_food_desert": false, "store_count": 0, "type_diversity": 0, "barri_name": "el Besòs i el Maresme", "income_index": 13735.0, "c1_density": 0.050675675675675678, "c2_diversity": 0.66666666666666663, "c3_pressure": 0.93971099556604676, "c4_deprivation": 0.060289004433953235, "food_access_score": 35.36036036036036 }, "geometry": { "type": "Polygon", "coordinates": [ [ [ 2.213344962870714, 41.417017239477488 ], [ 2.213672908694379, 41.415238907860385 ], [ 2.215846074696568, 41.414669376627096 ], [ 2.217691390416354, 41.415878185458475 ], [ 2.217363514913856, 41.417656550911374 ], [ 2.215190253367553, 41.418226073697696 ], [ 2.213344962870714, 41.417017239477488 ] ] ] } },
{ "type": "Feature", "properties": { "h3_index": "8939446002fffff", "catchment_store_count": 161, "catchment_type_diversity": 5, "is_food_desert": false, "store_count": 3, "type_diversity": 1, "barri_name": "Sant Gervasi - Galvany", "income_index": 35750.0, "c1_density": 0.54391891891891897, "c2_diversity": 0.83333333333333337, "c3_pressure": 0.23745574021499893, "c4_deprivation": 0.76254425978500107, "food_access_score": 58.423423423423436 }, "geometry": { "type": "Polygon", "coordinates": [ [ [ 2.146048047266315, 41.400797235240418 ], [ 2.146377148308991, 41.399019393479776 ], [ 2.148549059096958, 41.398451075515027 ], [ 2.150391964408821, 41.399660607881167 ], [ 2.150062933497996, 41.401438483569663 ], [ 2.147890927140554, 41.402006792964748 ], [ 2.146048047266315, 41.400797235240418 ] ] ] } },
{ "type": "Feature", "properties": { "h3_index": "89394461abbffff", "catchment_store_count": 0, "catchment_type_diversity": 0, "is_food_desert": true, "store_count": 0, "type_diversity": 0, "barri_name": "la Marina del Prat Vermell", "income_index": 16015.0, "c1_density": 0.0, "c2_diversity": 0.0, "c3_pressure": 0.86698140291556347, "c4_deprivation": 0.1330185970844365, "food_access_score": 20.0 }, "geometry": { "type": "Polygon", "coordinates": [ [ [ 2.149863469474605, 41.335496452722808 ], [ 2.150192247965533, 41.333717647094815 ], [ 2.152362532838451, 41.333148355671675 ], [ 2.154204134636379, 41.334357878447676 ], [ 2.153875426178454, 41.336136718049673 ], [ 2.151705045886755, 41.33670600090224 ], [ 2.149863469474605, 41.335496452722808 ] ] ] } },
{ "type": "Feature", "properties": { "h3_index": "89394460dcfffff", "catchment_store_count": 30, "catchment_type_diversity": 4, "is_food_desert": false, "store_count": 1, "type_diversity": 1, "barri_name": "el Besòs i el Maresme", "income_index": 13735.0, "c1_density": 0.10135135135135136, "c2_diversity": 0.66666666666666663, "c3_pressure": 0.93971099556604676, "c4_deprivation": 0.060289004433953235, "food_access_score": 37.387387387387392 }, "geometry": { "type": "Polygon", "coordinates": [ [ [ 2.209326613893925, 41.416377807948656 ], [ 2.209654630027981, 41.414599510172593 ], [ 2.211827729656453, 41.414030055901037 ], [ 2.213672908694379, 41.415238907860385 ], [ 2.213344962870714, 41.417017239477488 ], [ 2.211171767695857, 41.417586685294786 ], [ 2.209326613893925, 41.416377807948656 ] ] ] } },
{ "type": "Feature", "properties": { "h3_index": "8939446285bffff", "catchment_store_count": 31, "catchment_type_diversity": 3, "is_food_desert": false, "store_count": 1, "type_diversity": 1, "barri_name": "la Guineueta", "income_index": 19848.0, "c1_density": 0.10472972972972973, "c2_diversity": 0.5, "c3_pressure": 0.74471275000797466, "c4_deprivation": 0.25528724999202529, "food_access_score": 34.189189189189193 }, "geometry": { "type": "Polygon", "coordinates": [ [ [ 2.171270529277572, 41.443257602395768 ], [ 2.171599338907259, 41.441480093154112 ], [ 2.173772654763684, 41.440911817958039 ], [ 2.175617256629808, 41.442121060523384 ], [ 2.175288517263339, 41.443898603630167 ], [ 2.173115105764639, 41.444466870307039 ], [ 2.171270529277572, 41.443257602395768 ] ] ] } },
{ "type": "Feature", "properties": { "h3_index": "89394460e83ffff", "catchment_store_count": 164, "catchment_type_diversity": 6, "is_food_desert": false, "store_count": 6, "type_diversity": 3, "barri_name": "la Dreta de l'Eixample", "income_index": 29588.0, "c1_density": 0.55405405405405406, "c2_diversity": 1.0, "c3_pressure": 0.43401703403617342, "c4_deprivation": 0.56598296596382658, "food_access_score": 62.162162162162161 }, "geometry": { "type": "Polygon", "coordinates": [ [ [ 2.175142312983485, 41.399949134799222 ], [ 2.175470884333964, 41.39817096950452 ], [ 2.177643136662637, 41.397602019684037 ], [ 2.179486913178849, 41.398811243676406 ], [ 2.179158412029067, 41.400589442865275 ], [ 2.176986064159499, 41.401158384168198 ], [ 2.175142312983485, 41.399949134799222 ] ] ] } },
{ "type": "Feature", "properties": { "h3_index": "89394460197ffff", "catchment_store_count": 48, "catchment_type_diversity": 5, "is_food_desert": false, "store_count": 0, "type_diversity": 0, "barri_name": "Can Baró", "income_index": 20590.0, "c1_density": 0.16216216216216217, "c2_diversity": 0.83333333333333337, "c3_pressure": 0.72104373345242267, "c4_deprivation": 0.27895626654757727, "food_access_score": 43.153153153153148 }, "geometry": { "type": "Polygon", "coordinates": [ [ [ 2.159148849958528, 41.419362014327035 ], [ 2.159477786137181, 41.417584295463364 ], [ 2.161650337048335, 41.417015952002465 ], [ 2.163494047377388, 41.418225335949749 ], [ 2.163165181392998, 41.420003088711411 ], [ 2.160992534882433, 41.420571423628395 ], [ 2.159148849958528, 41.419362014327035 ] ] ] } },
{ "type": "Feature", "properties": { "h3_index": "89394461c23ffff", "catchment_store_count": 0, "catchment_type_diversity": 0, "is_food_desert": true, "store_count": 0, "type_diversity": 0, "barri_name": "el Poble-sec", "income_index": 18196.5, "c1_density": 0.0, "c2_diversity": 0.0, "c3_pressure": 0.79739385626335768, "c4_deprivation": 0.20260614373664232, "food_access_score": 20.0 }, "geometry": { "type": "Polygon", "coordinates": [ [ [ 2.150456514784085, 41.365803806853265 ], [ 2.150785400159581, 41.364025422702866 ], [ 2.152956468780755, 41.363456532551865 ], [ 2.154798747510054, 41.364666035117786 ], [ 2.154469932219094, 41.36644445321798 ], [ 2.152298768111426, 41.367013334803048 ], [ 2.150456514784085, 41.365803806853265 ] ] ] } },
{ "type": "Feature", "properties": { "h3_index": "89394461cd7ffff", "catchment_store_count": 110, "catchment_type_diversity": 6, "is_food_desert": false, "store_count": 10, "type_diversity": 5, "barri_name": "la Bordeta", "income_index": 21116.0, "c1_density": 0.3716216216216216, "c2_diversity": 1.0, "c3_pressure": 0.70426488883217964, "c4_deprivation": 0.29573511116782036, "food_access_score": 54.864864864864856 }, "geometry": { "type": "Polygon", "coordinates": [ [ [ 2.130917089865238, 41.370921104762239 ], [ 2.131246348367513, 41.369143002414532 ], [ 2.133417303755476, 41.368574598583997 ], [ 2.135259096154196, 41.369784305702176 ], [ 2.134929907697775, 41.371562442018771 ], [ 2.13275885679391, 41.372130837248889 ], [ 2.130917089865238, 41.370921104762239 ] ] ] } },
{ "type": "Feature", "properties": { "h3_index": "89394462a77ffff", "catchment_store_count": 81, "catchment_type_diversity": 6, "is_food_desert": false, "store_count": 4, "type_diversity": 2, "barri_name": "el Guinardó", "income_index": 21610.0, "c1_density": 0.27364864864864863, "c2_diversity": 1.0, "c3_pressure": 0.68850681042457496, "c4_deprivation": 0.31149318957542504, "food_access_score": 50.945945945945951 }, "geometry": { "type": "Polygon", "coordinates": [ [ [ 2.176730988758798, 41.424912658101839 ], [ 2.177059628257692, 41.423134829864154 ], [ 2.179232541089027, 41.42256618736419 ], [ 2.181076910014358, 41.42377538161422 ], [ 2.180748340761411, 41.425553243724849 ], [ 2.178575332334288, 41.426121877713115 ], [ 2.176730988758798, 41.424912658101839 ] ] ] } },
{ "type": "Feature", "properties": { "h3_index": "8939446055bffff", "catchment_store_count": 21, "catchment_type_diversity": 5, "is_food_desert": false, "store_count": 0, "type_diversity": 0, "barri_name": "Sant Gervasi - la Bonanova", "income_index": 36213.5, "c1_density": 0.070945945945945943, "c2_diversity": 0.83333333333333337, "c3_pressure": 0.22267057960381509, "c4_deprivation": 0.77732942039618491, "food_access_score": 39.504504504504503 }, "geometry": { "type": "Polygon", "coordinates": [ [ [ 2.13255354323916, 41.417858304282177 ], [ 2.132882954732814, 41.416080848992273 ], [ 2.135055134512653, 41.415513052029524 ], [ 2.136897998416328, 41.416722718949039 ], [ 2.136568657050171, 41.418500208169434 ], [ 2.134396381649983, 41.419067996540385 ], [ 2.13255354323916, 41.417858304282177 ] ] ] } },
{ "type": "Feature", "properties": { "h3_index": "89394461d8bffff", "catchment_store_count": 160, "catchment_type_diversity": 6, "is_food_desert": false, "store_count": 14, "type_diversity": 4, "barri_name": "el Poble-sec", "income_index": 18196.5, "c1_density": 0.54054054054054057, "c2_diversity": 1.0, "c3_pressure": 0.79739385626335768, "c4_deprivation": 0.20260614373664232, "food_access_score": 61.621621621621628 }, "geometry": { "type": "Polygon", "coordinates": [ [ [ 2.163025325750389, 41.37604845429896 ], [ 2.163354023584972, 41.374270080346676 ], [ 2.165525511779152, 41.373701062274826 ], [ 2.167368397633988, 41.37491042669803 ], [ 2.167039769931256, 41.376688834577315 ], [ 2.164868186238981, 41.377257844106992 ], [ 2.163025325750389, 41.37604845429896 ] ] ] } },
{ "type": "Feature", "properties": { "h3_index": "8939446ad17ffff", "catchment_store_count": 2, "catchment_type_diversity": 1, "is_food_desert": false, "store_count": 0, "type_diversity": 0, "barri_name": "la Marina del Prat Vermell", "income_index": 16015.0, "c1_density": 0.0067567567567567571, "c2_diversity": 0.16666666666666666, "c3_pressure": 0.86698140291556347, "c4_deprivation": 0.1330185970844365, "food_access_score": 23.603603603603602 }, "geometry": { "type": "Polygon", "coordinates": [ [ [ 2.120274220054125, 41.328022819129181 ], [ 2.120603504164106, 41.326244225576701 ], [ 2.122773227488804, 41.325675462420641 ], [ 2.124613762129533, 41.326885301442147 ], [ 2.124284547968808, 41.328663929009316 ], [ 2.122114729215233, 41.329232683540852 ], [ 2.120274220054125, 41.328022819129181 ] ] ] } },
{ "type": "Feature", "properties": { "h3_index": "893944603b3ffff", "catchment_store_count": 218, "catchment_type_diversity": 5, "is_food_desert": false, "store_count": 4, "type_diversity": 3, "barri_name": "la Dreta de l'Eixample", "income_index": 29588.0, "c1_density": 0.73648648648648651, "c2_diversity": 0.83333333333333337, "c3_pressure": 0.43401703403617342, "c4_deprivation": 0.56598296596382658, "food_access_score": 66.126126126126124 }, "geometry": { "type": "Polygon", "coordinates": [ [ [ 2.15506486687621, 41.396745797192466 ], [ 2.155393789068752, 41.394967801447251 ], [ 2.157565708612977, 41.394399235880236 ], [ 2.159408801513856, 41.395608674613008 ], [ 2.159079949468216, 41.397386704278588 ], [ 2.156907934371903, 41.397955261291621 ], [ 2.15506486687621, 41.396745797192466 ] ] ] } },
{ "type": "Feature", "properties": { "h3_index": "89394460467ffff", "catchment_store_count": 0, "catchment_type_diversity": 0, "is_food_desert": true, "store_count": 0, "type_diversity": 0, "barri_name": "Sant Gervasi - la Bonanova", "income_index": 36213.5, "c1_density": 0.0, "c2_diversity": 0.0, "c3_pressure": 0.22267057960381509, "c4_deprivation": 0.77732942039618491, "food_access_score": 20.0 }, "geometry": { "type": "Polygon", "coordinates": [ [ [ 2.123011024900511, 41.413586954431985 ], [ 2.123340592343005, 41.411809540885571 ], [ 2.125512542995548, 41.411241888940673 ], [ 2.127355021822079, 41.412451659152254 ], [ 2.127025524476927, 41.414229106643702 ], [ 2.124853478205011, 41.414796749979139 ], [ 2.123011024900511, 41.413586954431985 ] ] ] } },
{ "type": "Feature", "properties": { "h3_index": "8939446051bffff", "catchment_store_count": 44, "catchment_type_diversity": 5, "is_food_desert": false, "store_count": 14, "type_diversity": 3, "barri_name": "la Teixonera", "income_index": 17848.0, "c1_density": 0.14864864864864866, "c2_diversity": 0.83333333333333337, "c3_pressure": 0.8085106382978724, "c4_deprivation": 0.19148936170212766, "food_access_score": 42.612612612612615 }, "geometry": { "type": "Polygon", "coordinates": [ [ [ 2.139596083527886, 41.424474389277044 ], [ 2.139925393377281, 41.422696952375603 ], [ 2.142097831126679, 41.422129095752823 ], [ 2.143941054652681, 41.423338684610385 ], [ 2.143611814958787, 41.425116155428874 ], [ 2.141439281580511, 41.425684003473314 ], [ 2.139596083527886, 41.424474389277044 ] ] ] } },
{ "type": "Feature", "properties": { "h3_index": "893944605cfffff", "catchment_store_count": 28, "catchment_type_diversity": 5, "is_food_desert": false, "store_count": 0, "type_diversity": 0, "barri_name": "Vallcarca i els Penitents", "income_index": 27507.0, "c1_density": 0.0945945945945946, "c2_diversity": 0.83333333333333337, "c3_pressure": 0.50039873680181191, "c4_deprivation": 0.49960126319818815, "food_access_score": 40.450450450450461 }, "geometry": { "type": "Polygon", "coordinates": [ [ [ 2.13558055569725, 41.4238325033539 ], [ 2.135909935691346, 41.422055100374749 ], [ 2.138082306717257, 41.421487320592504 ], [ 2.139925393377281, 41.422696952375603 ], [ 2.139596083527886, 41.424474389277044 ], [ 2.137423616870882, 41.425042160473652 ], [ 2.13558055569725, 41.4238325033539 ] ] ] } },
{ "type": "Feature", "properties": { "h3_index": "8939446136fffff", "catchment_store_count": 4, "catchment_type_diversity": 2, "is_food_desert": false, "store_count": 0, "type_diversity": 0, "barri_name": "la Marina del Prat Vermell", "income_index": 16015.0, "c1_density": 0.013513513513513514, "c2_diversity": 0.33333333333333331, "c3_pressure": 0.86698140291556347, "c4_deprivation": 0.1330185970844365, "food_access_score": 27.207207207207208 }, "geometry": { "type": "Polygon", "coordinates": [ [ [ 2.107255897141337, 41.331434076571838 ], [ 2.107585429627881, 41.329655670884556 ], [ 2.109755077090021, 41.329087231618601 ], [ 2.111595287511105, 41.330297206688009 ], [ 2.111265824948007, 41.332075646402693 ], [ 2.109096082037494, 41.332644077021136 ], [ 2.107255897141337, 41.331434076571838 ] ] ] } },
{ "type": "Feature", "properties": { "h3_index": "89394460683ffff", "catchment_store_count": 2, "catchment_type_diversity": 2, "is_food_desert": false, "store_count": 0, "type_diversity": 0, "barri_name": "Sarrià", "income_index": 33795.0, "c1_density": 0.0067567567567567571, "c2_diversity": 0.33333333333333331, "c3_pressure": 0.29981817601837379, "c4_deprivation": 0.70018182398162621, "food_access_score": 26.936936936936938 }, "geometry": { "type": "Polygon", "coordinates": [ [ [ 2.101429842628243, 41.407387128192148 ], [ 2.101759776074806, 41.405609858345905 ], [ 2.103931297018058, 41.40504258164021 ], [ 2.105772980136873, 41.406252583430231 ], [ 2.105443116725198, 41.408029887251722 ], [ 2.103271500156967, 41.408597155308527 ], [ 2.101429842628243, 41.407387128192148 ] ] ] } },
{ "type": "Feature", "properties": { "h3_index": "89394462eafffff", "catchment_store_count": 2, "catchment_type_diversity": 2, "is_food_desert": false, "store_count": 0, "type_diversity": 0, "barri_name": "Canyelles", "income_index": 19957.0, "c1_density": 0.0067567567567567571, "c2_diversity": 0.33333333333333331, "c3_pressure": 0.74123576509617539, "c4_deprivation": 0.25876423490382466, "food_access_score": 26.936936936936938 }, "geometry": { "type": "Polygon", "coordinates": [ [ [ 2.163763652082342, 41.450294082288366 ], [ 2.164092624988186, 41.448516753398671 ], [ 2.166266027931525, 41.447948734570545 ], [ 2.168110553631199, 41.449158053164489 ], [ 2.167781650982125, 41.450935415922714 ], [ 2.165608152373694, 41.451503426219041 ], [ 2.163763652082342, 41.450294082288366 ] ] ] } },
{ "type": "Feature", "properties": { "h3_index": "8939446232bffff", "catchment_store_count": 1, "catchment_type_diversity": 1, "is_food_desert": false, "store_count": 0, "type_diversity": 0, "barri_name": "Montbau", "income_index": 20566.5, "c1_density": 0.0033783783783783786, "c2_diversity": 0.16666666666666666, "c3_pressure": 0.72179335863982907, "c4_deprivation": 0.27820664136017098, "food_access_score": 23.468468468468469 }, "geometry": { "type": "Polygon", "coordinates": [ [ [ 2.1351177967526, 41.437483194128376 ], [ 2.13544723826641, 41.435705989908456 ], [ 2.137619954024527, 41.435138406752749 ], [ 2.139463323928323, 41.436348036402293 ], [ 2.139133952580759, 41.438125274534443 ], [ 2.136961141160278, 41.438692849105394 ], [ 2.1351177967526, 41.437483194128376 ] ] ] } },
{ "type": "Feature", "properties": { "h3_index": "8939446185bffff", "catchment_store_count": 0, "catchment_type_diversity": 0, "is_food_desert": true, "store_count": 0, "type_diversity": 0, "barri_name": "la Marina del Prat Vermell", "income_index": 16015.0, "c1_density": 0.0, "c2_diversity": 0.0, "c3_pressure": 0.86698140291556347, "c4_deprivation": 0.1330185970844365, "food_access_score": 20.0 }, "geometry": { "type": "Polygon", "coordinates": [ [ [ 2.146377747572711, 41.343180470063139 ], [ 2.146706618876995, 41.341401810182873 ], [ 2.148877056945201, 41.340832697944414 ], [ 2.150718719145507, 41.342042254162763 ], [ 2.15038991787851, 41.34382094801515 ], [ 2.148219384371054, 41.344390051677671 ], [ 2.146377747572711, 41.343180470063139 ] ] ] } },
{ "type": "Feature", "properties": { "h3_index": "893944604a7ffff", "catchment_store_count": 0, "catchment_type_diversity": 0, "is_food_desert": true, "store_count": 0, "type_diversity": 0, "barri_name": "Sant Genís dels Agudells", "income_index": 19094.0, "c1_density": 0.0, "c2_diversity": 0.0, "c3_pressure": 0.76876455389326614, "c4_deprivation": 0.23123544610673386, "food_access_score": 20.0 }, "geometry": { "type": "Polygon", "coordinates": [ [ [ 2.126561472885414, 41.427880205120097 ], [ 2.126891031784117, 41.426102956262575 ], [ 2.12906339381618, 41.425535424164494 ], [ 2.130906292595162, 41.426745149525821 ], [ 2.130576803826083, 41.428522432313095 ], [ 2.128404346145546, 41.429089955809857 ], [ 2.126561472885414, 41.427880205120097 ] ] ] } },
{ "type": "Feature", "properties": { "h3_index": "89394460c23ffff", "catchment_store_count": 55, "catchment_type_diversity": 4, "is_food_desert": false, "store_count": 0, "type_diversity": 0, "barri_name": "Provençals del Poblenou", "income_index": 19617.0, "c1_density": 0.1858108108108108, "c2_diversity": 0.66666666666666663, "c3_pressure": 0.75208140610545793, "c4_deprivation": 0.2479185938945421, "food_access_score": 40.765765765765771 }, "geometry": { "type": "Polygon", "coordinates": [ [ [ 2.199773913006247, 41.412111373351706 ], [ 2.200102085614533, 41.410333117100741 ], [ 2.202274956897613, 41.409763808256187 ], [ 2.204119751115168, 41.410972764135103 ], [ 2.203791648787164, 41.412751054241724 ], [ 2.201618681958468, 41.41332035461437 ], [ 2.199773913006247, 41.412111373351706 ] ] ] } },
{ "type": "Feature", "properties": { "h3_index": "89394460cd7ffff", "catchment_store_count": 131, "catchment_type_diversity": 6, "is_food_desert": false, "store_count": 6, "type_diversity": 3, "barri_name": "el Camp de l'Arpa del Clot", "income_index": 22131.0, "c1_density": 0.44256756756756754, "c2_diversity": 1.0, "c3_pressure": 0.67188746052505666, "c4_deprivation": 0.3281125394749434, "food_access_score": 57.702702702702716 }, "geometry": { "type": "Polygon", "coordinates": [ [ [ 2.180218257836431, 41.417232436221191 ], [ 2.180546804385892, 41.415454461686558 ], [ 2.182719563531444, 41.414885639836086 ], [ 2.184563871699866, 41.416094801027185 ], [ 2.184235395392011, 41.417872809436609 ], [ 2.182062540671243, 41.418441622780719 ], [ 2.180218257836431, 41.417232436221191 ] ] ] } },
{ "type": "Feature", "properties": { "h3_index": "89394462817ffff", "catchment_store_count": 5, "catchment_type_diversity": 2, "is_food_desert": false, "store_count": 0, "type_diversity": 0, "barri_name": "la Trinitat Nova", "income_index": 14232.0, "c1_density": 0.016891891891891893, "c2_diversity": 0.33333333333333331, "c3_pressure": 0.92385722032600726, "c4_deprivation": 0.076142779673992786, "food_access_score": 27.342342342342342 }, "geometry": { "type": "Polygon", "coordinates": [ [ [ 2.183855681715144, 41.453499550170271 ], [ 2.184184303229433, 41.451722051990316 ], [ 2.186358039178955, 41.45115364842178 ], [ 2.188203249265157, 41.452362751529144 ], [ 2.187874698061492, 41.454140283551432 ], [ 2.185700866458126, 41.454708678624613 ], [ 2.183855681715144, 41.453499550170271 ] ] ] } },
{ "type": "Feature", "properties": { "h3_index": "89394460153ffff", "catchment_store_count": 258, "catchment_type_diversity": 6, "is_food_desert": false, "store_count": 16, "type_diversity": 5, "barri_name": "la Vila de Gràcia", "income_index": 24564.0, "c1_density": 0.8716216216216216, "c2_diversity": 1.0, "c3_pressure": 0.59427732942039624, "c4_deprivation": 0.40572267057960382, "food_access_score": 74.864864864864856 }, "geometry": { "type": "Polygon", "coordinates": [ [ [ 2.151576935021307, 41.404425847966699 ], [ 2.151905950154123, 41.402647998392361 ], [ 2.154078023148639, 41.402079612165743 ], [ 2.155921176580051, 41.403289084073364 ], [ 2.15559223159844, 41.405066967566214 ], [ 2.153420063031322, 41.405635345233527 ], [ 2.151576935021307, 41.404425847966699 ] ] ] } },
{ "type": "Feature", "properties": { "h3_index": "893944628cbffff", "catchment_store_count": 16, "catchment_type_diversity": 3, "is_food_desert": false, "store_count": 0, "type_diversity": 0, "barri_name": "les Roquetes", "income_index": 13630.5, "c1_density": 0.054054054054054057, "c2_diversity": 0.5, "c3_pressure": 0.9430444352291939, "c4_deprivation": 0.056955564770806086, "food_access_score": 32.162162162162161 }, "geometry": { "type": "Polygon", "coordinates": [ [ [ 2.170284023210606, 41.448589957404693 ], [ 2.170612871429959, 41.446812534523943 ], [ 2.172786311972801, 41.446244353303968 ], [ 2.174630999948655, 41.447453603485648 ], [ 2.174302221998969, 41.449231060228549 ], [ 2.172128685800898, 41.449799232928207 ], [ 2.170284023210606, 41.448589957404693 ] ] ] } },
{ "type": "Feature", "properties": { "h3_index": "89394462b6bffff", "catchment_store_count": 37, "catchment_type_diversity": 5, "is_food_desert": false, "store_count": 4, "type_diversity": 2, "barri_name": "la Verneda i la Pau", "income_index": 17668.0, "c1_density": 0.125, "c2_diversity": 0.83333333333333337, "c3_pressure": 0.81425244824396315, "c4_deprivation": 0.18574755175603688, "food_access_score": 41.666666666666671 }, "geometry": { "type": "Polygon", "coordinates": [ [ [ 2.201822765276042, 41.423420191367356 ], [ 2.202150944620026, 41.421642073707865 ], [ 2.204324131698371, 41.421072875691458 ], [ 2.206169234999097, 41.422281803802008 ], [ 2.20584112595912, 41.424059955305985 ], [ 2.203667843311538, 41.424629144855508 ], [ 2.201822765276042, 41.423420191367356 ] ] ] } },
{ "type": "Feature", "properties": { "h3_index": "89394460207ffff", "catchment_store_count": 92, "catchment_type_diversity": 5, "is_food_desert": false, "store_count": 10, "type_diversity": 3, "barri_name": "la Maternitat i Sant Ramon", "income_index": 25111.0, "c1_density": 0.3108108108108108, "c2_diversity": 0.83333333333333337, "c3_pressure": 0.57682860697310923, "c4_deprivation": 0.42317139302689083, "food_access_score": 49.099099099099107 }, "geometry": { "type": "Polygon", "coordinates": [ [ [ 2.126440645686806, 41.383935117586702 ], [ 2.126770035714493, 41.382157247292291 ], [ 2.128941268680212, 41.381589116747456 ], [ 2.130783207164671, 41.382798865104483 ], [ 2.130453887193536, 41.384576769362951 ], [ 2.128282558678521, 41.385144891300911 ], [ 2.126440645686806, 41.383935117586702 ] ] ] } },
{ "type": "Feature", "properties": { "h3_index": "89394461c93ffff", "catchment_store_count": 153, "catchment_type_diversity": 6, "is_food_desert": false, "store_count": 10, "type_diversity": 3, "barri_name": "Sants", "income_index": 22462.0, "c1_density": 0.51689189189189189, "c2_diversity": 1.0, "c3_pressure": 0.66132891001307859, "c4_deprivation": 0.33867108998692141, "food_access_score": 60.675675675675677 }, "geometry": { "type": "Polygon", "coordinates": [ [ [ 2.133942265153913, 41.376896678951148 ], [ 2.13427149219834, 41.37511862864617 ], [ 2.13644263862345, 41.374550242013385 ], [ 2.138284653527825, 41.375759914280422 ], [ 2.137955496546399, 41.377537998546089 ], [ 2.135784254594703, 41.378106376584611 ], [ 2.133942265153913, 41.376896678951148 ] ] ] } },
{ "type": "Feature", "properties": { "h3_index": "893944602bbffff", "catchment_store_count": 59, "catchment_type_diversity": 5, "is_food_desert": false, "store_count": 0, "type_diversity": 0, "barri_name": "la Maternitat i Sant Ramon", "income_index": 25111.0, "c1_density": 0.19932432432432431, "c2_diversity": 0.83333333333333337, "c3_pressure": 0.57682860697310923, "c4_deprivation": 0.42317139302689083, "food_access_score": 44.639639639639647 }, "geometry": { "type": "Polygon", "coordinates": [ [ [ 2.125452398376911, 41.389268556330677 ], [ 2.125781827018748, 41.387490772108798 ], [ 2.127953184373115, 41.386922735544246 ], [ 2.129795208645015, 41.388132491810147 ], [ 2.129465850066176, 41.389910309993091 ], [ 2.127294397149557, 41.390478337949631 ], [ 2.125452398376911, 41.389268556330677 ] ] ] } },
{ "type": "Feature", "properties": { "h3_index": "89394462a33ffff", "catchment_store_count": 47, "catchment_type_diversity": 6, "is_food_desert": false, "store_count": 4, "type_diversity": 3, "barri_name": "Vilapicina i la Torre Llobeta", "income_index": 20176.0, "c1_density": 0.15878378378378377, "c2_diversity": 1.0, "c3_pressure": 0.73424989632843152, "c4_deprivation": 0.26575010367156848, "food_access_score": 46.351351351351347 }, "geometry": { "type": "Polygon", "coordinates": [ [ [ 2.179762555890262, 41.430886657514549 ], [ 2.180091163700091, 41.429108881677919 ], [ 2.182264267728327, 41.428540256198247 ], [ 2.184108859550355, 41.429749415061288 ], [ 2.183780322003712, 41.431527224762647 ], [ 2.181607122368986, 41.43209584173681 ], [ 2.179762555890262, 41.430886657514549 ] ] ] } },
{ "type": "Feature", "properties": { "h3_index": "89394461d47ffff", "catchment_store_count": 2, "catchment_type_diversity": 1, "is_food_desert": false, "store_count": 0, "type_diversity": 0, "barri_name": "el Poble-sec", "income_index": 18196.5, "c1_density": 0.0067567567567567571, "c2_diversity": 0.16666666666666666, "c3_pressure": 0.79739385626335768, "c4_deprivation": 0.20260614373664232, "food_access_score": 23.603603603603602 }, "geometry": { "type": "Polygon", "coordinates": [ [ [ 2.164997320079958, 41.365377780568643 ], [ 2.16532594084848, 41.363599234630065 ], [ 2.16749718014967, 41.36303002877473 ], [ 2.169339894151687, 41.364239377398455 ], [ 2.169011343502078, 41.366017957269996 ], [ 2.166840008728654, 41.366587154585417 ], [ 2.164997320079958, 41.365377780568643 ] ] ] } },
{ "type": "Feature", "properties": { "h3_index": "8939446036fffff", "catchment_store_count": 171, "catchment_type_diversity": 5, "is_food_desert": false, "store_count": 10, "type_diversity": 3, "barri_name": "Sant Antoni", "income_index": 23761.0, "c1_density": 0.57770270270270274, "c2_diversity": 0.83333333333333337, "c3_pressure": 0.61989218156879011, "c4_deprivation": 0.38010781843120994, "food_access_score": 59.774774774774784 }, "geometry": { "type": "Polygon", "coordinates": [ [ [ 2.156510811892309, 41.377755090269524 ], [ 2.15683963417993, 41.375976810228288 ], [ 2.159011084779232, 41.375407954322661 ], [ 2.160853808595919, 41.376617387012523 ], [ 2.16052505642724, 41.378395700987141 ], [ 2.158353510320034, 41.378964548339091 ], [ 2.156510811892309, 41.377755090269524 ] ] ] } },
{ "type": "Feature", "properties": { "h3_index": "8939446ad87ffff", "catchment_store_count": 3, "catchment_type_diversity": 2, "is_food_desert": false, "store_count": 0, "type_diversity": 0, "barri_name": "la Marina del Prat Vermell", "income_index": 16015.0, "c1_density": 0.010135135135135136, "c2_diversity": 0.33333333333333331, "c3_pressure": 0.86698140291556347, "c4_deprivation": 0.1330185970844365, "food_access_score": 27.072072072072075 }, "geometry": { "type": "Polygon", "coordinates": [ [ [ 2.119286290577616, 41.333358428195005 ], [ 2.119615613261612, 41.331579920441257 ], [ 2.121785460793936, 41.331011251204522 ], [ 2.123626081081226, 41.332221098347787 ], [ 2.123296828352917, 41.333999640113269 ], [ 2.121126885378784, 41.334568300724328 ], [ 2.119286290577616, 41.333358428195005 ] ] ] } },
{ "type": "Feature", "properties": { "h3_index": "89394460423ffff", "catchment_store_count": 0, "catchment_type_diversity": 0, "is_food_desert": true, "store_count": 0, "type_diversity": 0, "barri_name": "Sant Gervasi - la Bonanova", "income_index": 36213.5, "c1_density": 0.0, "c2_diversity": 0.0, "c3_pressure": 0.22267057960381509, "c4_deprivation": 0.77732942039618491, "food_access_score": 20.0 }, "geometry": { "type": "Polygon", "coordinates": [ [ [ 2.126036955161385, 41.419561276682423 ], [ 2.126366491147309, 41.417783915411704 ], [ 2.128538633043993, 41.417216280682595 ], [ 2.130381334582018, 41.418426015828082 ], [ 2.130051868710669, 41.420203411035651 ], [ 2.127879631183836, 41.420771037161479 ], [ 2.126036955161385, 41.419561276682423 ] ] ] } },
{ "type": "Feature", "properties": { "h3_index": "89394462b9bffff", "catchment_store_count": 12, "catchment_type_diversity": 4, "is_food_desert": false, "store_count": 0, "type_diversity": 0, "barri_name": "el Bon Pastor", "income_index": 14841.0, "c1_density": 0.040540540540540543, "c2_diversity": 0.66666666666666663, "c3_pressure": 0.90443076334173345, "c4_deprivation": 0.09556923665826661, "food_access_score": 34.954954954954957 }, "geometry": { "type": "Polygon", "coordinates": [ [ [ 2.192347839560164, 41.44112828628846 ], [ 2.192676259215435, 41.439350521423819 ], [ 2.194849783112546, 41.438781767537861 ], [ 2.196694982969517, 41.43999078699877 ], [ 2.196366633624818, 41.441768585705354 ], [ 2.194193014109691, 41.442337331109641 ], [ 2.192347839560164, 41.44112828628846 ] ] ] } },
{ "type": "Feature", "properties": { "h3_index": "89394461dcbffff", "catchment_store_count": 34, "catchment_type_diversity": 4, "is_food_desert": false, "store_count": 0, "type_diversity": 0, "barri_name": "el Poble-sec", "income_index": 18196.5, "c1_density": 0.11486486486486487, "c2_diversity": 0.66666666666666663, "c3_pressure": 0.79739385626335768, "c4_deprivation": 0.20260614373664232, "food_access_score": 37.927927927927932 }, "geometry": { "type": "Polygon", "coordinates": [ [ [ 2.155983522689039, 41.369432330416338 ], [ 2.156312322205837, 41.367653938333525 ], [ 2.158483552875368, 41.367084979962385 ], [ 2.160326079514888, 41.368294422230221 ], [ 2.159997350101971, 41.370072848253514 ], [ 2.157826023942818, 41.370641798069066 ], [ 2.155983522689039, 41.369432330416338 ] ] ] } },
{ "type": "Feature", "properties": { "h3_index": "89394461eafffff", "catchment_store_count": 2, "catchment_type_diversity": 2, "is_food_desert": false, "store_count": 0, "type_diversity": 0, "barri_name": "la Marina del Prat Vermell", "income_index": 16015.0, "c1_density": 0.0067567567567567571, "c2_diversity": 0.33333333333333331, "c3_pressure": 0.86698140291556347, "c4_deprivation": 0.1330185970844365, "food_access_score": 26.936936936936938 }, "geometry": { "type": "Polygon", "coordinates": [ [ [ 2.138879320496256, 41.350222914988507 ], [ 2.139208354666498, 41.348444434887377 ], [ 2.141378879342896, 41.347875578594845 ], [ 2.143220465308137, 41.349085210992612 ], [ 2.142891501168732, 41.35086372506926 ], [ 2.140720881030393, 41.351432572773227 ], [ 2.138879320496256, 41.350222914988507 ] ] ] } },
{ "type": "Feature", "properties": { "h3_index": "89394462ab7ffff", "catchment_store_count": 37, "catchment_type_diversity": 6, "is_food_desert": false, "store_count": 4, "type_diversity": 2, "barri_name": "Porta", "income_index": 18299.5, "c1_density": 0.125, "c2_diversity": 1.0, "c3_pressure": 0.79410826501642795, "c4_deprivation": 0.20589173498357205, "food_access_score": 45.0 }, "geometry": { "type": "Polygon", "coordinates": [ [ [ 2.180292677407931, 41.439206667601709 ], [ 2.180621307930317, 41.437429004294266 ], [ 2.182794632251259, 41.436860481266301 ], [ 2.184639421671739, 41.438069630049924 ], [ 2.184310861427618, 41.439847327214991 ], [ 2.18213744148188, 41.440415841739437 ], [ 2.180292677407931, 41.439206667601709 ] ] ] } },
{ "type": "Feature", "properties": { "h3_index": "893944604d7ffff", "catchment_store_count": 0, "catchment_type_diversity": 0, "is_food_desert": true, "store_count": 0, "type_diversity": 0, "barri_name": "Vallvidrera, el Tibidabo i les Planes", "income_index": 32833.0, "c1_density": 0.0, "c2_diversity": 0.0, "c3_pressure": 0.33050496028581455, "c4_deprivation": 0.66949503971418545, "food_access_score": 20.0 }, "geometry": { "type": "Polygon", "coordinates": [ [ [ 2.106487874227178, 41.424667273758438 ], [ 2.106817783612352, 41.422890194627996 ], [ 2.108989811528396, 41.422323046558908 ], [ 2.110832025715866, 41.423532986258479 ], [ 2.110502186406432, 41.425310099344777 ], [ 2.108330062830905, 41.425877238776181 ], [ 2.106487874227178, 41.424667273758438 ] ] ] } },
{ "type": "Feature", "properties": { "h3_index": "8939446058bffff", "catchment_store_count": 19, "catchment_type_diversity": 5, "is_food_desert": false, "store_count": 0, "type_diversity": 0, "barri_name": "Montbau", "income_index": 20566.5, "c1_density": 0.064189189189189186, "c2_diversity": 0.83333333333333337, "c3_pressure": 0.72179335863982907, "c4_deprivation": 0.27820664136017098, "food_access_score": 39.234234234234236 }, "geometry": { "type": "Polygon", "coordinates": [ [ [ 2.138608076724965, 41.429806527446473 ], [ 2.138937425202461, 41.428029176815379 ], [ 2.141109987495911, 41.427461414201289 ], [ 2.142953296950816, 41.428671010798354 ], [ 2.142624018635256, 41.430448395343518 ], [ 2.140451360699976, 41.431016149378152 ], [ 2.138608076724965, 41.429806527446473 ] ] ] } },
{ "type": "Feature", "properties": { "h3_index": "8939446132bffff", "catchment_store_count": 2, "catchment_type_diversity": 1, "is_food_desert": false, "store_count": 0, "type_diversity": 0, "barri_name": "la Marina del Prat Vermell", "income_index": 16015.0, "c1_density": 0.0067567567567567571, "c2_diversity": 0.16666666666666666, "c3_pressure": 0.86698140291556347, "c4_deprivation": 0.1330185970844365, "food_access_score": 23.603603603603602 }, "geometry": { "type": "Polygon", "coordinates": [ [ [ 2.110277360073318, 41.337410793914501 ], [ 2.110606861229843, 41.335632440018834 ], [ 2.112776699594076, 41.335064018044832 ], [ 2.114617132258025, 41.336273958608444 ], [ 2.11428770104212, 41.338052346523284 ], [ 2.112117767218787, 41.338620759855921 ], [ 2.110277360073318, 41.337410793914501 ] ] ] } },
{ "type": "Feature", "properties": { "h3_index": "89394462e6bffff", "catchment_store_count": 32, "catchment_type_diversity": 5, "is_food_desert": false, "store_count": 2, "type_diversity": 1, "barri_name": "Horta", "income_index": 21854.0, "c1_density": 0.10810810810810811, "c2_diversity": 0.83333333333333337, "c3_pressure": 0.68072346805320749, "c4_deprivation": 0.31927653194679256, "food_access_score": 40.990990990990994 }, "geometry": { "type": "Polygon", "coordinates": [ [ [ 2.156187845458507, 41.43536019021392 ], [ 2.156516897424382, 41.433582730162293 ], [ 2.158689822122687, 41.433014668628857 ], [ 2.16053379049051, 41.434224075694857 ], [ 2.160204808738294, 41.436001569635529 ], [ 2.158031788401711, 41.436569622621747 ], [ 2.156187845458507, 41.43536019021392 ] ] ] } },
{ "type": "Feature", "properties": { "h3_index": "8939446085bffff", "catchment_store_count": 16, "catchment_type_diversity": 3, "is_food_desert": false, "store_count": 1, "type_diversity": 1, "barri_name": "la Vila Olímpica del Poblenou", "income_index": 32434.0, "c1_density": 0.054054054054054057, "c2_diversity": 0.5, "c3_pressure": 0.34323263899964906, "c4_deprivation": 0.65676736100035094, "food_access_score": 32.162162162162168 }, "geometry": { "type": "Polygon", "coordinates": [ [ [ 2.195677961237918, 41.389491493860099 ], [ 2.196006120343769, 41.387712960791404 ], [ 2.198178360294856, 41.387143430292831 ], [ 2.200022536635559, 41.388352441345504 ], [ 2.199694447762587, 41.390131008292236 ], [ 2.197522112313154, 41.390700530308791 ], [ 2.195677961237918, 41.389491493860099 ] ] ] } },
{ "type": "Feature", "properties": { "h3_index": "8939446313bffff", "catchment_store_count": 1, "catchment_type_diversity": 1, "is_food_desert": false, "store_count": 0, "type_diversity": 0, "barri_name": "Vallvidrera, el Tibidabo i les Planes", "income_index": 32833.0, "c1_density": 0.0033783783783783786, "c2_diversity": 0.16666666666666666, "c3_pressure": 0.33050496028581455, "c4_deprivation": 0.66949503971418545, "food_access_score": 23.468468468468469 }, "geometry": { "type": "Polygon", "coordinates": [ [ [ 2.093924980820386, 41.414419894920165 ], [ 2.094255077334967, 41.412642805332084 ], [ 2.096426684524, 41.412075784841711 ], [ 2.098268290843287, 41.413285862601526 ], [ 2.097938264357052, 41.415062986168202 ], [ 2.095766561520321, 41.415629997997058 ], [ 2.093924980820386, 41.414419894920165 ] ] ] } },
{ "type": "Feature", "properties": { "h3_index": "89394461817ffff", "catchment_store_count": 0, "catchment_type_diversity": 0, "is_food_desert": true, "store_count": 0, "type_diversity": 0, "barri_name": "la Marina del Prat Vermell", "income_index": 16015.0, "c1_density": 0.0, "c2_diversity": 0.0, "c3_pressure": 0.86698140291556347, "c4_deprivation": 0.1330185970844365, "food_access_score": 20.0 }, "geometry": { "type": "Polygon", "coordinates": [ [ [ 2.158942255863698, 41.35342577012149 ], [ 2.159270939772341, 41.351647120194968 ], [ 2.161441797238076, 41.351077880149298 ], [ 2.163284066243137, 41.352287298582908 ], [ 2.162955452419032, 41.354065982458799 ], [ 2.160784499502453, 41.354635213952278 ], [ 2.158942255863698, 41.35342577012149 ] ] ] } },
{ "type": "Feature", "properties": { "h3_index": "893944618cbffff", "catchment_store_count": 1, "catchment_type_diversity": 1, "is_food_desert": false, "store_count": 0, "type_diversity": 0, "barri_name": "la Marina del Prat Vermell", "income_index": 16015.0, "c1_density": 0.0033783783783783786, "c2_diversity": 0.16666666666666666, "c3_pressure": 0.86698140291556347, "c4_deprivation": 0.1330185970844365, "food_access_score": 23.468468468468469 }, "geometry": { "type": "Polygon", "coordinates": [ [ [ 2.145391056577072, 41.348516277965821 ], [ 2.145719966423499, 41.346737703957523 ], [ 2.147890528815449, 41.346168685611225 ], [ 2.149732276810302, 41.34737824985087 ], [ 2.149403437007602, 41.349156857828348 ], [ 2.147232779163475, 41.34972586759757 ], [ 2.145391056577072, 41.348516277965821 ] ] ] } },
{ "type": "Feature", "properties": { "h3_index": "89394460c93ffff", "catchment_store_count": 87, "catchment_type_diversity": 6, "is_food_desert": false, "store_count": 5, "type_diversity": 3, "barri_name": "Navas", "income_index": 21622.0, "c1_density": 0.29391891891891891, "c2_diversity": 1.0, "c3_pressure": 0.68812402309483556, "c4_deprivation": 0.31187597690516444, "food_access_score": 51.756756756756758 }, "geometry": { "type": "Polygon", "coordinates": [ [ [ 2.183249889382371, 41.42320666219802 ], [ 2.183578404233992, 41.421428740024929 ], [ 2.185751354535336, 41.42085993518409 ], [ 2.187595885568116, 41.422069061017147 ], [ 2.187267440975343, 41.423847017056815 ], [ 2.185094395088083, 41.424415813397438 ], [ 2.183249889382371, 41.42320666219802 ] ] ] } },
{ "type": "Feature", "properties": { "h3_index": "89394461d17ffff", "catchment_store_count": 94, "catchment_type_diversity": 6, "is_food_desert": false, "store_count": 8, "type_diversity": 5, "barri_name": "el Poble-sec", "income_index": 18196.5, "c1_density": 0.31756756756756754, "c2_diversity": 1.0, "c3_pressure": 0.79739385626335768, "c4_deprivation": 0.20260614373664232, "food_access_score": 52.702702702702695 }, "geometry": { "type": "Polygon", "coordinates": [ [ [ 2.169539952350875, 41.374341331809127 ], [ 2.16986852571952, 41.372562863959651 ], [ 2.172040051453422, 41.371993683714827 ], [ 2.173883099304089, 41.373202979850767 ], [ 2.17355459608016, 41.374981481620907 ], [ 2.171382974857979, 41.375550653335019 ], [ 2.169539952350875, 41.374341331809127 ] ] ] } },
{ "type": "Feature", "properties": { "h3_index": "89394461a33ffff", "catchment_store_count": 0, "catchment_type_diversity": 0, "is_food_desert": true, "store_count": 0, "type_diversity": 0, "barri_name": "la Marina del Prat Vermell", "income_index": 16015.0, "c1_density": 0.0, "c2_diversity": 0.0, "c3_pressure": 0.86698140291556347, "c4_deprivation": 0.1330185970844365, "food_access_score": 20.0 }, "geometry": { "type": "Polygon", "coordinates": [ [ [ 2.154861513034717, 41.330800113427038 ], [ 2.155190182976595, 41.329021188014195 ], [ 2.15736041005803, 41.328451725998569 ], [ 2.159202062598331, 41.329661197958522 ], [ 2.158873462693732, 41.33144015734306 ], [ 2.156703140208684, 41.33200961079654 ], [ 2.154861513034717, 41.330800113427038 ] ] ] } },
{ "type": "Feature", "properties": { "h3_index": "89394462a03ffff", "catchment_store_count": 51, "catchment_type_diversity": 5, "is_food_desert": false, "store_count": 1, "type_diversity": 1, "barri_name": "Vilapicina i la Torre Llobeta", "income_index": 20176.0, "c1_density": 0.17229729729729729, "c2_diversity": 0.83333333333333337, "c3_pressure": 0.73424989632843152, "c4_deprivation": 0.26575010367156848, "food_access_score": 43.558558558558566 }, "geometry": { "type": "Polygon", "coordinates": [ [ [ 2.17172763376769, 41.429605163076666 ], [ 2.172056382071575, 41.427827454985177 ], [ 2.174229352983244, 41.42725898334254 ], [ 2.176073671199138, 41.428468228312013 ], [ 2.17574499313689, 41.430245970278655 ], [ 2.173571926614255, 41.430814433401245 ], [ 2.17172763376769, 41.429605163076666 ] ] ] } },
{ "type": "Feature", "properties": { "h3_index": "89394460d47ffff", "catchment_store_count": 15, "catchment_type_diversity": 4, "is_food_desert": false, "store_count": 1, "type_diversity": 1, "barri_name": "Diagonal Mar i el Front Marítim del Poblenou", "income_index": 25619.0, "c1_density": 0.050675675675675678, "c2_diversity": 0.66666666666666663, "c3_pressure": 0.56062394334747512, "c4_deprivation": 0.43937605665252483, "food_access_score": 35.36036036036036 }, "geometry": { "type": "Polygon", "coordinates": [ [ [ 2.214328761855019, 41.411682158415523 ], [ 2.214656669193479, 41.409903740593563 ], [ 2.216829710484297, 41.409334115501728 ], [ 2.218674939964948, 41.410542916678303 ], [ 2.218347102941161, 41.412321368339029 ], [ 2.216173966119186, 41.41289098498499 ], [ 2.214328761855019, 41.411682158415523 ] ] ] } },
{ "type": "Feature", "properties": { "h3_index": "8939446005bffff", "catchment_store_count": 41, "catchment_type_diversity": 5, "is_food_desert": false, "store_count": 6, "type_diversity": 2, "barri_name": "les Tres Torres", "income_index": 43194.0, "c1_density": 0.13851351351351351, "c2_diversity": 0.83333333333333337, "c3_pressure": 0.0, "c4_deprivation": 1.0, "food_access_score": 42.207207207207212 }, "geometry": { "type": "Polygon", "coordinates": [ [ [ 2.121963003015891, 41.39694723207996 ], [ 2.122292524623611, 41.395169593996179 ], [ 2.124464035211371, 41.394601736804681 ], [ 2.126306119771302, 41.395811526310858 ], [ 2.125976668230858, 41.397589198353835 ], [ 2.123805062060337, 41.398157046931999 ], [ 2.121963003015891, 41.39694723207996 ] ] ] } },
{ "type": "Feature", "properties": { "h3_index": "8939446010fffff", "catchment_store_count": 269, "catchment_type_diversity": 6, "is_food_desert": false, "store_count": 11, "type_diversity": 5, "barri_name": "el Camp d'en Grassot i Gràcia Nova", "income_index": 25106.0, "c1_density": 0.90878378378378377, "c2_diversity": 1.0, "c3_pressure": 0.57698810169383385, "c4_deprivation": 0.42301189830616609, "food_access_score": 76.351351351351354 }, "geometry": { "type": "Polygon", "coordinates": [ [ [ 2.163623434926136, 41.40634884742316 ], [ 2.163952239573038, 41.404570896108957 ], [ 2.166124512374525, 41.404002279338506 ], [ 2.167968076092132, 41.40521162242031 ], [ 2.167639341628714, 41.406989607637321 ], [ 2.165466973261313, 41.40755821587031 ], [ 2.163623434926136, 41.40634884742316 ] ] ] } },
{ "type": "Feature", "properties": { "h3_index": "89394463573ffff", "catchment_store_count": 0, "catchment_type_diversity": 0, "is_food_desert": true, "store_count": 0, "type_diversity": 0, "barri_name": "Vallvidrera, el Tibidabo i les Planes", "income_index": 32833.0, "c1_density": 0.0, "c2_diversity": 0.0, "c3_pressure": 0.33050496028581455, "c4_deprivation": 0.66949503971418545, "food_access_score": 20.0 }, "geometry": { "type": "Polygon", "coordinates": [ [ [ 2.070887022026697, 41.427193629612994 ], [ 2.071217584734166, 41.425416968698357 ], [ 2.073389230178662, 41.42485061419233 ], [ 2.075230408610222, 41.426060929302771 ], [ 2.074899915896466, 41.42783762421309 ], [ 2.072728174754581, 41.428403970017861 ], [ 2.070887022026697, 41.427193629612994 ] ] ] } },
{ "type": "Feature", "properties": { "h3_index": "89394462887ffff", "catchment_store_count": 2, "catchment_type_diversity": 2, "is_food_desert": false, "store_count": 0, "type_diversity": 0, "barri_name": "Torre Baró", "income_index": 12819.0, "c1_density": 0.0067567567567567571, "c2_diversity": 0.33333333333333331, "c3_pressure": 0.96893042840281984, "c4_deprivation": 0.031069571597180132, "food_access_score": 26.936936936936938 }, "geometry": { "type": "Polygon", "coordinates": [ [ [ 2.182869740019976, 41.458831871895036 ], [ 2.183198400111149, 41.457054460125526 ], [ 2.185372260811815, 41.456486150523681 ], [ 2.187217557085251, 41.457695261188391 ], [ 2.186888967311186, 41.459472706797257 ], [ 2.184715010943732, 41.460041007902646 ], [ 2.182869740019976, 41.458831871895036 ] ] ] } },
{ "type": "Feature", "properties": { "h3_index": "8939446028bffff", "catchment_store_count": 24, "catchment_type_diversity": 5, "is_food_desert": false, "store_count": 0, "type_diversity": 0, "barri_name": "la Maternitat i Sant Ramon", "income_index": 25111.0, "c1_density": 0.081081081081081086, "c2_diversity": 0.83333333333333337, "c3_pressure": 0.57682860697310923, "c4_deprivation": 0.42317139302689083, "food_access_score": 39.909909909909913 }, "geometry": { "type": "Polygon", "coordinates": [ [ [ 2.11742610560068, 41.387984690320451 ], [ 2.117755674336206, 41.386206974036376 ], [ 2.119926898207905, 41.38563909098643 ], [ 2.121768648907858, 41.38684893284367 ], [ 2.121439150213779, 41.38862668309924 ], [ 2.119267830775438, 41.389194557526629 ], [ 2.11742610560068, 41.387984690320451 ] ] ] } },
{ "type": "Feature", "properties": { "h3_index": "89394460eafffff", "catchment_store_count": 39, "catchment_type_diversity": 4, "is_food_desert": false, "store_count": 0, "type_diversity": 0, "barri_name": "el Parc i la Llacuna del Poblenou", "income_index": 24245.0, "c1_density": 0.13175675675675674, "c2_diversity": 0.66666666666666663, "c3_pressure": 0.6044530926026348, "c4_deprivation": 0.39554690739736514, "food_access_score": 38.603603603603602 }, "geometry": { "type": "Polygon", "coordinates": [ [ [ 2.188176263381757, 41.396534812346964 ], [ 2.188504585580514, 41.394756459253699 ], [ 2.190676912776032, 41.394187184896822 ], [ 2.192521013291059, 41.395396272128423 ], [ 2.192192761318761, 41.397174659103115 ], [ 2.190020338602081, 41.397743924965368 ], [ 2.188176263381757, 41.396534812346964 ] ] ] } },
{ "type": "Feature", "properties": { "h3_index": "893944601c3ffff", "catchment_store_count": 120, "catchment_type_diversity": 6, "is_food_desert": false, "store_count": 10, "type_diversity": 2, "barri_name": "la Vila de Gràcia", "income_index": 24564.0, "c1_density": 0.40540540540540543, "c2_diversity": 1.0, "c3_pressure": 0.59427732942039624, "c4_deprivation": 0.40572267057960382, "food_access_score": 56.216216216216218 }, "geometry": { "type": "Polygon", "coordinates": [ [ [ 2.150589812446686, 41.40975922435193 ], [ 2.150918866168307, 41.407981460949387 ], [ 2.153091063680794, 41.407413168684407 ], [ 2.154934303054337, 41.408622648382973 ], [ 2.154605319490362, 41.410400445701022 ], [ 2.152433026392318, 41.410968729405596 ], [ 2.150589812446686, 41.40975922435193 ] ] ] } },
{ "type": "Feature", "properties": { "h3_index": "89394461c4fffff", "catchment_store_count": 48, "catchment_type_diversity": 5, "is_food_desert": false, "store_count": 0, "type_diversity": 0, "barri_name": "la Marina de Port", "income_index": 18227.0, "c1_density": 0.16216216216216217, "c2_diversity": 0.83333333333333337, "c3_pressure": 0.79642093846693673, "c4_deprivation": 0.20357906153306327, "food_access_score": 43.153153153153156 }, "geometry": { "type": "Polygon", "coordinates": [ [ [ 2.135392335977654, 41.357905194776038 ], [ 2.135721463009078, 41.356126860532484 ], [ 2.137892140863667, 41.35555818348405 ], [ 2.13973378716641, 41.356767849273616 ], [ 2.139404730170085, 41.358546217490847 ], [ 2.137233956833049, 41.359114885945417 ], [ 2.135392335977654, 41.357905194776038 ] ] ] } },
{ "type": "Feature", "properties": { "h3_index": "89394461c63ffff", "catchment_store_count": 37, "catchment_type_diversity": 6, "is_food_desert": false, "store_count": 0, "type_diversity": 0, "barri_name": "la Marina de Port", "income_index": 18227.0, "c1_density": 0.125, "c2_diversity": 1.0, "c3_pressure": 0.79642093846693673, "c4_deprivation": 0.20357906153306327, "food_access_score": 45.0 }, "geometry": { "type": "Polygon", "coordinates": [ [ [ 2.143417327647242, 41.359187120687487 ], [ 2.1437463145977, 41.35740871850178 ], [ 2.145917125676018, 41.356839887965748 ], [ 2.14775904527906, 41.358049468195354 ], [ 2.147430128385237, 41.3598279043443 ], [ 2.145259221828861, 41.360396726300955 ], [ 2.143417327647242, 41.359187120687487 ] ] ] } },
{ "type": "Feature", "properties": { "h3_index": "89394460277ffff", "catchment_store_count": 148, "catchment_type_diversity": 6, "is_food_desert": false, "store_count": 6, "type_diversity": 2, "barri_name": "Sants - Badal", "income_index": 19943.0, "c1_density": 0.5, "c2_diversity": 1.0, "c3_pressure": 0.7416823503142046, "c4_deprivation": 0.2583176496857954, "food_access_score": 60.0 }, "geometry": { "type": "Polygon", "coordinates": [ [ [ 2.127428777160849, 41.378601420651272 ], [ 2.127758128580968, 41.376823464310476 ], [ 2.129929237170999, 41.376255239793956 ], [ 2.13177108987439, 41.377464980224566 ], [ 2.131441808504362, 41.379242970532403 ], [ 2.129270604377969, 41.379811186443149 ], [ 2.127428777160849, 41.378601420651272 ] ] ] } },
{ "type": "Feature", "properties": { "h3_index": "89394461d03ffff", "catchment_store_count": 62, "catchment_type_diversity": 6, "is_food_desert": false, "store_count": 2, "type_diversity": 1, "barri_name": "el Poble-sec", "income_index": 18196.5, "c1_density": 0.20945945945945946, "c2_diversity": 1.0, "c3_pressure": 0.79739385626335768, "c4_deprivation": 0.20260614373664232, "food_access_score": 48.378378378378372 }, "geometry": { "type": "Polygon", "coordinates": [ [ [ 2.168025614508161, 41.371353524924373 ], [ 2.16835420368104, 41.369575031035858 ], [ 2.170525633932031, 41.369005842257273 ], [ 2.172368570490192, 41.370215155901562 ], [ 2.172040051453422, 41.371993683714827 ], [ 2.16986852571952, 41.372562863959651 ], [ 2.168025614508161, 41.371353524924373 ] ] ] } },
{ "type": "Feature", "properties": { "h3_index": "8939446032bffff", "catchment_store_count": 194, "catchment_type_diversity": 5, "is_food_desert": false, "store_count": 12, "type_diversity": 5, "barri_name": "el Raval", "income_index": 13991.0, "c1_density": 0.65540540540540537, "c2_diversity": 0.83333333333333337, "c3_pressure": 0.9315448658649399, "c4_deprivation": 0.068455134135060131, "food_access_score": 62.882882882882882 }, "geometry": { "type": "Polygon", "coordinates": [ [ [ 2.159538722823809, 41.383730470828759 ], [ 2.159867513541908, 41.381952242898159 ], [ 2.16203915516236, 41.381383404096795 ], [ 2.163882101580462, 41.382592801774138 ], [ 2.163553380998508, 41.384371063629914 ], [ 2.161381643859444, 41.384939893883747 ], [ 2.159538722823809, 41.383730470828759 ] ] ] } },
{ "type": "Feature", "properties": { "h3_index": "89394462aa3ffff", "catchment_store_count": 48, "catchment_type_diversity": 6, "is_food_desert": false, "store_count": 1, "type_diversity": 1, "barri_name": "Porta", "income_index": 18299.5, "c1_density": 0.16216216216216217, "c2_diversity": 1.0, "c3_pressure": 0.79410826501642795, "c4_deprivation": 0.20589173498357205, "food_access_score": 46.486486486486491 }, "geometry": { "type": "Polygon", "coordinates": [ [ [ 2.178776655335327, 41.436219812429989 ], [ 2.179105301708612, 41.434442122893472 ], [ 2.181278530410106, 41.433873591358918 ], [ 2.183123208354896, 41.435082757868066 ], [ 2.182794632251259, 41.436860481266301 ], [ 2.180621307930317, 41.437429004294266 ], [ 2.178776655335327, 41.436219812429989 ] ] ] } },
{ "type": "Feature", "properties": { "h3_index": "89394461db7ffff", "catchment_store_count": 121, "catchment_type_diversity": 6, "is_food_desert": false, "store_count": 12, "type_diversity": 4, "barri_name": "el Barri Gòtic", "income_index": 18972.0, "c1_density": 0.40878378378378377, "c2_diversity": 1.0, "c3_pressure": 0.77265622507894993, "c4_deprivation": 0.22734377492105012, "food_access_score": 56.351351351351354 }, "geometry": { "type": "Polygon", "coordinates": [ [ [ 2.176584066705133, 41.38095694669159 ], [ 2.176912538290596, 41.379178497035767 ], [ 2.179084321492091, 41.378609257008577 ], [ 2.180927728601956, 41.379818475155098 ], [ 2.180599327189172, 41.381596958718113 ], [ 2.178427448490982, 41.38216619022802 ], [ 2.176584066705133, 41.38095694669159 ] ] ] } },
{ "type": "Feature", "properties": { "h3_index": "89394462b57ffff", "catchment_store_count": 15, "catchment_type_diversity": 4, "is_food_desert": false, "store_count": 0, "type_diversity": 0, "barri_name": "la Verneda i la Pau", "income_index": 17668.0, "c1_density": 0.050675675675675678, "c2_diversity": 0.66666666666666663, "c3_pressure": 0.81425244824396315, "c4_deprivation": 0.18574755175603688, "food_access_score": 35.360360360360367 }, "geometry": { "type": "Polygon", "coordinates": [ [ [ 2.194318164775064, 41.430461265497129 ], [ 2.194646507348756, 41.428683328011395 ], [ 2.196819781809024, 41.42811438627983 ], [ 2.198664809284811, 41.429323390514028 ], [ 2.198336537008702, 41.431101361847603 ], [ 2.196163166956354, 41.431670295099728 ], [ 2.194318164775064, 41.430461265497129 ] ] ] } },
{ "type": "Feature", "properties": { "h3_index": "89394461e6bffff", "catchment_store_count": 0, "catchment_type_diversity": 0, "is_food_desert": true, "store_count": 0, "type_diversity": 0, "barri_name": "la Marina del Prat Vermell", "income_index": 16015.0, "c1_density": 0.0, "c2_diversity": 0.0, "c3_pressure": 0.86698140291556347, "c4_deprivation": 0.1330185970844365, "food_access_score": 20.0 }, "geometry": { "type": "Polygon", "coordinates": [ [ [ 2.131318513705241, 41.335281705885905 ], [ 2.131647626489952, 41.333503096112672 ], [ 2.133817673936862, 41.332934196831403 ], [ 2.135658704031361, 41.334143915927811 ], [ 2.135329661234542, 41.335922559697075 ], [ 2.133159518352441, 41.336491450374488 ], [ 2.131318513705241, 41.335281705885905 ] ] ] } },
{ "type": "Feature", "properties": { "h3_index": "893944601d7ffff", "catchment_store_count": 93, "catchment_type_diversity": 5, "is_food_desert": false, "store_count": 1, "type_diversity": 1, "barri_name": "la Salut", "income_index": 26080.0, "c1_density": 0.3141891891891892, "c2_diversity": 0.83333333333333337, "c3_pressure": 0.54591853009665381, "c4_deprivation": 0.45408146990334619, "food_access_score": 49.234234234234236 }, "geometry": { "type": "Polygon", "coordinates": [ [ [ 2.152103988452909, 41.412746466670093 ], [ 2.152433026392318, 41.410968729405596 ], [ 2.154605319490362, 41.410400445701022 ], [ 2.156448670237038, 41.4116099078189 ], [ 2.15611970246391, 41.413387678994845 ], [ 2.15394731377494, 41.413955954142054 ], [ 2.152103988452909, 41.412746466670093 ] ] ] } },
{ "type": "Feature", "properties": { "h3_index": "89394460547ffff", "catchment_store_count": 63, "catchment_type_diversity": 5, "is_food_desert": false, "store_count": 3, "type_diversity": 2, "barri_name": "Vallcarca i els Penitents", "income_index": 27507.0, "c1_density": 0.21283783783783783, "c2_diversity": 0.83333333333333337, "c3_pressure": 0.50039873680181191, "c4_deprivation": 0.49960126319818815, "food_access_score": 45.180180180180187 }, "geometry": { "type": "Polygon", "coordinates": [ [ [ 2.140583974453076, 41.419141992322714 ], [ 2.140913245680971, 41.417364469177073 ], [ 2.143085558899305, 41.416796518554143 ], [ 2.144928696502804, 41.418006099654697 ], [ 2.144599495423943, 41.419783656720398 ], [ 2.142427086589708, 41.420351598766082 ], [ 2.140583974453076, 41.419141992322714 ] ] ] } },
{ "type": "Feature", "properties": { "h3_index": "89394460ec3ffff", "catchment_store_count": 144, "catchment_type_diversity": 5, "is_food_desert": false, "store_count": 4, "type_diversity": 4, "barri_name": "la Dreta de l'Eixample", "income_index": 29588.0, "c1_density": 0.48648648648648651, "c2_diversity": 0.83333333333333337, "c3_pressure": 0.43401703403617342, "c4_deprivation": 0.56598296596382658, "food_access_score": 56.126126126126131 }, "geometry": { "type": "Polygon", "coordinates": [ [ [ 2.16809682125191, 41.39333378055241 ], [ 2.16842549442175, 41.391555596944926 ], [ 2.170597489158104, 41.390986706932573 ], [ 2.172440906254166, 41.392196009059298 ], [ 2.17211230325705, 41.393974226574421 ], [ 2.169940212988277, 41.39454310805575 ], [ 2.16809682125191, 41.39333378055241 ] ] ] } },
{ "type": "Feature", "properties": { "h3_index": "893944606afffff", "catchment_store_count": 10, "catchment_type_diversity": 4, "is_food_desert": false, "store_count": 0, "type_diversity": 0, "barri_name": "Sarrià", "income_index": 33795.0, "c1_density": 0.033783783783783786, "c2_diversity": 0.66666666666666663, "c3_pressure": 0.29981817601837379, "c4_deprivation": 0.70018182398162621, "food_access_score": 34.684684684684683 }, "geometry": { "type": "Polygon", "coordinates": [ [ [ 2.11445940742174, 41.403982845268168 ], [ 2.114789092077896, 41.402205387340722 ], [ 2.116960689115698, 41.401637786321302 ], [ 2.11880269709993, 41.402847651855851 ], [ 2.118473082504527, 41.404625143745875 ], [ 2.116301389861254, 41.405192736139355 ], [ 2.11445940742174, 41.403982845268168 ] ] ] } },
{ "type": "Feature", "properties": { "h3_index": "89394462e27ffff", "catchment_store_count": 22, "catchment_type_diversity": 3, "is_food_desert": false, "store_count": 2, "type_diversity": 2, "barri_name": "Canyelles", "income_index": 19957.0, "c1_density": 0.074324324324324328, "c2_diversity": 0.5, "c3_pressure": 0.74123576509617539, "c4_deprivation": 0.25876423490382466, "food_access_score": 32.972972972972975 }, "geometry": { "type": "Polygon", "coordinates": [ [ [ 2.168768320331715, 41.445603241269801 ], [ 2.169097184384595, 41.44382579213913 ], [ 2.171270529277572, 41.443257602395768 ], [ 2.173115105764639, 41.444466870307039 ], [ 2.172786311972801, 41.446244353303968 ], [ 2.170612871429959, 41.446812534523943 ], [ 2.168768320331715, 41.445603241269801 ] ] ] } },
{ "type": "Feature", "properties": { "h3_index": "89394462edbffff", "catchment_store_count": 0, "catchment_type_diversity": 0, "is_food_desert": true, "store_count": 0, "type_diversity": 0, "barri_name": "Horta", "income_index": 21854.0, "c1_density": 0.0, "c2_diversity": 0.0, "c3_pressure": 0.68072346805320749, "c4_deprivation": 0.31927653194679256, "food_access_score": 20.0 }, "geometry": { "type": "Polygon", "coordinates": [ [ [ 2.139659934316557, 41.446443561541713 ], [ 2.139989328536663, 41.444666435972991 ], [ 2.142162331298009, 41.444098878562336 ], [ 2.144006035514844, 41.445308455296448 ], [ 2.143676711486838, 41.447085614765065 ], [ 2.141503613047003, 41.447653163600236 ], [ 2.139659934316557, 41.446443561541713 ] ] ] } },
{ "type": "Feature", "properties": { "h3_index": "8939446289bffff", "catchment_store_count": 3, "catchment_type_diversity": 2, "is_food_desert": false, "store_count": 0, "type_diversity": 0, "barri_name": "Torre Baró", "income_index": 12819.0, "c1_density": 0.010135135135135136, "c2_diversity": 0.33333333333333331, "c3_pressure": 0.96893042840281984, "c4_deprivation": 0.031069571597180132, "food_access_score": 27.072072072072075 }, "geometry": { "type": "Polygon", "coordinates": [ [ [ 2.17483189588207, 41.457549841783276 ], [ 2.175160696575133, 41.455772497708189 ], [ 2.177334424099764, 41.455204342039877 ], [ 2.179179446599741, 41.456413538958238 ], [ 2.178850716202235, 41.458190916883147 ], [ 2.176676893006294, 41.45875906404045 ], [ 2.17483189588207, 41.457549841783276 ] ] ] } },
{ "type": "Feature", "properties": { "h3_index": "89394460817ffff", "catchment_store_count": 40, "catchment_type_diversity": 5, "is_food_desert": false, "store_count": 0, "type_diversity": 0, "barri_name": "el Poblenou", "income_index": 23813.0, "c1_density": 0.13513513513513514, "c2_diversity": 0.83333333333333337, "c3_pressure": 0.61823343647325268, "c4_deprivation": 0.38176656352674726, "food_access_score": 42.072072072072075 }, "geometry": { "type": "Polygon", "coordinates": [ [ [ 2.20826078396817, 41.399732846731276 ], [ 2.208588754927122, 41.397954324283269 ], [ 2.21076141414665, 41.39738466537721 ], [ 2.212606197914161, 41.39859353737792 ], [ 2.212278297235407, 41.400372093681121 ], [ 2.210105542506065, 41.400941744129007 ], [ 2.20826078396817, 41.399732846731276 ] ] ] } },
{ "type": "Feature", "properties": { "h3_index": "893944615b7ffff", "catchment_store_count": 5, "catchment_type_diversity": 3, "is_food_desert": false, "store_count": 0, "type_diversity": 0, "barri_name": "Pedralbes", "income_index": 42688.0, "c1_density": 0.016891891891891893, "c2_diversity": 0.5, "c3_pressure": 0.016140865737344079, "c4_deprivation": 0.98385913426265592, "food_access_score": 30.675675675675677 }, "geometry": { "type": "Polygon", "coordinates": [ [ [ 2.102887307903233, 41.388403116688714 ], [ 2.10321714102633, 41.386625562383941 ], [ 2.105388193300282, 41.3860579949163 ], [ 2.107229508029038, 41.387267990402606 ], [ 2.106899744912927, 41.389045578695672 ], [ 2.104728597058183, 41.389613137514722 ], [ 2.102887307903233, 41.388403116688714 ] ] ] } },
{ "type": "Feature", "properties": { "h3_index": "893944608cbffff", "catchment_store_count": 40, "catchment_type_diversity": 4, "is_food_desert": false, "store_count": 0, "type_diversity": 0, "barri_name": "la Vila Olímpica del Poblenou", "income_index": 32434.0, "c1_density": 0.13513513513513514, "c2_diversity": 0.66666666666666663, "c3_pressure": 0.34323263899964906, "c4_deprivation": 0.65676736100035094, "food_access_score": 38.738738738738746 }, "geometry": { "type": "Polygon", "coordinates": [ [ [ 2.194693406926204, 41.39482692087806 ], [ 2.195021604529858, 41.393048473906333 ], [ 2.197193969075933, 41.392479037271215 ], [ 2.199038231526774, 41.393688056091548 ], [ 2.198710104162432, 41.395466536938351 ], [ 2.196537644105076, 41.396035965090348 ], [ 2.194693406926204, 41.39482692087806 ] ] ] } },
{ "type": "Feature", "properties": { "h3_index": "893944631abffff", "catchment_store_count": 0, "catchment_type_diversity": 0, "is_food_desert": true, "store_count": 0, "type_diversity": 0, "barri_name": "Vallvidrera, el Tibidabo i les Planes", "income_index": 32833.0, "c1_density": 0.0, "c2_diversity": 0.0, "c3_pressure": 0.33050496028581455, "c4_deprivation": 0.66949503971418545, "food_access_score": 20.0 }, "geometry": { "type": "Polygon", "coordinates": [ [ [ 2.092934613880359, 41.419750991244307 ], [ 2.093264749093811, 41.417973987879172 ], [ 2.095436480671568, 41.417407061466122 ], [ 2.097278172693642, 41.418617147081406 ], [ 2.096948107514986, 41.420394184422136 ], [ 2.094776280276574, 41.420961102172562 ], [ 2.092934613880359, 41.419750991244307 ] ] ] } },
{ "type": "Feature", "properties": { "h3_index": "89394461887ffff", "catchment_store_count": 0, "catchment_type_diversity": 0, "is_food_desert": true, "store_count": 0, "type_diversity": 0, "barri_name": "el Poble-sec", "income_index": 18196.5, "c1_density": 0.0, "c2_diversity": 0.0, "c3_pressure": 0.79739385626335768, "c4_deprivation": 0.20260614373664232, "food_access_score": 20.0 }, "geometry": { "type": "Polygon", "coordinates": [ [ [ 2.157956127080273, 41.358761548063462 ], [ 2.1582848495184, 41.356982984058654 ], [ 2.160455831372441, 41.356413837895836 ], [ 2.162298186249258, 41.357623264291739 ], [ 2.161969533902134, 41.359401862242983 ], [ 2.15979845658432, 41.359970999852472 ], [ 2.157956127080273, 41.358761548063462 ] ] ] } },
{ "type": "Feature", "properties": { "h3_index": "89394460123ffff", "catchment_store_count": 209, "catchment_type_diversity": 6, "is_food_desert": false, "store_count": 15, "type_diversity": 4, "barri_name": "la Sagrada Família", "income_index": 23450.5, "c1_density": 0.70608108108108103, "c2_diversity": 1.0, "c3_pressure": 0.62979680372579661, "c4_deprivation": 0.37020319627420334, "food_access_score": 68.243243243243242 }, "geometry": { "type": "Polygon", "coordinates": [ [ [ 2.171655451658383, 41.407630248013099 ], [ 2.171984115927567, 41.40585222889851 ], [ 2.174156521846772, 41.405283458391175 ], [ 2.176000359055342, 41.406492715521907 ], [ 2.175671764991174, 41.408270768528858 ], [ 2.173499263510544, 41.408839530513283 ], [ 2.171655451658383, 41.407630248013099 ] ] ] } },
{ "type": "Feature", "properties": { "h3_index": "89394460c4fffff", "catchment_store_count": 103, "catchment_type_diversity": 5, "is_food_desert": false, "store_count": 0, "type_diversity": 0, "barri_name": "la Sagrada Família", "income_index": 23450.5, "c1_density": 0.34797297297297297, "c2_diversity": 0.83333333333333337, "c3_pressure": 0.62979680372579661, "c4_deprivation": 0.37020319627420334, "food_access_score": 50.585585585585591 }, "geometry": { "type": "Polygon", "coordinates": [ [ [ 2.184690323803614, 41.404217001390734 ], [ 2.185018738894994, 41.402438794445324 ], [ 2.187191219752115, 41.401869699369108 ], [ 2.189035381056676, 41.403078819738802 ], [ 2.188707036196098, 41.404857060563799 ], [ 2.186534459797251, 41.405426147140091 ], [ 2.184690323803614, 41.404217001390734 ] ] ] } },
{ "type": "Feature", "properties": { "h3_index": "89394460e0fffff", "catchment_store_count": 104, "catchment_type_diversity": 5, "is_food_desert": false, "store_count": 2, "type_diversity": 1, "barri_name": "Sant Pere, Santa Caterina i la Ribera", "income_index": 18968.0, "c1_density": 0.35135135135135137, "c2_diversity": 0.83333333333333337, "c3_pressure": 0.77278382085552966, "c4_deprivation": 0.22721617914447031, "food_access_score": 50.720720720720728 }, "geometry": { "type": "Polygon", "coordinates": [ [ [ 2.181129226279758, 41.38991981711758 ], [ 2.181457650375456, 41.388141445703276 ], [ 2.183629720083104, 41.387572231218677 ], [ 2.185473461204933, 41.388781396657002 ], [ 2.185145107307721, 41.390559801966198 ], [ 2.182972942087342, 41.391129007942759 ], [ 2.181129226279758, 41.38991981711758 ] ] ] } },
{ "type": "Feature", "properties": { "h3_index": "89394460017ffff", "catchment_store_count": 60, "catchment_type_diversity": 5, "is_food_desert": false, "store_count": 5, "type_diversity": 2, "barri_name": "el Putxet i el Farró", "income_index": 28725.0, "c1_density": 0.20270270270270271, "c2_diversity": 0.83333333333333337, "c3_pressure": 0.46154582283326417, "c4_deprivation": 0.53845417716673583, "food_access_score": 44.774774774774777 }, "geometry": { "type": "Polygon", "coordinates": [ [ [ 2.134529819065753, 41.407193141496556 ], [ 2.1348591533104, 41.405415513808485 ], [ 2.137031084118754, 41.404847528845835 ], [ 2.138873776274037, 41.406057180161412 ], [ 2.13854451214399, 41.407834841785942 ], [ 2.136372485741184, 41.408402818159026 ], [ 2.134529819065753, 41.407193141496556 ] ] ] } },
{ "type": "Feature", "properties": { "h3_index": "89394461aa3ffff", "catchment_store_count": 0, "catchment_type_diversity": 0, "is_food_desert": true, "store_count": 0, "type_diversity": 0, "barri_name": "la Marina del Prat Vermell", "income_index": 16015.0, "c1_density": 0.0, "c2_diversity": 0.0, "c3_pressure": 0.86698140291556347, "c4_deprivation": 0.1330185970844365, "food_access_score": 20.0 }, "geometry": { "type": "Polygon", "coordinates": [ [ [ 2.153875426178454, 41.336136718049673 ], [ 2.154204134636379, 41.334357878447676 ], [ 2.156374486028515, 41.333788510293019 ], [ 2.158216224376419, 41.334997990304196 ], [ 2.157887585962221, 41.336776863874931 ], [ 2.15571713915353, 41.337346223466319 ], [ 2.153875426178454, 41.336136718049673 ] ] ] } },
{ "type": "Feature", "properties": { "h3_index": "893944600cbffff", "catchment_store_count": 21, "catchment_type_diversity": 5, "is_food_desert": false, "store_count": 3, "type_diversity": 3, "barri_name": "les Tres Torres", "income_index": 43194.0, "c1_density": 0.070945945945945943, "c2_diversity": 0.83333333333333337, "c3_pressure": 0.0, "c4_deprivation": 1.0, "food_access_score": 39.504504504504503 }, "geometry": { "type": "Polygon", "coordinates": [ [ [ 2.120974360926516, 41.402279974064214 ], [ 2.121303921168078, 41.40050242211688 ], [ 2.123475556170412, 41.399934658930334 ], [ 2.125317726523996, 41.401144456306206 ], [ 2.12498823635612, 41.402922042209767 ], [ 2.122816505758085, 41.403489796781848 ], [ 2.120974360926516, 41.402279974064214 ] ] ] } },
{ "type": "Feature", "properties": { "h3_index": "8939446352fffff", "catchment_store_count": 1, "catchment_type_diversity": 1, "is_food_desert": false, "store_count": 0, "type_diversity": 0, "barri_name": "Vallvidrera, el Tibidabo i les Planes", "income_index": 32833.0, "c1_density": 0.0033783783783783786, "c2_diversity": 0.16666666666666666, "c3_pressure": 0.33050496028581455, "c4_deprivation": 0.66949503971418545, "food_access_score": 23.468468468468469 }, "geometry": { "type": "Polygon", "coordinates": [ [ [ 2.082926315766321, 41.429125254967914 ], [ 2.083256668460266, 41.427348492081883 ], [ 2.085428514926407, 41.426781907364536 ], [ 2.087270104386616, 41.427992094213216 ], [ 2.086939821718759, 41.42976889107932 ], [ 2.084767879561713, 41.430335467117253 ], [ 2.082926315766321, 41.429125254967914 ] ] ] } },
{ "type": "Feature", "properties": { "h3_index": "89394462843ffff", "catchment_store_count": 33, "catchment_type_diversity": 3, "is_food_desert": false, "store_count": 4, "type_diversity": 2, "barri_name": "la Prosperitat", "income_index": 16819.0, "c1_density": 0.11148648648648649, "c2_diversity": 0.5, "c3_pressure": 0.84133465182302469, "c4_deprivation": 0.15866534817697533, "food_access_score": 34.45945945945946 }, "geometry": { "type": "Polygon", "coordinates": [ [ [ 2.175288517263339, 41.443898603630167 ], [ 2.175617256629808, 41.442121060523384 ], [ 2.177790639076822, 41.441552708392855 ], [ 2.179635377794493, 41.442761907881632 ], [ 2.179306708701997, 41.444539484848313 ], [ 2.177133230614969, 41.445107828466909 ], [ 2.175288517263339, 41.443898603630167 ] ] ] } },
{ "type": "Feature", "properties": { "h3_index": "89394460e6bffff", "catchment_store_count": 101, "catchment_type_diversity": 5, "is_food_desert": false, "store_count": 3, "type_diversity": 3, "barri_name": "el Barri Gòtic", "income_index": 18972.0, "c1_density": 0.34121621621621623, "c2_diversity": 0.83333333333333337, "c3_pressure": 0.77265622507894993, "c4_deprivation": 0.22734377492105012, "food_access_score": 50.31531531531531 }, "geometry": { "type": "Polygon", "coordinates": [ [ [ 2.180599327189172, 41.381596958718113 ], [ 2.180927728601956, 41.379818475155098 ], [ 2.183099578271738, 41.379249158279023 ], [ 2.184943122020344, 41.380458333476575 ], [ 2.184614790791003, 41.382236850941574 ], [ 2.182442845626755, 41.382806159307648 ], [ 2.180599327189172, 41.381596958718113 ] ] ] } },
{ "type": "Feature", "properties": { "h3_index": "89394461c0bffff", "catchment_store_count": 67, "catchment_type_diversity": 5, "is_food_desert": false, "store_count": 3, "type_diversity": 3, "barri_name": "la Marina de Port", "income_index": 18227.0, "c1_density": 0.22635135135135134, "c2_diversity": 0.83333333333333337, "c3_pressure": 0.79642093846693673, "c4_deprivation": 0.20357906153306327, "food_access_score": 45.720720720720728 }, "geometry": { "type": "Polygon", "coordinates": [ [ [ 2.138417482045943, 41.363881150253142 ], [ 2.138746577610604, 41.362102867983538 ], [ 2.140917446435435, 41.361534208119842 ], [ 2.142759315185921, 41.362743839114124 ], [ 2.142430289673575, 41.364522155349221 ], [ 2.14025932535557, 41.365090806625147 ], [ 2.138417482045943, 41.363881150253142 ] ] ] } },
{ "type": "Feature", "properties": { "h3_index": "89394460233ffff", "catchment_store_count": 114, "catchment_type_diversity": 5, "is_food_desert": false, "store_count": 13, "type_diversity": 5, "barri_name": "les Corts", "income_index": 28740.0, "c1_density": 0.38513513513513514, "c2_diversity": 0.83333333333333337, "c3_pressure": 0.46106733867108995, "c4_deprivation": 0.53893266132891005, "food_access_score": 52.072072072072082 }, "geometry": { "type": "Polygon", "coordinates": [ [ [ 2.130453887193536, 41.384576769362951 ], [ 2.130783207164671, 41.382798865104483 ], [ 2.132954506832812, 41.382230657796399 ], [ 2.134796582074039, 41.383440363346942 ], [ 2.134467332170202, 41.385218301564208 ], [ 2.132295936954968, 41.385786500272708 ], [ 2.130453887193536, 41.384576769362951 ] ] ] } },
{ "type": "Feature", "properties": { "h3_index": "89394461d73ffff", "catchment_store_count": 2, "catchment_type_diversity": 1, "is_food_desert": false, "store_count": 0, "type_diversity": 0, "barri_name": "la Marina del Prat Vermell", "income_index": 16015.0, "c1_density": 0.0067567567567567571, "c2_diversity": 0.16666666666666666, "c3_pressure": 0.86698140291556347, "c4_deprivation": 0.1330185970844365, "food_access_score": 23.603603603603602 }, "geometry": { "type": "Polygon", "coordinates": [ [ [ 2.169011343502078, 41.366017957269996 ], [ 2.169339894151687, 41.364239377398455 ], [ 2.171511199949778, 41.363670094738815 ], [ 2.173354050565397, 41.364879400483936 ], [ 2.173025570045431, 41.366658014283196 ], [ 2.170854168777347, 41.367227288410199 ], [ 2.169011343502078, 41.366017957269996 ] ] ] } },
{ "type": "Feature", "properties": { "h3_index": "8939446006fffff", "catchment_store_count": 78, "catchment_type_diversity": 5, "is_food_desert": false, "store_count": 2, "type_diversity": 2, "barri_name": "les Corts", "income_index": 28740.0, "c1_density": 0.26351351351351349, "c2_diversity": 0.83333333333333337, "c3_pressure": 0.46106733867108995, "c4_deprivation": 0.53893266132891005, "food_access_score": 47.207207207207205 }, "geometry": { "type": "Polygon", "coordinates": [ [ [ 2.139006570374979, 41.394180971673144 ], [ 2.13933577304756, 41.392403111661707 ], [ 2.141507426051545, 41.391834853349906 ], [ 2.143349971941057, 41.393044463633203 ], [ 2.143020839372341, 41.394822357585937 ], [ 2.140849090807379, 41.395390607314674 ], [ 2.139006570374979, 41.394180971673144 ] ] ] } },
{ "type": "Feature", "properties": { "h3_index": "8939446039bffff", "catchment_store_count": 124, "catchment_type_diversity": 5, "is_food_desert": false, "store_count": 7, "type_diversity": 2, "barri_name": "l'Antiga Esquerra de l'Eixample", "income_index": 28407.0, "c1_density": 0.41891891891891891, "c2_diversity": 0.83333333333333337, "c3_pressure": 0.47168968707135794, "c4_deprivation": 0.52831031292864206, "food_access_score": 53.423423423423429 }, "geometry": { "type": "Polygon", "coordinates": [ [ [ 2.143020839372341, 41.394822357585937 ], [ 2.143349971941057, 41.393044463633203 ], [ 2.145521691606125, 41.39247612851991 ], [ 2.147364374258369, 41.393685695935723 ], [ 2.147035311804301, 41.395463623824533 ], [ 2.144863496580463, 41.396031950362016 ], [ 2.143020839372341, 41.394822357585937 ] ] ] } },
{ "type": "Feature", "properties": { "h3_index": "89394460d5bffff", "catchment_store_count": 33, "catchment_type_diversity": 4, "is_food_desert": false, "store_count": 2, "type_diversity": 2, "barri_name": "Diagonal Mar i el Front Marítim del Poblenou", "income_index": 25619.0, "c1_density": 0.11148648648648649, "c2_diversity": 0.66666666666666663, "c3_pressure": 0.56062394334747512, "c4_deprivation": 0.43937605665252483, "food_access_score": 37.792792792792795 }, "geometry": { "type": "Polygon", "coordinates": [ [ [ 2.206292688809127, 41.410403378352484 ], [ 2.206620736744669, 41.40862502822381 ], [ 2.208793645296363, 41.408055557034501 ], [ 2.210638601445345, 41.409264444434861 ], [ 2.210310623802957, 41.411042828412789 ], [ 2.208137619715561, 41.41161229114168 ], [ 2.206292688809127, 41.410403378352484 ] ] ] } },
{ "type": "Feature", "properties": { "h3_index": "89394462b13ffff", "catchment_store_count": 10, "catchment_type_diversity": 3, "is_food_desert": false, "store_count": 0, "type_diversity": 0, "barri_name": "el Bon Pastor", "income_index": 14841.0, "c1_density": 0.033783783783783786, "c2_diversity": 0.5, "c3_pressure": 0.90443076334173345, "c4_deprivation": 0.09556923665826661, "food_access_score": 31.351351351351354 }, "geometry": { "type": "Polygon", "coordinates": [ [ [ 2.197351643119857, 41.436435103253281 ], [ 2.197679953926961, 41.434657218220138 ], [ 2.199853419576742, 41.434088293444383 ], [ 2.201698670019354, 41.435297262175624 ], [ 2.201370429527094, 41.437075181048407 ], [ 2.199196868274515, 41.437644097350883 ], [ 2.197351643119857, 41.436435103253281 ] ] ] } },
{ "type": "Feature", "properties": { "h3_index": "89394461a47ffff", "catchment_store_count": 0, "catchment_type_diversity": 0, "is_food_desert": true, "store_count": 0, "type_diversity": 0, "barri_name": "la Marina del Prat Vermell", "income_index": 16015.0, "c1_density": 0.0, "c2_diversity": 0.0, "c3_pressure": 0.86698140291556347, "c4_deprivation": 0.1330185970844365, "food_access_score": 20.0 }, "geometry": { "type": "Polygon", "coordinates": [ [ [ 2.143813483877578, 41.323542708669606 ], [ 2.144142325338154, 41.321763799427629 ], [ 2.14631222858948, 41.321194473691627 ], [ 2.14815338577474, 41.322404065780944 ], [ 2.147824614312801, 41.324183009013311 ], [ 2.145654615664117, 41.324752326166525 ], [ 2.143813483877578, 41.323542708669606 ] ] ] } },
{ "type": "Feature", "properties": { "h3_index": "89394461e27ffff", "catchment_store_count": 1, "catchment_type_diversity": 1, "is_food_desert": false, "store_count": 0, "type_diversity": 0, "barri_name": "la Marina del Prat Vermell", "income_index": 16015.0, "c1_density": 0.0033783783783783786, "c2_diversity": 0.16666666666666666, "c3_pressure": 0.86698140291556347, "c4_deprivation": 0.1330185970844365, "food_access_score": 23.468468468468469 }, "geometry": { "type": "Polygon", "coordinates": [ [ [ 2.143878355036834, 41.345528096949835 ], [ 2.144207280627585, 41.343749496989567 ], [ 2.146377747572711, 41.343180470063139 ], [ 2.148219384371054, 41.344390051677671 ], [ 2.147890528815449, 41.346168685611225 ], [ 2.145719966423499, 41.346737703957523 ], [ 2.143878355036834, 41.345528096949835 ] ] ] } },
{ "type": "Feature", "properties": { "h3_index": "8939446adb3ffff", "catchment_store_count": 0, "catchment_type_diversity": 0, "is_food_desert": true, "store_count": 0, "type_diversity": 0, "barri_name": "la Marina del Prat Vermell", "income_index": 16015.0, "c1_density": 0.0, "c2_diversity": 0.0, "c3_pressure": 0.86698140291556347, "c4_deprivation": 0.1330185970844365, "food_access_score": 20.0 }, "geometry": { "type": "Polygon", "coordinates": [ [ [ 2.123296828352917, 41.333999640113269 ], [ 2.123626081081226, 41.332221098347787 ], [ 2.125795995269043, 41.331652352437722 ], [ 2.127636752165285, 41.332862156912121 ], [ 2.127307569403402, 41.3346407326841 ], [ 2.125137559775972, 41.335209469975737 ], [ 2.123296828352917, 41.333999640113269 ] ] ] } },
{ "type": "Feature", "properties": { "h3_index": "8939446044fffff", "catchment_store_count": 2, "catchment_type_diversity": 2, "is_food_desert": false, "store_count": 0, "type_diversity": 0, "barri_name": "Sarrià", "income_index": 33795.0, "c1_density": 0.0067567567567567571, "c2_diversity": 0.33333333333333331, "c3_pressure": 0.29981817601837379, "c4_deprivation": 0.70018182398162621, "food_access_score": 26.936936936936938 }, "geometry": { "type": "Polygon", "coordinates": [ [ [ 2.110968748223991, 41.411659779981392 ], [ 2.111298525893917, 41.409882468301433 ], [ 2.113470276147871, 41.40931504671407 ], [ 2.115312344355028, 41.41052494543851 ], [ 2.11498263675013, 41.412302291079158 ], [ 2.112810790870182, 41.412869704035259 ], [ 2.110968748223991, 41.411659779981392 ] ] ] } },
{ "type": "Feature", "properties": { "h3_index": "89394462bc7ffff", "catchment_store_count": 19, "catchment_type_diversity": 5, "is_food_desert": false, "store_count": 0, "type_diversity": 0, "barri_name": "el Bon Pastor", "income_index": 14841.0, "c1_density": 0.064189189189189186, "c2_diversity": 0.83333333333333337, "c3_pressure": 0.90443076334173345, "c4_deprivation": 0.09556923665826661, "food_access_score": 39.234234234234243 }, "geometry": { "type": "Polygon", "coordinates": [ [ [ 2.193333059980429, 41.435794905365121 ], [ 2.193661441091634, 41.434017054176884 ], [ 2.195834840263798, 41.433448206363821 ], [ 2.197679953926961, 41.434657218220138 ], [ 2.197351643119857, 41.436435103253281 ], [ 2.195178148342611, 41.437003942585775 ], [ 2.193333059980429, 41.435794905365121 ] ] ] } },
{ "type": "Feature", "properties": { "h3_index": "89394460503ffff", "catchment_store_count": 68, "catchment_type_diversity": 5, "is_food_desert": false, "store_count": 3, "type_diversity": 1, "barri_name": "la Teixonera", "income_index": 17848.0, "c1_density": 0.22972972972972974, "c2_diversity": 0.83333333333333337, "c3_pressure": 0.8085106382978724, "c4_deprivation": 0.19148936170212766, "food_access_score": 45.855855855855857 }, "geometry": { "type": "Polygon", "coordinates": [ [ [ 2.143611814958787, 41.425116155428874 ], [ 2.143941054652681, 41.423338684610385 ], [ 2.146113559108199, 41.422770751138849 ], [ 2.147956919493613, 41.423980297057447 ], [ 2.147627749965974, 41.425757801787768 ], [ 2.145455149883797, 41.426325726688248 ], [ 2.143611814958787, 41.425116155428874 ] ] ] } },
{ "type": "Feature", "properties": { "h3_index": "89394462c7bffff", "catchment_store_count": 1, "catchment_type_diversity": 1, "is_food_desert": false, "store_count": 0, "type_diversity": 0, "barri_name": "Torre Baró", "income_index": 12819.0, "c1_density": 0.0033783783783783786, "c2_diversity": 0.16666666666666666, "c3_pressure": 0.96893042840281984, "c4_deprivation": 0.031069571597180132, "food_access_score": 23.468468468468469 }, "geometry": { "type": "Polygon", "coordinates": [ [ [ 2.164292246832475, 41.458612463922158 ], [ 2.164621242522817, 41.456835247702863 ], [ 2.166794865830741, 41.456267331406124 ], [ 2.168639589128847, 41.457476639859074 ], [ 2.168310663710376, 41.459253889939809 ], [ 2.166136944719047, 41.459821797706738 ], [ 2.164292246832475, 41.458612463922158 ] ] ] } },
{ "type": "Feature", "properties": { "h3_index": "893944605b7ffff", "catchment_store_count": 27, "catchment_type_diversity": 5, "is_food_desert": false, "store_count": 0, "type_diversity": 0, "barri_name": "la Vall d'Hebron", "income_index": 22643.5, "c1_density": 0.091216216216216214, "c2_diversity": 0.83333333333333337, "c3_pressure": 0.65553925165077032, "c4_deprivation": 0.34446074834922963, "food_access_score": 40.315315315315317 }, "geometry": { "type": "Polygon", "coordinates": [ [ [ 2.152171085719479, 41.434718690900027 ], [ 2.152500207888248, 41.432941264742681 ], [ 2.154673065921882, 41.432373280096272 ], [ 2.156516897424382, 41.433582730162293 ], [ 2.156187845458507, 41.43536019021392 ], [ 2.154014891784357, 41.435928166305814 ], [ 2.152171085719479, 41.434718690900027 ] ] ] } },
{ "type": "Feature", "properties": { "h3_index": "8939446066bffff", "catchment_store_count": 6, "catchment_type_diversity": 3, "is_food_desert": false, "store_count": 0, "type_diversity": 0, "barri_name": "Pedralbes", "income_index": 42688.0, "c1_density": 0.020270270270270271, "c2_diversity": 0.5, "c3_pressure": 0.016140865737344079, "c4_deprivation": 0.98385913426265592, "food_access_score": 30.810810810810814 }, "geometry": { "type": "Polygon", "coordinates": [ [ [ 2.106899744912927, 41.389045578695672 ], [ 2.107229508029038, 41.387267990402606 ], [ 2.109400627120067, 41.386700346207341 ], [ 2.111242078670698, 41.387910298947027 ], [ 2.110912385572354, 41.389687921223185 ], [ 2.108741170902734, 41.39025555677712 ], [ 2.106899744912927, 41.389045578695672 ] ] ] } },
{ "type": "Feature", "properties": { "h3_index": "89394460887ffff", "catchment_store_count": 71, "catchment_type_diversity": 5, "is_food_desert": false, "store_count": 0, "type_diversity": 0, "barri_name": "el Poblenou", "income_index": 23813.0, "c1_density": 0.23986486486486486, "c2_diversity": 0.83333333333333337, "c3_pressure": 0.61823343647325268, "c4_deprivation": 0.38176656352674726, "food_access_score": 46.261261261261268 }, "geometry": { "type": "Polygon", "coordinates": [ [ [ 2.207276794122732, 41.405068241787916 ], [ 2.207604803566702, 41.403289805486516 ], [ 2.209777587445802, 41.402720240434505 ], [ 2.211622457400821, 41.403929120143808 ], [ 2.211294518243538, 41.40570759029746 ], [ 2.209121638841684, 41.406277146890154 ], [ 2.207276794122732, 41.405068241787916 ] ] ] } },
{ "type": "Feature", "properties": { "h3_index": "89394460ca7ffff", "catchment_store_count": 57, "catchment_type_diversity": 5, "is_food_desert": false, "store_count": 3, "type_diversity": 2, "barri_name": "Sant Martí de Provençals", "income_index": 19176.0, "c1_density": 0.19256756756756757, "c2_diversity": 0.83333333333333337, "c3_pressure": 0.76614884047338028, "c4_deprivation": 0.23385115952661967, "food_access_score": 44.369369369369373 }, "geometry": { "type": "Polygon", "coordinates": [ [ [ 2.200305978046929, 41.420433102488893 ], [ 2.200634173280815, 41.418654958632757 ], [ 2.20280726479525, 41.418085752146425 ], [ 2.204652256636849, 41.419294697986757 ], [ 2.204324131698371, 41.421072875691458 ], [ 2.202150944620026, 41.421642073707865 ], [ 2.200305978046929, 41.420433102488893 ] ] ] } },
{ "type": "Feature", "properties": { "h3_index": "89394460c0bffff", "catchment_store_count": 98, "catchment_type_diversity": 5, "is_food_desert": false, "store_count": 3, "type_diversity": 3, "barri_name": "el Clot", "income_index": 21704.0, "c1_density": 0.33108108108108109, "c2_diversity": 0.83333333333333337, "c3_pressure": 0.68550830967494969, "c4_deprivation": 0.31449169032505025, "food_access_score": 49.909909909909913 }, "geometry": { "type": "Polygon", "coordinates": [ [ [ 2.187721924567711, 41.410191610699691 ], [ 2.188050307952331, 41.408413456047143 ], [ 2.190222979898231, 41.407844377967713 ], [ 2.192067364009028, 41.409053463035136 ], [ 2.191739050872438, 41.410831651559079 ], [ 2.189566283374139, 41.411400721144751 ], [ 2.187721924567711, 41.410191610699691 ] ] ] } },
{ "type": "Feature", "properties": { "h3_index": "89394460d73ffff", "catchment_store_count": 7, "catchment_type_diversity": 3, "is_food_desert": false, "store_count": 0, "type_diversity": 0, "barri_name": "Diagonal Mar i el Front Marítim del Poblenou", "income_index": 25619.0, "c1_density": 0.02364864864864865, "c2_diversity": 0.5, "c3_pressure": 0.56062394334747512, "c4_deprivation": 0.43937605665252483, "food_access_score": 30.945945945945947 }, "geometry": { "type": "Polygon", "coordinates": [ [ [ 2.218347102941161, 41.412321368339029 ], [ 2.218674939964948, 41.410542916678303 ], [ 2.220848047599182, 41.409973214622958 ], [ 2.222693413735606, 41.411181972667478 ], [ 2.222365647037244, 41.412960458161713 ], [ 2.220192443874151, 41.413530151778495 ], [ 2.218347102941161, 41.412321368339029 ] ] ] } },
{ "type": "Feature", "properties": { "h3_index": "89394460087ffff", "catchment_store_count": 39, "catchment_type_diversity": 5, "is_food_desert": false, "store_count": 0, "type_diversity": 0, "barri_name": "Sant Gervasi - la Bonanova", "income_index": 36213.5, "c1_density": 0.13175675675675674, "c2_diversity": 0.83333333333333337, "c3_pressure": 0.22267057960381509, "c4_deprivation": 0.77732942039618491, "food_access_score": 41.936936936936945 }, "geometry": { "type": "Polygon", "coordinates": [ [ [ 2.133541739090864, 41.412525852194527 ], [ 2.13387111195672, 41.410748310692483 ], [ 2.136043167244341, 41.410180419725499 ], [ 2.137885945270615, 41.411390078851809 ], [ 2.137556642525819, 41.413167654287335 ], [ 2.135384491630804, 41.413735536663644 ], [ 2.133541739090864, 41.412525852194527 ] ] ] } },
{ "type": "Feature", "properties": { "h3_index": "89394460e27ffff", "catchment_store_count": 27, "catchment_type_diversity": 4, "is_food_desert": false, "store_count": 1, "type_diversity": 1, "barri_name": "la Vila Olímpica del Poblenou", "income_index": 32434.0, "c1_density": 0.091216216216216214, "c2_diversity": 0.66666666666666663, "c3_pressure": 0.34323263899964906, "c4_deprivation": 0.65676736100035094, "food_access_score": 36.981981981981981 }, "geometry": { "type": "Polygon", "coordinates": [ [ [ 2.193177478729854, 41.391839412064641 ], [ 2.193505692197822, 41.390060938981385 ], [ 2.195677961237918, 41.389491493860099 ], [ 2.197522112313154, 41.390700530308791 ], [ 2.197193969075933, 41.392479037271215 ], [ 2.195021604529858, 41.393048473906333 ], [ 2.193177478729854, 41.391839412064641 ] ] ] } },
{ "type": "Feature", "properties": { "h3_index": "8939446013bffff", "catchment_store_count": 246, "catchment_type_diversity": 6, "is_food_desert": false, "store_count": 16, "type_diversity": 4, "barri_name": "la Sagrada Família", "income_index": 23450.5, "c1_density": 0.83108108108108103, "c2_diversity": 1.0, "c3_pressure": 0.62979680372579661, "c4_deprivation": 0.37020319627420334, "food_access_score": 73.243243243243256 }, "geometry": { "type": "Polygon", "coordinates": [ [ [ 2.167639341628714, 41.406989607637321 ], [ 2.167968076092132, 41.40521162242031 ], [ 2.170140415461169, 41.404642928785513 ], [ 2.171984115927567, 41.40585222889851 ], [ 2.171655451658383, 41.407630248013099 ], [ 2.169483016725678, 41.40819893311771 ], [ 2.167639341628714, 41.406989607637321 ] ] ] } },
{ "type": "Feature", "properties": { "h3_index": "893944628b3ffff", "catchment_store_count": 2, "catchment_type_diversity": 2, "is_food_desert": false, "store_count": 1, "type_diversity": 1, "barri_name": "la Trinitat Vella", "income_index": 13022.0, "c1_density": 0.0067567567567567571, "c2_diversity": 0.33333333333333331, "c3_pressure": 0.96245494274139531, "c4_deprivation": 0.037545057258604742, "food_access_score": 26.936936936936938 }, "geometry": { "type": "Polygon", "coordinates": [ [ [ 2.186888967311186, 41.459472706797257 ], [ 2.187217557085251, 41.457695261188391 ], [ 2.189391484347786, 41.457126874607468 ], [ 2.191236917497919, 41.458335942125174 ], [ 2.190908398051771, 41.46011342156816 ], [ 2.188734375124687, 41.460681799659902 ], [ 2.186888967311186, 41.459472706797257 ] ] ] } },
{ "type": "Feature", "properties": { "h3_index": "89394460edbffff", "catchment_store_count": 139, "catchment_type_diversity": 5, "is_food_desert": false, "store_count": 6, "type_diversity": 2, "barri_name": "la Dreta de l'Eixample", "income_index": 29588.0, "c1_density": 0.46959459459459457, "c2_diversity": 0.83333333333333337, "c3_pressure": 0.43401703403617342, "c4_deprivation": 0.56598296596382658, "food_access_score": 55.450450450450447 }, "geometry": { "type": "Polygon", "coordinates": [ [ [ 2.164081542505247, 41.392693214742103 ], [ 2.164410285837041, 41.390915065047487 ], [ 2.166582214029395, 41.390346251879478 ], [ 2.16842549442175, 41.391555596944926 ], [ 2.16809682125191, 41.39333378055241 ], [ 2.165924797524899, 41.39390258518214 ], [ 2.164081542505247, 41.392693214742103 ] ] ] } },
{ "type": "Feature", "properties": { "h3_index": "89394461c7bffff", "catchment_store_count": 49, "catchment_type_diversity": 6, "is_food_desert": false, "store_count": 15, "type_diversity": 5, "barri_name": "la Marina del Prat Vermell", "income_index": 16015.0, "c1_density": 0.16554054054054054, "c2_diversity": 1.0, "c3_pressure": 0.86698140291556347, "c4_deprivation": 0.1330185970844365, "food_access_score": 46.621621621621621 }, "geometry": { "type": "Polygon", "coordinates": [ [ [ 2.139404730170085, 41.358546217490847 ], [ 2.13973378716641, 41.356767849273616 ], [ 2.141904531641516, 41.356199095485472 ], [ 2.1437463145977, 41.35740871850178 ], [ 2.143417327647242, 41.359187120687487 ], [ 2.141246487691889, 41.359755865889014 ], [ 2.139404730170085, 41.358546217490847 ] ] ] } },
{ "type": "Feature", "properties": { "h3_index": "893944602a3ffff", "catchment_store_count": 77, "catchment_type_diversity": 5, "is_food_desert": false, "store_count": 0, "type_diversity": 0, "barri_name": "les Corts", "income_index": 28740.0, "c1_density": 0.26013513513513514, "c2_diversity": 0.83333333333333337, "c3_pressure": 0.46106733867108995, "c4_deprivation": 0.53893266132891005, "food_access_score": 47.072072072072075 }, "geometry": { "type": "Polygon", "coordinates": [ [ [ 2.129465850066176, 41.389910309993091 ], [ 2.129795208645015, 41.388132491810147 ], [ 2.131966632714722, 41.387564378475986 ], [ 2.133808793762735, 41.388774091926088 ], [ 2.133479505257635, 41.39055194406486 ], [ 2.131307985627898, 41.391120048798278 ], [ 2.129465850066176, 41.389910309993091 ] ] ] } },
{ "type": "Feature", "properties": { "h3_index": "89394462a1bffff", "catchment_store_count": 42, "catchment_type_diversity": 5, "is_food_desert": false, "store_count": 5, "type_diversity": 3, "barri_name": "la Font d'en Fargues", "income_index": 24089.0, "c1_density": 0.14189189189189189, "c2_diversity": 0.83333333333333337, "c3_pressure": 0.60942932788924686, "c4_deprivation": 0.39057067211075314, "food_access_score": 42.342342342342349 }, "geometry": { "type": "Polygon", "coordinates": [ [ [ 2.167710477806688, 41.428964235930124 ], [ 2.168039296341445, 41.427186561719118 ], [ 2.170212200668711, 41.426618166982678 ], [ 2.172056382071575, 41.427827454985177 ], [ 2.17172763376769, 41.429605163076666 ], [ 2.169554633827194, 41.430173549285719 ], [ 2.167710477806688, 41.428964235930124 ] ] ] } },
{ "type": "Feature", "properties": { "h3_index": "89394460357ffff", "catchment_store_count": 146, "catchment_type_diversity": 5, "is_food_desert": false, "store_count": 8, "type_diversity": 4, "barri_name": "la Nova Esquerra de l'Eixample", "income_index": 25694.0, "c1_density": 0.49324324324324326, "c2_diversity": 0.83333333333333337, "c3_pressure": 0.55823152253660402, "c4_deprivation": 0.44176847746339598, "food_access_score": 56.396396396396412 }, "geometry": { "type": "Polygon", "coordinates": [ [ [ 2.144995441845996, 41.384154563388982 ], [ 2.145324497244395, 41.382376497264367 ], [ 2.147495968015929, 41.38180797424765 ], [ 2.149338478919095, 41.383017525929695 ], [ 2.14900949362243, 41.384795625996333 ], [ 2.146837927318012, 41.385364140439478 ], [ 2.144995441845996, 41.384154563388982 ] ] ] } },
{ "type": "Feature", "properties": { "h3_index": "89394462acfffff", "catchment_store_count": 47, "catchment_type_diversity": 5, "is_food_desert": false, "store_count": 4, "type_diversity": 4, "barri_name": "la Font d'en Fargues", "income_index": 24089.0, "c1_density": 0.15878378378378377, "c2_diversity": 0.83333333333333337, "c3_pressure": 0.60942932788924686, "c4_deprivation": 0.39057067211075314, "food_access_score": 43.018018018018026 }, "geometry": { "type": "Polygon", "coordinates": [ [ [ 2.163693525277949, 41.428323188860773 ], [ 2.164022414032814, 41.426545548535429 ], [ 2.166195251758263, 41.425977230696979 ], [ 2.168039296341445, 41.427186561719118 ], [ 2.167710477806688, 41.428964235930124 ], [ 2.165537544465754, 41.429532545233933 ], [ 2.163693525277949, 41.428323188860773 ] ] ] } },
{ "type": "Feature", "properties": { "h3_index": "8939446040bffff", "catchment_store_count": 0, "catchment_type_diversity": 0, "is_food_desert": true, "store_count": 0, "type_diversity": 0, "barri_name": "Vallvidrera, el Tibidabo i les Planes", "income_index": 32833.0, "c1_density": 0.0, "c2_diversity": 0.0, "c3_pressure": 0.33050496028581455, "c4_deprivation": 0.66949503971418545, "food_access_score": 20.0 }, "geometry": { "type": "Polygon", "coordinates": [ [ [ 2.113993436616715, 41.417634155583379 ], [ 2.1143231828817, 41.415856896154501 ], [ 2.116495124393024, 41.415289491826577 ], [ 2.118337415273238, 41.416499355553249 ], [ 2.118007739090484, 41.418276648934608 ], [ 2.115835701942409, 41.418844044637417 ], [ 2.113993436616715, 41.417634155583379 ] ] ] } },
{ "type": "Feature", "properties": { "h3_index": "89394462b83ffff", "catchment_store_count": 9, "catchment_type_diversity": 3, "is_food_desert": false, "store_count": 1, "type_diversity": 1, "barri_name": "el Bon Pastor", "income_index": 14841.0, "c1_density": 0.030405405405405407, "c2_diversity": 0.5, "c3_pressure": 0.90443076334173345, "c4_deprivation": 0.09556923665826661, "food_access_score": 31.216216216216218 }, "geometry": { "type": "Polygon", "coordinates": [ [ [ 2.196366633624818, 41.441768585705354 ], [ 2.196694982969517, 41.43999078699877 ], [ 2.198868573357132, 41.439421956143732 ], [ 2.200713910012944, 41.440630932470235 ], [ 2.200385630989577, 41.442408765013475 ], [ 2.19821194498621, 41.442977587394154 ], [ 2.196366633624818, 41.441768585705354 ] ] ] } },
{ "type": "Feature", "properties": { "h3_index": "89394460573ffff", "catchment_store_count": 70, "catchment_type_diversity": 5, "is_food_desert": false, "store_count": 0, "type_diversity": 0, "barri_name": "el Coll", "income_index": 20877.0, "c1_density": 0.23648648648648649, "c2_diversity": 0.83333333333333337, "c3_pressure": 0.71188873648282236, "c4_deprivation": 0.28811126351717758, "food_access_score": 46.126126126126124 }, "geometry": { "type": "Polygon", "coordinates": [ [ [ 2.144599495423943, 41.419783656720398 ], [ 2.144928696502804, 41.418006099654697 ], [ 2.147101076414331, 41.417438072189391 ], [ 2.148944350857843, 41.41864761036031 ], [ 2.14861521993882, 41.420425201340827 ], [ 2.146442744413584, 41.420993220236191 ], [ 2.144599495423943, 41.419783656720398 ] ] ] } },
{ "type": "Feature", "properties": { "h3_index": "89394460627ffff", "catchment_store_count": 26, "catchment_type_diversity": 5, "is_food_desert": false, "store_count": 6, "type_diversity": 3, "barri_name": "Sarrià", "income_index": 33795.0, "c1_density": 0.087837837837837843, "c2_diversity": 0.83333333333333337, "c3_pressure": 0.29981817601837379, "c4_deprivation": 0.70018182398162621, "food_access_score": 40.180180180180187 }, "geometry": { "type": "Polygon", "coordinates": [ [ [ 2.11946188764888, 41.399292581922026 ], [ 2.119791463603899, 41.397515003884017 ], [ 2.121963003015891, 41.39694723207996 ], [ 2.123805062060337, 41.398157046931999 ], [ 2.123475556170412, 41.399934658930334 ], [ 2.121303921168078, 41.40050242211688 ], [ 2.11946188764888, 41.399292581922026 ] ] ] } },
{ "type": "Feature", "properties": { "h3_index": "89394462e53ffff", "catchment_store_count": 0, "catchment_type_diversity": 0, "is_food_desert": true, "store_count": 0, "type_diversity": 0, "barri_name": "Horta", "income_index": 21854.0, "c1_density": 0.0, "c2_diversity": 0.0, "c3_pressure": 0.68072346805320749, "c4_deprivation": 0.31927653194679256, "food_access_score": 20.0 }, "geometry": { "type": "Polygon", "coordinates": [ [ [ 2.144664644934403, 41.441754049998856 ], [ 2.14499393032742, 41.439976804175693 ], [ 2.147166875220368, 41.439409075860929 ], [ 2.149010630380725, 41.440618601937018 ], [ 2.148681415184129, 41.442395881657852 ], [ 2.146508374627876, 41.442963601405516 ], [ 2.144664644934403, 41.441754049998856 ] ] ] } },
{ "type": "Feature", "properties": { "h3_index": "89394460843ffff", "catchment_store_count": 11, "catchment_type_diversity": 2, "is_food_desert": false, "store_count": 0, "type_diversity": 0, "barri_name": "la Vila Olímpica del Poblenou", "income_index": 32434.0, "c1_density": 0.037162162162162164, "c2_diversity": 0.33333333333333331, "c3_pressure": 0.34323263899964906, "c4_deprivation": 0.65676736100035094, "food_access_score": 28.153153153153156 }, "geometry": { "type": "Polygon", "coordinates": [ [ [ 2.199694447762587, 41.390131008292236 ], [ 2.200022536635559, 41.388352441345504 ], [ 2.202194842980836, 41.38778283395078 ], [ 2.204039155946334, 41.388991801978023 ], [ 2.203711137316986, 41.390770402797514 ], [ 2.201538735475634, 41.391340001717552 ], [ 2.199694447762587, 41.390131008292236 ] ] ] } },
{ "type": "Feature", "properties": { "h3_index": "89394463123ffff", "catchment_store_count": 3, "catchment_type_diversity": 2, "is_food_desert": false, "store_count": 0, "type_diversity": 0, "barri_name": "Vallvidrera, el Tibidabo i les Planes", "income_index": 32833.0, "c1_density": 0.010135135135135136, "c2_diversity": 0.33333333333333331, "c3_pressure": 0.33050496028581455, "c4_deprivation": 0.66949503971418545, "food_access_score": 27.072072072072075 }, "geometry": { "type": "Polygon", "coordinates": [ [ [ 2.097938264357052, 41.415062986168202 ], [ 2.098268290843287, 41.413285862601526 ], [ 2.10043996493142, 41.41271876536009 ], [ 2.102281708175978, 41.413928800340138 ], [ 2.101951751728909, 41.415705957880199 ], [ 2.099779981995228, 41.416273046467388 ], [ 2.097938264357052, 41.415062986168202 ] ] ] } },
{ "type": "Feature", "properties": { "h3_index": "893944631d7ffff", "catchment_store_count": 0, "catchment_type_diversity": 0, "is_food_desert": true, "store_count": 0, "type_diversity": 0, "barri_name": "Vallvidrera, el Tibidabo i les Planes", "income_index": 32833.0, "c1_density": 0.0, "c2_diversity": 0.0, "c3_pressure": 0.33050496028581455, "c4_deprivation": 0.66949503971418545, "food_access_score": 20.0 }, "geometry": { "type": "Polygon", "coordinates": [ [ [ 2.078393397380692, 41.420164146685053 ], [ 2.078723796994161, 41.418387305391605 ], [ 2.080895356419936, 41.417820694617561 ], [ 2.082736611904109, 41.41903093382615 ], [ 2.082406282290895, 41.420807809111935 ], [ 2.080234627190384, 41.421374411197341 ], [ 2.078393397380692, 41.420164146685053 ] ] ] } },
{ "type": "Feature", "properties": { "h3_index": "893944618b3ffff", "catchment_store_count": 0, "catchment_type_diversity": 0, "is_food_desert": true, "store_count": 0, "type_diversity": 0, "barri_name": "la Marina del Prat Vermell", "income_index": 16015.0, "c1_density": 0.0, "c2_diversity": 0.0, "c3_pressure": 0.86698140291556347, "c4_deprivation": 0.1330185970844365, "food_access_score": 20.0 }, "geometry": { "type": "Polygon", "coordinates": [ [ [ 2.161969533902134, 41.359401862242983 ], [ 2.162298186249258, 41.357623264291739 ], [ 2.164469234622018, 41.357054041347389 ], [ 2.166311726106342, 41.358263424900876 ], [ 2.16598314386095, 41.360042056793283 ], [ 2.163812000026637, 41.360611271191594 ], [ 2.161969533902134, 41.359401862242983 ] ] ] } },
{ "type": "Feature", "properties": { "h3_index": "89394460c7bffff", "catchment_store_count": 78, "catchment_type_diversity": 5, "is_food_desert": false, "store_count": 1, "type_diversity": 1, "barri_name": "el Parc i la Llacuna del Poblenou", "income_index": 24245.0, "c1_density": 0.26351351351351349, "c2_diversity": 0.83333333333333337, "c3_pressure": 0.6044530926026348, "c4_deprivation": 0.39554690739736514, "food_access_score": 47.207207207207205 }, "geometry": { "type": "Polygon", "coordinates": [ [ [ 2.188707036196098, 41.404857060563799 ], [ 2.189035381056676, 41.403078819738802 ], [ 2.191207928381462, 41.402509647763623 ], [ 2.193052226382253, 41.403718725106692 ], [ 2.192723951763214, 41.405496999806047 ], [ 2.190551308898973, 41.406066163288578 ], [ 2.188707036196098, 41.404857060563799 ] ] ] } },
{ "type": "Feature", "properties": { "h3_index": "89394461a1bffff", "catchment_store_count": 0, "catchment_type_diversity": 0, "is_food_desert": true, "store_count": 0, "type_diversity": 0, "barri_name": "la Marina del Prat Vermell", "income_index": 16015.0, "c1_density": 0.0, "c2_diversity": 0.0, "c3_pressure": 0.86698140291556347, "c4_deprivation": 0.1330185970844365, "food_access_score": 20.0 }, "geometry": { "type": "Polygon", "coordinates": [ [ [ 2.142826882439742, 41.328879264849945 ], [ 2.143155762429096, 41.327100441383671 ], [ 2.145325789939552, 41.326531209519011 ], [ 2.147167032868068, 41.327740809705176 ], [ 2.146838222883801, 41.32951966715887 ], [ 2.14466809996306, 41.330088890439569 ], [ 2.142826882439742, 41.328879264849945 ] ] ] } },
{ "type": "Feature", "properties": { "h3_index": "89394460043ffff", "catchment_store_count": 40, "catchment_type_diversity": 5, "is_food_desert": false, "store_count": 1, "type_diversity": 1, "barri_name": "les Tres Torres", "income_index": 43194.0, "c1_density": 0.13513513513513514, "c2_diversity": 0.83333333333333337, "c3_pressure": 0.0, "c4_deprivation": 1.0, "food_access_score": 42.072072072072075 }, "geometry": { "type": "Polygon", "coordinates": [ [ [ 2.125976668230858, 41.397589198353835 ], [ 2.126306119771302, 41.395811526310858 ], [ 2.128477697102468, 41.39524359234435 ], [ 2.130319918470848, 41.396453339027438 ], [ 2.129990537008424, 41.398231045024389 ], [ 2.127818864096715, 41.39879897038486 ], [ 2.125976668230858, 41.397589198353835 ] ] ] } },
{ "type": "Feature", "properties": { "h3_index": "89394461acfffff", "catchment_store_count": 0, "catchment_type_diversity": 0, "is_food_desert": true, "store_count": 0, "type_diversity": 0, "barri_name": "la Marina del Prat Vermell", "income_index": 16015.0, "c1_density": 0.0, "c2_diversity": 0.0, "c3_pressure": 0.86698140291556347, "c4_deprivation": 0.1330185970844365, "food_access_score": 20.0 }, "geometry": { "type": "Polygon", "coordinates": [ [ [ 2.138815745115107, 41.328238743119897 ], [ 2.139144695098836, 41.326459953646278 ], [ 2.141314656051013, 41.325890798482263 ], [ 2.143155762429096, 41.327100441383671 ], [ 2.142826882439742, 41.328879264849945 ], [ 2.140656826075053, 41.329448411422717 ], [ 2.138815745115107, 41.328238743119897 ] ] ] } },
{ "type": "Feature", "properties": { "h3_index": "8939446286fffff", "catchment_store_count": 22, "catchment_type_diversity": 5, "is_food_desert": false, "store_count": 1, "type_diversity": 1, "barri_name": "Sant Andreu", "income_index": 22418.0, "c1_density": 0.074324324324324328, "c2_diversity": 0.83333333333333337, "c3_pressure": 0.66273246355545634, "c4_deprivation": 0.33726753644454366, "food_access_score": 39.639639639639647 }, "geometry": { "type": "Polygon", "coordinates": [ [ [ 2.188329248819725, 41.440487866784459 ], [ 2.188657738774806, 41.438710135766975 ], [ 2.190831196163945, 41.438141458841876 ], [ 2.192676259215435, 41.439350521423819 ], [ 2.192347839560164, 41.44112828628846 ], [ 2.190174286550733, 41.441696954724605 ], [ 2.188329248819725, 41.440487866784459 ] ] ] } },
{ "type": "Feature", "properties": { "h3_index": "89394460e97ffff", "catchment_store_count": 181, "catchment_type_diversity": 6, "is_food_desert": false, "store_count": 5, "type_diversity": 3, "barri_name": "la Sagrada Família", "income_index": 23450.5, "c1_density": 0.61148648648648651, "c2_diversity": 1.0, "c3_pressure": 0.62979680372579661, "c4_deprivation": 0.37020319627420334, "food_access_score": 64.459459459459453 }, "geometry": { "type": "Polygon", "coordinates": [ [ [ 2.176657508638775, 41.402936523338674 ], [ 2.176986064159499, 41.401158384168198 ], [ 2.179158412029067, 41.400589442865275 ], [ 2.181002299921259, 41.40179864924793 ], [ 2.180673814609823, 41.403576822308487 ], [ 2.178501371194044, 41.404145755096913 ], [ 2.176657508638775, 41.402936523338674 ] ] ] } },
{ "type": "Feature", "properties": { "h3_index": "893944601abffff", "catchment_store_count": 153, "catchment_type_diversity": 5, "is_food_desert": false, "store_count": 6, "type_diversity": 3, "barri_name": "el Baix Guinardó", "income_index": 22432.0, "c1_density": 0.51689189189189189, "c2_diversity": 0.83333333333333337, "c3_pressure": 0.66228587833742703, "c4_deprivation": 0.33771412166257297, "food_access_score": 57.342342342342349 }, "geometry": { "type": "Polygon", "coordinates": [ [ [ 2.166653061113928, 41.412323390926737 ], [ 2.166981834140338, 41.410545491893451 ], [ 2.169154298078983, 41.409976892194834 ], [ 2.170998084564967, 41.411186200061394 ], [ 2.170669381739283, 41.412964132989309 ], [ 2.168496822224035, 41.413532724156603 ], [ 2.166653061113928, 41.412323390926737 ] ] ] } },
{ "type": "Feature", "properties": { "h3_index": "89394461c37ffff", "catchment_store_count": 14, "catchment_type_diversity": 4, "is_food_desert": false, "store_count": 0, "type_diversity": 0, "barri_name": "el Poble-sec", "income_index": 18196.5, "c1_density": 0.0472972972972973, "c2_diversity": 0.66666666666666663, "c3_pressure": 0.79739385626335768, "c4_deprivation": 0.20260614373664232, "food_access_score": 35.225225225225223 }, "geometry": { "type": "Polygon", "coordinates": [ [ [ 2.151969898501497, 41.368791692940171 ], [ 2.152298768111426, 41.367013334803048 ], [ 2.154469932219094, 41.36644445321798 ], [ 2.156312322205837, 41.367653938333525 ], [ 2.155983522689039, 41.369432330416338 ], [ 2.153812263089526, 41.37000120343852 ], [ 2.151969898501497, 41.368791692940171 ] ] ] } },
{ "type": "Feature", "properties": { "h3_index": "89394460313ffff", "catchment_store_count": 154, "catchment_type_diversity": 5, "is_food_desert": false, "store_count": 12, "type_diversity": 4, "barri_name": "la Nova Esquerra de l'Eixample", "income_index": 25694.0, "c1_density": 0.52027027027027029, "c2_diversity": 0.83333333333333337, "c3_pressure": 0.55823152253660402, "c4_deprivation": 0.44176847746339598, "food_access_score": 57.477477477477493 }, "geometry": { "type": "Polygon", "coordinates": [ [ [ 2.148022460583079, 41.390129754050349 ], [ 2.148351484455159, 41.388351740059541 ], [ 2.150523146297812, 41.387783234186898 ], [ 2.152365879809117, 41.388992750873008 ], [ 2.152036926055978, 41.390770798797597 ], [ 2.149865168669723, 41.391339296102842 ], [ 2.148022460583079, 41.390129754050349 ] ] ] } },
{ "type": "Feature", "properties": { "h3_index": "89394462a8bffff", "catchment_store_count": 42, "catchment_type_diversity": 5, "is_food_desert": false, "store_count": 1, "type_diversity": 1, "barri_name": "el Turó de la Peira", "income_index": 15471.5, "c1_density": 0.14189189189189189, "c2_diversity": 0.83333333333333337, "c3_pressure": 0.88431847905834315, "c4_deprivation": 0.11568152094165683, "food_access_score": 42.342342342342342 }, "geometry": { "type": "Polygon", "coordinates": [ [ [ 2.166723945038135, 41.434297085986614 ], [ 2.167052802155768, 41.432519498066796 ], [ 2.169225831117541, 41.431951197294559 ], [ 2.171070098584991, 41.433160492971197 ], [ 2.170741311704704, 41.434938114768485 ], [ 2.168568187116737, 41.435506407012262 ], [ 2.166723945038135, 41.434297085986614 ] ] ] } },
{ "type": "Feature", "properties": { "h3_index": "893944603c7ffff", "catchment_store_count": 133, "catchment_type_diversity": 5, "is_food_desert": false, "store_count": 10, "type_diversity": 5, "barri_name": "la Nova Esquerra de l'Eixample", "income_index": 25694.0, "c1_density": 0.44932432432432434, "c2_diversity": 0.83333333333333337, "c3_pressure": 0.55823152253660402, "c4_deprivation": 0.44176847746339598, "food_access_score": 54.639639639639647 }, "geometry": { "type": "Polygon", "coordinates": [ [ [ 2.144008198488558, 41.389488589622928 ], [ 2.144337292468821, 41.387710609571165 ], [ 2.146508887680642, 41.387142180501854 ], [ 2.148351484455159, 41.388351740059541 ], [ 2.148022460583079, 41.390129754050349 ], [ 2.145850769825443, 41.390698174544966 ], [ 2.144008198488558, 41.389488589622928 ] ] ] } },
{ "type": "Feature", "properties": { "h3_index": "89394461e53ffff", "catchment_store_count": 0, "catchment_type_diversity": 0, "is_food_desert": true, "store_count": 0, "type_diversity": 0, "barri_name": "la Marina del Prat Vermell", "income_index": 16015.0, "c1_density": 0.0, "c2_diversity": 0.0, "c3_pressure": 0.86698140291556347, "c4_deprivation": 0.1330185970844365, "food_access_score": 20.0 }, "geometry": { "type": "Polygon", "coordinates": [ [ [ 2.11980958023757, 41.341682056452377 ], [ 2.120138925813566, 41.3399036604416 ], [ 2.122308993021157, 41.339335093759665 ], [ 2.124149810109966, 41.340544931712898 ], [ 2.123820534504639, 41.342323361728333 ], [ 2.121650371836977, 41.342891919786467 ], [ 2.11980958023757, 41.341682056452377 ] ] ] } },
{ "type": "Feature", "properties": { "h3_index": "8939446047bffff", "catchment_store_count": 0, "catchment_type_diversity": 0, "is_food_desert": true, "store_count": 0, "type_diversity": 0, "barri_name": "Sarrià", "income_index": 33795.0, "c1_density": 0.0, "c2_diversity": 0.0, "c3_pressure": 0.29981817601837379, "c4_deprivation": 0.70018182398162621, "food_access_score": 20.0 }, "geometry": { "type": "Polygon", "coordinates": [ [ [ 2.11498263675013, 41.412302291079158 ], [ 2.115312344355028, 41.41052494543851 ], [ 2.117484161425852, 41.409957447073516 ], [ 2.119326366512678, 41.411167302973759 ], [ 2.118996728983592, 41.412944682569901 ], [ 2.116824816288981, 41.413512172310909 ], [ 2.11498263675013, 41.412302291079158 ] ] ] } },
{ "type": "Feature", "properties": { "h3_index": "8939446052fffff", "catchment_store_count": 67, "catchment_type_diversity": 5, "is_food_desert": false, "store_count": 3, "type_diversity": 3, "barri_name": "el Carmel", "income_index": 16109.5, "c1_density": 0.22635135135135134, "c2_diversity": 0.83333333333333337, "c3_pressure": 0.86396695269386581, "c4_deprivation": 0.13603304730613416, "food_access_score": 45.720720720720728 }, "geometry": { "type": "Polygon", "coordinates": [ [ [ 2.156647279504539, 41.421707931163233 ], [ 2.156976270071656, 41.419930272368809 ], [ 2.159148849958528, 41.419362014327035 ], [ 2.160992534882433, 41.420571423628395 ], [ 2.160663614507438, 41.422349116321953 ], [ 2.15849093901356, 41.422917365815621 ], [ 2.156647279504539, 41.421707931163233 ] ] ] } },
{ "type": "Feature", "properties": { "h3_index": "89394460a8bffff", "catchment_store_count": 21, "catchment_type_diversity": 3, "is_food_desert": false, "store_count": 1, "type_diversity": 1, "barri_name": "la Barceloneta", "income_index": 17877.0, "c1_density": 0.070945945945945943, "c2_diversity": 0.5, "c3_pressure": 0.80758556891766886, "c4_deprivation": 0.19241443108233117, "food_access_score": 32.837837837837839 }, "geometry": { "type": "Polygon", "coordinates": [ [ [ 2.191130701075979, 41.380528601380284 ], [ 2.191458907762066, 41.378749990048817 ], [ 2.193630861250077, 41.378180434085806 ], [ 2.195474703531505, 41.379389497946057 ], [ 2.195146567052489, 41.381168143167855 ], [ 2.192974518082118, 41.381737690639646 ], [ 2.191130701075979, 41.380528601380284 ] ] ] } },
{ "type": "Feature", "properties": { "h3_index": "89394462d5bffff", "catchment_store_count": 3, "catchment_type_diversity": 2, "is_food_desert": false, "store_count": 0, "type_diversity": 0, "barri_name": "Vallbona", "income_index": 13420.0, "c1_density": 0.010135135135135136, "c2_diversity": 0.33333333333333331, "c3_pressure": 0.94975916297170559, "c4_deprivation": 0.050240837028294363, "food_access_score": 27.072072072072075 }, "geometry": { "type": "Polygon", "coordinates": [ [ [ 2.181883682580953, 41.464163934336334 ], [ 2.182212381255619, 41.462386609003332 ], [ 2.184386366720461, 41.461818393376745 ], [ 2.186231749187558, 41.463027511581295 ], [ 2.185903120836498, 41.464804870750676 ], [ 2.183729039691876, 41.465373077879704 ], [ 2.181883682580953, 41.464163934336334 ] ] ] } },
{ "type": "Feature", "properties": { "h3_index": "89394460697ffff", "catchment_store_count": 3, "catchment_type_diversity": 2, "is_food_desert": false, "store_count": 0, "type_diversity": 0, "barri_name": "Sarrià", "income_index": 33795.0, "c1_density": 0.010135135135135136, "c2_diversity": 0.33333333333333331, "c3_pressure": 0.29981817601837379, "c4_deprivation": 0.70018182398162621, "food_access_score": 27.072072072072075 }, "geometry": { "type": "Polygon", "coordinates": [ [ [ 2.102941582389269, 41.410374399051406 ], [ 2.103271500156967, 41.408597155308527 ], [ 2.105443116725198, 41.408029887251722 ], [ 2.107284911153258, 41.409239871584219 ], [ 2.106955063429078, 41.41101714929826 ], [ 2.104783351230448, 41.41158440870921 ], [ 2.102941582389269, 41.410374399051406 ] ] ] } },
{ "type": "Feature", "properties": { "h3_index": "89394462e0fffff", "catchment_store_count": 8, "catchment_type_diversity": 3, "is_food_desert": false, "store_count": 0, "type_diversity": 0, "barri_name": "Horta", "income_index": 21854.0, "c1_density": 0.027027027027027029, "c2_diversity": 0.5, "c3_pressure": 0.68072346805320749, "c4_deprivation": 0.31927653194679256, "food_access_score": 31.081081081081084 }, "geometry": { "type": "Polygon", "coordinates": [ [ [ 2.156715566535437, 41.443679185304227 ], [ 2.157044641306872, 41.441901837803755 ], [ 2.159217786278133, 41.441333878811648 ], [ 2.161061952131669, 41.44254327586583 ], [ 2.160732947588988, 41.444320657248277 ], [ 2.158559706961117, 41.444888607695127 ], [ 2.156715566535437, 41.443679185304227 ] ] ] } },
{ "type": "Feature", "properties": { "h3_index": "89394462ec3ffff", "catchment_store_count": 0, "catchment_type_diversity": 0, "is_food_desert": true, "store_count": 0, "type_diversity": 0, "barri_name": "Horta", "income_index": 21854.0, "c1_density": 0.0, "c2_diversity": 0.0, "c3_pressure": 0.68072346805320749, "c4_deprivation": 0.31927653194679256, "food_access_score": 20.0 }, "geometry": { "type": "Polygon", "coordinates": [ [ [ 2.143676711486838, 41.447085614765065 ], [ 2.144006035514844, 41.445308455296448 ], [ 2.146179105016676, 41.444740821003407 ], [ 2.148022946163868, 41.445950354747779 ], [ 2.147693692338744, 41.447727548111082 ], [ 2.145520527160649, 41.448295173835902 ], [ 2.143676711486838, 41.447085614765065 ] ] ] } },
{ "type": "Feature", "properties": { "h3_index": "893944608b3ffff", "catchment_store_count": 19, "catchment_type_diversity": 4, "is_food_desert": false, "store_count": 1, "type_diversity": 1, "barri_name": "Diagonal Mar i el Front Marítim del Poblenou", "income_index": 25619.0, "c1_density": 0.064189189189189186, "c2_diversity": 0.66666666666666663, "c3_pressure": 0.56062394334747512, "c4_deprivation": 0.43937605665252483, "food_access_score": 35.900900900900901 }, "geometry": { "type": "Polygon", "coordinates": [ [ [ 2.211294518243538, 41.40570759029746 ], [ 2.211622457400821, 41.403929120143808 ], [ 2.213795307645317, 41.403359478151032 ], [ 2.215640314250165, 41.404568314764504 ], [ 2.215312445390322, 41.406346818765158 ], [ 2.21313949962533, 41.406916452305921 ], [ 2.211294518243538, 41.40570759029746 ] ] ] } },
{ "type": "Feature", "properties": { "h3_index": "8939446302bffff", "catchment_store_count": 0, "catchment_type_diversity": 0, "is_food_desert": true, "store_count": 0, "type_diversity": 0, "barri_name": "Vallvidrera, el Tibidabo i les Planes", "income_index": 32833.0, "c1_density": 0.0, "c2_diversity": 0.0, "c3_pressure": 0.33050496028581455, "c4_deprivation": 0.66949503971418545, "food_access_score": 20.0 }, "geometry": { "type": "Polygon", "coordinates": [ [ [ 2.06833943027237, 41.407571575940068 ], [ 2.06866996234076, 41.405794664247836 ], [ 2.070841072116485, 41.405228095382817 ], [ 2.072681745476292, 41.406438446918834 ], [ 2.072351283362996, 41.40821539262501 ], [ 2.07018007793194, 41.408781952781801 ], [ 2.06833943027237, 41.407571575940068 ] ] ] } },
{ "type": "Feature", "properties": { "h3_index": "89394463193ffff", "catchment_store_count": 1, "catchment_type_diversity": 1, "is_food_desert": false, "store_count": 0, "type_diversity": 0, "barri_name": "Vallvidrera, el Tibidabo i les Planes", "income_index": 32833.0, "c1_density": 0.0033783783783783786, "c2_diversity": 0.16666666666666666, "c3_pressure": 0.33050496028581455, "c4_deprivation": 0.66949503971418545, "food_access_score": 23.468468468468469 }, "geometry": { "type": "Polygon", "coordinates": [ [ [ 2.081415216003095, 41.426138262465834 ], [ 2.081745584341133, 41.424361473434679 ], [ 2.083917335121752, 41.423794880034841 ], [ 2.08575881324697, 41.425005084349223 ], [ 2.085428514926407, 41.426781907364536 ], [ 2.083256668460266, 41.427348492081883 ], [ 2.081415216003095, 41.426138262465834 ] ] ] } },
{ "type": "Feature", "properties": { "h3_index": "89394460acfffff", "catchment_store_count": 15, "catchment_type_diversity": 3, "is_food_desert": false, "store_count": 1, "type_diversity": 1, "barri_name": "la Barceloneta", "income_index": 17877.0, "c1_density": 0.050675675675675678, "c2_diversity": 0.5, "c3_pressure": 0.80758556891766886, "c4_deprivation": 0.19241443108233117, "food_access_score": 32.027027027027025 }, "geometry": { "type": "Polygon", "coordinates": [ [ [ 2.188099830289184, 41.374553121405995 ], [ 2.188428068674005, 41.372774457946086 ], [ 2.190599831213338, 41.37220488499139 ], [ 2.192443450836652, 41.373413983994595 ], [ 2.192115282641638, 41.375192681353063 ], [ 2.189943424630653, 41.375762245810378 ], [ 2.188099830289184, 41.374553121405995 ] ] ] } },
{ "type": "Feature", "properties": { "h3_index": "89394460c37ffff", "catchment_store_count": 54, "catchment_type_diversity": 4, "is_food_desert": false, "store_count": 3, "type_diversity": 3, "barri_name": "Provençals del Poblenou", "income_index": 19617.0, "c1_density": 0.18243243243243243, "c2_diversity": 0.66666666666666663, "c3_pressure": 0.75208140610545793, "c4_deprivation": 0.2479185938945421, "food_access_score": 40.630630630630634 }, "geometry": { "type": "Polygon", "coordinates": [ [ [ 2.201290525235842, 41.415098584692586 ], [ 2.201618681958468, 41.41332035461437 ], [ 2.203791648787164, 41.412751054241724 ], [ 2.205636554441307, 41.413959992416721 ], [ 2.205308468007584, 41.415738256346486 ], [ 2.203135405627933, 41.416307548250288 ], [ 2.201290525235842, 41.415098584692586 ] ] ] } },
{ "type": "Feature", "properties": { "h3_index": "89394461a8bffff", "catchment_store_count": 0, "catchment_type_diversity": 0, "is_food_desert": true, "store_count": 0, "type_diversity": 0, "barri_name": "la Marina del Prat Vermell", "income_index": 16015.0, "c1_density": 0.0, "c2_diversity": 0.0, "c3_pressure": 0.86698140291556347, "c4_deprivation": 0.1330185970844365, "food_access_score": 20.0 }, "geometry": { "type": "Polygon", "coordinates": [ [ [ 2.141840165402414, 41.334215563650702 ], [ 2.142169083927134, 41.332436825986377 ], [ 2.144339235709662, 41.331867688001765 ], [ 2.146180564387816, 41.333077296267177 ], [ 2.14585171587463, 41.33485606791595 ], [ 2.143681468668903, 41.335425197315452 ], [ 2.141840165402414, 41.334215563650702 ] ] ] } },
{ "type": "Feature", "properties": { "h3_index": "893944600b3ffff", "catchment_store_count": 40, "catchment_type_diversity": 5, "is_food_desert": false, "store_count": 13, "type_diversity": 5, "barri_name": "el Putxet i el Farró", "income_index": 28725.0, "c1_density": 0.13513513513513514, "c2_diversity": 0.83333333333333337, "c3_pressure": 0.46154582283326417, "c4_deprivation": 0.53845417716673583, "food_access_score": 42.072072072072075 }, "geometry": { "type": "Polygon", "coordinates": [ [ [ 2.137556642525819, 41.413167654287335 ], [ 2.137885945270615, 41.411390078851809 ], [ 2.140058067273226, 41.410822111065208 ], [ 2.141900982133344, 41.412031727298071 ], [ 2.141571749520367, 41.413809336661842 ], [ 2.139399531912568, 41.414377295865066 ], [ 2.137556642525819, 41.413167654287335 ] ] ] } },
{ "type": "Feature", "properties": { "h3_index": "89394463517ffff", "catchment_store_count": 0, "catchment_type_diversity": 0, "is_food_desert": true, "store_count": 0, "type_diversity": 0, "barri_name": "Vallvidrera, el Tibidabo i les Planes", "income_index": 32833.0, "c1_density": 0.0, "c2_diversity": 0.0, "c3_pressure": 0.33050496028581455, "c4_deprivation": 0.66949503971418545, "food_access_score": 20.0 }, "geometry": { "type": "Polygon", "coordinates": [ [ [ 2.071405908914554, 41.435510336512138 ], [ 2.071736494750387, 41.433733788040414 ], [ 2.073908360267952, 41.433167536371322 ], [ 2.075749735662557, 41.434377841873832 ], [ 2.075419219835472, 41.436154424334141 ], [ 2.073247258602149, 41.436720667303931 ], [ 2.071405908914554, 41.435510336512138 ] ] ] } },
{ "type": "Feature", "properties": { "h3_index": "8939446282bffff", "catchment_store_count": 7, "catchment_type_diversity": 3, "is_food_desert": false, "store_count": 0, "type_diversity": 0, "barri_name": "Sant Andreu", "income_index": 22418.0, "c1_density": 0.02364864864864865, "c2_diversity": 0.5, "c3_pressure": 0.66273246355545634, "c4_deprivation": 0.33726753644454366, "food_access_score": 30.945945945945951 }, "geometry": { "type": "Polygon", "coordinates": [ [ [ 2.191362503494485, 41.446461408188817 ], [ 2.19169096170043, 41.444683729673855 ], [ 2.193864610335492, 41.44411506972358 ], [ 2.195709896392718, 41.445324096771607 ], [ 2.195381508503841, 41.447101809125492 ], [ 2.193207764237788, 41.447670460593017 ], [ 2.191362503494485, 41.446461408188817 ] ] ] } },
{ "type": "Feature", "properties": { "h3_index": "89394460e53ffff", "catchment_store_count": 166, "catchment_type_diversity": 6, "is_food_desert": false, "store_count": 3, "type_diversity": 1, "barri_name": "el Barri Gòtic", "income_index": 18972.0, "c1_density": 0.56081081081081086, "c2_diversity": 1.0, "c3_pressure": 0.77265622507894993, "c4_deprivation": 0.22734377492105012, "food_access_score": 62.432432432432435 }, "geometry": { "type": "Polygon", "coordinates": [ [ [ 2.169082802216805, 41.387999143633436 ], [ 2.169411436843506, 41.386220873935244 ], [ 2.171583307062166, 41.38565189001369 ], [ 2.173426638170729, 41.386861184320779 ], [ 2.17309807371028, 41.388639487929574 ], [ 2.170926107972146, 41.389208463321253 ], [ 2.169082802216805, 41.387999143633436 ] ] ] } },
{ "type": "Feature", "properties": { "h3_index": "89394460167ffff", "catchment_store_count": 221, "catchment_type_diversity": 6, "is_food_desert": false, "store_count": 8, "type_diversity": 4, "barri_name": "la Dreta de l'Eixample", "income_index": 29588.0, "c1_density": 0.7466216216216216, "c2_diversity": 1.0, "c3_pressure": 0.43401703403617342, "c4_deprivation": 0.56598296596382658, "food_access_score": 69.864864864864856 }, "geometry": { "type": "Polygon", "coordinates": [ [ [ 2.168625506461134, 41.401655565822871 ], [ 2.168954202368186, 41.399877494448269 ], [ 2.171126417180605, 41.399308706885897 ], [ 2.172970031633812, 41.400517999227766 ], [ 2.172641405914554, 41.402296104502931 ], [ 2.170469095551409, 41.402864883536239 ], [ 2.168625506461134, 41.401655565822871 ] ] ] } },
{ "type": "Feature", "properties": { "h3_index": "893944623afffff", "catchment_store_count": 0, "catchment_type_diversity": 0, "is_food_desert": true, "store_count": 0, "type_diversity": 0, "barri_name": "Horta", "income_index": 21854.0, "c1_density": 0.0, "c2_diversity": 0.0, "c3_pressure": 0.68072346805320749, "c4_deprivation": 0.31927653194679256, "food_access_score": 20.0 }, "geometry": { "type": "Polygon", "coordinates": [ [ [ 2.135643360851882, 41.445801388462698 ], [ 2.1359728252533, 41.444024296799114 ], [ 2.138145761256778, 41.443456816262582 ], [ 2.139989328536663, 41.444666435972991 ], [ 2.139659934316557, 41.446443561541713 ], [ 2.137486902632376, 41.447011033495464 ], [ 2.135643360851882, 41.445801388462698 ] ] ] } },
{ "type": "Feature", "properties": { "h3_index": "8939446021bffff", "catchment_store_count": 45, "catchment_type_diversity": 5, "is_food_desert": false, "store_count": 0, "type_diversity": 0, "barri_name": "la Maternitat i Sant Ramon", "income_index": 25111.0, "c1_density": 0.15202702702702703, "c2_diversity": 0.83333333333333337, "c3_pressure": 0.57682860697310923, "c4_deprivation": 0.42317139302689083, "food_access_score": 42.747747747747752 }, "geometry": { "type": "Polygon", "coordinates": [ [ [ 2.118414773178769, 41.382651455395845 ], [ 2.118744303287272, 41.380873653045199 ], [ 2.120915402796167, 41.380305676002251 ], [ 2.122757067747395, 41.381515509931987 ], [ 2.122427607673921, 41.383293346257133 ], [ 2.120256412611326, 41.383861314678633 ], [ 2.118414773178769, 41.382651455395845 ] ] ] } },
{ "type": "Feature", "properties": { "h3_index": "89394461ca7ffff", "catchment_store_count": 91, "catchment_type_diversity": 5, "is_food_desert": false, "store_count": 2, "type_diversity": 1, "barri_name": "el Poble-sec", "income_index": 18196.5, "c1_density": 0.30743243243243246, "c2_diversity": 0.83333333333333337, "c3_pressure": 0.79739385626335768, "c4_deprivation": 0.20260614373664232, "food_access_score": 48.963963963963963 }, "geometry": { "type": "Polygon", "coordinates": [ [ [ 2.150983212561883, 41.374126595362725 ], [ 2.151312120727459, 41.372348323222916 ], [ 2.153483409249435, 41.371779535553017 ], [ 2.155325885107726, 41.372989028587511 ], [ 2.154997047041737, 41.37476733467004 ], [ 2.152825663014974, 41.375336113775937 ], [ 2.150983212561883, 41.374126595362725 ] ] ] } },
{ "type": "Feature", "properties": { "h3_index": "893944602cfffff", "catchment_store_count": 30, "catchment_type_diversity": 5, "is_food_desert": false, "store_count": 0, "type_diversity": 0, "barri_name": "la Maternitat i Sant Ramon", "income_index": 25111.0, "c1_density": 0.10135135135135136, "c2_diversity": 0.83333333333333337, "c3_pressure": 0.57682860697310923, "c4_deprivation": 0.42317139302689083, "food_access_score": 40.720720720720728 }, "geometry": { "type": "Polygon", "coordinates": [ [ [ 2.114402142225233, 41.382009445024522 ], [ 2.114731742358009, 41.380231676653572 ], [ 2.116902775112512, 41.379663776349268 ], [ 2.118744303287272, 41.380873653045199 ], [ 2.118414773178769, 41.382651455395845 ], [ 2.116243644868358, 41.383219347071439 ], [ 2.114402142225233, 41.382009445024522 ] ] ] } },
{ "type": "Feature", "properties": { "h3_index": "89394462a47ffff", "catchment_store_count": 53, "catchment_type_diversity": 6, "is_food_desert": false, "store_count": 1, "type_diversity": 1, "barri_name": "el Guinardó", "income_index": 21610.0, "c1_density": 0.17905405405405406, "c2_diversity": 1.0, "c3_pressure": 0.68850681042457496, "c4_deprivation": 0.31149318957542504, "food_access_score": 47.162162162162161 }, "geometry": { "type": "Polygon", "coordinates": [ [ [ 2.168696894833219, 41.423631127026198 ], [ 2.169025674791696, 41.421853366550089 ], [ 2.171198454497447, 41.421284877858028 ], [ 2.173042549842107, 41.422494158168902 ], [ 2.172713840108051, 41.424271952528414 ], [ 2.17054096480202, 41.424840432694225 ], [ 2.168696894833219, 41.423631127026198 ] ] ] } },
{ "type": "Feature", "properties": { "h3_index": "89394461d5bffff", "catchment_store_count": 0, "catchment_type_diversity": 0, "is_food_desert": true, "store_count": 0, "type_diversity": 0, "barri_name": "el Poble-sec", "income_index": 18196.5, "c1_density": 0.0, "c2_diversity": 0.0, "c3_pressure": 0.79739385626335768, "c4_deprivation": 0.20260614373664232, "food_access_score": 20.0 }, "geometry": { "type": "Polygon", "coordinates": [ [ [ 2.156969882695323, 41.364097068187966 ], [ 2.157298643669466, 41.362318590131025 ], [ 2.159469749924788, 41.36174953785973 ], [ 2.161312190679758, 41.362958972200403 ], [ 2.16098349980303, 41.364737484200759 ], [ 2.158812298071025, 41.365306527917589 ], [ 2.156969882695323, 41.364097068187966 ] ] ] } },
{ "type": "Feature", "properties": { "h3_index": "89394460383ffff", "catchment_store_count": 161, "catchment_type_diversity": 5, "is_food_desert": false, "store_count": 7, "type_diversity": 3, "barri_name": "l'Antiga Esquerra de l'Eixample", "income_index": 28407.0, "c1_density": 0.54391891891891897, "c2_diversity": 0.83333333333333337, "c3_pressure": 0.47168968707135794, "c4_deprivation": 0.52831031292864206, "food_access_score": 58.423423423423436 }, "geometry": { "type": "Polygon", "coordinates": [ [ [ 2.147035311804301, 41.395463623824533 ], [ 2.147364374258369, 41.393685695935723 ], [ 2.149536160567212, 41.393117284012732 ], [ 2.15137897997561, 41.394326808547625 ], [ 2.151049987646905, 41.396104770367259 ], [ 2.148878105781556, 41.396673173721709 ], [ 2.147035311804301, 41.395463623824533 ] ] ] } },
{ "type": "Feature", "properties": { "h3_index": "89394461e0fffff", "catchment_store_count": 1, "catchment_type_diversity": 1, "is_food_desert": false, "store_count": 0, "type_diversity": 0, "barri_name": "la Marina del Prat Vermell", "income_index": 16015.0, "c1_density": 0.0033783783783783786, "c2_diversity": 0.16666666666666666, "c3_pressure": 0.86698140291556347, "c4_deprivation": 0.1330185970844365, "food_access_score": 23.468468468468469 }, "geometry": { "type": "Polygon", "coordinates": [ [ [ 2.131843052949771, 41.343605614113407 ], [ 2.132172188581488, 41.341827116104362 ], [ 2.134342455735756, 41.341258319337044 ], [ 2.136183682708902, 41.342468029181312 ], [ 2.135854617080084, 41.344246561179318 ], [ 2.13368425447237, 41.344815349344685 ], [ 2.131843052949771, 41.343605614113407 ] ] ] } },
{ "type": "Feature", "properties": { "h3_index": "8939446ad9bffff", "catchment_store_count": 4, "catchment_type_diversity": 2, "is_food_desert": false, "store_count": 0, "type_diversity": 0, "barri_name": "la Marina del Prat Vermell", "income_index": 16015.0, "c1_density": 0.013513513513513514, "c2_diversity": 0.33333333333333331, "c3_pressure": 0.86698140291556347, "c4_deprivation": 0.1330185970844365, "food_access_score": 27.207207207207208 }, "geometry": { "type": "Polygon", "coordinates": [ [ [ 2.111265824948007, 41.332075646402693 ], [ 2.111595287511105, 41.330297206688009 ], [ 2.113765001680616, 41.329728690773344 ], [ 2.115605348730292, 41.330938623214124 ], [ 2.115275956101386, 41.332717096950951 ], [ 2.11310614648571, 41.333285604225395 ], [ 2.111265824948007, 41.332075646402693 ] ] ] } },
{ "type": "Feature", "properties": { "h3_index": "89394460437ffff", "catchment_store_count": 0, "catchment_type_diversity": 0, "is_food_desert": true, "store_count": 0, "type_diversity": 0, "barri_name": "Vallcarca i els Penitents", "income_index": 27507.0, "c1_density": 0.0, "c2_diversity": 0.0, "c3_pressure": 0.50039873680181191, "c4_deprivation": 0.49960126319818815, "food_access_score": 20.0 }, "geometry": { "type": "Polygon", "coordinates": [ [ [ 2.1275501109326, 41.422548372280367 ], [ 2.127879631183836, 41.420771037161479 ], [ 2.130051868710669, 41.420203411035651 ], [ 2.131894681618892, 41.421413128629496 ], [ 2.13156523149082, 41.423190497681119 ], [ 2.12939289832848, 41.423758115206766 ], [ 2.1275501109326, 41.422548372280367 ] ] ] } },
{ "type": "Feature", "properties": { "h3_index": "89394462c63ffff", "catchment_store_count": 2, "catchment_type_diversity": 1, "is_food_desert": false, "store_count": 0, "type_diversity": 0, "barri_name": "Torre Baró", "income_index": 12819.0, "c1_density": 0.0067567567567567571, "c2_diversity": 0.16666666666666666, "c3_pressure": 0.96893042840281984, "c4_deprivation": 0.031069571597180132, "food_access_score": 23.603603603603602 }, "geometry": { "type": "Polygon", "coordinates": [ [ [ 2.168310663710376, 41.459253889939809 ], [ 2.168639589128847, 41.457476639859074 ], [ 2.170813279083538, 41.456908646617038 ], [ 2.172658139298031, 41.458117911978832 ], [ 2.172329284162192, 41.459895195915749 ], [ 2.17015549852634, 41.46046318063528 ], [ 2.168310663710376, 41.459253889939809 ] ] ] } },
{ "type": "Feature", "properties": { "h3_index": "89394462247ffff", "catchment_store_count": 0, "catchment_type_diversity": 0, "is_food_desert": true, "store_count": 0, "type_diversity": 0, "barri_name": "Vallvidrera, el Tibidabo i les Planes", "income_index": 32833.0, "c1_density": 0.0, "c2_diversity": 0.0, "c3_pressure": 0.33050496028581455, "c4_deprivation": 0.66949503971418545, "food_access_score": 20.0 }, "geometry": { "type": "Polygon", "coordinates": [ [ [ 2.094967445539463, 41.431055804661646 ], [ 2.095297588122811, 41.429278939851088 ], [ 2.097469635454812, 41.42871212484831 ], [ 2.099311635884969, 41.429922183314247 ], [ 2.09898156336003, 41.431699082089217 ], [ 2.096809420343678, 41.432265888434429 ], [ 2.094967445539463, 41.431055804661646 ] ] ] } },
{ "type": "Feature", "properties": { "h3_index": "89394463017ffff", "catchment_store_count": 0, "catchment_type_diversity": 0, "is_food_desert": true, "store_count": 0, "type_diversity": 0, "barri_name": "Vallvidrera, el Tibidabo i les Planes", "income_index": 32833.0, "c1_density": 0.0, "c2_diversity": 0.0, "c3_pressure": 0.33050496028581455, "c4_deprivation": 0.66949503971418545, "food_access_score": 20.0 }, "geometry": { "type": "Polygon", "coordinates": [ [ [ 2.06083400689332, 41.414601144562404 ], [ 2.061164701996937, 41.412824413189675 ], [ 2.063335897655377, 41.412258100539418 ], [ 2.065176493885272, 41.413468527983326 ], [ 2.06484586873017, 41.415245293373331 ], [ 2.062674577393781, 41.415811597302756 ], [ 2.06083400689332, 41.414601144562404 ] ] ] } },
{ "type": "Feature", "properties": { "h3_index": "893944630b3ffff", "catchment_store_count": 0, "catchment_type_diversity": 0, "is_food_desert": true, "store_count": 0, "type_diversity": 0, "barri_name": "Vallvidrera, el Tibidabo i les Planes", "income_index": 32833.0, "c1_density": 0.0, "c2_diversity": 0.0, "c3_pressure": 0.33050496028581455, "c4_deprivation": 0.66949503971418545, "food_access_score": 20.0 }, "geometry": { "type": "Polygon", "coordinates": [ [ [ 2.06385391576556, 41.42057541709292 ], [ 2.064184579671049, 41.41879873793102 ], [ 2.066355966690806, 41.418232442719358 ], [ 2.06819678549096, 41.419442835384814 ], [ 2.067866191551172, 41.421219548555776 ], [ 2.065694708842657, 41.421785835052773 ], [ 2.06385391576556, 41.42057541709292 ] ] ] } },
{ "type": "Feature", "properties": { "h3_index": "893944630c7ffff", "catchment_store_count": 0, "catchment_type_diversity": 0, "is_food_desert": true, "store_count": 0, "type_diversity": 0, "barri_name": "Vallvidrera, el Tibidabo i les Planes", "income_index": 32833.0, "c1_density": 0.0, "c2_diversity": 0.0, "c3_pressure": 0.33050496028581455, "c4_deprivation": 0.66949503971418545, "food_access_score": 20.0 }, "geometry": { "type": "Polygon", "coordinates": [ [ [ 2.052810895488759, 41.413312488892501 ], [ 2.053141730457071, 41.411535825569906 ], [ 2.055312791962806, 41.410969666278 ], [ 2.057153114179618, 41.412180179044633 ], [ 2.056822349138265, 41.413956876394906 ], [ 2.054651191950263, 41.414523026951429 ], [ 2.052810895488759, 41.413312488892501 ] ] ] } },
{ "type": "Feature", "properties": { "h3_index": "8939446354bffff", "catchment_store_count": 0, "catchment_type_diversity": 0, "is_food_desert": true, "store_count": 0, "type_diversity": 0, "barri_name": "Vallvidrera, el Tibidabo i les Planes", "income_index": 32833.0, "c1_density": 0.0, "c2_diversity": 0.0, "c3_pressure": 0.33050496028581455, "c4_deprivation": 0.66949503971418545, "food_access_score": 20.0 }, "geometry": { "type": "Polygon", "coordinates": [ [ [ 2.061351781854665, 41.42291824591706 ], [ 2.061682500118273, 41.421141626884776 ], [ 2.06385391576556, 41.42057541709292 ], [ 2.065694708842657, 41.421785835052773 ], [ 2.065364060542587, 41.423562488095243 ], [ 2.063192549199004, 41.424128689168249 ], [ 2.061351781854665, 41.42291824591706 ] ] ] } },
{ "type": "Feature", "properties": { "h3_index": "89394463083ffff", "catchment_store_count": 0, "catchment_type_diversity": 0, "is_food_desert": true, "store_count": 0, "type_diversity": 0, "barri_name": "Vallvidrera, el Tibidabo i les Planes", "income_index": 32833.0, "c1_density": 0.0, "c2_diversity": 0.0, "c3_pressure": 0.33050496028581455, "c4_deprivation": 0.66949503971418545, "food_access_score": 20.0 }, "geometry": { "type": "Polygon", "coordinates": [ [ [ 2.055829976489208, 41.419286796007199 ], [ 2.0561607802938, 41.417510184879077 ], [ 2.058332033169468, 41.416944043054862 ], [ 2.060172577930734, 41.418154521088546 ], [ 2.059841844070305, 41.419931166236147 ], [ 2.057670495501566, 41.420497299331132 ], [ 2.055829976489208, 41.419286796007199 ] ] ] } },
{ "type": "Feature", "properties": { "h3_index": "893944635cbffff", "catchment_store_count": 0, "catchment_type_diversity": 0, "is_food_desert": true, "store_count": 0, "type_diversity": 0, "barri_name": "Vallvidrera, el Tibidabo i les Planes", "income_index": 32833.0, "c1_density": 0.0, "c2_diversity": 0.0, "c3_pressure": 0.33050496028581455, "c4_deprivation": 0.66949503971418545, "food_access_score": 20.0 }, "geometry": { "type": "Polygon", "coordinates": [ [ [ 2.057857169553349, 41.430590433322664 ], [ 2.058187980947276, 41.428813960703557 ], [ 2.060359549538258, 41.428247930488247 ], [ 2.06220040244926, 41.429458381616783 ], [ 2.061869661023099, 41.431234888244177 ], [ 2.059697996715299, 41.431800909735301 ], [ 2.057857169553349, 41.430590433322664 ] ] ] } },
{ "type": "Feature", "properties": { "h3_index": "89394463543ffff", "catchment_store_count": 0, "catchment_type_diversity": 0, "is_food_desert": true, "store_count": 0, "type_diversity": 0, "barri_name": "Vallvidrera, el Tibidabo i les Planes", "income_index": 32833.0, "c1_density": 0.0, "c2_diversity": 0.0, "c3_pressure": 0.33050496028581455, "c4_deprivation": 0.66949503971418545, "food_access_score": 20.0 }, "geometry": { "type": "Polygon", "coordinates": [ [ [ 2.062861846536471, 41.425905282075917 ], [ 2.063192549199004, 41.424128689168249 ], [ 2.065364060542587, 41.423562488095243 ], [ 2.067204964922492, 41.424772888646295 ], [ 2.066874332232105, 41.426549515560055 ], [ 2.064702725186804, 41.427115707917267 ], [ 2.062861846536471, 41.425905282075917 ] ] ] } },
{ "type": "Feature", "properties": { "h3_index": "893944635d3ffff", "catchment_store_count": 0, "catchment_type_diversity": 0, "is_food_desert": true, "store_count": 0, "type_diversity": 0, "barri_name": "Vallvidrera, el Tibidabo i les Planes", "income_index": 32833.0, "c1_density": 0.0, "c2_diversity": 0.0, "c3_pressure": 0.33050496028581455, "c4_deprivation": 0.66949503971418545, "food_access_score": 20.0 }, "geometry": { "type": "Polygon", "coordinates": [ [ [ 2.056864657819736, 41.435919678579062 ], [ 2.057195507990305, 41.434143292263293 ], [ 2.059367200918011, 41.433577356210037 ], [ 2.061208139401999, 41.434787815198419 ], [ 2.060877359205577, 41.436564235519484 ], [ 2.058705570548117, 41.437130162847431 ], [ 2.056864657819736, 41.435919678579062 ] ] ] } },
{ "type": "Feature", "properties": { "h3_index": "89394463097ffff", "catchment_store_count": 0, "catchment_type_diversity": 0, "is_food_desert": true, "store_count": 0, "type_diversity": 0, "barri_name": "Vallvidrera, el Tibidabo i les Planes", "income_index": 32833.0, "c1_density": 0.0, "c2_diversity": 0.0, "c3_pressure": 0.33050496028581455, "c4_deprivation": 0.66949503971418545, "food_access_score": 20.0 }, "geometry": { "type": "Polygon", "coordinates": [ [ [ 2.057339707285206, 41.422273884348044 ], [ 2.057670495501566, 41.420497299331132 ], [ 2.059841844070305, 41.419931166236147 ], [ 2.061682500118273, 41.421141626884776 ], [ 2.061351781854665, 41.42291824591706 ], [ 2.059180337587459, 41.423484370285912 ], [ 2.057339707285206, 41.422273884348044 ] ] ] } },
{ "type": "Feature", "properties": { "h3_index": "89394463557ffff", "catchment_store_count": 0, "catchment_type_diversity": 0, "is_food_desert": true, "store_count": 0, "type_diversity": 0, "barri_name": "Vallvidrera, el Tibidabo i les Planes", "income_index": 32833.0, "c1_density": 0.0, "c2_diversity": 0.0, "c3_pressure": 0.33050496028581455, "c4_deprivation": 0.66949503971418545, "food_access_score": 20.0 }, "geometry": { "type": "Polygon", "coordinates": [ [ [ 2.064372038129602, 41.428892274690988 ], [ 2.064702725186804, 41.427115707917267 ], [ 2.066874332232105, 41.426549515560055 ], [ 2.068715347924464, 41.427759898689878 ], [ 2.068384730848002, 41.429536499465598 ], [ 2.066213028095581, 41.430102683110093 ], [ 2.064372038129602, 41.428892274690988 ] ] ] } },
{ "type": "Feature", "properties": { "h3_index": "893944635c3ffff", "catchment_store_count": 0, "catchment_type_diversity": 0, "is_food_desert": true, "store_count": 0, "type_diversity": 0, "barri_name": "Vallvidrera, el Tibidabo i les Planes", "income_index": 32833.0, "c1_density": 0.0, "c2_diversity": 0.0, "c3_pressure": 0.33050496028581455, "c4_deprivation": 0.66949503971418545, "food_access_score": 20.0 }, "geometry": { "type": "Polygon", "coordinates": [ [ [ 2.059367200918011, 41.433577356210037 ], [ 2.059697996715299, 41.431800909735301 ], [ 2.061869661023099, 41.431234888244177 ], [ 2.063710625252948, 41.432445321949452 ], [ 2.063379899432024, 41.434221802428382 ], [ 2.061208139401999, 41.434787815198419 ], [ 2.059367200918011, 41.433577356210037 ] ] ] } },
{ "type": "Feature", "properties": { "h3_index": "89394463427ffff", "catchment_store_count": 0, "catchment_type_diversity": 0, "is_food_desert": true, "store_count": 0, "type_diversity": 0, "barri_name": "Vallvidrera, el Tibidabo i les Planes", "income_index": 32833.0, "c1_density": 0.0, "c2_diversity": 0.0, "c3_pressure": 0.33050496028581455, "c4_deprivation": 0.66949503971418545, "food_access_score": 20.0 }, "geometry": { "type": "Polygon", "coordinates": [ [ [ 2.056347265097736, 41.427603466879034 ], [ 2.056678092084033, 41.425826968124888 ], [ 2.0588495649636, 41.425260929182301 ], [ 2.060690306565404, 41.426471397721691 ], [ 2.060359549538258, 41.428247930488247 ], [ 2.058187980947276, 41.428813960703557 ], [ 2.056347265097736, 41.427603466879034 ] ] ] } },
{ "type": "Feature", "properties": { "h3_index": "8939446308fffff", "catchment_store_count": 0, "catchment_type_diversity": 0, "is_food_desert": true, "store_count": 0, "type_diversity": 0, "barri_name": "Vallvidrera, el Tibidabo i les Planes", "income_index": 32833.0, "c1_density": 0.0, "c2_diversity": 0.0, "c3_pressure": 0.33050496028581455, "c4_deprivation": 0.66949503971418545, "food_access_score": 20.0 }, "geometry": { "type": "Polygon", "coordinates": [ [ [ 2.058332033169468, 41.416944043054862 ], [ 2.05866278262248, 41.415167371801253 ], [ 2.06083400689332, 41.414601144562404 ], [ 2.062674577393781, 41.415811597302756 ], [ 2.062343897887082, 41.417588302574728 ], [ 2.060172577930734, 41.418154521088546 ], [ 2.058332033169468, 41.416944043054862 ] ] ] } },
{ "type": "Feature", "properties": { "h3_index": "8939446354fffff", "catchment_store_count": 0, "catchment_type_diversity": 0, "is_food_desert": true, "store_count": 0, "type_diversity": 0, "barri_name": "Vallvidrera, el Tibidabo i les Planes", "income_index": 32833.0, "c1_density": 0.0, "c2_diversity": 0.0, "c3_pressure": 0.33050496028581455, "c4_deprivation": 0.66949503971418545, "food_access_score": 20.0 }, "geometry": { "type": "Polygon", "coordinates": [ [ [ 2.065364060542587, 41.423562488095243 ], [ 2.065694708842657, 41.421785835052773 ], [ 2.067866191551172, 41.421219548555776 ], [ 2.069707121650922, 41.422429923813432 ], [ 2.069376543325174, 41.424206610860907 ], [ 2.067204964922492, 41.424772888646295 ], [ 2.065364060542587, 41.423562488095243 ] ] ] } },
{ "type": "Feature", "properties": { "h3_index": "8939446301bffff", "catchment_store_count": 0, "catchment_type_diversity": 0, "is_food_desert": true, "store_count": 0, "type_diversity": 0, "barri_name": "Vallvidrera, el Tibidabo i les Planes", "income_index": 32833.0, "c1_density": 0.0, "c2_diversity": 0.0, "c3_pressure": 0.33050496028581455, "c4_deprivation": 0.66949503971418545, "food_access_score": 20.0 }, "geometry": { "type": "Polygon", "coordinates": [ [ [ 2.055312791962806, 41.410969666278 ], [ 2.055643572588259, 41.409192942840392 ], [ 2.057814605504255, 41.408626698142257 ], [ 2.059654953466656, 41.409837185613483 ], [ 2.05932424277034, 41.411613943077676 ], [ 2.057153114179618, 41.412180179044633 ], [ 2.055312791962806, 41.410969666278 ] ] ] } },
{ "type": "Feature", "properties": { "h3_index": "893944630b7ffff", "catchment_store_count": 0, "catchment_type_diversity": 0, "is_food_desert": true, "store_count": 0, "type_diversity": 0, "barri_name": "Vallvidrera, el Tibidabo i les Planes", "income_index": 32833.0, "c1_density": 0.0, "c2_diversity": 0.0, "c3_pressure": 0.33050496028581455, "c4_deprivation": 0.66949503971418545, "food_access_score": 20.0 }, "geometry": { "type": "Polygon", "coordinates": [ [ [ 2.067866191551172, 41.421219548555776 ], [ 2.06819678549096, 41.419442835384814 ], [ 2.070368239556831, 41.418876463467072 ], [ 2.072209195366674, 41.420086813428263 ], [ 2.071878671403415, 41.421863560603093 ], [ 2.069707121650922, 41.422429923813432 ], [ 2.067866191551172, 41.421219548555776 ] ] ] } },
{ "type": "Feature", "properties": { "h3_index": "89394463087ffff", "catchment_store_count": 0, "catchment_type_diversity": 0, "is_food_desert": true, "store_count": 0, "type_diversity": 0, "barri_name": "Vallvidrera, el Tibidabo i les Planes", "income_index": 32833.0, "c1_density": 0.0, "c2_diversity": 0.0, "c3_pressure": 0.33050496028581455, "c4_deprivation": 0.66949503971418545, "food_access_score": 20.0 }, "geometry": { "type": "Polygon", "coordinates": [ [ [ 2.059841844070305, 41.419931166236147 ], [ 2.060172577930734, 41.418154521088546 ], [ 2.062343897887082, 41.417588302574728 ], [ 2.064184579671049, 41.41879873793102 ], [ 2.06385391576556, 41.42057541709292 ], [ 2.061682500118273, 41.421141626884776 ], [ 2.059841844070305, 41.419931166236147 ] ] ] } },
{ "type": "Feature", "properties": { "h3_index": "8939446308bffff", "catchment_store_count": 0, "catchment_type_diversity": 0, "is_food_desert": true, "store_count": 0, "type_diversity": 0, "barri_name": "Vallvidrera, el Tibidabo i les Planes", "income_index": 32833.0, "c1_density": 0.0, "c2_diversity": 0.0, "c3_pressure": 0.33050496028581455, "c4_deprivation": 0.66949503971418545, "food_access_score": 20.0 }, "geometry": { "type": "Polygon", "coordinates": [ [ [ 2.054320372561682, 41.41629966418143 ], [ 2.054651191950263, 41.414523026951429 ], [ 2.056822349138265, 41.413956876394906 ], [ 2.05866278262248, 41.415167371801253 ], [ 2.058332033169468, 41.416944043054862 ], [ 2.0561607802938, 41.417510184879077 ], [ 2.054320372561682, 41.41629966418143 ] ] ] } },
{ "type": "Feature", "properties": { "h3_index": "89394463013ffff", "catchment_store_count": 0, "catchment_type_diversity": 0, "is_food_desert": true, "store_count": 0, "type_diversity": 0, "barri_name": "Vallvidrera, el Tibidabo i les Planes", "income_index": 32833.0, "c1_density": 0.0, "c2_diversity": 0.0, "c3_pressure": 0.33050496028581455, "c4_deprivation": 0.66949503971418545, "food_access_score": 20.0 }, "geometry": { "type": "Polygon", "coordinates": [ [ [ 2.056822349138265, 41.413956876394906 ], [ 2.057153114179618, 41.412180179044633 ], [ 2.05932424277034, 41.411613943077676 ], [ 2.061164701996937, 41.412824413189675 ], [ 2.06083400689332, 41.414601144562404 ], [ 2.05866278262248, 41.415167371801253 ], [ 2.056822349138265, 41.413956876394906 ] ] ] } },
{ "type": "Feature", "properties": { "h3_index": "8939446355bffff", "catchment_store_count": 0, "catchment_type_diversity": 0, "is_food_desert": true, "store_count": 0, "type_diversity": 0, "barri_name": "Vallvidrera, el Tibidabo i les Planes", "income_index": 32833.0, "c1_density": 0.0, "c2_diversity": 0.0, "c3_pressure": 0.33050496028581455, "c4_deprivation": 0.66949503971418545, "food_access_score": 20.0 }, "geometry": { "type": "Polygon", "coordinates": [ [ [ 2.0588495649636, 41.425260929182301 ], [ 2.059180337587459, 41.423484370285912 ], [ 2.061351781854665, 41.42291824591706 ], [ 2.063192549199004, 41.424128689168249 ], [ 2.062861846536471, 41.425905282075917 ], [ 2.060690306565404, 41.426471397721691 ], [ 2.0588495649636, 41.425260929182301 ] ] ] } },
{ "type": "Feature", "properties": { "h3_index": "8939446342fffff", "catchment_store_count": 0, "catchment_type_diversity": 0, "is_food_desert": true, "store_count": 0, "type_diversity": 0, "barri_name": "Vallvidrera, el Tibidabo i les Planes", "income_index": 32833.0, "c1_density": 0.0, "c2_diversity": 0.0, "c3_pressure": 0.33050496028581455, "c4_deprivation": 0.66949503971418545, "food_access_score": 20.0 }, "geometry": { "type": "Polygon", "coordinates": [ [ [ 2.054837487537247, 41.424616456900871 ], [ 2.055168330111671, 41.422839932020992 ], [ 2.057339707285206, 41.422273884348044 ], [ 2.059180337587459, 41.423484370285912 ], [ 2.0588495649636, 41.425260929182301 ], [ 2.056678092084033, 41.425826968124888 ], [ 2.054837487537247, 41.424616456900871 ] ] ] } },
{ "type": "Feature", "properties": { "h3_index": "89394463553ffff", "catchment_store_count": 0, "catchment_type_diversity": 0, "is_food_desert": true, "store_count": 0, "type_diversity": 0, "barri_name": "Vallvidrera, el Tibidabo i les Planes", "income_index": 32833.0, "c1_density": 0.0, "c2_diversity": 0.0, "c3_pressure": 0.33050496028581455, "c4_deprivation": 0.66949503971418545, "food_access_score": 20.0 }, "geometry": { "type": "Polygon", "coordinates": [ [ [ 2.060359549538258, 41.428247930488247 ], [ 2.060690306565404, 41.426471397721691 ], [ 2.062861846536471, 41.425905282075917 ], [ 2.064702725186804, 41.427115707917267 ], [ 2.064372038129602, 41.428892274690988 ], [ 2.06220040244926, 41.429458381616783 ], [ 2.060359549538258, 41.428247930488247 ] ] ] } },
{ "type": "Feature", "properties": { "h3_index": "893944630bbffff", "catchment_store_count": 0, "catchment_type_diversity": 0, "is_food_desert": true, "store_count": 0, "type_diversity": 0, "barri_name": "Vallvidrera, el Tibidabo i les Planes", "income_index": 32833.0, "c1_density": 0.0, "c2_diversity": 0.0, "c3_pressure": 0.33050496028581455, "c4_deprivation": 0.66949503971418545, "food_access_score": 20.0 }, "geometry": { "type": "Polygon", "coordinates": [ [ [ 2.062343897887082, 41.417588302574728 ], [ 2.062674577393781, 41.415811597302756 ], [ 2.06484586873017, 41.415245293373331 ], [ 2.066686576240374, 41.41645570343421 ], [ 2.066355966690806, 41.418232442719358 ], [ 2.064184579671049, 41.41879873793102 ], [ 2.062343897887082, 41.417588302574728 ] ] ] } },
{ "type": "Feature", "properties": { "h3_index": "893944619c3ffff", "catchment_store_count": 0, "catchment_type_diversity": 0, "is_food_desert": true, "store_count": 0, "type_diversity": 0, "barri_name": "la Marina del Prat Vermell", "income_index": 16015.0, "c1_density": 0.0, "c2_diversity": 0.0, "c3_pressure": 0.86698140291556347, "c4_deprivation": 0.1330185970844365, "food_access_score": 20.0 }, "geometry": { "type": "Polygon", "coordinates": [ [ [ 2.174996260617588, 41.355985901703306 ], [ 2.175324664123653, 41.354207116010684 ], [ 2.177495787508648, 41.353637568815188 ], [ 2.179338602826589, 41.354846815835934 ], [ 2.179010269448042, 41.356625635456979 ], [ 2.17683905062117, 41.35719517412943 ], [ 2.174996260617588, 41.355985901703306 ] ] ] } },
{ "type": "Feature", "properties": { "h3_index": "89394461b8bffff", "catchment_store_count": 0, "catchment_type_diversity": 0, "is_food_desert": true, "store_count": 0, "type_diversity": 0, "barri_name": "la Marina del Prat Vermell", "income_index": 16015.0, "c1_density": 0.0, "c2_diversity": 0.0, "c3_pressure": 0.86698140291556347, "c4_deprivation": 0.1330185970844365, "food_access_score": 20.0 }, "geometry": { "type": "Polygon", "coordinates": [ [ [ 2.169925283553795, 41.338696584125216 ], [ 2.170253711772392, 41.336917608679613 ], [ 2.172424329068031, 41.33634793351699 ], [ 2.174266613549821, 41.337557242334746 ], [ 2.173938255417883, 41.339336251728135 ], [ 2.17176754271463, 41.339905918356571 ], [ 2.169925283553795, 41.338696584125216 ] ] ] } },
{ "type": "Feature", "properties": { "h3_index": "893944619cbffff", "catchment_store_count": 0, "catchment_type_diversity": 0, "is_food_desert": true, "store_count": 0, "type_diversity": 0, "barri_name": "la Marina del Prat Vermell", "income_index": 16015.0, "c1_density": 0.0, "c2_diversity": 0.0, "c3_pressure": 0.86698140291556347, "c4_deprivation": 0.1330185970844365, "food_access_score": 20.0 }, "geometry": { "type": "Polygon", "coordinates": [ [ [ 2.173481985373969, 41.352997826116592 ], [ 2.173810404688784, 41.351219014433973 ], [ 2.175981432637221, 41.350649458712304 ], [ 2.177824136704538, 41.351858723200017 ], [ 2.177495787508648, 41.353637568815188 ], [ 2.175324664123653, 41.354207116010684 ], [ 2.173481985373969, 41.352997826116592 ] ] ] } },
{ "type": "Feature", "properties": { "h3_index": "8939446f4b3ffff", "catchment_store_count": 0, "catchment_type_diversity": 0, "is_food_desert": true, "store_count": 0, "type_diversity": 0, "barri_name": "la Marina del Prat Vermell", "income_index": 16015.0, "c1_density": 0.0, "c2_diversity": 0.0, "c3_pressure": 0.86698140291556347, "c4_deprivation": 0.1330185970844365, "food_access_score": 20.0 }, "geometry": { "type": "Polygon", "coordinates": [ [ [ 2.16886853739908, 41.322045293804443 ], [ 2.169196920223198, 41.320266094931426 ], [ 2.171367098059777, 41.319696215033595 ], [ 2.173208988440522, 41.320905542547386 ], [ 2.172880675673016, 41.322684775382349 ], [ 2.170710402465307, 41.323254646742157 ], [ 2.16886853739908, 41.322045293804443 ] ] ] } },
{ "type": "Feature", "properties": { "h3_index": "893944619d7ffff", "catchment_store_count": 0, "catchment_type_diversity": 0, "is_food_desert": true, "store_count": 0, "type_diversity": 0, "barri_name": "la Marina del Prat Vermell", "income_index": 16015.0, "c1_density": 0.0, "c2_diversity": 0.0, "c3_pressure": 0.86698140291556347, "c4_deprivation": 0.1330185970844365, "food_access_score": 20.0 }, "geometry": { "type": "Polygon", "coordinates": [ [ [ 2.176510662928123, 41.358973933822639 ], [ 2.17683905062117, 41.35719517412943 ], [ 2.179010269448042, 41.356625635456979 ], [ 2.180853196026236, 41.35783486499836 ], [ 2.180524878469282, 41.359613658615928 ], [ 2.178353564195172, 41.360183188768346 ], [ 2.176510662928123, 41.358973933822639 ] ] ] } },
{ "type": "Feature", "properties": { "h3_index": "89394461827ffff", "catchment_store_count": 0, "catchment_type_diversity": 0, "is_food_desert": true, "store_count": 0, "type_diversity": 0, "barri_name": "la Marina del Prat Vermell", "income_index": 16015.0, "c1_density": 0.0, "c2_diversity": 0.0, "c3_pressure": 0.86698140291556347, "c4_deprivation": 0.1330185970844365, "food_access_score": 20.0 }, "geometry": { "type": "Polygon", "coordinates": [ [ [ 2.171967837183402, 41.350009707084283 ], [ 2.17229627230267, 41.348230869420952 ], [ 2.174467204819894, 41.347661305170085 ], [ 2.176309797646193, 41.348870587112351 ], [ 2.175981432637221, 41.350649458712304 ], [ 2.173810404688784, 41.351219014433973 ], [ 2.171967837183402, 41.350009707084283 ] ] ] } },
{ "type": "Feature", "properties": { "h3_index": "8939446182fffff", "catchment_store_count": 0, "catchment_type_diversity": 0, "is_food_desert": true, "store_count": 0, "type_diversity": 0, "barri_name": "la Marina del Prat Vermell", "income_index": 16015.0, "c1_density": 0.0, "c2_diversity": 0.0, "c3_pressure": 0.86698140291556347, "c4_deprivation": 0.1330185970844365, "food_access_score": 20.0 }, "geometry": { "type": "Polygon", "coordinates": [ [ [ 2.170453816031965, 41.347021544628141 ], [ 2.170782266951434, 41.345242680993472 ], [ 2.172953104042787, 41.34467310821033 ], [ 2.174795585637679, 41.345882407594708 ], [ 2.174467204819894, 41.347661305170085 ], [ 2.17229627230267, 41.348230869420952 ], [ 2.170453816031965, 41.347021544628141 ] ] ] } }
]
}
